rank,team,conf,record,adjoe,oe Rank,adjde,de Rank,barthag,rank,proj. W,Proj. L,Pro Con W,Pro Con L,Con Rec.,sos,ncsos,consos,Proj. SOS,Proj. Noncon SOS,Proj. Con SOS,elite SOS,elite noncon SOS,Opp OE,Opp DE,Opp Proj. OE,Opp Proj DE,Con Adj OE,Con Adj DE,Qual O,Qual D,Qual Barthag,Qual Games,FUN,ConPF,ConPA,ConPoss,ConOE,ConDE,ConSOSRemain,Conf Win%,WAB,WAB Rk,Fun Rk,adjt
1,Duke,ACC,32-2,128.14408563450286,4,90.76093105875165,2,0.9814152331626157,1,32.0,2.0,17.0,1.0,17-1,0.7412316656875554,0.6248392906666714,0.8006072138262933,0.7412316656875554,0.6248392906666714,0.8006072138262933,0.6149241177856172,0.6349828814891757,116.58349286555396,102.9282944397531,116.58349286555396,102.9282944397531,129.26480233102586,90.78915367008216,128.0356591546261,89.9626607131249,0.983018647394141,20.0,0.07076633522197195,1457.0,1123.0,1174.9624999999999,1.2400395757311404,0.9557751843143931,0.0,0.9444444444444444,13.66978281342057,2,39,65.79448094891944
2,Michigan,B10,31-2,127.65230202122153,7,90.4926678907331,1,0.9812286824054235,2,31.677139275114452,2.322860724885549,19.0,1.0,19-1,0.7983337880995117,0.7294761431328106,0.8236648649552845,0.803130596522729,0.7294761431328106,0.8236648649552845,0.5811807986497897,0.6597412766126413,118.91288969073217,102.33279737044894,119.31409131653947,102.27060891012343,129.5202337504093,93.7201891704662,127.7135683647466,88.32015797778946,0.9858173098741213,21.0,0.08440064298446648,1719.0,1418.0,1400.3750000000002,1.2275283406230473,1.0125859144871907,0.0,0.95,14.172090422540341,1,19,71.42124838279796
3,Arizona,B12,32-2,126.90756541678522,9,91.33305486545214,3,0.9777493373333525,3,32.0,2.0,16.0,2.0,16-2,0.7389343091336245,0.5602597030647545,0.8383867594842351,0.7389343091336245,0.5602597030647545,0.8383867594842351,0.6117590040766252,0.7205536176928622,116.9666429591286,103.20634145774187,116.9666429591286,103.20634145774187,126.41152730525219,91.41410338043946,127.41571584887694,91.39456371967833,0.978565681281783,19.0,0.10032510833542385,1513.0,1265.0,1284.0874999999999,1.178268614872429,0.9851353587664393,0.0,0.8888888888888888,13.665723194492324,3,12,70.02737340402852
4,Florida,SEC,26-7,126.08189738728258,11,92.18691820520999,4,0.973423828089066,4,26.0,7.0,16.0,2.0,16-2,0.7584303305461764,0.617402419400013,0.8423759573452954,0.7584303305461764,0.617402419400013,0.8423759573452954,0.6064495551530112,0.6828970924904829,118.63221942968727,104.20465601371637,118.63221942968727,104.20465601371637,129.49500538216267,91.62217651698887,127.86038849268343,92.88075368700126,0.9752931791802062,20.0,-0.034093274481943325,1613.0,1307.0,1303.2875,1.2376394310541612,1.0028485656464903,0.0,0.8888888888888888,8.535137428723946,6,253,70.39156291440712
5,Houston,B12,28-6,125.34291366409997,12,92.33519072219471,5,0.9711037507058256,5,28.0,6.0,14.0,4.0,14-4,0.7309633282957028,0.5364763914573041,0.838078277830731,0.7309633282957028,0.5364763914573041,0.838078277830731,0.6312840880966218,0.7921240451743997,116.41713118956127,103.63413596145034,116.41713118956127,103.63413596145034,127.28523647309154,93.1391215449209,127.51608117899781,94.68097477099671,0.9684428150337543,17.0,0.0005075245173749021,1384.0,1165.0,1162.3625000000002,1.1906784673456,1.0022690855907685,0.0,0.7777777777777778,8.986681611823807,4,168,63.32225487800481
6,Illinois,B10,24-8,131.9325957683567,2,98.15253763382182,24,0.9677462737124738,6,24.0,8.0,15.0,5.0,15-5,0.7386173246598147,0.5750986911296179,0.8189961917589125,0.7386173246598147,0.5750986911296179,0.8189961917589125,0.6164629085219647,0.7220998617200981,117.15380455784228,103.33507218751888,117.15380455784228,103.33507218751888,133.32100927408092,99.21182366262384,132.72859706682212,100.4833995812043,0.9608572136531474,17.0,-0.04930735165504396,1633.0,1416.0,1312.4,1.2442852788783907,1.0789393477598292,0.0,0.75,6.561926478655059,16,299,65.7121027507736
7,Iowa St.,B12,27-7,123.74961359225634,23,92.58327961268195,6,0.9656680844249492,7,27.0,7.0,12.0,6.0,12-6,0.6970617697402114,0.4595029455503558,0.8337738425966856,0.6970617697402114,0.4595029455503558,0.8337738425966856,0.645920718549467,0.7978589390512283,114.81874414123683,103.57887124417465,114.81874414123683,103.57887124417465,121.1807771398665,94.31266375347695,120.54067892300507,96.17680161403567,0.930648226499317,14.0,-0.011980299887102919,1360.0,1221.0,1200.275,1.1330736706171503,1.0172668763408386,0.0,0.6666666666666666,7.383625636668708,12,214,66.95481056992368
8,Purdue,B10,26-8,132.55374496444796,1,100.21838972224768,36,0.961425274464693,8,26.322860724885548,8.67713927511445,13.0,7.0,13-7,0.7736914261572592,0.6213245565752376,0.8419082149340305,0.7796210620504251,0.6213245565752376,0.8419082149340305,0.5857638631463433,0.7229121267277674,118.09453810469002,102.79394461907772,118.36761707383799,102.44247956961595,132.14848045842348,101.75669033151931,134.20772289916636,100.11643916539855,0.9667579016451958,19.0,-0.0052676441685051145,1596.0,1455.0,1300.375,1.2273382678073632,1.1189080073055848,0.0,0.65,8.301789074683315,7,185,64.61947410309818
9,Connecticut,BE,29-5,123.06305184325896,25,94.90129728441312,12,0.9520465804388014,9,29.0,5.0,17.0,3.0,17-3,0.7142270475493392,0.5824922338676934,0.7741970198302959,0.7142270475493392,0.5824922338676934,0.7741970198302959,0.6663498509331125,0.650527793323315,114.68577843544597,103.57115534237015,114.68577843544597,103.57115534237015,123.22768407818535,95.39162251541866,122.79172808264624,91.56057807117503,0.9669179148902336,11.0,0.06764918611777959,1554.0,1343.0,1335.8125,1.163336920413606,1.005380620408927,0.0,0.85,8.840677485535112,5,44,64.58236586142766
10,Vanderbilt,SEC,26-7,127.78738882701145,5,99.1627626588234,28,0.9486541822622351,10,26.57754904870279,7.422450951297212,11.0,7.0,11-7,0.7319185694290088,0.5228269432424294,0.8578798925850286,0.7377769039998979,0.5228269432424294,0.8578798925850286,0.6288966456437367,0.8052247145184819,116.90087391164884,104.21612163366703,117.22092095610292,104.14777625653288,125.20843952302286,100.7328502347263,130.27102060464466,101.92110878261992,0.9438694063293155,19.0,0.03261551185880718,1470.0,1410.0,1259.2750000000003,1.1673383494471021,1.1196918862043634,0.0,0.6111111111111112,7.573017101078934,9,99,69.08127236060159
11,Gonzaga,WCC,30-3,120.26251359842355,37,93.95531186565343,9,0.9447401644035144,11,30.0,3.0,16.0,2.0,16-2,0.6275659542124954,0.6407769777372234,0.6096766629665423,0.6275659542124954,0.6407769777372234,0.6096766629665423,0.7493696274240803,0.7047947494149956,113.33440745537426,106.34869127240592,113.33440745537426,106.34869127240592,118.37645431883361,94.73201757555445,122.05963612670502,93.18997468271492,0.9570369014282392,11.0,0.07963284347720967,1465.0,1177.0,1247.2875000000004,1.1745487708327067,0.9436477155427274,0.0,0.8888888888888888,7.3657171613515295,13,24,68.92522209885844
12,Michigan St.,B10,25-7,122.89257762456258,28,96.10633311741122,16,0.9441353201884783,12,25.0,7.0,15.0,5.0,15-5,0.7467584590789638,0.5797835524496519,0.830390953561279,0.7467584590789638,0.5797835524496519,0.830390953561279,0.6208187997095206,0.764357487652514,118.51423883791756,103.9442245400467,118.51423883791756,103.9442245400467,123.39032415710298,95.1436939441954,123.6355612900944,94.17767550285772,0.9581046879242803,18.0,0.06123421064749435,1539.0,1368.0,1323.2625,1.1630345452999689,1.0338084847110833,0.0,0.75,7.436942824047785,10,51,65.96438953988334
13,Texas Tech,B12,22-10,126.25499889249005,10,98.73835303868515,27,0.9441200352742136,13,22.0,10.0,12.0,6.0,12-6,0.7599411850216526,0.640984044951289,0.834425402880474,0.7599411850216526,0.640984044951289,0.834425402880474,0.5986287052492354,0.688184745129094,118.23940678215858,102.68989384193877,118.23940678215858,102.68989384193877,128.91306652252754,98.15746101681924,127.80139015351615,100.34312157952893,0.9416756787581592,17.0,-0.00618395250073045,1431.0,1298.0,1207.6000000000001,1.1849950314673732,1.0748592249089102,0.0,0.6666666666666666,5.032711161163154,20,190,66.39853422492821
14,Virginia,ACC,29-5,122.21605577218567,29,95.75091556437106,14,0.9430240603475822,14,29.0,5.0,15.0,3.0,15-3,0.6770574222754071,0.4621867893428714,0.792698907225896,0.6770574222754071,0.4621867893428714,0.792698907225896,0.6932637188861075,0.833217595936537,115.08634382342068,105.8441148308115,115.08634382342068,105.8441148308115,119.76359450087337,93.9935602287376,123.12565948647905,93.98293362163999,0.9571420577064708,14.0,0.07348227308272015,1391.0,1252.0,1232.3375,1.1287492265714545,1.015955450515788,0.0,0.8333333333333334,7.772109764327937,8,33,65.573451876704
15,St. John's,BE,28-6,119.80441919330626,43,94.06021641943124,10,0.9417031507787713,15,28.0,6.0,18.0,2.0,18-2,0.7296316827433066,0.6167695134179184,0.7752635776497553,0.7296316827433066,0.6167695134179184,0.7752635776497553,0.6877093569347371,0.7391317793151457,114.9215194367832,103.45032297185203,114.9215194367832,103.45032297185203,119.25528544044244,95.16625374238919,124.08845665739483,96.73584571740503,0.9460185877888507,11.0,0.043205127299096535,1587.0,1393.0,1401.6375,1.1322471038339086,0.9938375649909481,0.0,0.9,7.25845485409506,14,81,69.60494466537097
16,Tennessee,SEC,22-11,121.48758907356535,32,95.44233348783132,13,0.9413006343053898,16,22.0,11.0,11.0,7.0,11-7,0.7323225195345391,0.5266878532980172,0.861507317732174,0.7323225195345391,0.5266878532980172,0.861507317732174,0.6131424354577082,0.74217736467974,118.30801410182674,104.95429010106544,118.30801410182674,104.95429010106544,121.8512031454362,96.48026453424532,122.1692614318171,97.55457724612069,0.9300493766575701,18.0,-0.039443361498517016,1391.0,1324.0,1220.625,1.1395801331285202,1.0846902201740911,0.0,0.6111111111111112,4.138551853184814,23,269,65.21473268253926
17,Louisville,ACC,23-10,124.00113036280544,22,98.10379274070444,23,0.9366742491685833,17,23.0,10.0,11.0,7.0,11-7,0.7088967588004352,0.5540393195646058,0.8024688322360336,0.7088967588004352,0.5540393195646058,0.8024688322360336,0.6470076270502493,0.740874353631167,115.40831072160212,103.76213830674516,115.40831072160212,103.76213830674516,125.7311400252582,99.45469823052997,122.31204583098625,101.03656407686526,0.9000311009155842,17.0,-0.027884898709073624,1481.0,1357.0,1260.2875000000001,1.1751286908741059,1.07673844261726,0.0,0.6111111111111112,3.994924107634374,25,244,69.70939087404115
18,Alabama,SEC,23-9,129.45576146082266,3,102.7276880047637,67,0.9345917622880907,18,23.0,9.0,13.0,5.0,13-5,0.7893099564719638,0.7119387617692313,0.8451490104207421,0.7893099564719638,0.7119387617692313,0.8451490104207421,0.5926721901577675,0.6300078633430481,119.11588714381533,102.92611456443811,119.11588714381533,102.92611456443811,128.5321743140656,102.81758768128879,129.35587996362077,104.07114624332509,0.9242234447737526,17.0,0.04630691282822308,1627.0,1530.0,1342.1499999999999,1.2122341020005216,1.1399620012666245,0.0,0.7222222222222222,6.526099682564,17,76,73.04154345494713
19,Nebraska,B10,26-6,117.23519372959359,61,93.45486851727537,7,0.9313164968867096,19,26.0,6.0,15.0,5.0,15-5,0.6951823065577992,0.4149405844819629,0.8360031053029541,0.6951823065577992,0.4149405844819629,0.8360031053029541,0.6472239980312744,0.8837943442663266,116.3145141604234,104.7597019591949,116.3145141604234,104.7597019591949,119.68117779138497,91.5366028911477,119.64520796453583,93.86638404845775,0.9421642235791691,15.0,0.10382091483571898,1502.0,1324.0,1326.75,1.1320896928584887,0.997927265875259,0.0,0.75,7.433138327425783,11,11,66.806489509859
20,Arkansas,SEC,25-8,127.78247341708871,6,101.89237881645485,51,0.9311019447658774,20,25.42245095129721,8.577549048702787,13.0,5.0,13-5,0.7402826249742696,0.5778263682969731,0.8474759661283927,0.7464112001901658,0.5778263682969731,0.8474759661283927,0.6149881610523863,0.7000457801679606,118.23397757391648,104.31928100644623,118.51496025800213,104.16761870196376,129.0772916423365,102.41176497497342,126.97190202493803,102.83242915340166,0.9187100478668717,17.0,0.06824850042270081,1620.0,1506.0,1327.5249999999996,1.2203160015818915,1.1344419125816843,0.0,0.7222222222222222,6.798912592005092,15,43,71.08044512212359
21,Wisconsin,B10,24-10,127.1840082965276,8,101.6002015885271,47,0.9297449514709097,21,24.0,10.0,14.0,6.0,14-6,0.7347337698825546,0.49790704844129524,0.8365904452243044,0.7347337698825546,0.49790704844129524,0.8365904452243044,0.6178254170944308,0.8307516901455849,117.21480547586452,103.18995383173399,117.21480547586452,103.18995383173399,129.46829310758395,102.43308262268465,125.46648114493107,101.7739354204135,0.9173423204672596,18.0,0.027907061480946904,1641.0,1555.0,1367.4625,1.2000329076665721,1.137142700439683,0.0,0.7,5.368915986662202,19,109,68.6749893690403
22,Kansas,B12,23-10,117.84111196544566,57,94.31659779380908,11,0.9282970755493971,22,23.0,10.0,12.0,6.0,12-6,0.7868927129779936,0.6911845062848646,0.8429852404709375,0.7868927129779936,0.6911845062848646,0.8429852404709375,0.5827194426252978,0.6703291874298716,117.75178741685599,101.25251052481316,117.75178741685599,101.25251052481316,120.43823296800949,96.74540872941452,117.13000215043479,96.87796663478542,0.8987190264273655,18.0,0.05217164658162776,1385.0,1325.0,1251.4125,1.1067493732082747,1.0588035519862555,0.0,0.6666666666666666,6.264272544084847,18,65,67.60973171592633
23,Ohio St.,B10,21-12,125.2475036662187,13,101.55044720625153,46,0.9177351821749399,23,21.0,12.0,12.0,8.0,12-8,0.7275397520507834,0.490732429004743,0.8361185315189662,0.7275397520507834,0.490732429004743,0.8361185315189662,0.6203403199379384,0.8159197759017389,116.56126190374584,102.98623484626393,116.56126190374584,102.98623484626393,127.42463830648475,102.67042603155035,125.68296165428401,101.14782070885614,0.9239709210403744,17.0,-0.018942926818841355,1559.0,1499.0,1318.85,1.1820904575956326,1.1365962770595595,0.0,0.6,2.894910020675214,32,227,66.14277957852575
24,Saint Mary's,WCC,27-5,119.34828464852937,48,97.50059435289502,22,0.9109391553861947,24,27.0,5.0,16.0,2.0,16-2,0.6006061851509942,0.5608536865310204,0.6129205758619715,0.6006061851509942,0.5608536865310204,0.6129205758619715,0.7788722555693625,0.8142647175072385,111.9444697007523,105.71925799783124,111.9444697007523,105.71925799783124,121.03224706058485,98.312185507915,113.80786520394828,95.9808303298956,0.8764437685844462,6.0,0.04845942770501954,1403.0,1154.0,1178.2625,1.190736359682159,0.9794082388262377,0.0,0.8888888888888888,4.019071343876258,24,70,65.29407448127638
25,UCLA,B10,23-11,124.5013030773975,17,101.72192709910487,49,0.9108325422690071,25,23.0,11.0,13.0,7.0,13-7,0.7137252311592428,0.4864717614549145,0.8189795920820245,0.7137252311592428,0.4864717614549145,0.8189795920820245,0.6372970816405871,0.8021048407047467,116.28736843776932,103.50236521979261,116.28736843776932,103.50236521979261,124.98699593078535,102.56382541033202,125.03497441534827,105.20618768108203,0.8792896861042001,15.0,0.01996342339233015,1511.0,1445.0,1295.3625000000002,1.166468845593415,1.115517856970539,0.0,0.65,3.5966329965665707,29,127,64.67570397997588
26,Iowa,B10,21-12,122.11168447110389,30,100.15591683431495,35,0.9071557857846038,26,21.0,12.0,10.0,10.0,10-10,0.6917704057117772,0.4122886005259537,0.83627713061044,0.6917704057117772,0.4122886005259537,0.83627713061044,0.6446193829674521,0.8405243951795748,115.44682659101946,104.41911558547083,115.44682659101946,104.41911558547083,120.91659764219119,100.57339148263665,121.08864302378639,98.38065403141741,0.9159311334762176,15.0,-0.020819705394548804,1417.0,1395.0,1263.6374999999998,1.12136589805225,1.1039558417663295,0.0,0.5,1.9375917396371416,38,229,63.01410075526683
27,North Carolina,ACC,24-8,121.44091529978111,33,99.98636560079352,34,0.9033951586467819,27,24.0,8.0,12.0,6.0,12-6,0.7030768822807208,0.5337010278408021,0.8148567105690213,0.7030768822807208,0.5337010278408021,0.8148567105690213,0.6650454513383733,0.7852749742334224,115.27176328509972,103.97090338384804,115.27176328509972,103.97090338384804,123.03913932997976,102.23064771306743,121.28080753009769,102.25542555693642,0.8767815782121777,14.0,0.07899559593973693,1416.0,1376.0,1232.0,1.1493506493506493,1.1168831168831168,0.0,0.6666666666666666,4.925843124168619,21,27,67.98673937644112
28,Santa Clara,WCC,26-8,124.96752600768744,15,103.65216687753141,78,0.895729634225133,28,26.0,8.0,15.0,3.0,15-3,0.6124338386921034,0.5494599530236598,0.6199226225625215,0.6124338386921034,0.5494599530236598,0.6199226225625215,0.765101538153461,0.8149347655072917,111.79560434792292,105.10495071820846,111.79560434792292,105.10495071820846,125.87531662981753,103.17423640895285,121.86297994684159,104.66220037643242,0.8519315664154862,8.0,0.006091436893550739,1569.0,1330.0,1280.9500000000003,1.224872165189898,1.03829189273586,0.0,0.8333333333333334,2.137607289785729,36,158,69.25780778150774
29,Utah St.,MWC,28-6,122.96844074164285,27,102.03047594677253,53,0.895345590308862,29,28.0,6.0,15.0,5.0,15-5,0.6394809938159577,0.5112281343259079,0.6924358024456663,0.6394809938159577,0.5112281343259079,0.6924358024456663,0.7770062666264791,0.8480338524220531,112.41230347454257,105.4008385594987,112.41230347454257,105.4008385594987,125.34459674936272,104.10807984373324,121.41358503405297,101.5154930595738,0.8867936941944553,7.0,0.05421889500198063,1630.0,1453.0,1349.2499999999998,1.2080785621641654,1.0768945710579954,0.0,0.75,3.9499466525804703,26,60,67.54634794493289
30,Clemson,ACC,24-10,116.51244261444144,69,96.88886957807061,20,0.8929260807768156,30,24.0,10.0,12.0,6.0,12-6,0.6825757337166563,0.5180482500624868,0.7671124990777834,0.6825757337166563,0.5180482500624868,0.7671124990777834,0.6838951552523119,0.7674831075588864,114.65037302892452,105.10917342143091,114.65037302892452,105.10917342143091,114.85736966720145,95.85479906009333,117.1452688214826,94.7106632304774,0.9201777170804223,12.0,0.03432214825820479,1273.0,1199.0,1169.5374999999997,1.08846445710377,1.025191582142514,0.0,0.6666666666666666,3.1771944838447945,31,96,64.27270448966617
31,Kentucky,SEC,21-13,119.8827661409191,40,99.90531590524154,31,0.8905480411890021,31,21.0,13.0,10.0,8.0,10-8,0.7366295862524627,0.5239104135610865,0.8685942936244183,0.7366295862524627,0.5239104135610865,0.8685942936244183,0.5909604406201633,0.72860966317241,118.11594774125436,104.13189099503654,118.11594774125436,104.13189099503654,121.08777465214932,101.38648702941185,119.40039852084301,100.97124185473446,0.8730210296259386,20.0,0.04336593674140243,1414.0,1404.0,1245.875,1.13494531955453,1.1269188321460821,0.0,0.5555555555555556,3.305019053467541,30,80,68.31344409495404
32,Cincinnati,B12,18-15,112.27640808980566,112,93.62129517970536,8,0.8898899748120589,32,18.0,15.0,9.0,9.0,9-9,0.6820551140851533,0.4619869256120817,0.8361949617739005,0.6820551140851533,0.4619869256120817,0.8361949617739005,0.6719546456164126,0.8292250796210785,114.41020518892392,103.86162139534513,114.41020518892392,103.86162139534513,117.74760370941188,94.63805087382573,114.3235472315753,97.62461759688453,0.8600713879836087,14.0,-0.11021006639183406,1290.0,1247.0,1196.0374999999997,1.07856149995297,1.0426094499545377,0.0,0.5,-1.9894458763072163,70,358,67.64471418671604
33,BYU,B12,23-11,124.71853011762202,16,104.25068342439135,88,0.887104658998647,33,23.0,11.0,9.0,9.0,9-9,0.748849777243322,0.605140985236637,0.8417770773610128,0.748849777243322,0.605140985236637,0.8417770773610128,0.6166663042029271,0.739192217330634,115.95486905997218,101.96790811728513,115.95486905997218,101.96790811728513,125.00551472209688,107.6655270124997,125.67302348496256,102.9083533750307,0.9087289842034775,16.0,0.08306541930027633,1478.0,1483.0,1277.6499999999999,1.1568113333072438,1.160724768128987,0.0,0.5,4.552974925711316,22,22,69.77388885998764
34,Indiana,B10,18-14,121.9256935006922,31,102.0627900859831,55,0.8854384923338774,34,18.0,14.0,9.0,11.0,9-11,0.7017953207704674,0.4404362181698445,0.8411013417868688,0.7017953207704674,0.4404362181698445,0.8411013417868688,0.6420325766653558,0.8367752356013181,116.20605941577558,104.1099611800059,116.20605941577558,104.1099611800059,124.14343279770794,104.02396397202365,116.98751768747796,104.49755728825969,0.7855640307118366,14.0,-0.056211623046520054,1516.0,1521.0,1318.2124999999999,1.1500421972936838,1.1538352124562619,0.0,0.45,-0.4222066914266057,51,316,66.1855233786268
35,Miami FL,ACC,25-8,121.05082947355282,34,101.40189787541206,44,0.884613694769487,35,25.0,8.0,13.0,5.0,13-5,0.6398830351531881,0.4096058241893014,0.7728647853358898,0.6398830351531881,0.4096058241893014,0.7728647853358898,0.7060116700108758,0.8333090024984469,113.23053996827649,105.76991643856375,113.23053996827649,105.76991643856375,121.63849249911416,102.08720861402152,120.71121802416415,99.8970189166339,0.8981196337826522,12.0,0.0755492974045957,1401.0,1312.0,1214.9125,1.1531694669369195,1.0799131624705485,0.0,0.7222222222222222,3.8526707138350162,28,31,67.92887287232924
36,Villanova,BE,24-8,119.59780136001274,45,100.48851763176184,38,0.8810117673220699,36,24.0,8.0,15.0,5.0,15-5,0.7070171166599023,0.5670337166872862,0.7814717839401784,0.7070171166599023,0.5670337166872862,0.7814717839401784,0.6981398499231674,0.7668606401412053,114.71030332910074,104.00204405730588,114.71030332910074,104.00204405730588,119.72828244669097,99.587356990391,111.55393224594204,97.46207787996948,0.8253488165565949,8.0,0.08334887939553193,1525.0,1440.0,1360.9,1.1205819678154163,1.058123300756852,0.0,0.75,3.9358010144469544,27,21,64.93615937283363
37,Georgia,SEC,22-10,124.289165026505,18,104.68996450353046,93,0.8779851563279615,37,22.0,10.0,10.0,8.0,10-8,0.6707417872271649,0.4071248931121559,0.8545045035712096,0.6707417872271649,0.4071248931121559,0.8545045035712096,0.6754936053974806,0.8560388494131852,115.31424902159871,105.74216070253433,115.31424902159871,105.74216070253433,126.65096204276955,106.6285928456963,124.82097696414714,102.36130220633322,0.9073143762615502,14.0,0.04785518269261735,1515.0,1521.0,1284.675,1.1792865899935783,1.1839570319341468,0.0,0.5555555555555556,2.6012392598524214,33,72,72.02088676951955
38,N.C. State,ACC,20-13,124.0412358801209,20,104.57160204450679,89,0.8769148378394934,38,20.0,13.0,10.0,8.0,10-8,0.7187757105214615,0.5814056060247608,0.8077519096168353,0.7187757105214615,0.5814056060247608,0.8077519096168353,0.6717851226093706,0.7847244295872655,115.51428585834597,104.23108456437664,115.51428585834597,104.23108456437664,123.48766304982229,104.43948081860302,122.78607962003642,105.0030317917869,0.8580546798437135,13.0,-0.0250730824359785,1442.0,1418.0,1253.9125,1.1500004984398833,1.1308604069263206,0.0,0.5555555555555556,0.32756528704597027,44,240,69.08811043421676
39,Texas A&M,SEC,21-11,119.85405919146515,42,101.32139444804747,43,0.873441695929123,39,21.0,11.0,11.0,7.0,11-7,0.6738106898239837,0.42229965070215675,0.8443923714327635,0.6738106898239837,0.42229965070215675,0.8443923714327635,0.6746489466417058,0.8595508657882169,116.09165485357688,106.56590429748488,116.09165485357688,106.56590429748488,121.23445601208611,99.8617083200724,119.94866342136177,98.01077393745827,0.9107513814083826,14.0,0.02350775268810701,1493.0,1460.0,1308.0375,1.1414045851131944,1.1161759506130369,0.0,0.6111111111111112,1.5928077011257777,40,115,71.01128281360124
40,Oklahoma,SEC,19-15,125.10257286732534,14,105.79637813191123,116,0.8729839293090038,40,19.0,15.0,7.0,11.0,7-11,0.6989795852484867,0.44661214972809915,0.8596018164230207,0.6989795852484867,0.44661214972809915,0.8596018164230207,0.6478108833384276,0.7929872594452385,115.6985437650966,105.43241566373655,115.6985437650966,105.43241566373655,124.36173536808951,105.58228391354442,128.46051329645678,107.24421714837051,0.8885384963913711,15.0,-0.04219959433307652,1429.0,1461.0,1235.0874999999999,1.1570030463428707,1.182912141852298,0.0,0.3888888888888889,-0.4841049331718698,53,277,66.14251928971962
41,Auburn,SEC,17-16,124.17502222217774,19,105.73958719319285,115,0.8639151501535284,41,17.0,16.0,7.0,11.0,7-11,0.7606725018011131,0.617889949297392,0.8579110484142964,0.7606725018011131,0.617889949297392,0.8579110484142964,0.5801486662969556,0.643597648602959,119.05507619997243,103.2538022443636,119.05507619997243,103.2538022443636,125.6355168968124,107.50645677286268,124.08825312789209,104.80203381531949,0.8746351243616479,20.0,-0.007788525877447383,1472.0,1489.0,1244.675,1.1826380380420591,1.1962962219053166,0.0,0.3888888888888889,0.17496647384934072,45,195,67.3330392045072
42,SMU,ACC,20-13,123.02007600028168,26,104.9014901623587,95,0.8620292109407206,42,20.0,13.0,8.0,10.0,8-10,0.7138096289752166,0.5407186775020885,0.8243947014978654,0.7138096289752166,0.5407186775020885,0.8243947014978654,0.6790915231866304,0.8181178068317805,115.72986219967575,104.17338589623024,115.72986219967575,104.17338589623024,124.81547402007762,106.95498042056056,121.30807576237005,104.22218667864793,0.8514217872911962,13.0,-0.011628613895455664,1451.0,1436.0,1243.9375,1.1664573179922624,1.154398834346581,0.0,0.4444444444444444,-0.01573926179061541,46,212,68.61843807262542
43,Saint Louis,A10,28-5,119.50047660720483,46,102.14494623427944,58,0.8587160249334131,43,28.0,5.0,15.0,3.0,15-3,0.5162799270484866,0.3882877570628105,0.5825632459723941,0.5162799270484866,0.3882877570628105,0.5825632459723941,0.8457548909741224,0.889508580341952,108.67241855008632,107.38487688594583,108.67241855008632,107.38487688594583,120.7775729581456,103.02866627212009,101.36672908667413,79.98973769285419,0.9384127839607921,2.0,0.05123157529664302,1494.0,1277.0,1258.0625,1.1875403646480203,1.0150529087386357,0.0,0.8333333333333334,1.8550133448731043,39,66,70.99299650020853
44,San Diego St.,MWC,22-11,112.18347039194694,114,96.04827526983351,15,0.856408419072284,44,22.0,11.0,14.0,6.0,14-6,0.646562729688096,0.5399598636405625,0.6753445278112828,0.646562729688096,0.5399598636405625,0.6753445278112828,0.7361943632150993,0.7444976196545812,114.1650644313515,105.60303272944,114.1650644313515,105.60303272944,113.35559551135835,95.68016282075665,110.1490037527219,98.65550822806269,0.7802801267311512,9.0,-0.005847177707777651,1562.0,1406.0,1410.2124999999999,1.1076344877101856,0.9970128615368252,0.0,0.7,-0.09696467557396149,47,189,68.59133131532519
45,Texas,SEC,18-14,124.0256109176705,21,106.32769364722165,125,0.854528113411302,45,18.0,14.0,9.0,9.0,9-9,0.6716093670069343,0.4107318523840942,0.8534418414832885,0.6716093670069343,0.4107318523840942,0.8534418414832885,0.634270724361926,0.7707785855726405,116.1514130495606,105.09854800631066,116.1514130495606,105.09854800631066,126.41924652041858,106.71548411032984,125.25763166340113,105.58524822310574,0.8770537524068867,18.0,-0.006743336593396432,1472.0,1455.0,1231.5874999999999,1.1952053751763478,1.1814020522293383,0.0,0.5,-0.20248652027346803,48,192,67.0938997335321
46,Missouri,SEC,20-12,119.86951975812826,41,102.96170992983056,68,0.8517681063285348,46,20.0,12.0,10.0,8.0,10-8,0.6770183997207607,0.41101293991858695,0.8572706961571729,0.6770183997207607,0.41101293991858695,0.8572706961571729,0.6592841135682956,0.8240530528486205,115.7136052206757,105.69905955767823,115.7136052206757,105.69905955767823,120.65380649057657,101.29502056735046,117.32787093800462,103.07227969360032,0.8160379257161949,15.0,0.039060953311611524,1388.0,1404.0,1231.9499999999996,1.1266691018304318,1.1396566419091687,0.0,0.5555555555555556,1.1480193365910756,42,86,66.37168449334789
47,Baylor,B12,16-16,123.30549253474575,24,106.4807793830625,127,0.843836511780335,47,16.0,16.0,6.0,12.0,6-12,0.7075455410723994,0.49582217011736923,0.8555003201804122,0.7075455410723994,0.49582217011736923,0.8555003201804122,0.6387332123178895,0.8050904235823059,115.1510445262927,102.3120967416062,115.1510445262927,102.3120967416062,122.23262984684362,104.71862028410892,121.77620635181171,106.1740346448193,0.8287383702857987,15.0,-0.05493918014996246,1345.0,1405.0,1215.8625,1.10621061180849,1.155558297093627,0.0,0.3333333333333333,-2.18543763772292,72,310,67.83497016133119
48,TCU,B12,22-11,114.83454679348287,83,99.59211049889753,30,0.8372228671143659,48,22.0,11.0,11.0,7.0,11-7,0.6725618164668158,0.42715542462558154,0.8307166749591527,0.6725618164668158,0.42715542462558154,0.8307166749591527,0.6608651148072616,0.7977029437378975,114.57444572503914,104.65022686048209,114.57444572503914,104.65022686048209,115.23022759442019,99.31235215259396,117.15095552429958,93.09131242085772,0.9336184225011607,13.0,0.09237767447122036,1372.0,1371.0,1268.1124999999997,1.0819229366479712,1.0811343630789858,0.0,0.6111111111111112,2.379139125591761,35,14,67.57292039578626
49,VCU,A10,26-7,119.11535893144446,49,103.47348825708949,74,0.8346482676104255,49,26.61611911391065,7.383880886089351,15.0,3.0,15-3,0.5596520861433624,0.4864067531209479,0.6029186555936378,0.5655078472695487,0.4864067531209479,0.6029186555936378,0.8029120687964043,0.7867789912304008,109.77946225274124,107.29808059260303,109.79942835922577,107.08293357383484,119.79285766193425,105.23953580072823,109.079314774246,98.78167254673373,0.7577487901806595,4.0,0.06378550672517425,1429.0,1299.0,1230.9250000000002,1.1609155716229662,1.0553039380953346,0.0,0.8333333333333334,1.3707329360483493,41,47,68.81591456539108
50,Florida St.,ACC,18-15,119.39031998751524,47,103.87888991043081,84,0.8320858646170015,50,18.0,15.0,10.0,8.0,10-8,0.6767516750486586,0.4685800216804038,0.8046399179674426,0.6767516750486586,0.4685800216804038,0.8046399179674426,0.6662313451794997,0.768726032088362,114.25515024133064,104.35659480022863,114.25515024133064,104.35659480022863,119.53826245015186,102.77212760756973,115.06536913905173,102.61183229995994,0.7887308381403699,14.0,-0.026175204817696196,1373.0,1385.0,1236.4999999999998,1.1103922361504248,1.1200970481196928,0.0,0.5555555555555556,-1.7538019760499566,67,242,70.60216365463697
51,South Florida,Amer,24-8,117.14864392498991,64,102.19710878346163,60,0.8278138740936026,51,24.627106411604558,8.37289358839544,15.0,3.0,15-3,0.5423611009645737,0.5383636981205132,0.5484692010452031,0.5483759046893835,0.5383636981205132,0.5484692010452031,0.8231250536886888,0.7921997473131408,110.69796800676501,108.11803469776959,110.74337721274132,107.9381362118184,117.29920383174954,102.27284725145275,113.55359202298614,93.07596868854738,0.90778435528285,3.0,0.011079465921249643,1555.0,1354.0,1323.9749999999997,1.1744934760852739,1.0226779206556018,0.0,0.8333333333333334,-0.5897332053606721,54,145,71.49209555837442
52,Washington,B10,16-17,116.77224922789956,67,102.15370198073742,59,0.8231867823389357,52,16.0,17.0,7.0,13.0,7-13,0.7283563644030272,0.5154964682654092,0.8327239538105436,0.7283563644030272,0.5154964682654092,0.8327239538105436,0.6494699138894171,0.8361270964435501,116.97422737958874,104.35006765095275,116.97422737958874,104.35006765095275,119.08389426123577,104.04986725910017,120.53884882375651,106.02610681017372,0.8138612523531071,14.0,-0.04880769784483818,1471.0,1499.0,1321.4375,1.1131816676914346,1.1343707137113939,0.0,0.35,-2.9655421571739002,79,296,67.04811411963826
53,Virginia Tech,ACC,19-13,117.5537616290118,58,103.0376498702323,69,0.8199066532057238,53,19.0,13.0,8.0,10.0,8-10,0.6802954818844142,0.49749460928904354,0.8067729544009405,0.6802954818844142,0.49749460928904354,0.8067729544009405,0.6882755722554478,0.8431512051232073,114.71510160950139,105.24642469444969,114.71510160950139,105.24642469444969,118.18124092623196,101.75764962473481,115.56552600976974,101.12744296792252,0.8226996278760538,11.0,0.014509685817901685,1352.0,1357.0,1233.3,1.0962458444822833,1.1003000081083274,0.0,0.4444444444444444,-0.8528337111173842,59,136,67.18579880771519
54,New Mexico,MWC,23-10,116.40063733655549,71,102.0276001740232,52,0.8198953156466774,54,23.0,10.0,13.0,7.0,13-7,0.5951445266738963,0.46775899319168895,0.6617061270949602,0.5951445266738963,0.46775899319168895,0.6617061270949602,0.773659950310297,0.8248300440929269,111.46625590974212,105.98038686725752,111.46625590974212,105.98038686725752,117.19494278478345,100.57343497751317,113.555226301333,97.54907841198523,0.851603999987279,9.0,0.027689018717562353,1607.0,1438.0,1402.3625,1.1459233971244953,1.0254124735936678,0.0,0.65,-0.42304729735772634,52,110,69.82454907892682
55,Grand Canyon,MWC,20-12,111.04575999634909,127,97.47876899215385,21,0.8173565220467531,55,20.0,12.0,13.0,7.0,13-7,0.5802222243350748,0.4276257458272269,0.6553368191044131,0.5802222243350748,0.4276257458272269,0.6553368191044131,0.7839102395552947,0.8492075745121022,111.4229443097796,107.6228782271501,111.4229443097796,107.6228782271501,111.695400118759,95.56272516488445,108.06288103497351,93.904258749027,0.834108817969498,7.0,-0.055315720284665915,1500.0,1358.0,1375.5749999999998,1.090453083256093,0.9872235247078496,0.0,0.65,-3.113620448217083,82,311,68.01277909152334
56,Boise St.,MWC,20-12,118.06925755318161,54,103.74621968121409,81,0.8156609557353934,56,21.0,11.0,12.0,8.0,12-8,0.6450212502727158,0.5749553382092646,0.6956140897273783,0.6450212502727158,0.5749553382092646,0.6956140897273783,0.7604181404352658,0.7997383438638217,113.91651683255616,105.38987540743982,113.91651683255616,105.38987540743982,119.5230749934228,106.09990702656542,118.03968258060773,111.05478933136081,0.6685130808534957,7.0,-0.015712606099419046,1570.0,1503.0,1354.3875,1.159195577336619,1.1097267214884956,0.0,0.6,-2.0946060166604896,71,220,65.73923197544111
57,UCF,B12,21-11,119.9752421548882,39,105.60315725942397,114,0.8126568645878939,57,21.0,11.0,9.0,9.0,9-9,0.7099908844264133,0.4776931611663828,0.839986169741638,0.7099908844264133,0.4776931611663828,0.839986169741638,0.6598017643823826,0.8490977297021495,114.61345952062148,103.06016546987563,114.61345952062148,103.06016546987563,121.39625514879519,105.84447921444081,119.79548275661013,104.436720277433,0.8289002833135133,13.0,0.11691183048330811,1406.0,1466.0,1271.6000000000001,1.1056936143441332,1.152878263604907,0.0,0.5,2.1257576875276234,37,7,69.11260028415526
58,Minnesota,B10,15-17,115.93757965232501,72,102.05220352569529,54,0.812604896635185,58,15.0,17.0,8.0,12.0,8-12,0.6830197640688596,0.4044479231277027,0.8388694624365065,0.6830197640688596,0.4044479231277027,0.8388694624365065,0.6588918613282563,0.8523828761193646,115.9439693626845,105.54938972982767,115.9439693626845,105.54938972982767,118.27217265630745,102.14022276610652,117.33007976402405,102.72562693082212,0.8218145214302796,16.0,-0.07526515462359218,1359.0,1428.0,1252.7875,1.0847809385071292,1.1398581164004271,0.0,0.4,-3.9393043986304,88,341,62.64257350660045
59,Stanford,ACC,20-12,116.99945367193473,66,103.60857586407151,76,0.8018369876940648,59,20.0,12.0,9.0,9.0,9-9,0.685505000003371,0.5293334816021942,0.7986698668804038,0.685505000003371,0.5293334816021942,0.7986698668804038,0.7229261965718801,0.8691730023409169,113.76340235762616,104.19537129885701,113.76340235762616,104.19537129885701,117.01555609462636,103.70369958691977,119.27134492598171,105.23801646881657,0.8083818173675863,10.0,0.03756442672183413,1304.0,1322.0,1181.95,1.1032615592876178,1.1184906298912813,0.0,0.5,-0.8835395011392934,61,91,66.9965026169749
60,Seton Hall,BE,21-12,108.69700524396586,169,96.26351873035853,17,0.8017011216009784,60,21.0,12.0,10.0,10.0,10-10,0.6781241969432831,0.4468766056982634,0.7894723750247279,0.6781241969432831,0.4468766056982634,0.7894723750247279,0.7155212581011091,0.871528720633579,113.60529422325881,104.7045658337695,113.60529422325881,104.7045658337695,106.62067274360511,96.39695886397779,112.30654553563336,97.60544430041725,0.8338880268005815,8.0,0.05754478465261881,1339.0,1339.0,1318.0625,1.0158850585613353,1.0158850585613353,0.0,0.5,-0.2643306264277199,50,56,65.15632473624551
61,Arizona St.,B12,17-16,115.21641154071844,75,102.31060839730594,62,0.7967633392383393,61,17.0,16.0,7.0,11.0,7-11,0.7484515559245286,0.6109479908241445,0.8303929371286817,0.7484515559245286,0.6109479908241445,0.8303929371286817,0.6180959903326932,0.7420779336760812,117.40175371289787,103.29671027675151,117.40175371289787,103.29671027675151,116.98785486979234,102.292177643177,116.33207205917135,100.69037395846364,0.8403163501298704,18.0,0.04054988641361201,1354.0,1437.0,1268.8625,1.0670974987439539,1.1325104177954664,0.0,0.3888888888888889,-0.9597734816588953,63,84,69.21400035163424
62,West Virginia,B12,18-14,108.48372428330399,174,96.56121885649489,19,0.7923030628846207,62,18.0,14.0,9.0,9.0,9-9,0.6574373868302475,0.399749447934714,0.8307860497924348,0.6574373868302475,0.399749447934714,0.8307860497924348,0.6868635825898255,0.8638259549640168,113.71574436428169,105.26895809961147,113.71574436428169,105.26895809961147,109.58809570290187,97.80770090921139,111.77013738420222,97.73153505311335,0.8239775248034353,14.0,0.008313135903097013,1176.0,1222.0,1149.7875000000001,1.0227976908776621,1.0628050835480467,0.0,0.5,-1.888992215641567,68,150,62.462513455614754
63,Northwestern,B10,15-19,116.43614317966923,70,103.73132283960686,80,0.7906250289944268,63,15.0,19.0,5.0,15.0,5-15,0.726835471428554,0.4916452461792879,0.8451854172761035,0.726835471428554,0.4916452461792879,0.8451854172761035,0.6191181037585748,0.831977108054788,117.18870993926647,103.8735615608171,117.18870993926647,103.8735615608171,115.54434907896704,104.86316689411035,116.90701672070787,104.13258876758239,0.7909580485905345,16.0,-0.0371419070182199,1377.0,1508.0,1296.85,1.061803601033273,1.1628175964837877,0.0,0.25,-3.672714644126825,85,262,65.09318186789224
64,Mississippi,SEC,15-20,114.0314422795401,89,101.62059992844512,48,0.7900325163335206,64,15.0,20.0,4.0,14.0,4-14,0.7208756907044848,0.48092995624819806,0.8544640425710903,0.7208756907044848,0.48092995624819806,0.8544640425710903,0.6294509188953791,0.8085487651683609,117.75885406153486,105.22280215643748,117.75885406153486,105.22280215643748,115.39777063845278,104.70741411763585,114.909512015398,99.6007160018653,0.8381082751931975,20.0,-0.05319955923562758,1364.0,1490.0,1261.525,1.0812310497215671,1.1811101642852895,0.0,0.2222222222222222,-4.455732665533572,94,305,66.06180870373645
65,Tulsa,Amer,26-7,120.83721119065542,36,108.0983019256296,159,0.7826433432449105,65,26.0,7.0,13.0,5.0,13-5,0.4874032692101636,0.3858967553813069,0.5429656795184638,0.4874032692101636,0.3858967553813069,0.5429656795184638,0.8683602272976191,0.9067153097632221,108.83471454907759,108.15818030151121,108.83471454907759,108.15818030151121,122.83916447382151,107.57314028567264,114.94930000603226,109.03847070582009,0.6472766134743556,1.0,0.03885507797833754,1504.0,1311.0,1227.0874999999999,1.2256664663277885,1.068383468986523,0.0,0.7222222222222222,-1.022499976379634,65,87,67.76465138890896
66,USC,B10,18-14,113.05138275370649,102,101.21417927367,41,0.7810748465054073,66,18.0,14.0,7.0,13.0,7-13,0.704424135025213,0.46151984538370455,0.8320833619537187,0.704424135025213,0.46151984538370455,0.8320833619537187,0.6607919182195247,0.868622191533856,116.5422281417228,104.06882183553451,116.5422281417228,104.06882183553451,112.10998846058988,101.46724614843997,110.91543523387193,100.4472053646807,0.7576909596393707,13.0,0.05559727253853963,1432.0,1593.0,1401.7875000000001,1.0215528387861925,1.136406195660897,0.0,0.35,-0.8973650254978391,62,58,70.71418343708066
67,Wake Forest,ACC,17-16,117.85539260840667,56,105.56675625085619,112,0.7801123203082236,67,17.0,16.0,7.0,11.0,7-11,0.7034937929184499,0.5241791512699708,0.816007414765973,0.7034937929184499,0.5241791512699708,0.816007414765973,0.6721333547064731,0.7723903138591187,115.78079091238119,104.41062412169397,115.78079091238119,104.41062412169397,118.20232163877813,106.6049639859252,116.25762707666627,105.45564084138927,0.754259414332569,15.0,-6.230075651880718e-05,1354.0,1417.0,1229.2125000000003,1.1015182484720907,1.152770574656538,0.0,0.3888888888888889,-2.845799204005681,78,171,68.28033134101582
68,California,ACC,21-11,113.7495469327983,95,102.08330983096577,56,0.7763312380791896,68,21.0,11.0,9.0,9.0,9-9,0.6197857403178015,0.37243926545016703,0.7866304097023374,0.6197857403178015,0.37243926545016703,0.7866304097023374,0.7397331372587443,0.9012484030292257,113.26337875573728,105.94444343044582,113.26337875573728,105.94444343044582,112.81605945776755,101.30255812731207,114.85243694533288,102.6445414452663,0.7845406438081136,11.0,0.06368018381950868,1323.0,1382.0,1261.9875000000002,1.048346358422726,1.095098010083301,0.0,0.5,-0.6213197200919295,56,48,67.86005659380375
69,LSU,SEC,15-17,118.76414527383784,50,106.67147749669935,133,0.7746813362439399,69,15.0,17.0,3.0,15.0,3-15,0.684704012683899,0.4363295184419878,0.852649812491407,0.684704012683899,0.4363295184419878,0.852649812491407,0.6724784538410501,0.8632334651256539,115.4821071176952,104.75009236829025,115.4821071176952,104.75009236829025,115.64094636352173,107.36318926027506,116.6617401033829,105.20340266358377,0.7665450627479146,17.0,-0.04988770423385758,1367.0,1502.0,1262.4125,1.0828473260523008,1.189785430673413,0.0,0.16666666666666666,-4.349469984771114,93,301,66.57776347260281
70,Northern Iowa,MVC,23-12,109.65777660312204,150,98.51497141694712,25,0.7742195516952325,70,23.0,12.0,11.0,9.0,11-9,0.5081955728156706,0.4544524991389782,0.5344635839977344,0.5081955728156706,0.4544524991389782,0.5344635839977344,0.8584829189044868,0.8516967984051554,108.91427907342582,107.92921029619559,108.91427907342582,107.92921029619559,106.9724480663634,99.3137099205525,109.47013781099645,89.16187240081692,0.9137084868510811,1.0,-0.07234078177487835,1354.0,1252.0,1261.4875,1.0733360417760778,0.9924791169155461,0.0,0.55,-5.282006536277259,103,338,62.18372244874188
71,Akron,MAC,29-5,117.12323269415089,65,105.31490393277355,104,0.77243722361454,71,29.0,5.0,17.0,1.0,17-1,0.39345426813298917,0.3739196683555382,0.39053294994932625,0.39345426813298917,0.3739196683555382,0.39053294994932625,0.8951153827938496,0.8701980492748588,108.34787981481256,111.41060743393264,108.34787981481256,111.41060743393264,117.0423522620077,103.01326003104052,120.63425898543443,108.14354870352989,0.7785081874179536,1.0,0.053902193441782265,1539.0,1279.0,1274.9375,1.2071179959801952,1.0031864307073877,0.0,0.9444444444444444,-0.21720940209187922,49,62,70.30924873466935
72,Butler,BE,16-16,117.21323324685554,63,105.56078486052851,111,0.7692604670517313,72,16.0,16.0,7.0,13.0,7-13,0.6868093516800281,0.4872382964646842,0.7927142340935376,0.6868093516800281,0.4872382964646842,0.7927142340935376,0.7029955886957565,0.8124166535098687,113.45941353120881,104.28698155680028,113.45941353120881,104.28698155680028,117.03612918137262,107.88582141561565,121.22459148765418,105.95749667292989,0.8246217191847561,9.0,-0.02998130389256548,1509.0,1630.0,1403.4125000000001,1.075236254486831,1.1614546685311695,0.0,0.35,-4.1814754058110655,91,246,68.89965886587427
73,McNeese St.,Slnd,28-5,113.12583972530607,99,102.12230063292732,57,0.7643704341699701,73,28.0,5.0,19.0,3.0,19-3,0.42414739174874516,0.5039351757844424,0.36939915378492894,0.42414739174874516,0.5039351757844424,0.36939915378492894,0.8667531171516555,0.7521474200059876,107.6216999314296,108.86946584588155,107.6216999314296,108.86946584588155,113.50483081866477,104.22344343951833,105.91251927826647,106.22225058402057,0.491605388759461,2.0,0.09094774289490548,1693.0,1414.0,1444.375,1.1721332756382519,0.9789701427953267,0.0,0.8636363636363636,0.6984253498201518,43,16,66.1270719100532
74,Providence,BE,15-18,120.85502607060158,35,109.11953867893155,185,0.7639933109099021,74,15.0,18.0,7.0,13.0,7-13,0.6977414905170988,0.4954293614337963,0.7932391296790612,0.6977414905170988,0.4954293614337963,0.7932391296790612,0.6814144514630072,0.7805931358082159,113.44673097085852,103.38787614794855,113.44673097085852,103.38787614794855,122.05580558949,109.39432122080896,120.73866831191461,107.74347164948861,0.7874405236134343,10.0,-0.05036562574582665,1662.0,1703.0,1467.7749999999999,1.1323261399056397,1.1602595765699786,0.0,0.35,-5.0994688785266,100,302,71.32357323005026
75,Oklahoma St.,B12,19-14,118.47127330132588,52,107.1557986004267,141,0.7603221980472735,75,19.0,14.0,6.0,12.0,6-12,0.7075920508270099,0.4969902893979613,0.8496241859770272,0.7075920508270099,0.4969902893979613,0.8496241859770272,0.6726325017659522,0.8540928007995868,114.62171278667412,103.43619154817193,114.62171278667412,103.43619154817193,116.26161292990004,107.27811684433544,117.31684657951008,105.07140799425443,0.7803554482267877,14.0,0.08060946861546547,1415.0,1540.0,1320.1250000000002,1.071868194299782,1.1665561973297982,0.0,0.3333333333333333,-0.8416564355028571,58,23,72.17292990356391
76,Marquette,BE,12-20,111.77526648989488,117,101.15301302016223,40,0.7592082181877594,76,12.0,20.0,7.0,13.0,7-13,0.7105899195748909,0.5610585541061405,0.7937156502603452,0.7105899195748909,0.5610585541061405,0.7937156502603452,0.6794358704984992,0.7399671260628392,115.2594205841988,104.27908155157554,115.2594205841988,104.27908155157554,112.7592790297986,100.88773537424642,112.33893487710466,102.27139447997332,0.7464449104314761,11.0,-0.12291515276986104,1450.0,1493.0,1381.4124999999997,1.049650267389357,1.0807778270429726,0.0,0.35,-7.435992736412891,144,363,69.20913948012868
77,Colorado,B12,17-15,117.981048180876,55,106.76917330089512,134,0.7592056998132152,77,17.0,15.0,7.0,11.0,7-11,0.7084647485084201,0.5330340034148471,0.8322837616390211,0.7084647485084201,0.5330340034148471,0.8322837616390211,0.6836161738109832,0.863113655201701,115.25812165399604,104.07201619754663,115.25812165399604,104.07201619754663,117.09767484185903,104.95493454866958,112.28170201216723,107.74655787071974,0.6163619781424999,11.0,0.02255592190596223,1359.0,1444.0,1260.2124999999999,1.0783895573167226,1.1458384994594166,0.0,0.3888888888888889,-2.676945783834981,75,119,68.60839996162495
78,Dayton,A10,23-10,110.45830988145346,139,99.98308194760261,33,0.758747964735587,78,23.38388088608935,10.61611911391065,12.0,6.0,12-6,0.5867060836010296,0.5371904884920232,0.6110791002864877,0.5939985007703541,0.5371904884920232,0.6110791002864877,0.7834528145595934,0.7801392907252714,111.32413514576372,107.27211077583763,111.55328878621812,107.16038658433226,109.68824190688412,101.60810144709428,104.26833930884914,102.06424732956911,0.5611179949205793,6.0,0.0711262700646843,1293.0,1260.0,1211.9750000000001,1.0668536892262628,1.0396254048144555,0.0,0.6666666666666666,-0.977510835050192,64,37,67.15759627718855
79,Georgetown,BE,16-18,113.98303129896664,90,103.22282584429512,70,0.7577411708997813,79,16.0,18.0,6.0,14.0,6-14,0.6909344869694257,0.4636711485574857,0.7938616823360621,0.6909344869694257,0.4636711485574857,0.7938616823360621,0.6876427800977297,0.8101182220235789,113.09563757136634,104.03237495223645,113.09563757136634,104.03237495223645,115.12290967936875,103.66781739892319,112.52542220919399,100.05407557578546,0.7942744930220927,12.0,-0.03155017051304276,1432.0,1484.0,1338.075,1.070194122153093,1.1090559198849093,0.0,0.3,-4.875055973486557,97,249,66.20648395915264
80,Nevada,MWC,22-12,114.50605490644341,86,103.75776625286993,82,0.7564915921318799,80,22.0,12.0,12.0,8.0,12-8,0.6336880661622546,0.5930307658626246,0.659468802549219,0.6336880661622546,0.5930307658626246,0.659468802549219,0.7715323110213063,0.8271330912321758,111.94413013202487,105.72735785606461,111.94413013202487,105.72735785606461,114.87468403608753,103.94014986088833,112.33886939304577,105.86178181852993,0.66439337360923,7.0,0.05413235905429381,1501.0,1428.0,1337.7624999999998,1.122022780575775,1.0674540510740884,0.0,0.6,-1.9643288642742704,69,61,66.04540196932366
81,Belmont,MVC,26-6,120.08817086966368,38,108.96779025395597,179,0.753524656887641,81,26.0,6.0,16.0,4.0,16-4,0.4701225219321338,0.3554969284027857,0.5365251434016971,0.4701225219321338,0.3554969284027857,0.5365251434016971,0.8792675017754771,0.9150655502005929,107.41707762120312,108.42483455715094,107.41707762120312,108.42483455715094,122.70017223734443,111.01934493427721,0.0,0.0,0.0,0.0,0.07478439050416641,1665.0,1522.0,1385.6499999999999,1.2016021361815756,1.098401472233248,0.0,0.8,-0.6190442635758384,55,32,68.96715933279205
82,Syracuse,ACC,15-17,115.12661132706647,76,104.6084495382327,91,0.7505960725355514,82,15.0,17.0,6.0,12.0,6-12,0.6798440830634674,0.4970333005863174,0.8017526966324828,0.6798440830634674,0.4970333005863174,0.8017526966324828,0.6749492342589966,0.7644010008289871,113.66768416129054,103.72792952009831,113.66768416129054,103.72792952009831,116.25938186902191,105.86645248307663,110.42045492797874,102.93725637129812,0.6914743749631661,13.0,-0.03466505770499628,1361.0,1447.0,1258.05,1.0818329955089225,1.1501927586343945,0.0,0.3333333333333333,-4.505071858398399,95,257,67.37781903662953
83,George Washington,A10,18-15,117.30257367910136,60,106.88003861136741,136,0.7446103592114833,83,18.0,15.0,8.0,10.0,8-10,0.5146911795709725,0.41988544609376705,0.5664742001486092,0.5146911795709725,0.41988544609376705,0.5664742001486092,0.8294715300323178,0.8557772122041202,109.16314120436176,107.29691616281704,109.16314120436176,107.29691616281704,117.69594364805998,107.95674057246703,116.63728809792576,101.80366612405186,0.8269642672070344,4.0,-0.1340638588067007,1422.0,1336.0,1235.45,1.1509976122060788,1.0813873487393257,0.0,0.4444444444444444,-7.70596258437167,150,364,69.32065331254815
84,Wichita St.,Amer,22-10,112.15106259658043,115,102.36128314980937,63,0.7408496238017581,84,22.372893588395442,10.62710641160456,13.0,5.0,13-5,0.5078702620982758,0.43932533925734635,0.5421097574140004,0.5175655230690651,0.43932533925734635,0.5421097574140004,0.8356097647450665,0.8477938159561289,109.92113992779363,108.64322476987486,110.14699942774747,108.44178364525628,111.6528977751746,103.09318655908481,108.0792399400397,94.61620045442972,0.8219936430134676,3.0,0.003341476318330483,1413.0,1322.0,1269.9999999999998,1.1125984251968506,1.040944881889764,0.0,0.7222222222222222,-3.2644552792669197,83,160,66.33006875419699
85,Creighton,BE,15-17,114.89219225156282,82,105.31213016243935,103,0.7313051851908386,85,15.0,17.0,9.0,11.0,9-11,0.7160167991353763,0.5619154659298583,0.7964883162810054,0.7160167991353763,0.5619154659298583,0.7964883162810054,0.6669835852914718,0.7185414148366536,114.07667713524108,103.00248471250693,114.07667713524108,103.00248471250693,116.73132025837515,104.72221912570008,111.09755070497039,104.75035994739673,0.6629636866637327,11.0,0.008997447767532918,1505.0,1534.0,1383.6125,1.0877322949886619,1.1086919206063837,0.0,0.45,-4.020838353114071,89,147,67.35442525541917
86,Miami OH,MAC,31-1,116.62925877049003,68,107.54668001247538,149,0.7175547808248925,86,31.0,1.0,18.0,0.0,18-0,0.3447628792397769,0.2254550870197054,0.4233729387352525,0.3447628792397769,0.2254550870197054,0.4233729387352525,0.9251951604454696,0.9523621042047452,106.89163137146984,112.24192762159021,106.89163137146984,112.24192762159021,117.46649614083714,107.48850336332787,0.0,0.0,0.0,0.0,0.17079980261765682,1579.0,1401.0,1313.3874999999998,1.202234679407258,1.0667072741289225,0.0,1.0,2.4417398819968197,34,1,69.9400335076909
87,Utah Valley,WAC,25-8,112.28988003274486,111,103.57642289542497,75,0.7168523075935948,87,25.0,8.0,14.0,4.0,14-4,0.4399933069496244,0.42437588243203206,0.4360600045580776,0.4399933069496244,0.42437588243203206,0.4360600045580776,0.8828428355900415,0.8570536207280152,106.48730327521253,106.9683608786815,106.48730327521253,106.9683608786815,112.78201637242292,106.11519417115109,110.47244390555008,112.70429495660701,0.4427481262885711,2.0,0.03315344623520067,1429.0,1299.0,1276.075,1.1198401347883158,1.0179652449895187,0.0,0.7777777777777778,-2.7069362677569058,76,98,68.63047807893331
88,Colorado St.,MWC,21-12,118.12567204424955,53,109.05314333824704,183,0.7148399801878924,88,21.0,12.0,11.0,9.0,11-9,0.5880431763580564,0.43264904496249046,0.6602191035091818,0.5880431763580564,0.43264904496249046,0.6602191035091818,0.7892669957073593,0.8814088010553786,111.86186274483934,106.95976597433247,111.86186274483934,106.95976597433247,115.99470628672996,109.49037039621206,112.63406941185144,104.87968378489995,0.6942999716701298,7.0,0.05271022557306848,1438.0,1447.0,1280.5375,1.1229659420360592,1.1299942406997063,0.0,0.55,-2.9712098096991277,80,64,62.97681649461484
89,Stephen F. Austin,Slnd,28-5,112.46794425962383,109,103.96440594848568,85,0.711796655722611,89,28.0,5.0,20.0,2.0,20-2,0.3727681729079821,0.3154606190741595,0.3741442350982981,0.3727681729079821,0.3154606190741595,0.3741442350982981,0.9114405586978217,0.9249447575310429,105.23091502440109,109.73600301752566,105.23091502440109,109.73600301752566,113.29660141228258,102.39510719902235,0.0,0.0,0.0,0.0,0.07792296188468717,1650.0,1429.0,1444.3500000000004,1.1423823865406582,0.9893723820403639,0.0,0.9090909090909091,-0.8824678146890758,60,29,65.70647440462787
90,Oregon,B10,12-20,111.76393022442325,118,103.46937757502496,73,0.7082296902865219,90,12.0,20.0,5.0,15.0,5-15,0.7396841683871607,0.5578439808257714,0.8441819305509277,0.7396841683871607,0.5578439808257714,0.8441819305509277,0.6445398611552738,0.8118227574751807,116.5984626186152,103.19511452909995,116.5984626186152,103.19511452909995,111.11777379511295,103.08228922002877,112.7251600673608,106.52628794520582,0.6571118227622369,16.0,-0.04253583176054776,1331.0,1494.0,1301.6750000000002,1.0225286649893406,1.147751935006818,0.0,0.25,-6.265465942789266,125,278,65.92552491254126
91,Yale,Ivy,24-5,118.60397143680501,51,109.81638246275583,200,0.7079137005409303,91,24.69073930099912,5.309260699000882,11.0,3.0,11-3,0.42189208245623633,0.43479712833376105,0.40221666177298393,0.42517609314612564,0.43479712833376105,0.40221666177298393,0.889799889193,0.8627724675936622,108.23082574913681,109.72009632751508,108.1500292299775,109.55932143820512,112.84391992362768,106.19232250715388,121.12569307073997,123.20137989423449,0.4513043966114779,1.0,0.0940939442618065,1069.0,929.0,916.0249999999999,1.1669987172839171,1.0141644605769495,0.0,0.7857142857142857,-0.6586005009411611,57,13,64.76215082951776
92,Hofstra,CAA,24-10,113.13558016321936,98,104.92628566403727,96,0.7039714520468974,92,24.0,10.0,12.0,6.0,12-6,0.4296876787691203,0.45469597753094315,0.4011873302336933,0.4296876787691203,0.45469597753094315,0.4011873302336933,0.8876338225485175,0.8481224706241959,107.17243575860834,108.90503224366874,107.17243575860834,108.90503224366874,112.76072920478661,105.13314259847589,112.90025094148476,100.37138508834879,0.7945734151728967,1.0,-0.010121112336409999,1327.0,1190.0,1166.4750000000001,1.1376154653978867,1.0201675989626866,0.0,0.6666666666666666,-4.696220334086563,96,208,64.70963717502431
93,High Point,BSth,30-4,115.6223620553169,73,107.48371119426201,148,0.6983358402865127,93,30.0,4.0,15.0,1.0,15-1,0.27847733985580037,0.2731232247187455,0.28288252783678225,0.27847733985580037,0.2731232247187455,0.28288252783678225,0.9484401687081432,0.9474385727997846,103.23748756872811,112.54478759721805,103.23748756872811,112.54478759721805,114.64393538444057,107.77165964451778,0.0,0.0,0.0,0.0,0.04055445516830847,1382.0,1148.0,1147.0125,1.2048691709985724,1.0008609322043134,0.0,0.9375,-1.4404446813128238,66,83,69.88828752947482
94,Xavier,BE,15-18,117.21331937595019,62,109.20530283427046,187,0.692920326111071,94,15.0,18.0,6.0,14.0,6-14,0.7167679590462747,0.5396673966568928,0.8002873243381072,0.7167679590462747,0.5396673966568928,0.8002873243381072,0.6808459173789339,0.7935467574507389,113.65875117665168,102.79366465914433,113.65875117665168,102.79366465914433,117.28395589384142,110.62984063156607,113.05638042427704,107.5599594361485,0.6394871880235612,12.0,0.02232838087480371,1567.0,1695.0,1443.8,1.0853303781687214,1.1739853165258347,0.0,0.3,-4.979582539403839,98,120,70.31047545603043
95,Wyoming,MWC,18-14,115.0244474751163,78,107.32591028584369,146,0.6892591122524813,95,18.0,14.0,9.0,11.0,9-11,0.565353983390624,0.372361768518151,0.6669059881722028,0.565353983390624,0.372361768518151,0.6669059881722028,0.7873807687764046,0.8755440415339829,111.61398599152645,107.4514319228356,111.61398599152645,107.4514319228356,114.7164842772371,108.88021046708236,112.91574260535933,106.23012516629304,0.668607322996051,7.0,-0.016878104111254455,1430.0,1473.0,1300.4875,1.099587654629514,1.132652178509982,0.0,0.45,-5.348319594599135,106,222,66.04993284424627
96,Cal Baptist,WAC,25-8,107.447575877406,193,100.2686007705521,37,0.6889532940171645,96,25.0,8.0,13.0,5.0,13-5,0.4522833171887273,0.4484470095791667,0.439782652904427,0.4522833171887273,0.4484470095791667,0.439782652904427,0.8739088012654854,0.8506044719801172,106.7128310596787,108.89837040585708,106.7128310596787,108.89837040585708,106.82934600289327,99.33820329040728,94.18941717139353,111.54729359527926,0.12508650078114067,1.0,0.07062892421454614,1281.0,1179.0,1214.8750000000002,1.0544294680522686,0.9704702129848748,0.0,0.7222222222222222,-2.3150804374893093,74,40,65.92922984886088
97,Notre Dame,ACC,13-18,114.96914098522103,79,107.30128462992806,144,0.6886393931665551,97,13.0,18.0,4.0,14.0,4-14,0.6901483082793727,0.5386721514081636,0.7995477549085792,0.6901483082793727,0.5386721514081636,0.7995477549085792,0.6710226456084356,0.7520740801673566,114.60402305555581,104.12113167805416,114.60402305555581,104.12113167805416,114.70560761550607,108.93032593737736,112.94585876780845,103.83267525334081,0.7246150201943984,14.0,-0.0213731670863177,1311.0,1446.0,1226.6375,1.068775412458856,1.1788323771285323,0.0,0.2222222222222222,-5.619992383789284,112,231,66.04148864327804
98,Mississippi St.,SEC,13-19,112.82732859850697,104,105.41808362593291,107,0.6859237124797344,98,13.0,19.0,5.0,13.0,5-13,0.7257873481534372,0.5161494735770742,0.8695187130075743,0.7257873481534372,0.5161494735770742,0.8695187130075743,0.6570357727622885,0.8277605686365231,116.9601291630158,104.62654090835254,116.9601291630158,104.62654090835254,114.73705586694857,105.49984973566794,112.71621894384492,104.39654532952643,0.7071914624706747,15.0,0.0013251582498556291,1384.0,1553.0,1298.1749999999997,1.0661120419049823,1.196294798467079,0.0,0.2777777777777778,-5.582394826853074,111,166,69.4941764976596
99,Saint Joseph's,A10,22-11,108.33793129261134,177,101.29159348520417,42,0.6842552768376488,99,22.0,11.0,13.0,5.0,13-5,0.49734373109278546,0.3597634323079068,0.5685320762601863,0.49734373109278546,0.3597634323079068,0.5685320762601863,0.8420833304888266,0.8788834104959613,108.55177284341735,107.71829820147191,108.55177284341735,107.71829820147191,110.75768429723958,99.63262145437693,107.44827567665948,114.898657843943,0.3162691667672617,4.0,0.028997539108575054,1310.0,1246.0,1219.6374999999998,1.0740896372897686,1.0216150290557646,0.0,0.7222222222222222,-4.066436350702374,90,106,67.94976883786771
100,South Carolina,SEC,13-19,111.75244041023592,119,104.5799148961699,90,0.6819716153257396,100,13.0,19.0,4.0,14.0,4-14,0.6689071352698047,0.37700852849868294,0.8683851960389538,0.6689071352698047,0.37700852849868294,0.8683851960389538,0.6658659250697461,0.8782830158011005,115.98815215053007,106.28942889890308,115.98815215053007,106.28942889890308,111.16907744548658,104.29241987949506,109.02507839487349,103.42268449873394,0.6471800117191935,16.0,-0.040025214741718496,1271.0,1474.0,1238.8875,1.025920432646225,1.1897771185842136,0.0,0.2222222222222222,-6.14337804263265,122,270,66.2980939939793
101,DePaul,BE,16-16,106.73795240854588,209,99.9222380140171,32,0.6810979285535141,101,16.0,16.0,8.0,12.0,8-12,0.6497692158867776,0.3641625727404977,0.801454271873913,0.6497692158867776,0.3641625727404977,0.801454271873913,0.7295702046937751,0.903196895615067,112.61938002341527,105.75960310317654,112.61938002341527,105.75960310317654,107.80198513130276,98.87619256911572,104.34603527500731,95.09535753409,0.7441352071290935,7.0,0.013757981677580244,1341.0,1417.0,1333.45,1.0056620045745996,1.0626570175109677,0.0,0.4,-5.14381796213657,102,140,66.45725521121516
102,Pittsburgh,ACC,13-20,112.5915433865708,108,105.500258997059,110,0.6787671354527547,102,13.0,20.0,5.0,13.0,5-13,0.7021874642130956,0.5269816941447512,0.8134818038574974,0.7021874642130956,0.5269816941447512,0.8134818038574974,0.6868178279149686,0.8104905231084477,114.6413535199371,104.30083874397701,114.6413535199371,104.30083874397701,110.87651918916629,104.67468540385727,111.53098686892768,107.83074893536296,0.59580245630044,14.0,-0.03620050884494597,1213.0,1328.0,1171.1499999999999,1.0357341075011741,1.1339281902403622,0.0,0.2777777777777778,-7.207037190363119,141,259,63.65196559340076
103,Kansas St.,B12,12-20,112.67727363800864,106,105.58487267978057,113,0.6786654116370798,103,12.0,20.0,3.0,15.0,3-15,0.7127104312319703,0.5115961175946656,0.8482710895299764,0.7127104312319703,0.5115961175946656,0.8482710895299764,0.6545096381853892,0.8119580241726679,115.05815775286865,103.99476386713104,115.05815775286865,103.99476386713104,109.99711265284152,104.59502661448742,113.12806738623792,108.47329124197863,0.6185009065452444,14.0,-0.03717467581275208,1305.0,1505.0,1313.8374999999999,0.9932735212688024,1.1454993482831781,0.0,0.16666666666666666,-6.655777494554619,132,263,72.67248663482464
104,Seattle,WCC,20-13,102.54552494478116,288,96.3766288737971,18,0.6711731421034591,104,20.0,13.0,8.0,10.0,8-10,0.5137851349495115,0.37469532633548763,0.6118934465301825,0.5137851349495115,0.37469532633548763,0.6118934465301825,0.8182783264633166,0.9032432379457553,111.0018038546668,107.99887627971155,111.0018038546668,107.99887627971155,101.97106674923526,95.19004290515558,111.87775448039933,98.72902180538394,0.8081168878962836,6.0,-0.009710571966603743,1204.0,1229.0,1234.7875,0.9750665600356337,0.9953129587074699,0.0,0.4444444444444444,-5.362541786238124,107,205,67.72717788267836
105,Sam Houston St.,CUSA,22-11,113.8475185437922,92,107.15655661153986,142,0.6674211946751202,105,22.0,11.0,13.0,7.0,13-7,0.4544111631093209,0.4381874088300499,0.4599074070334649,0.4544111631093209,0.4381874088300499,0.4599074070334649,0.8729279087381147,0.8230760157817876,109.70162404911895,109.26920789324096,109.70162404911895,109.26920789324096,114.03988201300493,108.49635553353899,127.02890139027623,114.81571905626356,0.7617851658847349,1.0,-0.0028155117468630086,1593.0,1497.0,1388.975,1.146888892888641,1.0777731780629602,0.0,0.65,-5.340627792291681,105,179,70.03559830082567
106,Davidson,A10,20-13,110.09690419106462,145,103.63563850432027,77,0.6671928663831311,106,20.0,13.0,10.0,8.0,10-8,0.516337286800471,0.44050189498254994,0.5751929782244743,0.516337286800471,0.44050189498254994,0.5751929782244743,0.8351274083388647,0.8356790061673307,109.36814040663654,107.00478353755314,109.36814040663654,107.00478353755314,111.0224043826874,103.55366835757943,100.97072048952852,107.62336214576742,0.3243652537161407,3.0,-0.008952428185352246,1243.0,1214.0,1154.6125,1.0765516569411817,1.0514350052506793,0.0,0.5555555555555556,-5.818653148135398,117,200,63.56674280396612
107,Pacific,WCC,18-15,110.43696441553563,140,104.02522022541046,86,0.6654845995584878,107,18.0,15.0,8.0,10.0,8-10,0.5259036493848874,0.40551171260743624,0.5842369660425196,0.5259036493848874,0.40551171260743624,0.5842369660425196,0.8058301745020338,0.8467856402938169,110.51414127649511,106.9423276346373,110.51414127649511,106.9423276346373,110.69134994070414,103.72701164958931,109.14553476821447,104.06289996191117,0.6337634793469755,6.0,-0.04204487682874625,1278.0,1260.0,1181.95,1.081264012860104,1.0660349422564406,0.0,0.4444444444444444,-6.813610505446534,134,275,64.39421265175227
108,UC Irvine,BW,23-11,104.44368074432522,254,98.5953933069251,26,0.6598598293553508,108,23.0,11.0,15.0,5.0,15-5,0.4533949949034697,0.43781392771580224,0.4512348115327208,0.4533949949034697,0.43781392771580224,0.4512348115327208,0.8933993830360043,0.8931772131697348,107.85989695294198,108.84392892136273,107.85989695294198,108.84392892136273,105.58102771053485,98.7333138112842,0.0,0.0,0.0,0.0,-0.0031826858346344356,1537.0,1379.0,1440.6750000000002,1.0668610200079822,0.9571902059798357,0.0,0.75,-5.874010669853252,119,181,68.15491356787356
109,UNLV,MWC,17-16,115.45983318026438,74,109.10567559326441,184,0.6572282509065377,109,17.0,16.0,11.0,9.0,11-9,0.6206593470915085,0.4986482363446608,0.6706011575509804,0.6206593470915085,0.4986482363446608,0.6706011575509804,0.7649873222363804,0.8301729134646205,112.28572668517494,105.69721460344566,112.28572668517494,105.69721460344566,117.55180922419684,109.9252889966031,117.90799547480195,105.56330661618519,0.7810556015929432,8.0,0.014403949791757631,1589.0,1570.0,1396.575,1.1377835060773678,1.124178794550955,0.0,0.55,-6.031737075345172,121,137,69.87078984569538
110,Illinois St.,MVC,20-12,109.13977400596164,161,103.35675282532281,72,0.6516027688776637,110,20.0,12.0,12.0,8.0,12-8,0.5048939460180422,0.4045733891058935,0.5466039720314285,0.5048939460180422,0.4045733891058935,0.5466039720314285,0.8573959064903118,0.8849432103548639,109.36259718457394,108.54274054842747,109.36259718457394,108.54274054842747,108.90864288024699,102.8569394627898,122.5276022676983,111.71978041242564,0.7430609864456025,1.0,0.006486767841123231,1459.0,1374.0,1349.0875,1.0814717355249381,1.0184661854772206,0.0,0.6,-5.779404939617036,115,154,66.81694181937743
111,Illinois Chicago,MVC,19-15,109.58222998515085,153,103.78164091535459,83,0.6514549192245644,111,19.0,15.0,12.0,8.0,12-8,0.49212536803162943,0.3680382366300824,0.5466185194154938,0.49212536803162943,0.3680382366300824,0.5466185194154938,0.8630607713823577,0.8947343117629051,109.3338732861759,108.5787798874377,109.3338732861759,108.5787798874377,109.93578657329984,101.33115212121736,0.0,0.0,0.0,0.0,-0.06422285099348268,1461.0,1354.0,1340.9875000000004,1.089495614239506,1.0097036698701514,0.0,0.6,-8.585672567742618,171,327,66.27120308066853
112,St. Thomas,Sum,24-9,113.88586132603211,91,107.8862901413941,153,0.6507568442771111,112,24.0,9.0,12.0,4.0,12-4,0.3479452350636647,0.3771129878840908,0.32185823066284336,0.3479452350636647,0.3771129878840908,0.32185823066284336,0.911107431857339,0.8812591824346173,107.06540437040402,112.28902216445393,107.06540437040402,112.28902216445393,115.65013088016116,110.0407338111217,107.08847455494256,112.00942009761837,0.37363178826965354,1.0,-0.01753353498425203,1371.0,1181.0,1118.2,1.226077624754069,1.0561616884278304,0.0,0.75,-4.993795423057735,99,224,68.3868766212093
113,Maryland,B10,12-21,111.69906962519471,120,105.84650401412645,118,0.6499709881881771,113,12.0,21.0,4.0,16.0,4-16,0.7351837390555476,0.5256055485067893,0.8432008439453493,0.7351837390555476,0.5256055485067893,0.8432008439453493,0.5997407072893034,0.7414426604077018,116.84898968322516,103.18671283335442,116.84898968322516,103.18671283335442,111.84727453009589,107.40000248008134,112.91768399411774,108.97812665861842,0.6007010231980743,18.0,0.010637515269491915,1314.0,1552.0,1286.975,1.020998853901591,1.20592863109229,0.0,0.2,-5.4369602081167825,110,146,66.28514329431086
114,North Dakota St.,Sum,27-7,111.40802675857378,123,106.00076737732525,121,0.6392614380865369,114,27.0,7.0,14.0,2.0,14-2,0.3407418045172451,0.371064085012337,0.3232713477285619,0.3407418045172451,0.371064085012337,0.3232713477285619,0.9256405496870443,0.9104599860040113,106.12096118986977,111.9219051694891,106.12096118986977,111.9219051694891,113.98757787579582,109.22397670923027,0.0,0.0,0.0,0.0,0.04877121600801837,1312.0,1136.0,1088.4375000000002,1.205397645707723,1.0436979615274187,0.0,0.875,-3.3660741596069195,84,69,66.35473612056074
115,Utah,B12,10-22,114.8259054334498,84,109.31199931273375,190,0.6378225547584438,115,10.0,22.0,2.0,16.0,2-16,0.7246627599319662,0.5398353187039865,0.8489699555411865,0.7246627599319662,0.5398353187039865,0.8489699555411865,0.6630475909007921,0.8331904465366538,115.33895942656675,103.62505539949596,115.33895942656675,103.62505539949596,114.73112835762916,109.7664609685699,114.36795005716928,106.78189997241284,0.6876752374660765,13.0,-0.06618988518115543,1259.0,1438.0,1191.5749999999998,1.0565847722552086,1.2068061179531295,0.0,0.1111111111111111,-8.824283855763168,175,330,66.30256559162278
116,Hawaii,BW,24-8,106.85482568745965,206,101.79539407519965,50,0.6359485095734291,116,24.0,8.0,14.0,6.0,14-6,0.40158926102878506,0.26741622015654165,0.45358687485520716,0.40158926102878506,0.26741622015654165,0.45358687485520716,0.905652044788503,0.9349903613249297,105.92296516317613,109.6647752644792,105.92296516317613,109.6647752644792,107.90850092405952,103.7663658596656,0.0,0.0,0.0,0.0,0.04745935924119138,1578.0,1475.0,1461.9624999999996,1.0793710508990486,1.0089178073993008,0.0,0.7,-3.746406464972962,86,74,69.57917707587784
117,Rutgers,B10,14-19,110.92383068279268,129,105.89479619588677,119,0.6303160470516905,117,14.0,19.0,6.0,14.0,6-14,0.6842111185805836,0.39663535448274434,0.8246270287385796,0.6842111185805836,0.39663535448274434,0.8246270287385796,0.6536220515568921,0.8542431975997808,114.8367472936879,104.38688788116414,114.8367472936879,104.38688788116414,114.18638740728139,106.78952052670556,112.6700907502928,111.10059182862035,0.5402431867243619,15.0,0.025099925512248156,1430.0,1599.0,1352.1375,1.0575847500716458,1.1825720387164766,0.0,0.3,-5.364439737925749,108,113,66.67515359515332
118,George Mason,A10,23-9,110.77963629528557,131,105.82648149729864,117,0.6285578910331707,118,23.0,9.0,11.0,7.0,11-7,0.502285377404544,0.337036656195723,0.6206650537710536,0.502285377404544,0.337036656195723,0.6206650537710536,0.8620985484629938,0.9232419302989097,109.54463670307821,108.88113170561198,109.54463670307821,108.88113170561198,111.19634109939982,107.48645628340485,108.29131304114165,104.09654288635235,0.6116660961519627,2.0,0.10568527728269728,1247.0,1225.0,1137.5249999999999,1.0962396430847674,1.0768994088042023,0.0,0.6111111111111112,-3.000588489048785,81,9,63.56172503755238
119,UT Rio Grande Valley,Slnd,19-14,111.23008856354465,124,106.4814650615981,128,0.6228693055150012,119,19.0,14.0,14.0,8.0,14-8,0.4215325946047416,0.4912601066691516,0.3821106521655188,0.4215325946047416,0.4912601066691516,0.3821106521655188,0.8633577575419092,0.757849267981761,107.56170811665463,108.90242645801541,107.56170811665463,108.90242645801541,111.20578081999234,108.18058566850021,107.64713117222453,102.1325265355271,0.6467432438974856,3.0,-0.08082572931042487,1626.0,1515.0,1446.725,1.1239178143738444,1.0471927975254454,0.0,0.6363636363636364,-8.16667801041823,159,344,66.39454701666331
120,Liberty,CUSA,25-7,117.53015979419749,59,112.86103915918318,263,0.6144799473329864,120,25.0,7.0,17.0,3.0,17-3,0.42254330355550546,0.3651435057367415,0.4532776547618891,0.42254330355550546,0.3651435057367415,0.4532776547618891,0.8904559339544532,0.8741258220177799,107.43927863496796,108.95193104783472,107.43927863496796,108.95193104783472,118.77765851228858,113.05676600441457,73.30072863102876,107.09290774060909,0.012617766664302558,1.0,0.11774860039431845,1550.0,1458.0,1308.0625,1.184958669788332,1.1146256390654117,0.0,0.85,-2.1931889172923977,73,6,63.8925105357948
121,Duquesne,A10,18-15,110.75261080073528,132,106.58812145401112,130,0.6084399755754142,121,18.0,15.0,9.0,9.0,9-9,0.5138767275853988,0.3394896883153776,0.6214167825386165,0.5138767275853988,0.3394896883153776,0.6214167825386165,0.8282667044133358,0.8709959326892845,109.84837874980596,107.83260768727533,109.84837874980596,107.83260768727533,110.95658086242885,106.96576300508306,114.91667847764111,110.22567778717118,0.6175803651974372,4.0,-0.022844738986670943,1329.0,1357.0,1241.7249999999997,1.0702852886106025,1.0928345648191027,0.0,0.5,-7.558454022657418,148,235,68.81688273154023
122,UC San Diego,BW,23-11,106.16414651942569,221,102.19847711913381,61,0.6077349821492456,122,23.0,11.0,12.0,8.0,12-8,0.4446341257761269,0.4240516444287061,0.4563569888248121,0.4446341257761269,0.4240516444287061,0.4563569888248121,0.8925863427007229,0.8883156864844425,107.27855775887706,108.58512715169894,107.27855775887706,108.58512715169894,104.06515775388642,102.01863247632076,0.0,0.0,0.0,0.0,0.03608248137801795,1435.0,1398.0,1392.3374999999999,1.0306409185991185,1.0040669018826256,0.0,0.6,-5.863442262530376,118,94,67.19370582156365
123,Florida Atlantic,Amer,18-15,109.42408233536462,156,105.47304631211131,108,0.6041815198793733,123,18.0,15.0,9.0,9.0,9-9,0.5101801310608659,0.469825254448721,0.5352300596171724,0.5101801310608659,0.469825254448721,0.5352300596171724,0.8490514316081265,0.8505078702796317,109.6841131048223,107.83145596603246,109.6841131048223,107.83145596603246,108.69554171081606,104.3036321014301,114.83195638399597,107.92792241274961,0.6710794280127348,2.0,-0.027944167585292834,1385.0,1363.0,1294.1249999999998,1.0702211919250462,1.0532212885154064,0.0,0.5,-8.31143766611172,162,245,69.80397442936561
124,San Francisco,WCC,17-16,113.22531783477308,97,109.21298467586067,188,0.602266553733614,124,17.0,16.0,8.0,10.0,8-10,0.5690545625045136,0.46964236170462803,0.6506832878957928,0.5690545625045136,0.46964236170462803,0.6506832878957928,0.7857395844074322,0.8448993129295872,110.73160702864435,106.26798512899724,110.73160702864435,106.26798512899724,111.04727393074239,108.97888799112711,108.75125237882479,106.35889951374007,0.5636049409466588,7.0,0.006894394899284895,1305.0,1372.0,1224.1125,1.0660784854333243,1.1208120168693645,0.0,0.4444444444444444,-7.020569689563412,137,153,65.8934947152939
125,Washington St.,WCC,12-20,114.32221188416545,88,110.39623840973711,212,0.5991357691060328,125,12.0,20.0,7.0,11.0,7-11,0.5990901786910848,0.5743841809845983,0.625133716531558,0.5990901786910848,0.5743841809845983,0.625133716531558,0.7908656461208904,0.8252523707609376,110.9693160563342,105.15328653593903,110.9693160563342,105.15328653593903,116.31891124362389,110.82610190603653,117.5970448602847,113.85341325472002,0.5919541270036776,5.0,-0.10893569140815584,1377.0,1401.0,1236.9250000000002,1.1132445378660791,1.1326474927744203,0.0,0.3888888888888889,-11.33278416140417,230,357,67.88362604814158
126,UNC Wilmington,CAA,26-6,110.57243196424974,137,106.78373938124989,135,0.5989156647567841,126,26.0,6.0,15.0,3.0,15-3,0.3468354592856529,0.28155856540519475,0.3881706357327831,0.3468354592856529,0.28155856540519475,0.3881706357327831,0.9314076676019144,0.9451012921078761,105.66160263600884,111.4657138184718,105.66160263600884,111.4657138184718,109.89323883726556,106.00521248312477,0.0,0.0,0.0,0.0,0.08750410050991697,1349.0,1224.0,1190.8,1.1328518642929124,1.0278804165267048,0.0,0.8333333333333334,-2.811472717977013,77,17,64.89600835130726
127,UC Santa Barbara,BW,18-14,113.61256117703928,96,109.8929632636351,201,0.5945490454233459,127,18.0,14.0,11.0,9.0,11-9,0.44286699469133817,0.4100762732512438,0.4576500386181568,0.44286699469133817,0.4100762732512438,0.4576500386181568,0.8917517144249114,0.8904849600513288,106.73028460918604,108.0191176788249,106.73028460918604,108.0191176788249,115.08484176623706,109.9391834951363,0.0,0.0,0.0,0.0,-0.06873484002096497,1571.0,1480.0,1379.8999999999996,1.138488296253352,1.0725414885136606,0.0,0.55,-9.140383509982751,183,334,64.32522916480598
128,Montana St.,BSky,18-14,110.90501878721548,130,107.31988795630801,145,0.5933645589551674,128,18.0,14.0,12.0,6.0,12-6,0.45081502872408485,0.4641997686405607,0.4345075852270069,0.45081502872408485,0.4641997686405607,0.4345075852270069,0.8633840674105232,0.8063672624502635,110.27067017253016,110.10437973469377,110.27067017253016,110.10437973469377,112.10141127616974,107.95722921239806,102.7676805233783,92.83700569212573,0.7629089064841308,3.0,-0.04458683316556045,1394.0,1307.0,1217.4625,1.1450044662566607,1.0735443596825363,0.0,0.6666666666666666,-8.15786475759568,158,285,65.89670680435762
129,Southern Illinois,MVC,16-16,102.40002127468921,291,99.25863683572788,29,0.5886329205003797,129,16.0,16.0,10.0,10.0,10-10,0.5063027338866669,0.43118262311546013,0.552786350436979,0.5063027338866669,0.43118262311546013,0.552786350436979,0.8523432402286932,0.858062065999616,108.95421692337283,108.37809683875989,108.95421692337283,108.37809683875989,100.60849565029011,96.74728735425225,0.0,0.0,0.0,0.0,-0.057204753500860295,1386.0,1351.0,1387.9750000000001,0.9985770637079198,0.973360471190043,0.0,0.5,-9.549299768239452,195,317,68.98472108582612
130,Wright St.,Horz,23-11,112.35892697796966,110,108.97819054290464,180,0.5869407382565555,130,23.0,11.0,15.0,5.0,15-5,0.3962022728970295,0.42434309107120977,0.3862217909141613,0.3962022728970295,0.42434309107120977,0.3862217909141613,0.9074308116169004,0.8738474180267434,109.35461547037849,112.747787764295,109.35461547037849,112.747787764295,114.643445996223,110.43460906254707,0.0,0.0,0.0,0.0,0.0088116113469483,1630.0,1527.0,1375.1875,1.1852929146025541,1.1103940371767487,0.0,0.75,-6.580287254934992,130,148,66.97539658494223
131,Fresno St.,MWC,13-19,106.88781251854626,204,103.7254455639621,79,0.585494835115505,131,13.0,19.0,7.0,13.0,7-13,0.5835568708669274,0.41784676501285656,0.6681332735994727,0.5835568708669274,0.41784676501285656,0.6681332735994727,0.7886074027555798,0.8725044027365064,112.0130785712866,107.16564206191342,112.0130785712866,107.16564206191342,106.94694293153121,102.7340179560891,94.4804419252839,99.77540369627222,0.34817253667138287,6.0,-0.08373946463845588,1427.0,1477.0,1372.4749999999997,1.0397274995901566,1.0761580356654952,0.0,0.35,-10.307187877127587,213,351,68.27682357567686
132,Toledo,MAC,19-15,114.47170468806476,87,111.13915751339698,224,0.5841328838151352,132,19.0,15.0,11.0,7.0,11-7,0.452299979261009,0.4618541139372501,0.4221389515623686,0.452299979261009,0.4618541139372501,0.4221389515623686,0.8692777965971414,0.8455194309500311,109.40460577167683,109.92740587944269,109.40460577167683,109.92740587944269,115.18682384275056,112.82988323783056,107.39464171993922,115.13663059747851,0.30991727142731407,1.0,-0.04892766780894331,1459.0,1373.0,1239.0000000000002,1.1775625504439062,1.1081517352703791,0.0,0.6111111111111112,-9.046456155109093,179,297,67.85302070118715
133,Memphis,Amer,13-19,107.73104349919544,187,104.65072427671248,92,0.5826370604713943,133,13.0,19.0,8.0,10.0,8-10,0.6128086933371129,0.699198537725359,0.5604659812552468,0.6128086933371129,0.699198537725359,0.5604659812552468,0.7697747453768132,0.673254540863671,112.23013186849707,106.28186571611731,112.23013186849707,106.28186571611731,106.35117433673965,105.0257674098609,111.04193485313205,106.30268797085678,0.6228351511686946,6.0,-0.052086309472108905,1358.0,1367.0,1291.7375,1.0512971869284589,1.0582645467829184,0.0,0.4444444444444444,-9.655795133502467,197,304,69.94038376784842
134,Bradley,MVC,21-12,110.73811307143619,133,107.80729125514247,152,0.5765097980945462,134,21.0,12.0,13.0,7.0,13-7,0.49542363078298,0.3623361947691914,0.5539741052810363,0.49542363078298,0.3623361947691914,0.5539741052810363,0.8687396026182438,0.9230822282894511,108.31357086366285,108.10707316890667,108.31357086366285,108.10707316890667,112.03474321376693,109.27065721067095,0.0,0.0,0.0,0.0,0.06463168737202774,1562.0,1529.0,1406.2499999999998,1.1107555555555557,1.087288888888889,0.0,0.65,-6.0137952701256605,120,45,67.5056408767531
135,Murray St.,MVC,20-12,115.10464615696517,77,112.14641488176821,244,0.5743003485618169,135,20.0,12.0,12.0,8.0,12-8,0.5167737660775724,0.4364995828915092,0.5541905091696645,0.5167737660775724,0.4364995828915092,0.5541905091696645,0.8481784073177883,0.8565399229141438,108.81928916417942,108.62581005710251,108.81928916417942,108.62581005710251,115.77612453322406,112.75702425186034,116.66580057229743,110.59079628148648,0.6490761023703164,1.0,0.0791494446564488,1593.0,1602.0,1416.7999999999997,1.1243647656691138,1.1307171089779788,0.0,0.6,-5.431168733298606,109,25,71.7905866742775
136,Idaho,BSky,21-14,108.78395110535322,166,106.13711114617999,122,0.5703473918238753,136,21.0,14.0,9.0,9.0,9-9,0.4255182103118571,0.3932146733221447,0.4370131858687919,0.4255182103118571,0.3932146733221447,0.4370131858687919,0.8965730141632928,0.8864497352410999,109.1086401337247,110.71125928129344,109.1086401337247,110.71125928129344,109.07966584830865,109.43610226885568,0.0,0.0,0.0,0.0,-0.016841284011230195,1394.0,1360.0,1249.6125000000002,1.1155458192039531,1.0883373845892226,0.0,0.5,-8.872952002952164,176,221,67.42212029931163
137,UAB,Amer,20-12,108.43544426733503,176,105.96515222473353,120,0.5658685243112048,137,20.0,12.0,11.0,7.0,11-7,0.47650008246862924,0.37796772059013883,0.5472244852687946,0.47650008246862924,0.37796772059013883,0.5472244852687946,0.8659143070106852,0.8950709057114223,108.58749629813721,109.17303474291822,108.58749629813721,109.17303474291822,107.10144622201837,105.49095154880968,111.7828973769336,103.87398772927841,0.6992798153362213,2.0,0.04459655883694835,1375.0,1363.0,1291.2749999999999,1.0648390157015355,1.0555458752008675,0.0,0.6111111111111112,-6.207703986609063,124,79,69.29941324998404
138,Northern Colorado,BSky,20-12,112.23238697042486,113,109.7786488537678,199,0.5632133938579927,138,20.0,12.0,10.0,8.0,10-8,0.41278678189326634,0.37106264578633347,0.4377893098941149,0.41278678189326634,0.37106264578633347,0.4377893098941149,0.8852533271197676,0.8604433888718401,108.93158439614739,110.52723625841726,108.93158439614739,110.52723625841726,111.0676986805366,109.31378732028105,147.65279840554632,126.46008991829652,0.8559156782928272,1.0,-0.0004965073022866751,1422.0,1364.0,1258.175,1.1302084368231764,1.084109921115902,0.0,0.5555555555555556,-7.062407984184893,138,172,68.46014279055798
139,Boston College,ACC,11-20,103.67269801068947,267,101.41114991420082,45,0.5630725222902973,139,11.0,20.0,4.0,14.0,4-14,0.6210869111651884,0.368847093274006,0.8032601129754866,0.6210869111651884,0.368847093274006,0.8032601129754866,0.7396449174429527,0.9163714671788186,112.80704828644176,106.40281114933323,112.80704828644176,106.40281114933323,104.70818904091492,100.84912119801672,106.39806653530343,102.06986285748262,0.6171795266298055,10.0,-0.07748699843050594,1172.0,1324.0,1202.7625,0.9744234626536826,1.1007992018374366,0.0,0.2222222222222222,-10.012605236744534,207,342,65.95904228908636
140,Penn St.,B10,12-20,113.77583446982531,93,111.6609255186037,233,0.5537362082542683,140,12.0,20.0,3.0,17.0,3-17,0.6857244414838779,0.3686006282552277,0.8548975093813647,0.6857244414838779,0.3686006282552277,0.8548975093813647,0.6665499829577337,0.9266069100403328,115.70452029186447,104.76936246113605,115.70452029186447,104.76936246113605,113.69755402395705,112.61277180037301,114.50215922781575,110.33805793516143,0.6049216624783,14.0,0.01799280423047861,1408.0,1686.0,1350.3375,1.0427022873911151,1.2485767447027132,0.0,0.15,-7.176964678151409,140,129,67.50329888752812
141,North Texas,Amer,19-14,103.04047362516854,282,101.13643355038487,39,0.5534182085707544,141,19.0,14.0,9.0,9.0,9-9,0.4900057395386405,0.4191260620049752,0.5185958741910317,0.4900057395386405,0.4191260620049752,0.5185958741910317,0.8489141413281177,0.8510194785763905,109.85316159776484,108.72062147765827,109.85316159776484,108.72062147765827,103.47842177074632,102.34040315408251,88.96285157487961,94.05641576314903,0.3451849019060191,2.0,0.02320511983694018,1254.0,1238.0,1206.0999999999997,1.039714783185474,1.0264488848354203,0.0,0.5,-7.365080304297819,143,117,64.97928275092741
142,Troy,SB,22-11,110.66528728545464,136,109.00275449381387,181,0.5434094944222861,142,22.0,11.0,12.0,6.0,12-6,0.40244276161320797,0.4781377303027074,0.35137538106164484,0.40244276161320797,0.4781377303027074,0.35137538106164484,0.8936793179614033,0.8324314730407927,107.08973831969114,110.37409169450761,107.08973831969114,110.37409169450761,109.99006366649242,110.1693718194293,140.51375080110546,112.84585034876193,0.9256525908979725,1.0,0.04910120469927781,1347.0,1252.0,1184.6249999999998,1.1370686926242484,1.05687453835602,0.0,0.6666666666666666,-6.168547769946058,123,68,65.0830011175339
143,Temple,Amer,16-16,111.60511673447348,122,110.03451982186684,207,0.5406567353682732,143,16.0,16.0,8.0,10.0,8-10,0.4680700404245776,0.43008873662175034,0.48793923319884225,0.4680700404245776,0.43008873662175034,0.48793923319884225,0.8684953842907418,0.8721418366518476,107.37979417521392,108.56524809616405,107.37979417521392,108.56524809616405,110.12388966901848,108.00070696299834,112.04950960522964,110.43903919346096,0.5415258938687769,1.0,-0.06859328372097107,1296.0,1273.0,1181.125,1.0972589692030903,1.0777860091014921,0.0,0.4444444444444444,-10.304211369923284,212,332,64.89547093499682
144,Central Arkansas,ASun,22-12,109.55879716184137,154,108.04818417338252,157,0.5398321673854669,144,22.0,12.0,15.0,3.0,15-3,0.3562936469194558,0.4718928602040679,0.27640033203162484,0.3562936469194558,0.4718928602040679,0.27640033203162484,0.872133301614126,0.7503085183266426,109.17839627219291,113.9246120042704,109.17839627219291,113.9246120042704,112.3472517182017,110.96519510198893,98.38628121549176,107.28102566454066,0.26986061422080987,4.0,-0.011889427888234438,1505.0,1343.0,1241.5375000000001,1.212206638945662,1.0817232665143017,0.0,0.8333333333333334,-6.580837999278151,131,213,67.90216533406328
145,Kennesaw St.,CUSA,21-13,110.73061139366517,134,109.4427489569716,192,0.5335832821781105,145,21.0,13.0,10.0,10.0,10-10,0.42124217406264103,0.3010756623187024,0.47009359449267063,0.42124217406264103,0.3010756623187024,0.47009359449267063,0.8935046097477999,0.898236288926329,108.2169923038523,109.5715067343638,108.2169923038523,109.5715067343638,109.29503412877102,109.48818385823286,102.51802795785557,103.59919693575884,0.4698751572332669,1.0,0.014610921212597772,1535.0,1522.0,1394.6499999999996,1.1006345678127132,1.0913132327107162,0.0,0.5,-8.002524097302844,155,135,71.26355336884774
146,Arkansas St.,SB,20-12,109.73242601677077,149,108.47011895259615,167,0.5332152722039739,146,20.0,12.0,11.0,7.0,11-7,0.39400523258490033,0.4621059569724136,0.34707162585320456,0.39400523258490033,0.4621059569724136,0.34707162585320456,0.8911854458381966,0.8289725070859143,107.2271812516554,110.34618906624618,107.2271812516554,110.34618906624618,110.39386732215814,110.38804160816761,106.315296283223,108.6436011750678,0.4380371930294283,2.0,0.0002862241712741076,1496.0,1401.0,1316.1624999999997,1.1366377631941347,1.064458226092903,0.0,0.6111111111111112,-7.344770493862125,142,169,72.14584588123908
147,Loyola Marymount,WCC,15-17,106.42518064498586,213,105.39934449068681,106,0.5278178973891103,147,15.0,17.0,6.0,12.0,6-12,0.5186146777864256,0.3786163918898521,0.626075167844882,0.5186146777864256,0.3786163918898521,0.626075167844882,0.8364808608610411,0.9179471200578236,109.95026824873779,108.13036352286109,109.95026824873779,108.13036352286109,108.68291676194663,107.41682754306368,108.2055881902213,111.68677808761522,0.409955062623348,4.0,-0.04474703058194429,1286.0,1381.0,1236.025,1.0404320300964784,1.1172913169232013,0.0,0.3333333333333333,-10.147994205564615,210,286,67.1938685368992
148,Navy,Pat,26-7,106.38940183876831,214,105.37534579109912,105,0.5275068431795098,148,26.0,7.0,17.0,1.0,17-1,0.24718353753721908,0.2910007815288239,0.22171022956975853,0.24718353753721908,0.2910007815288239,0.22171022956975853,0.9380257072715708,0.8960331606640092,103.3125881318888,114.69869626273615,103.3125881318888,114.69869626273615,107.58460927426849,102.52903075769346,94.73587632951228,93.51083115993002,0.5373498562156306,1.0,0.026727037620152272,1369.0,1124.0,1174.9,1.16520554940846,0.9566771640139585,0.0,0.9444444444444444,-4.233776551661092,92,112,65.16137774519797
149,Eastern Washington,BSky,14-19,113.0787506617294,101,112.03592738691664,242,0.526611372857879,149,14.0,19.0,11.0,7.0,11-7,0.5022281292585874,0.5862393562075993,0.4417688710453513,0.5022281292585874,0.5862393562075993,0.4417688710453513,0.8435049105425667,0.7561493734817616,109.6832561284209,108.94381001796766,109.6832561284209,108.94381001796766,114.64605549099045,109.73601453428842,115.81616356923612,109.9091894331236,0.6461185712601177,2.0,-0.08092859173148864,1414.0,1321.0,1211.0,1.1676300578034682,1.0908340214698595,0.0,0.6111111111111112,-12.117066079327499,245,345,67.80307301149962
150,Robert Morris,Horz,22-11,109.90113603585073,147,108.90515800270673,175,0.5261495586394316,150,22.0,11.0,13.0,7.0,13-7,0.3894662019176949,0.3802640963540904,0.3921725348113315,0.3894662019176949,0.3802640963540904,0.3921725348113315,0.9052470164338547,0.8755890483067243,109.07814525832926,112.70914203442358,109.07814525832926,112.70914203442358,110.78350947840958,111.27952946921293,111.89030931524026,128.6535558333937,0.16722156843477878,1.0,0.03852513672256175,1585.0,1496.0,1359.35,1.1659984551440028,1.1005259866848127,0.0,0.65,-6.689119601993649,133,89,64.54216325042508
151,Rhode Island,A10,16-16,104.14023697173475,261,103.25888100484582,71,0.5244157097201015,151,16.0,16.0,7.0,11.0,7-11,0.5143506633731422,0.40522487068052515,0.5879365518897319,0.5143506633731422,0.40522487068052515,0.5879365518897319,0.850161141003835,0.8835041351775057,108.81038872276665,108.44234501740587,108.81038872276665,108.44234501740587,102.04165499598751,102.28273383166855,0.0,0.0,0.0,0.0,-0.009798930868780364,1198.0,1240.0,1199.3125,0.9989056230131846,1.0339256865912763,0.0,0.3888888888888889,-9.473500814963655,192,207,65.83077092302928
152,Bowling Green,MAC,18-14,105.93687583765468,229,105.11508740542874,98,0.5223743553405105,152,18.0,14.0,9.0,9.0,9-9,0.3922054868280609,0.302894062506443,0.4460455490214545,0.3922054868280609,0.302894062506443,0.4460455490214545,0.9039105743461967,0.9189039980363976,107.83163822185956,111.16685593530838,107.83163822185956,111.16685593530838,107.48709165583449,106.28492872282965,0.0,0.0,0.0,0.0,-0.06248022657227881,1388.0,1343.0,1264.5625000000002,1.0976128107547074,1.062027381011219,0.0,0.5,-9.68936882371905,199,321,68.23193665793075
153,Penn,Ivy,17-11,105.96852322898104,227,105.21839941103347,102,0.5204124040256238,153,17.30926069900088,11.690739300999118,9.0,5.0,9-5,0.45547535027406466,0.48063884792691297,0.4285235708158809,0.4641801209489231,0.48063884792691297,0.4285235708158809,0.8743850074118836,0.8506248970881441,108.26969648422156,109.33864072936832,108.63877773190553,109.35570293470364,105.23333081451811,104.66410882735727,107.95611485518786,120.71448649773625,0.21677018505173792,1.0,0.04777855060435132,1037.0,989.0,959.0375,1.0812924416407075,1.0312422611211762,0.0,0.6428571428571429,-6.288317615949872,128,73,69.13450114672102
154,St. Bonaventure,A10,17-17,113.0827524576907,100,112.3107432245441,250,0.5196845790550392,154,17.0,17.0,4.0,14.0,4-14,0.5175928328115644,0.38511114621695663,0.6001026160327073,0.5175928328115644,0.38511114621695663,0.6001026160327073,0.8480004072928418,0.8992940081972441,108.78619141312045,107.29410647106484,108.78619141312045,107.29410647106484,113.61772381053926,115.86379846059464,120.04027420360293,111.19393198109263,0.7068931220642816,2.0,-0.005536285045973033,1352.0,1421.0,1222.25,1.1061566782573122,1.1626099406831663,0.0,0.2222222222222222,-10.036421185618492,208,187,67.13480321947945
155,Cornell,Ivy,15-13,119.78749619979811,44,119.09438674713783,343,0.5166773306063152,155,15.0,13.0,8.0,6.0,8-6,0.4156624016996694,0.3787690203480701,0.42904544880149087,0.4156624016996694,0.3787690203480701,0.42904544880149087,0.8754034393685053,0.8548658061981678,107.43844593755043,109.3908960295087,107.43844593755043,109.3908960295087,119.86132547073146,118.62881429470761,138.70270176047654,116.37232156143513,0.8827452768775436,1.0,-0.04334034880169613,1177.0,1135.0,978.0749999999999,1.2033841985532807,1.1604427063364262,0.0,0.5714285714285714,-8.345144937123056,163,280,71.3911828804738
156,Middle Tennessee,CUSA,17-15,109.63248346273276,152,109.04175376108329,182,0.5155281745690943,156,17.0,15.0,11.0,9.0,11-9,0.47272437015716645,0.500685174201796,0.45869118286864907,0.47272437015716645,0.500685174201796,0.45869118286864907,0.8488392527969908,0.7536511581573303,110.05231551562419,107.85564704517837,110.05231551562419,107.85564704517837,109.34807655865616,107.96638978297976,110.56651897992293,94.55072325944788,0.8580917230775109,2.0,-0.00835617380876974,1495.0,1462.0,1363.3500000000001,1.0965636116917885,1.0723585286243444,0.0,0.55,-8.813638370448848,174,199,65.54167435240365
157,Kent St.,MAC,24-9,110.57132653134644,138,109.99742942850807,205,0.5149564760458766,157,24.0,9.0,14.0,4.0,14-4,0.4224369431844209,0.3812585307090749,0.435341365035501,0.4224369431844209,0.3812585307090749,0.435341365035501,0.8841723496010574,0.8800522035566546,109.30339974940095,111.15180168882736,109.30339974940095,111.15180168882736,111.20492884107037,111.15434706860067,92.23150673137961,104.34481112238663,0.19480431434823314,1.0,0.13415582645889146,1466.0,1414.0,1296.8874999999998,1.1303987431446445,1.0903027440699369,0.0,0.7777777777777778,-3.90140422021542,87,2,70.55821587292934
158,Portland St.,BSky,20-11,103.03281948209087,283,102.53642882466593,65,0.5138810566753376,158,20.0,11.0,13.0,5.0,13-5,0.41556232453241887,0.37245847424906825,0.44315235315014656,0.41556232453241887,0.37245847424906825,0.44315235315014656,0.8899407430037994,0.866822064724952,109.52530677065693,111.30460106436513,109.52530677065693,111.30460106436513,104.1501615410225,101.60984209178314,104.82809693436415,101.79217172671486,0.5836971549040523,1.0,0.060734101608412416,1337.0,1251.0,1237.35,1.0805350143451733,1.011031640198812,0.0,0.7222222222222222,-6.277369195425634,127,53,67.78298250153179
159,Austin Peay,ASun,22-9,108.60397501112374,171,108.14072642301547,161,0.5122870231592007,159,22.0,9.0,15.0,3.0,15-3,0.3287040234309744,0.41929542467757214,0.2737074721415929,0.3287040234309744,0.41929542467757214,0.2737074721415929,0.9127246552778888,0.8426110830903538,107.92482874029615,114.72869970681828,107.92482874029615,114.72869970681828,111.23645440089413,110.1053937267371,101.47414466347848,101.53272071374887,0.4983408883162483,1.0,0.0456853497820342,1505.0,1368.0,1263.2,1.191418619379354,1.0829639012032932,0.0,0.8333333333333334,-5.282787954614429,104,78,69.22426353625835
160,Georgia Tech,ACC,11-20,106.88351450910761,205,106.48744608651002,129,0.5106717904622389,160,11.0,20.0,2.0,16.0,2-16,0.6157842918722508,0.3428593775252301,0.8128967300117657,0.6157842918722508,0.3428593775252301,0.8128967300117657,0.727458449171292,0.9093621158495909,111.85799923783661,105.46341668397862,111.85799923783661,105.46341668397862,108.33526443898376,107.28176717904603,111.79362477405003,104.30569325681844,0.6893920853829842,11.0,-0.05739506607993561,1292.0,1486.0,1285.8874999999998,1.0047535262610456,1.1556220898017908,0.0,0.1111111111111111,-9.689796392805238,200,318,70.90264679297023
161,William & Mary,CAA,20-12,110.33010613763392,143,109.94275757189706,202,0.5101099742517348,161,20.0,12.0,10.0,8.0,10-8,0.4028848915324475,0.40938425262537925,0.3877075879076932,0.4028848915324475,0.40938425262537925,0.3877075879076932,0.8866255473779722,0.8414082107031785,107.49174909435591,110.23396150086529,107.49174909435591,110.23396150086529,111.73047751103955,111.93064125861414,94.94858686329098,98.93148528426146,0.384011009523636,1.0,0.03004886369851789,1485.0,1421.0,1298.3000000000002,1.1438034352614956,1.0945082030347375,0.0,0.5555555555555556,-7.128187747840184,139,103,72.63945198516241
162,Oregon St.,WCC,17-16,109.32621411557463,158,108.95921346303705,177,0.5096662101555021,162,17.0,16.0,9.0,9.0,9-9,0.587091045685238,0.49886023523567596,0.6301008183802053,0.587091045685238,0.49886023523567596,0.6301008183802053,0.8015121897067963,0.8786621137501271,110.53377977266541,106.08056162201869,110.53377977266541,106.08056162201869,108.93784940024344,110.81681509087653,111.62885962036124,114.14112586628504,0.4363609841769037,6.0,0.07912211498151062,1261.0,1359.0,1198.7625000000003,1.0519181238986035,1.1336690962555132,0.0,0.5,-7.535827044079874,147,26,65.22813256147268
163,Valparaiso,MVC,18-15,107.50884791054975,191,107.15116163194196,140,0.5095800159017821,163,18.0,15.0,11.0,9.0,11-9,0.4931403415610971,0.36926803531542923,0.5605235314472914,0.4931403415610971,0.36926803531542923,0.5605235314472914,0.8478694122516686,0.8502072393812147,108.51782453780488,108.48843713741537,108.51782453780488,108.48843713741537,110.01483635882751,107.3033363706943,98.32894420842764,121.82787239593245,0.07839594741108173,2.0,0.027510130758048534,1428.0,1437.0,1325.3375,1.0774614013411676,1.084252124458864,0.0,0.55,-8.308046927952285,161,111,65.11021904112394
164,UC Davis,BW,19-14,106.92543332685307,201,106.63184945678017,131,0.5079040511649248,164,19.0,14.0,11.0,9.0,11-9,0.4618280875136716,0.44346009978933054,0.4661309959948352,0.4618280875136716,0.44346009978933054,0.4661309959948352,0.8776621758695737,0.856372043814791,107.6039561028486,108.0956544053492,107.6039561028486,108.0956544053492,107.52499319464405,106.55191573019538,0.0,0.0,0.0,0.0,0.033378583624275926,1525.0,1506.0,1438.575,1.060076812123108,1.0468692977425578,0.0,0.55,-8.417156732011208,165,97,68.86726790838976
165,Harvard,Ivy,17-12,105.3941761856797,236,105.1863410548892,100,0.5056747940937364,165,17.0,12.0,10.0,4.0,10-4,0.4005746666424243,0.36200681725957773,0.43058267770309266,0.4005746666424243,0.36200681725957773,0.43058267770309266,0.8860480702100759,0.8715439653268027,107.24197254250346,111.12911380787189,107.24197254250346,111.12911380787189,108.22805315288913,103.94332087035708,108.33325077913591,107.58892358826392,0.5198111086792176,1.0,-0.0024249214963794063,988.0,915.0,889.45,1.1107988082522906,1.0287256169542975,0.0,0.7142857142857143,-7.56141167636722,149,178,63.105600071713965
166,Montana,BSky,18-16,107.12755702895035,198,106.93563624775199,138,0.50515504635821,166,19.0,15.0,10.0,8.0,10-8,0.440205905209451,0.40967295983070395,0.44410058078619075,0.440205905209451,0.40967295983070395,0.44410058078619075,0.8671470976949881,0.8190585869024127,110.13883217269702,109.75655026169589,110.13883217269702,109.75655026169589,106.66932663495064,106.07737224908342,104.00604217451729,108.96217301087964,0.36927098022947236,3.0,-0.0345386468868365,1339.0,1324.0,1241.6500000000003,1.078403736962912,1.0663230378931259,0.0,0.5555555555555556,-10.040557309910785,209,256,69.49807015193703
167,Cal St. Northridge,BW,20-14,108.87196735635837,165,108.83342578650135,174,0.5010179523786872,167,20.0,14.0,12.0,8.0,12-8,0.46330928037676694,0.42906931951262633,0.4668044442862245,0.46330928037676694,0.42906931951262633,0.4668044442862245,0.8770539162899283,0.865395412035372,107.28691733978977,107.74022229127358,107.28691733978977,107.74022229127358,108.31280977250235,107.10890917832717,116.00503584656548,105.45052266264724,0.7496985124983905,1.0,0.05366369576624053,1639.0,1604.0,1530.1374999999996,1.0711455669833596,1.0482718056383824,0.0,0.6,-8.229051311167437,160,63,73.45417802880492
168,Richmond,A10,15-17,110.35872691725594,142,110.49786290846369,213,0.49637765819421403,168,15.0,17.0,5.0,13.0,5-13,0.483756418607816,0.30700357902756886,0.6230156623824707,0.483756418607816,0.30700357902756886,0.6230156623824707,0.8597812896715677,0.9326811289794124,108.50643373774594,109.0889903085175,108.50643373774594,109.0889903085175,111.47589925637477,112.90586171762685,108.13805085098159,115.53841341132863,0.3183780671160697,2.0,-0.05583620482678786,1310.0,1374.0,1202.4625,1.0894310633387734,1.1426551763568509,0.0,0.2777777777777778,-10.970677025330112,227,314,67.56497077230864
169,Western Kentucky,CUSA,18-14,107.93870697033762,182,108.11571611411284,160,0.4952892763103372,169,18.0,14.0,11.0,9.0,11-9,0.4586994279055951,0.4207824641958806,0.47580956522412043,0.4586994279055951,0.4207824641958806,0.47580956522412043,0.8754848525090223,0.8468028141434075,109.76764767341443,109.89309470789178,109.76764767341443,109.89309470789178,107.21148193490967,108.60127250833914,104.4253781467491,89.25306769572191,0.8588128611507396,1.0,0.023521207091420804,1521.0,1495.0,1392.5375000000001,1.0922506575226878,1.0735797061120436,0.0,0.55,-8.580591025623054,170,114,69.89195654683877
170,Merrimack,MAAC,23-11,106.10688404653094,224,106.34954283570603,126,0.4934329667948774,170,23.0,11.0,17.0,3.0,17-3,0.36524875573057886,0.5123976838230093,0.28392488677070876,0.36524875573057886,0.5123976838230093,0.28392488677070876,0.8954954142588286,0.7874415497090791,104.85614388361545,110.43269972441881,104.85614388361545,110.43269972441881,109.81146438257247,106.86959552948255,89.13578375618157,110.51646312658632,0.07780566403968607,2.0,0.061845585307502504,1448.0,1284.0,1283.2875000000001,1.1283519865969238,1.0005552146342889,0.0,0.85,-6.342400511239786,129,50,63.49340500552914
171,Monmouth,CAA,19-15,106.23822416063152,219,106.66071779746068,132,0.48859120710516407,171,19.0,15.0,11.0,7.0,11-7,0.41823029294069036,0.3833898346636543,0.4249521058944328,0.41823029294069036,0.3833898346636543,0.4249521058944328,0.8941809059426973,0.8879726481765027,106.56920896005359,109.44530796111054,106.56920896005359,109.44530796111054,105.84087172261133,105.50625821454635,104.272878900855,99.5893026496386,0.6291332493233791,1.0,-0.008251973363017306,1312.0,1267.0,1224.4874999999997,1.0714686756704337,1.0347186067640546,0.0,0.6111111111111112,-10.007147597336298,205,198,66.89151894697568
172,Charlotte,Amer,17-17,112.78129321748139,105,113.3958463196916,273,0.4843815364597149,172,17.0,17.0,9.0,9.0,9-9,0.5014849533094926,0.4520501518428848,0.5193469170149436,0.5014849533094926,0.4520501518428848,0.5193469170149436,0.8515338150813678,0.8713355848132005,109.08351271322871,108.43589427226857,109.08351271322871,108.43589427226857,113.43055828488029,114.47793805413244,105.25987168678597,111.36950139937136,0.343249992916285,3.0,0.006395422683425023,1334.0,1372.0,1189.475,1.1215031841778937,1.153450051493306,0.0,0.5,-10.206466757241872,211,156,63.371390993080425
173,Winthrop,BSth,23-11,110.28523751501322,144,110.95872242185179,221,0.48250361717046514,173,23.0,11.0,13.0,3.0,13-3,0.3585136152065453,0.398339747059432,0.30935174613056315,0.3585136152065453,0.398339747059432,0.30935174613056315,0.874888222559873,0.8055147821567193,106.67071639834235,110.83428862246448,106.67071639834235,110.83428862246448,108.71590932629704,110.31454320992641,113.65351384447843,104.33491520981035,0.727862885753806,3.0,0.05428993128506643,1288.0,1192.0,1141.575,1.1282657731642687,1.0441714298228324,0.0,0.8125,-5.664479909476283,114,59,69.91346002547738
174,Massachusetts,MAC,17-16,109.86924449507708,148,110.60644969865933,214,0.4807831075596657,174,17.0,16.0,7.0,11.0,7-11,0.4133344242947317,0.3543058742877466,0.4295762206606423,0.4133344242947317,0.3543058742877466,0.4295762206606423,0.9013416300486702,0.9223819037436043,107.58576273231462,110.73254942259763,107.58576273231462,110.73254942259763,110.32137474266145,113.59223724295708,132.34050800555116,106.73346610997427,0.9222271879360695,1.0,-0.06276025049683909,1429.0,1458.0,1289.5875,1.1081062742931362,1.1305940853179794,0.0,0.3888888888888889,-11.458319895430542,232,323,70.16540207479558
175,Towson,CAA,19-15,104.04667050592332,263,104.83691761266951,94,0.4782602465498424,175,19.0,15.0,9.0,9.0,9-9,0.4329378103063468,0.4543744135968773,0.41375236490364486,0.4329378103063468,0.4543744135968773,0.41375236490364486,0.8633916629896172,0.7920266095011708,108.55483069572072,109.6336949735974,108.55483069572072,109.6336949735974,101.90217305919266,105.56572031066825,94.35723435857415,103.0588112476686,0.26611253197176654,3.0,0.008339667447935795,1203.0,1194.0,1158.6249999999998,1.038299708706441,1.0305318804617545,0.0,0.5,-9.019718698394815,178,149,63.398328875822116
176,FIU,CUSA,15-17,107.63484346653573,189,108.5098867489755,168,0.47673829874991236,176,15.0,17.0,8.0,12.0,8-12,0.43686207270527166,0.367693535024932,0.4747851692930102,0.43686207270527166,0.367693535024932,0.4747851692930102,0.86847773163557,0.8271181593957572,108.93955343331027,109.11774584696714,108.93955343331027,109.11774584696714,106.94909849606942,108.22302131262919,111.33497483943124,113.02281272351894,0.45684968753823557,2.0,-0.0828715051958997,1545.0,1558.0,1442.5125000000003,1.0710479111966098,1.0800599648183289,0.0,0.4,-11.465568937869593,233,349,71.61172440171747
177,Fordham,A10,17-15,103.12640639164948,281,104.17139215679279,87,0.4710464998384416,177,17.0,15.0,8.0,10.0,8-10,0.4211890878066521,0.14405381321790406,0.6033744932851879,0.4211890878066521,0.14405381321790406,0.6033744932851879,0.8699900075494285,0.9802317447810377,107.69140560626815,109.53434018232565,107.69140560626815,109.53434018232565,104.39543302408049,104.08386439179563,101.21513001748829,110.02647390876527,0.2768908677753992,2.0,-0.03876867690336905,1192.0,1232.0,1167.3125,1.0211490067998072,1.0554157519944316,0.0,0.4444444444444444,-9.47427497876963,193,266,64.1910443361268
178,Oakland,Horz,16-16,113.75027167559668,94,114.92774116627123,297,0.47042738314912175,178,16.0,16.0,12.0,8.0,12-8,0.4910929712772771,0.6697453992435586,0.39762240761447,0.4910929712772771,0.6697453992435586,0.39762240761447,0.8043120880431587,0.5872472963972122,111.3686775478519,109.15849256877286,111.3686775478519,109.15849256877286,113.42636993900089,115.44865858367412,115.5311979724601,108.3062948974269,0.677572724695813,5.0,0.01812182953317798,1662.0,1606.0,1407.6000000000001,1.1807331628303495,1.140949133276499,0.0,0.6,-8.376206752541563,164,128,69.97548529263247
179,Northern Kentucky,Horz,20-14,108.90286654357342,164,110.10219725559725,208,0.4685527009977878,179,20.0,14.0,10.0,10.0,10-10,0.3749192304216792,0.2900897513470728,0.3978057921930316,0.3749192304216792,0.2900897513470728,0.3978057921930316,0.9055067448333163,0.8942563918698953,109.92777618416379,113.54640535485407,109.92777618416379,113.54640535485407,108.24323589408841,109.5021626432895,100.0344628466709,115.53402020701009,0.16022186706051234,1.0,-0.007784979653492896,1625.0,1560.0,1436.1499999999999,1.131497406259792,1.0862375100094002,0.0,0.5,-9.627044108066665,196,194,70.00345681928295
180,Green Bay,Horz,18-15,113.02893152037981,103,114.28836699364169,292,0.4681852451209462,180,18.0,15.0,12.0,8.0,12-8,0.4301095777000542,0.5030845621404356,0.3978417380047662,0.4301095777000542,0.5030845621404356,0.3978417380047662,0.8804895346882284,0.8038354271626826,109.89325721456945,111.45187017428107,109.89325721456945,111.45187017428107,113.6061255980087,112.9177336476296,100.13793863857498,108.64158572157271,0.2814430521402297,2.0,0.0069511663614940655,1526.0,1482.0,1308.0749999999998,1.1665997744777632,1.1329625594862682,0.0,0.6,-9.686559050033274,198,152,62.95126002853059
181,Texas A&M Corpus Chris,Slnd,18-15,104.0022245679481,264,105.21710262164986,101,0.46666052690554294,181,18.0,15.0,13.0,9.0,13-9,0.4156440833112336,0.42846972546465245,0.3960135321491826,0.4156440833112336,0.42846972546465245,0.3960135321491826,0.8622282581973448,0.7671517620245519,108.12710781469083,108.79570509934943,108.12710781469083,108.79570509934943,104.57728611358971,105.12467470182219,85.71445214275874,90.07187672849608,0.3611802615384758,2.0,-0.007790104207742399,1538.0,1487.0,1457.7624999999998,1.0550415448332635,1.0200564220852164,0.0,0.5909090909090909,-9.056772599614582,180,196,65.92480246346922
182,UT Arlington,WAC,18-14,101.33210379980628,304,102.58034270553908,66,0.46485928039508934,182,18.0,14.0,9.0,9.0,9-9,0.47280899876982474,0.46046108507143213,0.4770806390564575,0.47280899876982474,0.46046108507143213,0.4770806390564575,0.8642507296989392,0.8443327838231173,108.29376886813716,107.9448691279566,108.29376886813716,107.9448691279566,102.57741151604989,104.48205348539098,89.2179657696804,99.33697438792122,0.22521896238650857,2.0,0.07128620476297137,1234.0,1233.0,1210.3125,1.0195713916860314,1.0187451587916343,0.0,0.5,-8.085418760595356,156,36,64.81114033281837
183,Utah Tech,WAC,19-15,111.1711191694254,126,112.62956730178085,260,0.46259828154957827,183,19.0,15.0,11.0,7.0,11-7,0.4567284139341503,0.4240696884158672,0.4774004691314954,0.4567284139341503,0.4240696884158672,0.4774004691314954,0.8434850283451455,0.7927179432436848,106.82690585517652,106.29575654890996,106.82690585517652,106.29575654890996,112.65866488274395,112.37561997997757,108.05307604219199,106.13426601970696,0.5513316049439664,3.0,0.0469806105161229,1362.0,1353.0,1242.425,1.0962432339980281,1.0889993359760146,0.0,0.6111111111111112,-8.150190839641535,157,75,66.4400487704641
184,Appalachian St.,SB,19-13,105.28639623929185,238,106.92323595825272,137,0.4557635246051295,184,19.0,13.0,11.0,7.0,11-7,0.35314459444173196,0.3539203068998952,0.35072777716463777,0.35314459444173196,0.3539203068998952,0.35072777716463777,0.9128328707944935,0.8873623600857694,106.83214670726443,112.03762810954225,106.83214670726443,112.03762810954225,105.9738504393279,105.05614710964956,102.92774169557312,98.91324352233322,0.6124249206229472,1.0,-0.008164827362359683,1269.0,1164.0,1150.375,1.1031185482994676,1.0118439639248071,0.0,0.6111111111111112,-9.174502019585516,184,197,62.980849781237325
185,UMBC,AE,24-8,107.48352613088426,192,109.1914353154614,186,0.45479925485971,185,24.0,8.0,14.0,2.0,14-2,0.22249779187063856,0.32756991670456637,0.15009977657253382,0.22249779187063856,0.32756991670456637,0.15009977657253382,0.931858024227369,0.8640433832022505,101.13710755269547,114.61437640148415,101.13710755269547,114.61437640148415,107.4200403196946,107.4069954248712,104.13664052490685,116.31196962030408,0.21898707416187158,1.0,-0.0005454258623067698,1213.0,1015.0,1051.8125000000002,1.153247370610256,0.965000891318557,0.0,0.875,-5.122163009865619,101,173,65.99786446272441
186,Siena,MAAC,23-11,107.18504576791936,197,108.91694219881947,176,0.45404709016826533,186,23.0,11.0,13.0,7.0,13-7,0.29661965300447213,0.32609007786678784,0.2715894095428687,0.29661965300447213,0.32609007786678784,0.2715894095428687,0.9318999520487752,0.8953522216897156,102.7315314981217,112.03526119169155,102.7315314981217,112.03526119169155,109.31235872241041,111.59047514071054,91.43131897864855,106.31086707967727,0.15008131018868287,1.0,0.01759566857662087,1448.0,1327.0,1282.1625000000001,1.1293420295789338,1.0349702163337329,0.0,0.65,-7.789705465431231,152,130,64.63034130895946
187,Detroit Mercy,Horz,17-15,108.7653189023616,167,110.61866912206185,215,0.4515752570607019,187,17.0,15.0,12.0,8.0,12-8,0.4247831782134918,0.4742593991896411,0.3994668563010132,0.4247831782134918,0.4742593991896411,0.3994668563010132,0.8783530604639714,0.7844699025589851,109.5306943312784,111.35061069112565,109.5306943312784,111.35061069112565,109.89039314776024,111.83358906716096,96.10069278211695,105.48129826169558,0.2551982915080896,1.0,0.0007644056779091413,1584.0,1568.0,1391.1375,1.1386365474297113,1.1271351681627444,0.0,0.6,-9.775058503478945,202,167,68.81112050513691
188,Portland,WCC,15-19,106.23774308964141,220,108.05146815096832,158,0.4514844671698677,188,15.0,19.0,6.0,12.0,6-12,0.5553539864787364,0.4463547997262344,0.642655251434452,0.5553539864787364,0.4463547997262344,0.642655251434452,0.8060969787499006,0.8686370891210479,111.32735022389852,106.69951115252975,111.32735022389852,106.69951115252975,107.77670108668272,108.71459908234421,115.20002057583015,110.0782128748352,0.6278504139912259,6.0,0.022191113053892653,1252.0,1386.0,1222.8875,1.023806359947256,1.1333830789831443,0.0,0.3333333333333333,-10.487692473934286,217,122,68.49990044848998
189,Campbell,CAA,16-18,110.37076078915109,141,112.25830049429055,249,0.4514019041762179,189,16.0,18.0,8.0,10.0,8-10,0.4705961694228954,0.5252013162012398,0.42859248973254627,0.4705961694228954,0.5252013162012398,0.42859248973254627,0.8393409654654038,0.7433107123815148,108.83668983729302,108.19836579387534,108.83668983729302,108.19836579387534,111.95687335289884,112.52731315401631,102.13865742044419,109.32234719179361,0.3139644075021942,4.0,-0.01870782430667478,1395.0,1375.0,1238.9624999999999,1.125942068464542,1.109799529848563,0.0,0.4444444444444444,-10.962487262776143,224,225,69.84316241157167
190,Charleston,CAA,21-11,106.67095430039996,211,108.67243982485206,170,0.44675832826852824,190,21.0,11.0,14.0,4.0,14-4,0.42581571787847045,0.43728704356598563,0.4146172866547662,0.42581571787847045,0.43728704356598563,0.4146172866547662,0.8937269563237149,0.8744620819860711,108.12992378090304,111.03079120945468,108.12992378090304,111.03079120945468,107.34454790983514,105.94265470885858,120.82590958640732,108.27062279854067,0.7793262145771226,1.0,0.12260271700645176,1377.0,1299.0,1251.2250000000001,1.100521488940838,1.0381825810705507,0.0,0.7777777777777778,-6.275632961607172,126,4,67.72027990490194
191,Youngstown St.,Horz,15-17,106.29764783422908,218,108.29555122721462,165,0.4466685049622659,191,15.0,17.0,8.0,12.0,8-12,0.38444159595937155,0.33669192303860607,0.3999470536284865,0.38444159595937155,0.33669192303860607,0.3999470536284865,0.9012134740376023,0.8826468704211244,109.27534162467175,112.75694279427364,109.27534162467175,112.75694279427364,107.05337267505647,110.03963325459927,138.85886288418334,110.19463011090096,0.9345582526499658,1.0,-0.09825476058414939,1531.0,1515.0,1372.5375000000001,1.1154522189739806,1.103794978279282,0.0,0.4,-12.603989064274582,253,356,67.25352044098015
192,Louisiana Tech,CUSA,20-14,103.17287473216388,278,105.14346323857266,99,0.44581927129053883,192,20.0,14.0,11.0,9.0,11-9,0.40837879143345934,0.2714094746785916,0.4705504587392329,0.40837879143345934,0.2714094746785916,0.4705504587392329,0.902464670222233,0.9246421425644727,108.08050677137024,110.44539408467699,108.08050677137024,110.44539408467699,103.06183799629767,106.19341806206357,0.0,0.0,0.0,0.0,0.04200484907211044,1380.0,1394.0,1323.5000000000002,1.0426898375519453,1.0532678503966753,0.0,0.55,-9.322795473782602,188,82,63.93604721908413
193,Cal St. Fullerton,BW,18-16,107.5394261097803,190,109.62128968981912,194,0.4450968234037289,193,18.0,16.0,12.0,8.0,12-8,0.49624142983255437,0.5235716316438913,0.47227482361479123,0.49624142983255437,0.5235716316438913,0.47227482361479123,0.8562167904692919,0.8048160444561661,108.90165724289443,107.75870603533038,108.90165724289443,107.75870603533038,108.2714131913015,109.86947944336569,91.78139710596145,122.17409906189619,0.0359355693493524,1.0,0.07347126929565101,1599.0,1573.0,1480.1624999999997,1.0802867928352464,1.0627211539273562,0.0,0.6,-9.357345235897535,189,34,72.87338805675783
194,New Mexico St.,CUSA,16-16,108.0759729704721,180,110.2195024162313,211,0.4437754623126489,194,16.0,16.0,8.0,12.0,8-12,0.4331758225616035,0.35145342204130475,0.46253280095528504,0.4331758225616035,0.35145342204130475,0.46253280095528504,0.8996106947426437,0.909701174816244,108.25294140769884,109.10426763529524,108.25294140769884,109.10426763529524,109.6381312988245,112.55960195381878,0.0,0.0,0.0,0.0,-0.022011633131455932,1508.0,1528.0,1368.675,1.101795532175279,1.1164082050158,0.0,0.4,-11.43583419292144,231,233,66.60364456732644
195,Furman,SC,22-12,106.83735982332504,207,108.96532020547932,178,0.44354108448202506,195,22.0,12.0,10.0,8.0,10-8,0.3173374287914601,0.36353268523017856,0.2796452305487888,0.3173374287914601,0.36353268523017856,0.2796452305487888,0.9328351797102628,0.908213789336555,107.2230531380691,114.44833969472755,107.2230531380691,114.44833969472755,104.41802665313138,107.66376914973218,0.0,0.0,0.0,0.0,0.0061234234805676024,1335.0,1265.0,1199.7875000000001,1.1126970401008511,1.0543533750768364,0.0,0.5555555555555556,-8.74736630997698,173,157,65.84074139981736
196,East Tennessee St.,SC,23-11,107.7917244582056,185,109.98010883848787,204,0.44247231191260805,196,23.0,11.0,13.0,5.0,13-5,0.31232006888784697,0.35801985551640253,0.2797614674117939,0.31232006888784697,0.35801985551640253,0.2797614674117939,0.922863480485134,0.8812333999301103,106.38439284678205,114.35755997543625,106.38439284678205,114.35755997543625,107.75611234169952,108.63355206201,109.19273824663476,109.21076794175329,0.4995253248547547,1.0,0.029930051605987718,1404.0,1259.0,1206.025,1.1641549719118591,1.0439252917642667,0.0,0.7222222222222222,-7.4384202853432795,145,104,66.00856064671699
197,South Alabama,SB,21-11,107.05215463956787,200,109.23259985725286,189,0.442288550434456,197,21.0,11.0,11.0,7.0,11-7,0.3480983969404714,0.32203250825617935,0.36662363100261114,0.3480983969404714,0.32203250825617935,0.36662363100261114,0.9243009297709559,0.9244113375610976,105.59170738459257,111.72372184248367,105.59170738459257,111.72372184248367,105.27729885579701,108.21816960511592,0.0,0.0,0.0,0.0,0.05672625572905787,1323.0,1272.0,1213.225,1.0904819798471017,1.0484452595355356,0.0,0.6111111111111112,-7.516322763624062,146,57,64.62157812305458
198,Missouri St.,CUSA,16-18,109.28842022799452,160,111.63385411320463,232,0.43925405528230715,198,16.0,18.0,8.0,12.0,8-12,0.43124325866671515,0.3460793095247985,0.46591804361040434,0.43124325866671515,0.3460793095247985,0.46591804361040434,0.8940069158546055,0.898959127164359,108.08345141145193,109.09559680968894,108.08345141145193,109.09559680968894,110.53798529231752,110.6895817210794,0.0,0.0,0.0,0.0,-0.05420637442704157,1514.0,1499.0,1366.4250000000002,1.1080008050203998,1.0970232541120075,0.0,0.4,-12.964007175647263,261,308,65.26667205063595
199,Queens,ASun,21-13,114.57683738116066,85,117.0359498655703,316,0.43924959921735646,199,21.0,13.0,13.0,5.0,13-5,0.3827016410809945,0.5205735940071478,0.2754811745647636,0.3827016410809945,0.5205735940071478,0.2754811745647636,0.8588013065523247,0.718235864452896,108.66956578568775,113.23393701196144,108.66956578568775,113.23393701196144,114.17343230280441,116.04586915852974,110.05458922373046,122.83296387013482,0.2204127947352813,4.0,0.04924502320521795,1554.0,1424.0,1264.5625,1.228883507141798,1.1260811545494984,0.0,0.7222222222222222,-6.981131481741307,136,67,69.4991796561761
200,New Orleans,Slnd,15-18,108.64384097175058,170,111.10574605749346,223,0.4359328559285852,200,15.0,18.0,12.0,10.0,12-10,0.485545799868067,0.7302289976732923,0.3987472049714361,0.485545799868067,0.7302289976732923,0.3987472049714361,0.8235139262932704,0.607868073027554,107.95337788192836,107.66522638039051,107.95337788192836,107.66522638039051,110.27082999620403,112.84524585596124,105.46778816486187,99.4992277472747,0.6614898421855082,3.0,0.002326380891718327,1694.0,1676.0,1536.1375000000003,1.1027658656858514,1.0910481646336996,0.0,0.5454545454545454,-10.590231184327417,218,161,69.75691984998102
201,Tulane,Amer,18-15,107.38857390745324,195,109.97856531118504,203,0.43190953360966655,201,18.0,15.0,8.0,10.0,8-10,0.5006839301228605,0.40613927918305787,0.5653189148626442,0.5006839301228605,0.40613927918305787,0.5653189148626442,0.870384228337779,0.9033640694965002,108.23046012889903,107.38532953109812,108.23046012889903,107.38532953109812,106.37100679762747,108.3746725310916,110.10037816612139,113.69192254840269,0.40874676664549603,2.0,0.08689607141741817,1294.0,1372.0,1246.675,1.0379609761966833,1.100527402891692,0.0,0.4444444444444444,-9.119381249879627,182,18,66.84920825438527
202,Drexel,CAA,17-16,102.55227048752593,287,105.0501444206394,97,0.43125084881305975,202,17.0,16.0,10.0,8.0,10-8,0.38738938502308856,0.32890916048718555,0.4324953969652035,0.38738938502308856,0.32890916048718555,0.4324953969652035,0.9106012519213104,0.9236254331872475,105.86836511995243,110.43264454390942,105.86836511995243,110.43264454390942,101.38519958759379,101.84844282536545,0.0,0.0,0.0,0.0,-0.043429937549233966,1174.0,1169.0,1150.8,1.0201598887730274,1.0158150851581509,0.0,0.5555555555555556,-11.830636236245518,240,281,64.19034380561676
203,Weber St.,BSky,16-16,111.01798897976408,128,113.76325837191374,278,0.4302295623547102,203,16.0,16.0,10.0,8.0,10-8,0.43669666218500586,0.4082509320297084,0.45224553887653546,0.43669666218500586,0.4082509320297084,0.45224553887653546,0.8768119907045325,0.8482314439375453,108.16498350420257,109.95695956281065,108.16498350420257,109.95695956281065,111.98777768820914,114.39759011526647,112.56344368564906,101.10872050568044,0.7745505957223222,1.0,-0.011582237955982344,1433.0,1428.0,1259.4125000000001,1.1378321241054856,1.1338620189969528,0.0,0.5555555555555556,-10.654558956266643,220,211,68.53380125137323
204,Jacksonville St.,CUSA,15-17,105.26994215695728,239,107.91958014455298,155,0.42901488745364685,204,15.0,17.0,10.0,10.0,10-10,0.4004823321548329,0.2677297938314153,0.47133157171716444,0.4004823321548329,0.2677297938314153,0.47133157171716444,0.9094874267267741,0.9415855685173683,107.66683446229707,110.22958002398109,107.66683446229707,110.22958002398109,107.7976656326304,107.28561242911064,0.0,0.0,0.0,0.0,-0.07447342293092507,1441.0,1424.0,1333.6750000000002,1.080473128760755,1.0677263951112526,0.0,0.5,-12.871527468748548,259,340,65.09504968697053
205,Indiana St.,MVC,11-21,105.88921935890272,231,108.72096283900657,172,0.4247024558485252,205,11.0,21.0,4.0,16.0,4-16,0.4828621643651173,0.32413167311689856,0.568828041971266,0.4828621643651173,0.32413167311689856,0.568828041971266,0.8504322003080214,0.8675433438709732,108.22568793890011,107.19209949419398,108.22568793890011,107.19209949419398,107.43779447848594,110.52001013648207,105.95117741125546,104.53777572400881,0.5385344001654465,1.0,-0.11555050967639174,1463.0,1561.0,1401.5500000000002,1.0438443152224322,1.1137669009311117,0.0,0.2,-14.701026127464257,291,361,68.21186457814602
206,Howard,MEAC,23-10,103.40441767386446,275,106.20392845474622,123,0.4237972934769067,206,23.0,10.0,11.0,3.0,11-3,0.2181378576342633,0.34522665486133997,0.08277718609015351,0.2181378576342633,0.34522665486133997,0.08277718609015351,0.9242098255153554,0.8634836107041547,101.16617490479311,114.26290525969097,101.16617490479311,114.26290525969097,104.12052336480012,105.23369644056025,101.39035912643796,111.2162423618246,0.25659692886488084,2.0,-0.04481814478362933,1131.0,886.0,983.2875,1.1502231036192365,0.9010589476628148,0.0,0.7857142857142857,-6.867769136036257,135,287,69.0435588350955
207,Columbia,Ivy,16-12,107.84780228026463,183,110.81133667043204,220,0.42268933942369674,207,16.0,12.0,5.0,9.0,5-9,0.38936071777882614,0.33653909449409786,0.4421823410635544,0.38936071777882614,0.33653909449409786,0.4421823410635544,0.8858297886230381,0.875733886080096,107.82305363882868,110.86919462247758,107.82305363882868,110.86919462247758,106.56133303815338,114.646318991583,109.36627963441863,115.90291479247986,0.33903931227548056,1.0,0.022575021147821395,1008.0,1067.0,936.4625000000001,1.0763912062682701,1.1393942629843692,0.0,0.35714285714285715,-7.786496253154758,151,118,66.80652387439417
208,Marist,MAAC,19-12,99.50516909214915,330,102.38115265972542,64,0.418807648424932,208,19.0,12.0,12.0,8.0,12-8,0.30134020790002175,0.312070981776202,0.2826244561414233,0.30134020790002175,0.312070981776202,0.2826244561414233,0.9389081718945171,0.9223634119905317,103.67553945866112,112.45488840359263,103.67553945866112,112.45488840359263,98.25316834150154,102.23221582469638,0.0,0.0,0.0,0.0,-0.022063245815250765,1360.0,1275.0,1324.9,1.0264925654766397,0.9623367801343496,0.0,0.6,-9.272412790320397,185,234,66.22044300806142
209,Mercer,SC,19-13,110.70384319872261,135,113.97935236765935,286,0.4169453666669396,209,19.0,13.0,11.0,7.0,11-7,0.34019742280246673,0.41682065422558245,0.28253899254912757,0.34019742280246673,0.41682065422558245,0.28253899254912757,0.8912744074928186,0.8093671432729462,107.83077256307405,113.3540718005056,107.83077256307405,113.3540718005056,111.94675568754602,115.65260365132703,103.13823480716114,98.76147265372357,0.6221466968582873,3.0,-0.0017607557793429818,1485.0,1384.0,1235.3000000000002,1.2021371326803203,1.1203756172589652,0.0,0.6111111111111112,-8.515744345147864,168,176,68.9428214397943
210,James Madison,SB,18-15,108.9893910841385,162,112.3302629201408,251,0.4140575159543376,210,18.0,15.0,9.0,9.0,9-9,0.3833640037290121,0.4022653660951263,0.3770541157740891,0.3833640037290121,0.4022653660951263,0.3770541157740891,0.8963986758910277,0.8522734684915914,106.3093347948522,110.91849450479789,106.3093347948522,110.91849450479789,106.89662328206597,110.8229580606586,117.89746260112075,121.65021575438965,0.41087547118466566,1.0,0.0018169503856839686,1320.0,1289.0,1205.1750000000002,1.0952766195780694,1.0695542141182814,0.0,0.5,-10.391067796513187,214,163,65.96195963467329
211,Rice,Amer,13-18,108.94419913425092,163,112.52984623312071,256,0.4079610550244106,211,13.0,18.0,7.0,11.0,7-11,0.468634130884366,0.397231865074157,0.5202024339695167,0.468634130884366,0.397231865074157,0.5202024339695167,0.8616419290566062,0.8693996758843116,108.7198223066043,108.41908716074792,108.7198223066043,108.41908716074792,110.32353313270704,113.4360911802795,114.92064155134007,114.49990247648141,0.5105434924235608,1.0,-0.04711714645248055,1301.0,1372.0,1196.1124999999997,1.0876903301319902,1.147049295112291,0.0,0.3888888888888889,-12.291796246475135,246,292,65.61841456570615
212,Marshall,SB,19-13,111.87340756196751,116,115.66770812679675,303,0.40526714435570454,212,19.0,13.0,11.0,7.0,11-7,0.40043462382795925,0.4445756559162668,0.37116242771474867,0.40043462382795925,0.4445756559162668,0.37116242771474867,0.897003729087921,0.8573314781352098,107.38927735377155,110.8704328371953,107.38927735377155,110.8704328371953,113.85917735217805,117.03828142210831,116.00844895170815,122.9227723841462,0.3394440779298431,1.0,0.06960794127047132,1468.0,1422.0,1259.1374999999998,1.1658774359432549,1.1293444917651965,0.0,0.6111111111111112,-8.534425767725825,169,42,69.40114672283865
213,San Diego,WCC,12-21,108.44595084930492,175,112.16300549539852,246,0.4043035728118301,213,12.0,21.0,5.0,13.0,5-13,0.5271129234191501,0.39705194943939076,0.6130033383152212,0.5271129234191501,0.39705194943939076,0.6130033383152212,0.8241690248651659,0.8867483904932765,109.62733161308343,106.49692471607635,109.62733161308343,106.49692471607635,109.45192378163874,111.39740603370323,104.89756858807225,111.29343908087417,0.33611877188996847,5.0,-0.04561668255342721,1341.0,1459.0,1270.9875000000002,1.0550851208214085,1.1479263171352982,0.0,0.2777777777777778,-13.422909482886615,271,288,68.13454714682439
214,San Jose St.,MWC,9-24,112.65063050535755,107,116.52922642118166,311,0.4038894933422678,214,9.0,24.0,3.0,17.0,3-17,0.6319901752462533,0.507561643582279,0.6818470715849076,0.6319901752462533,0.507561643582279,0.6818470715849076,0.763880306237231,0.8189498763207638,112.66933477442907,105.65960337452509,112.66933477442907,105.65960337452509,111.8555109156249,118.29439294490129,111.42895133369943,113.97082080664347,0.43551472412922126,5.0,-0.044496183324624905,1382.0,1612.0,1305.4875,1.0586083742663182,1.2347877708518848,0.0,0.15,-13.964105222681509,282,284,65.01402353956836
215,Drake,MVC,14-20,109.46287929333602,155,113.27009609477244,269,0.4029516212342088,215,14.0,20.0,6.0,14.0,6-14,0.5058406190533212,0.3441618259826473,0.5709594232563999,0.5058406190533212,0.3441618259826473,0.5709594232563999,0.864353564725648,0.9263379950061946,108.46050582711739,107.41406250010536,108.46050582711739,107.41406250010536,107.59918319671138,113.97920298442398,0.0,0.0,0.0,0.0,-0.01688864342311497,1444.0,1577.0,1378.1625,1.047771942713577,1.1442772532266696,0.0,0.3,-13.632369669611425,274,223,67.07721071178509
216,La Salle,A10,9-23,105.9230781131443,230,109.62275634768905,195,0.40255847171860015,216,9.0,23.0,5.0,13.0,5-13,0.5846130888977323,0.5260061960644613,0.630547428742633,0.5846130888977323,0.5260061960644613,0.630547428742633,0.8058691270673096,0.802042033221738,110.52029190739383,105.71668283440268,110.52029190739383,105.71668283440268,107.19575182603074,108.69693884296659,95.63004955034732,105.20673637654998,0.2501968474372615,3.0,-0.059196618803741885,1206.0,1341.0,1191.5625,1.0121164437450827,1.1254130605822188,0.0,0.2777777777777778,-14.861343370466496,295,320,65.74607792589865
217,Cal Poly,BW,14-19,109.39491273724258,157,113.28861610811384,271,0.40078281274803207,217,14.0,19.0,10.0,10.0,10-10,0.4929562105829113,0.5106256237897494,0.47661562404432073,0.4929562105829113,0.5106256237897494,0.47661562404432073,0.8526524532331062,0.7994379236166829,107.98996468151142,106.87896361183347,107.98996468151142,106.87896361183347,110.5431700188285,115.36085148027178,125.49571800074071,114.42231251158758,0.7431334024318073,1.0,-0.0012467887956451595,1661.0,1689.0,1509.1125000000002,1.1006469033952073,1.1192008548070471,0.0,0.5,-12.456833466795235,249,174,74.09900182874101
218,Tennessee St.,OVC,23-9,107.74897333739077,186,111.90374337666876,239,0.39290892733623,218,23.0,9.0,15.0,5.0,15-5,0.2707766615909723,0.3953095682181817,0.20879794241836214,0.2707766615909723,0.3953095682181817,0.20879794241836214,0.9207934800977228,0.8225171821846787,102.64909500955989,111.80914615509504,102.64909500955989,111.80914615509504,109.13727431683317,115.68097671951394,86.1820728159931,100.51070380694173,0.1457011462608321,1.0,0.07583958436915839,1621.0,1474.0,1411.7375000000002,1.1482304606911695,1.0441034540769796,0.0,0.75,-5.663048761076508,113,30,70.1356282214426
219,Buffalo,MAC,17-15,111.20379359503724,125,115.7072877194378,305,0.38780696990786545,219,17.0,15.0,7.0,11.0,7-11,0.39769032471407917,0.30328766737183666,0.4450507495358449,0.39769032471407917,0.30328766737183666,0.4450507495358449,0.8972538190917986,0.9310603553407557,107.01548117634394,110.52393648195547,107.01548117634394,110.52393648195547,112.82859883700402,116.4748998589564,0.0,0.0,0.0,0.0,0.014180208365022873,1414.0,1436.0,1241.8999999999999,1.138577985345036,1.1562927771962317,0.0,0.3888888888888889,-10.442220072066714,215,139,66.4520190414679
220,Quinnipiac,MAAC,19-13,103.66917383508502,268,107.9000050506251,154,0.38698552117734747,220,19.0,13.0,12.0,8.0,12-8,0.3425050138388607,0.4588702814739749,0.27468898496098937,0.3425050138388607,0.4588702814739749,0.27468898496098937,0.8961561784473048,0.7994193450390583,104.06947170718134,110.78932981487402,104.06947170718134,110.78932981487402,102.4355004773608,107.7157572416822,117.07253887838604,114.14341211946996,0.5723358686066105,2.0,0.021253744822610665,1473.0,1397.0,1382.3999999999999,1.0655381944444446,1.0105613425925928,0.0,0.6,-8.630122359667215,172,125,70.09057274779137
221,Southern Miss,SB,19-16,104.50492211263044,253,108.7867098056182,173,0.386563043538649,221,19.0,16.0,9.0,9.0,9-9,0.3968530080864441,0.4212773501454985,0.368681239154937,0.3968530080864441,0.4212773501454985,0.368681239154937,0.8947054495390312,0.8448882321128217,106.91703929380853,110.19458481820743,106.91703929380853,110.19458481820743,100.43618291494862,107.53896809175941,102.57232761801207,99.53017387319215,0.5857041135082244,1.0,0.03621452880032672,1318.0,1326.0,1275.8249999999998,1.0330570415221525,1.0393274939744872,0.0,0.5,-10.969884168468226,226,93,69.09065616002188
222,South Dakota St.,Sum,14-18,107.42402183023798,194,111.83414878892003,238,0.38634999560731825,222,14.0,18.0,7.0,9.0,7-9,0.40487250146142983,0.4424946342957098,0.35423398046624827,0.40487250146142983,0.4424946342957098,0.35423398046624827,0.874485247370998,0.8283016289129616,107.8796226284541,110.02232707578527,107.8796226284541,110.02232707578527,107.79660460866211,113.70056048131954,112.1094392760872,106.36898690726971,0.6466753195261223,1.0,-0.0732973967054692,1225.0,1186.0,1078.8625000000002,1.135455166900323,1.0993059819949251,0.0,0.4375,-12.743040797652954,256,339,67.01417176831495
223,Western Carolina,SC,15-16,109.32343910743464,159,113.99587580033628,287,0.38194715897706927,223,15.0,16.0,10.0,8.0,10-8,0.3722480788359995,0.5023573648544688,0.2863523195651274,0.3722480788359995,0.5023573648544688,0.2863523195651274,0.8636040118551818,0.7167114016029249,108.3581811196951,112.42644666651549,108.3581811196951,112.42644666651549,111.90948184957693,115.49057212295186,101.33617241872135,114.2199419360769,0.20159609253422606,4.0,-0.05573662776088539,1438.0,1360.0,1209.3875,1.1890316379158872,1.1245361805045941,0.0,0.5555555555555556,-10.729859057639011,222,312,67.89601982126857
224,Bethune Cookman,SWAC,17-15,104.0625539082608,262,108.51017035805921,169,0.381946465371889,224,17.0,15.0,14.0,4.0,14-4,0.38070186734951633,0.6331175928173209,0.20545032693046653,0.38070186734951633,0.6331175928173209,0.20545032693046653,0.8320917133802399,0.6341357821623418,106.25179766203941,110.15126503370591,106.25179766203941,110.15126503370591,104.2144124691302,106.75834103543939,100.26400263179352,113.83202364544982,0.18853658326081815,6.0,-0.005821747339493477,1420.0,1278.0,1302.975,1.089813695581266,0.9808323260231394,0.0,0.7777777777777778,-8.474899463836122,167,188,68.98620507174816
225,Tarleton St.,WAC,14-18,103.29580574340103,277,107.75770181922155,151,0.3807615777625871,225,14.0,18.0,5.0,13.0,5-13,0.44336082315967357,0.38788804056722104,0.49085406204321,0.44336082315967357,0.38788804056722104,0.49085406204321,0.8539071337482864,0.8180480178951715,107.35042937795937,106.80056052632895,107.35042937795937,106.80056052632895,102.68447113292316,108.08030837224844,108.88961090476936,108.86378782443933,0.500681884284735,3.0,-0.03912168799830379,1259.0,1344.0,1261.175,0.9982754177651794,1.0656728844133447,0.0,0.2777777777777778,-11.885652884687824,242,267,69.50892546831103
226,Ohio,MAC,15-17,108.21616690673508,178,113.11145648840781,265,0.3754764321460669,226,15.0,17.0,9.0,9.0,9-9,0.44138752877806425,0.44117174868762316,0.43745620623327014,0.44138752877806425,0.44117174868762316,0.43745620623327014,0.8711708975347807,0.835051024813664,108.57329781046522,109.51080440191994,108.57329781046522,109.51080440191994,107.61040939332517,112.39725278656636,111.79123346586002,115.9871167832814,0.3956248396653779,2.0,0.00020892007458578332,1401.0,1424.0,1276.375,1.097639800215454,1.1156595828028597,0.0,0.5,-11.571608267824148,234,170,68.86939714783625
227,Stony Brook,CAA,17-15,105.19235526062096,241,110.15527696129715,210,0.3704809645664593,227,17.0,15.0,9.0,9.0,9-9,0.39715417253705837,0.35416035780199207,0.4251914981153726,0.39715417253705837,0.35416035780199207,0.4251914981153726,0.9043817838086645,0.9050460609369669,106.13563089505115,109.63020648514598,106.13563089505115,109.63020648514598,105.16797848823438,109.71214616169536,0.0,0.0,0.0,0.0,0.030695914864151574,1277.0,1302.0,1203.9499999999998,1.060675277212509,1.0814402591469747,0.0,0.5,-10.69027285895803,221,102,66.16641374530107
228,Texas St.,SB,19-13,104.36486639107949,256,109.56413044409241,193,0.36375689184635457,228,19.0,13.0,11.0,7.0,11-7,0.3390514096425449,0.2776211717723821,0.38077815733595327,0.3390514096425449,0.2776211717723821,0.38077815733595327,0.9301422242778106,0.9408416412059034,105.24335923519253,111.55854071782817,105.24335923519253,111.55854071782817,104.5753484692885,110.86225837743503,0.0,0.0,0.0,0.0,0.03952284300405695,1316.0,1326.0,1226.1749999999997,1.0732562643994539,1.0814117071380516,0.0,0.6111111111111112,-9.770326211056773,201,85,66.14406844423189
229,Georgia Southern,SB,21-16,109.91720216377891,146,115.84138121708409,307,0.35350073680859007,229,21.0,16.0,8.0,10.0,8-10,0.3537639744415204,0.3050941276568275,0.3616523025707473,0.3537639744415204,0.3050941276568275,0.3616523025707473,0.923882963560806,0.9148112021106343,105.67103211046599,111.08838014315322,105.67103211046599,111.08838014315322,107.67411791602609,116.04058970481987,95.157839123573,103.68231495537584,0.2715767055322177,1.0,0.04794502926456612,1419.0,1453.0,1290.3500000000001,1.0997016313403338,1.1260510714147323,0.0,0.4444444444444444,-12.003169416917432,243,71,70.09836944869227
230,Coastal Carolina,SB,19-13,101.77158252493686,297,107.45372067108303,147,0.3486934289610403,230,19.0,13.0,11.0,7.0,11-7,0.3763134333601732,0.4068621331444924,0.3555178555516326,0.3763134333601732,0.4068621331444924,0.3555178555516326,0.9095913927170641,0.8741189361051868,106.50789873212788,111.46316457729966,106.50789873212788,111.46316457729966,102.73243328086345,107.36794139014195,98.12875726902607,120.84274671699038,0.08359990770974965,1.0,0.10504925664866893,1286.0,1287.0,1223.7,1.0509111710386532,1.0517283647952929,0.0,0.6111111111111112,-8.955516850397528,177,10,67.08124640614186
231,Denver,Sum,15-17,114.89986911231088,81,121.33179390491246,353,0.3483317633841301,231,15.0,17.0,8.0,8.0,8-8,0.4236879603142567,0.501742918855639,0.3589034184482605,0.4236879603142567,0.501742918855639,0.3589034184482605,0.8527877804937983,0.7748513615496574,108.94499648785197,110.1130798150014,108.94499648785197,110.1130798150014,116.31547429822832,120.7734852623899,111.15943344597659,112.13826159402998,0.4748159732550007,2.0,0.0021176047727557434,1321.0,1288.0,1101.05,1.1997638617683122,1.1697924708233052,0.0,0.5,-10.921964832902509,223,162,68.04562955514186
232,Samford,SC,18-14,107.70175249006712,188,113.86140574689045,281,0.3453402871199619,232,18.0,14.0,11.0,7.0,11-7,0.3466248282688995,0.4170888785652969,0.2903498888318927,0.3466248282688995,0.4170888785652969,0.2903498888318927,0.9014139818026552,0.838762160104613,107.53274898882782,113.63522560268527,107.53274898882782,113.63522560268527,108.7453943816019,113.8315047340249,102.51652779518972,97.1864085905388,0.6488575774243771,2.0,0.029702148592636535,1440.0,1337.0,1226.2875000000001,1.1742760160239747,1.0902826621000377,0.0,0.6111111111111112,-9.8060414411318,203,105,67.32869064485362
233,Lipscomb,ASun,19-13,105.00584316999246,246,111.02853047417447,222,0.34493718134697965,233,19.0,13.0,12.0,6.0,12-6,0.36229156525470774,0.4617007738452574,0.2919281630769426,0.36229156525470774,0.4617007738452574,0.2919281630769426,0.8684328519945772,0.7551131414471952,109.16529424838285,113.26838738951285,109.16529424838285,113.26838738951285,106.17846527920098,112.51942784318766,104.74054191605225,107.95844185503238,0.41386966701721295,3.0,0.07803001602163195,1434.0,1362.0,1247.2,1.1497754971135343,1.09204618345093,0.0,0.6666666666666666,-7.7956404005838875,153,28,69.44752729027338
234,Old Dominion,SB,12-21,106.1186096852523,222,112.40060958050947,253,0.34042805877111765,234,12.0,21.0,7.0,11.0,7-11,0.4201912453808922,0.5218561526377189,0.3682293414526667,0.4201912453808922,0.5218561526377189,0.3682293414526667,0.8761685225653902,0.7943340950723674,107.83799711514833,111.08854903762274,107.83799711514833,111.08854903762274,106.12104240573159,111.61498422147127,125.96577569547166,119.03261570350635,0.6572461786888613,1.0,-0.08206766404464233,1393.0,1398.0,1287.0749999999998,1.0822990113241266,1.0861837888234953,0.0,0.3888888888888889,-15.462310508398872,311,347,68.89271097020266
235,LIU,NEC,24-10,103.58212417402257,269,109.71892536746398,197,0.340311430573389,235,24.0,10.0,15.0,3.0,15-3,0.30311145769052583,0.5259180093386251,0.1680060383513615,0.30311145769052583,0.5259180093386251,0.1680060383513615,0.9030842773204688,0.7850202442954266,104.02755075845374,112.69046880236293,104.02755075845374,112.69046880236293,101.45696628007752,108.38896179492797,103.399414492967,102.89026932219271,0.5141878387162458,2.0,0.13188659805493608,1301.0,1161.0,1192.2375,1.091225531825664,0.9737992639889285,0.0,0.8333333333333334,-5.782361532374367,116,3,67.82827861659665
236,Eastern Michigan,MAC,10-21,101.5605270563934,301,107.6601539678824,150,0.33833275980774835,236,10.0,21.0,4.0,14.0,4-14,0.4712147753001765,0.4897546273769021,0.4578248821336526,0.4712147753001765,0.4897546273769021,0.4578248821336526,0.8448880016845881,0.7880304438535691,109.31129502975752,109.57931447977168,109.31129502975752,109.57931447977168,101.9397282791107,109.07309609964247,105.32193213759682,89.90588691869107,0.8605625226707849,2.0,-0.0784973681374237,1276.0,1364.0,1243.075,1.0264867365203225,1.0972789252458621,0.0,0.2222222222222222,-14.713245374079044,292,343,66.47591252424982
237,Florida Gulf Coast,ASun,16-18,105.11756110647215,243,111.50971385050615,230,0.33651309263716095,237,16.0,18.0,8.0,10.0,8-10,0.3547597540869382,0.43157430265999314,0.30214496032617116,0.3547597540869382,0.43157430265999314,0.30214496032617116,0.8961410495191451,0.8221155917307771,108.14397734697828,113.19856554338433,108.14397734697828,113.19856554338433,103.65509026565873,113.37759251647851,108.9251184159637,112.4714557420128,0.4089165177720213,3.0,-0.05380819411164328,1341.0,1368.0,1229.7749999999999,1.0904433737878882,1.1123986095017382,0.0,0.4444444444444444,-13.413894191999551,270,307,67.6090476570306
238,Nebraska Omaha,Sum,16-17,105.99793932410893,226,112.54456341265694,257,0.3342131743480982,238,16.0,17.0,8.0,8.0,8-8,0.3834556775345304,0.39839857133819784,0.36064091661963393,0.3834556775345304,0.39839857133819784,0.36064091661963393,0.8976617052598298,0.8749372305110058,108.11843248678963,111.1817302466823,108.11843248678963,111.1817302466823,107.40869696240645,112.42574130248207,0.0,0.0,0.0,0.0,-0.002078852826625399,1222.0,1223.0,1103.15,1.10773693514028,1.1086434301772197,0.0,0.5,-12.325476811703426,247,177,67.10859932444475
239,Long Beach St.,BW,10-22,104.2146552847164,260,110.7198064581053,217,0.3326275800739252,239,10.0,22.0,6.0,14.0,6-14,0.48760506752258215,0.4947583189156948,0.48331311668671456,0.48760506752258215,0.4947583189156948,0.48331311668671456,0.8510751657800923,0.7983776605137312,108.24386958013628,107.07166880401661,108.24386958013628,107.07166880401661,104.13281234538628,109.27043012290112,85.10130982194937,103.59621543375727,0.09435601341240973,2.0,-0.07069666869108754,1498.0,1558.0,1453.5875,1.0305537162365526,1.0718309011325426,0.0,0.3,-15.71306073817941,313,336,68.419444663762
240,Saint Peter's,MAAC,17-12,103.15239169098882,279,109.72969307240498,198,0.3294122256158488,240,17.0,12.0,14.0,6.0,14-6,0.3290823575985438,0.41522752924573986,0.29575298075633877,0.3290823575985438,0.41522752924573986,0.29575298075633877,0.9086977286309301,0.8178400038597892,103.92862409113597,111.476729181727,103.92862409113597,111.476729181727,104.75140553912718,107.03565537409202,97.82294048701458,112.58969614803483,0.1656470057401851,2.0,0.04593587881328076,1412.0,1312.0,1308.875,1.0787890363862096,1.002387546557158,0.0,0.7,-8.424746680894657,166,77,65.45764295612383
241,Radford,BSth,16-16,106.33503886061835,216,113.18579106979615,268,0.32783101117789143,241,16.0,16.0,9.0,7.0,9-7,0.32713647559694004,0.33081094287269114,0.3283150586696773,0.32713647559694004,0.33081094287269114,0.3283150586696773,0.9010760451855886,0.8674599127562552,105.38555300445287,112.80371617071448,105.38555300445287,112.80371617071448,108.07263370486051,111.97475619585238,98.69927206003696,98.39944178952757,0.5087461226862009,2.0,-0.06317034814528644,1282.0,1251.0,1160.55,1.1046486579638966,1.0779371849554091,0.0,0.5625,-11.831525653755925,241,326,70.67374677140954
242,Central Michigan,MAC,10-21,106.42748433761008,212,113.50705359025869,276,0.3228701228193536,242,10.0,21.0,6.0,12.0,6-12,0.42775368305133477,0.434587463878463,0.4228181746761863,0.42775368305133477,0.434587463878463,0.4228181746761863,0.8630009177593714,0.8223335643010758,107.85111025919863,109.43423338866963,107.85111025919863,109.43423338866963,105.66872572561667,110.7722910224952,105.01680924828935,122.24685668996166,0.14841298095788616,2.0,-0.11154789824103267,1326.0,1360.0,1244.85,1.0651885769369804,1.0925011045507491,0.0,0.3333333333333333,-15.438847254785584,310,359,67.05659469436286
243,American,Pat,16-16,105.15304563383685,242,112.16024571272524,245,0.322592062401654,243,16.0,16.0,9.0,9.0,9-9,0.32728982549695856,0.4378048370764223,0.24403089203364026,0.32728982549695856,0.4378048370764223,0.24403089203364026,0.8943235531822812,0.8070306160491694,105.51653960900492,112.34149970163237,105.51653960900492,112.34149970163237,103.79327327375304,111.21565521770317,116.29442412154994,128.93712489053016,0.23383222142071206,2.0,-0.051209601182578446,1282.0,1233.0,1169.4875000000002,1.0962066717258627,1.0543079767847026,0.0,0.5,-11.637555799141284,238,303,66.72861261344413
244,Iona,MAAC,18-14,103.87065922410571,265,110.79620505161202,219,0.322505841002613,244,18.0,14.0,10.0,10.0,10-10,0.3271966906132624,0.4408361885414111,0.269518266241999,0.3271966906132624,0.4408361885414111,0.269518266241999,0.9173512799370367,0.8537175516801226,103.88158075827127,111.96993438084621,103.88158075827127,111.96993438084621,100.63707123386925,110.2326706902209,105.74374888459009,101.99482597220553,0.602312790171997,1.0,0.03102912880020514,1386.0,1387.0,1345.1749999999997,1.0303492110691919,1.031092608768376,0.0,0.5,-10.444158303072594,216,101,69.13232271606597
245,Boston University,Pat,17-17,111.60681317884706,121,119.12251566535505,344,0.32093904055328015,245,17.0,17.0,10.0,8.0,10-8,0.29892980710339245,0.35344532469331086,0.24421203117825355,0.29892980710339245,0.35344532469331086,0.24421203117825355,0.9316102195513336,0.9028565943727356,103.83124654693111,112.6528361508874,103.83124654693111,112.6528361508874,112.01331545392544,116.58736752158237,91.02902316255918,117.26173765991032,0.0515563807037913,1.0,-0.04952539277268364,1388.0,1311.0,1185.5750000000003,1.1707399363178201,1.1057925479197854,0.0,0.5555555555555556,-13.71094219413745,276,300,63.12034873499866
246,Nicholls St.,Slnd,14-19,104.78106070220504,249,111.94936556444543,240,0.3184298791722338,246,14.0,19.0,12.0,10.0,12-10,0.45469418019047625,0.5738534249993467,0.4092389929945799,0.45469418019047625,0.5738534249993467,0.4092389929945799,0.859512242251599,0.754636088717556,107.47972030802654,108.63303530269053,107.47972030802654,108.63303530269053,106.03524065873889,111.04654001659232,84.2971905779337,95.75181434596922,0.18766917910581618,1.0,0.03200152418882157,1581.0,1612.0,1491.2125,1.0602110698508762,1.0809995222008935,0.0,0.5454545454545454,-12.782045864640464,258,100,68.25009059297686
247,Colgate,Pat,18-15,107.31873835175705,196,114.66978443012316,296,0.3182311166854503,247,18.0,15.0,11.0,7.0,11-7,0.3361267792918569,0.4811682570513822,0.24450882854905936,0.3361267792918569,0.4811682570513822,0.24450882854905936,0.87538833008268,0.7500623289275816,106.79194359828465,112.09931773804536,106.79194359828465,112.09931773804536,105.93372806346906,116.29069807280702,114.26393335532025,104.47145529815607,0.736986968527221,3.0,0.014923200000559578,1382.0,1348.0,1231.4750000000001,1.1222314703911975,1.0946223025233965,0.0,0.6111111111111112,-10.008839294976061,206,134,66.84879550176777
248,UC Riverside,BW,10-22,103.54163502889047,270,110.64372662547788,216,0.3180109000926027,248,10.0,22.0,5.0,15.0,5-15,0.4888654094032798,0.49571745914429693,0.48475417955866956,0.4888654094032798,0.49571745914429693,0.48475417955866956,0.8409791857155927,0.7720582280690946,108.82719451903513,107.61347698760751,108.82719451903513,107.61347698760751,102.82753140542039,110.99344419439474,99.40787047876543,107.74632478208461,0.2836747909978751,3.0,-0.05595127871266298,1443.0,1554.0,1420.7375000000002,1.0156696786000228,1.093798115415409,0.0,0.25,-15.294063624193363,306,315,68.46654572050188
249,Southern,SWAC,17-17,106.01768796874094,225,113.37732840269186,272,0.31608375784408305,249,17.0,17.0,11.0,7.0,11-7,0.356126498515584,0.5610727698948174,0.2267222846455637,0.356126498515584,0.5610727698948174,0.2267222846455637,0.8563349780702441,0.6835311687897612,106.05099632991293,109.89671840599739,106.05099632991293,109.89671840599739,105.42885066417863,112.5863279071469,106.43752080525837,111.25064298781449,0.3755178385939936,5.0,-0.0069271552492642385,1405.0,1346.0,1292.1374999999998,1.0873455804819534,1.0416848052161634,0.0,0.6111111111111112,-10.96832128326233,225,193,69.79329092166185
250,Princeton,Ivy,9-20,105.01250711823045,245,112.37333271298206,252,0.3145154478267794,250,9.0,20.0,5.0,9.0,5-9,0.453805081729045,0.4504792228285683,0.45736850197955586,0.453805081729045,0.4504792228285683,0.45736850197955586,0.870337995578301,0.8504277735176143,108.3843700389142,109.38701736094741,108.3843700389142,109.38701736094741,108.2546963773455,114.37946959130294,99.09796244388825,93.8427390215445,0.651722121953367,1.0,-0.08177552890321343,962.0,1004.0,881.0125,1.0919254834636285,1.1395979058185894,0.0,0.35714285714285715,-14.949570713477005,298,346,63.8480349408224
251,Lamar,Slnd,12-19,102.77575357897922,285,110.01238696050027,206,0.3137812675723408,251,12.0,19.0,7.0,15.0,7-15,0.4007837506997564,0.3790960322848511,0.40965599914221756,0.4007837506997564,0.3790960322848511,0.40965599914221756,0.8827699915907412,0.8457230689314587,106.51818984000865,109.49416776729706,106.51818984000865,109.49416776729706,102.8769817290457,110.3610658028261,112.68101571402212,110.2476833814514,0.5624378133571768,2.0,-0.06865491628418557,1486.0,1525.0,1426.1,1.042002664609775,1.0693499754575415,0.0,0.3181818181818182,-14.13053278299244,284,333,65.37303774721364
252,Charleston Southern,BSth,15-17,104.78087524462023,250,112.18318753348835,247,0.31324079585845127,252,15.0,17.0,6.0,10.0,6-10,0.32024667421352593,0.29890447004253134,0.330113931701591,0.32024667421352593,0.29890447004253134,0.330113931701591,0.9174790412605357,0.9067677718901128,105.15188169990739,112.15190438077157,105.15188169990739,112.15190438077157,104.63046062754766,114.34766617405036,99.11209415082331,108.99679885551437,0.2510028364153756,1.0,-0.06288437056268659,1314.0,1334.0,1219.4999999999998,1.0774907749077494,1.0938909389093894,0.0,0.375,-13.34263130782762,268,325,71.57321800420151
253,Southeast Missouri St.,OVC,20-13,101.00799650612768,310,108.14443321779453,162,0.3132256552758799,253,20.0,13.0,14.0,6.0,14-6,0.28268480274139196,0.40704734171680895,0.2166364923449446,0.28268480274139196,0.40704734171680895,0.2166364923449446,0.9136193949725556,0.8134456002543135,103.6503061390367,112.20131534752164,103.6503061390367,112.20131534752164,101.45135354572997,108.35005552337114,110.32549340870536,109.77796422248326,0.5142998242199598,3.0,0.023392758259678903,1468.0,1367.0,1382.9375,1.0615085641975868,0.9884756180232296,0.0,0.7,-9.318114168685483,187,116,68.93304659106886
254,Pepperdine,WCC,9-23,105.58290402548289,234,113.18006877081864,266,0.31022629371349364,254,9.0,23.0,4.0,14.0,4-14,0.5372608583293743,0.38317894737612745,0.6533075934946351,0.5372608583293743,0.38317894737612745,0.6533075934946351,0.8040693878406889,0.8907411115547619,110.41678542104829,106.0984022029646,110.41678542104829,106.0984022029646,106.3013712652431,114.91331245111299,96.66946266005061,105.75035623567547,0.26259744294593385,6.0,-0.05377956902319342,1276.0,1509.0,1274.3374999999999,1.0013045994487333,1.184144702639607,0.0,0.2222222222222222,-15.09158623358247,301,306,68.38573996996368
255,Abilene Christian,WAC,14-19,99.81168249066947,326,107.01958148718388,139,0.30962869639777313,255,14.0,19.0,5.0,13.0,5-13,0.4516890573806732,0.3873113325785066,0.501518428302083,0.4516890573806732,0.3873113325785066,0.501518428302083,0.8525281344500438,0.8245361827501766,108.23267323091262,107.54480402547064,108.23267323091262,107.54480402547064,99.21018739500705,107.99134179267988,103.56472627718054,102.48194207753535,0.5301800457283303,2.0,0.021652677597243097,1221.0,1325.0,1253.525,0.9740531700604295,1.0570192058395325,0.0,0.2777777777777778,-12.705868283412583,255,123,67.43986852821828
256,UNC Asheville,BSth,15-17,103.70021125438598,266,111.27734578556345,226,0.307677922535417,256,15.0,17.0,8.0,8.0,8-8,0.37354072398508775,0.4057027503659136,0.33080046786216655,0.37354072398508775,0.4057027503659136,0.33080046786216655,0.9012121896921097,0.8740169864777133,107.33147051828661,111.31063640235367,107.33147051828661,111.31063640235367,104.45453432465798,113.18478015304676,101.38883408937608,93.75854587711386,0.7109005367368103,1.0,-0.013695148693589287,1161.0,1158.0,1069.3125,1.085744345081536,1.082938804138173,0.0,0.5,-12.68988381938095,254,216,64.80178544171189
257,Vermont,AE,22-12,104.7538430338224,251,112.41547419156669,254,0.3075142870460208,257,22.0,12.0,12.0,4.0,12-4,0.26353088373610195,0.3703227381685178,0.16818098624410538,0.26353088373610195,0.3703227381685178,0.16818098624410538,0.9483535939889258,0.923747731766498,102.75228061188245,113.60893185615035,102.75228061188245,113.60893185615035,102.17656807170712,112.0354020877081,0.0,0.0,0.0,0.0,0.05906754048344964,1135.0,1031.0,1029.2499999999998,1.1027447170269615,1.0017002671848436,0.0,0.75,-9.436737325769753,190,55,64.7010687968192
258,Fairfield,MAAC,21-13,105.31968067117522,237,113.06916690586125,264,0.30650852215497404,258,21.0,13.0,11.0,9.0,11-9,0.29005958748904076,0.29629893134041624,0.2842035992379982,0.29005958748904076,0.29629893134041624,0.2842035992379982,0.9363559153013499,0.9171021524096862,102.66193889248775,112.1082998502711,102.66193889248775,112.1082998502711,105.08158677254451,114.64327352745195,102.65059643764354,114.8016672622757,0.21643510804814156,1.0,0.06404854202610855,1439.0,1427.0,1328.7500000000002,1.082972718720602,1.0739416745061146,0.0,0.55,-9.93818083402612,204,46,67.05291825200948
259,East Carolina,Amer,11-20,103.5268720290274,271,111.17420965585848,225,0.3058543129471149,259,11.0,20.0,6.0,12.0,6-12,0.4783311881654367,0.4091614514402433,0.5282871091336321,0.4783311881654367,0.4091614514402433,0.5282871091336321,0.8482194104285949,0.8460793002763617,109.39653660258814,109.56776522547447,109.39653660258814,109.56776522547447,106.74529220574097,112.05177048119144,91.73885337587313,106.74052566990662,0.14909314681884725,3.0,-0.032771970708897924,1345.0,1410.0,1259.5,1.0678840809845176,1.1194918618499405,0.0,0.3333333333333333,-13.83755044476158,280,251,68.64742892475793
260,Idaho St.,BSky,13-20,108.75799238346252,168,116.90507295845808,314,0.3034914389826547,260,13.0,20.0,5.0,13.0,5-13,0.45055369264366035,0.4435794561722668,0.4660870490882323,0.45055369264366035,0.4435794561722668,0.4660870490882323,0.867275765260107,0.821584053724155,108.90260581563344,109.11712534970142,108.90260581563344,109.11712534970142,107.58950788380349,119.92304929345015,97.68481129343236,98.00302359865216,0.4906508797008566,2.0,-0.0049234292456001305,1325.0,1451.0,1217.7624999999998,1.088061095656994,1.1915295470175837,0.0,0.2777777777777778,-14.123624130486062,283,184,65.2296355644741
261,SIU Edwardsville,OVC,19-13,98.8228090055582,336,106.30382336945904,124,0.30170596290952295,261,19.0,13.0,12.0,8.0,12-8,0.2257439474913572,0.24741700248244997,0.21777419175413487,0.2257439474913572,0.24741700248244997,0.21777419175413487,0.9443240252067612,0.9060028907862072,101.91116892450137,113.41851431652356,101.91116892450137,113.41851431652356,98.5681135153052,104.97576989754971,117.25570050171834,116.63941376359567,0.5151459888317674,1.0,-0.03284920104562916,1339.0,1266.0,1309.6874999999995,1.0223812932474354,0.9666428060128851,0.0,0.6,-10.626759211310524,219,252,64.41573556020911
262,Southern Utah,WAC,10-22,106.30853301396508,217,114.43448317654651,294,0.3000511280207183,262,10.0,22.0,6.0,12.0,6-12,0.4838365521791241,0.4561117067671435,0.5049143444831926,0.4838365521791241,0.4561117067671435,0.5049143444831926,0.8480024352238148,0.8037562229382982,107.97279445474273,106.10247353603589,107.97279445474273,106.10247353603589,109.73714301101002,114.54912730039219,97.77263337229465,118.5427562372247,0.09839084024845801,3.0,-0.04328961320045838,1369.0,1422.0,1278.2375000000002,1.0710059750242031,1.1124693181040297,0.0,0.3333333333333333,-15.560442822067948,312,279,70.36845462258545
263,Tennessee Martin,OVC,22-11,97.89819963082239,342,105.48699889748642,109,0.29763509470926097,263,22.0,11.0,13.0,7.0,13-7,0.2684703804471196,0.3596679050574323,0.21817656070841066,0.2684703804471196,0.3596679050574323,0.21817656070841066,0.9339009666520192,0.8759439829570901,102.32620294500903,112.00274418694752,102.32620294500903,112.00274418694752,97.54906689647981,104.30727911358215,104.63483761067425,102.36748324421832,0.5626528393697434,1.0,0.08435679689903786,1347.0,1234.0,1307.6125000000002,1.0301216912502746,0.9437046525633548,0.0,0.65,-7.981783006168785,154,20,64.29444901866663
264,Elon,CAA,14-18,107.95841663265738,181,116.35793298159348,309,0.29699746419102535,264,14.0,18.0,6.0,12.0,6-12,0.400835590786033,0.3621802407832308,0.422682544517057,0.400835590786033,0.3621802407832308,0.422682544517057,0.8905203549677166,0.8734323200396518,107.55622020319423,110.81234375501825,107.55622020319423,110.81234375501825,105.89518679384868,117.8994379251144,121.7061630383724,109.54789999639512,0.7703607035400963,2.0,0.0014387934560989302,1322.0,1413.0,1226.6375,1.0777430169874962,1.1519295635426114,0.0,0.3333333333333333,-13.259382170612195,266,164,66.82874923360735
265,Purdue Fort Wayne,Horz,17-15,104.88058910524543,247,113.27229791096804,270,0.2921054931774615,265,17.0,15.0,11.0,9.0,11-9,0.4271942459344192,0.438603401467939,0.41513934872225783,0.4271942459344192,0.438603401467939,0.41513934872225783,0.8650766086028552,0.782380453110756,110.49663734602372,111.49571235900305,110.49663734602372,111.49571235900305,104.44761755895675,113.65652592659913,101.0694462975206,114.3069647142668,0.19538124736992243,3.0,0.11965175683186435,1507.0,1566.0,1379.95,1.0920685532084495,1.1348237254973006,0.0,0.55,-9.306434424354677,186,5,67.70708548224617
266,Sacramento St.,BSky,10-21,105.4836699044474,235,114.02580797889544,288,0.2899782804285205,266,10.0,21.0,6.0,12.0,6-12,0.48318743820994764,0.49934789430795373,0.46757158111420183,0.48318743820994764,0.49934789430795373,0.46757158111420183,0.8480410578593609,0.7793931987168161,110.31224731905682,108.62138749212336,110.31224731905682,108.62138749212336,108.16264601124807,116.54948605141918,105.11354030914771,110.6520496644656,0.35651575485992076,2.0,-0.03556214180228068,1444.0,1520.0,1308.8500000000001,1.103258585781411,1.1613248271383274,0.0,0.3333333333333333,-14.733725381666344,293,258,71.65395012208892
267,North Dakota,Sum,18-17,106.69357613037744,210,115.3610888201669,302,0.28941625149545064,267,18.0,17.0,10.0,6.0,10-6,0.39597641138689477,0.3976325431280893,0.3661689788051961,0.39597641138689477,0.3976325431280893,0.3661689788051961,0.8753209563779827,0.8342107951656758,107.7516790499073,111.06467375038869,107.7516790499073,111.06467375038869,111.73791651190801,119.50561037535893,101.65202622610568,99.93743819550161,0.5487515371484221,2.0,0.0601630362773658,1275.0,1298.0,1105.7,1.1531156733291128,1.1739169756715202,0.0,0.625,-11.32163488792559,229,54,67.31695330130187
268,Wofford,SC,19-13,108.09912125374106,179,116.98755221210479,315,0.2872622794674734,268,19.0,13.0,11.0,7.0,11-7,0.3104236119166237,0.3346547694572821,0.29671792534150265,0.3104236119166237,0.3346547694572821,0.29671792534150265,0.9194682910447532,0.8817515602487422,107.27848073773868,115.45316279727143,107.27848073773868,115.45316279727143,111.44229264601007,119.77649674115992,93.19621285424991,111.40053783257636,0.1138617185429938,1.0,0.07099094332152167,1468.0,1439.0,1235.5,1.1881829218939701,1.1647106434641845,0.0,0.6111111111111112,-9.475375256633036,194,38,67.83338895135245
269,Longwood,BSth,16-16,102.98396033377367,284,111.68714337691713,235,0.28232133686609223,269,16.0,16.0,8.0,8.0,8-8,0.29276878174959403,0.2478642893773481,0.3339349220609897,0.29276878174959403,0.2478642893773481,0.3339349220609897,0.9271760220727672,0.9252929350861858,103.8768657042622,112.92519258070118,103.8768657042622,112.92519258070118,104.53484551926033,109.37980836071249,0.0,0.0,0.0,0.0,-0.049099346480805384,1239.0,1189.0,1140.2250000000001,1.0866276392817207,1.0427766449604243,0.0,0.5,-12.757738749490631,257,298,68.52677985281197
270,UTEP,CUSA,11-20,101.08278033749444,307,109.63654630388604,196,0.28208225369473217,270,11.0,20.0,7.0,13.0,7-13,0.4525573218789292,0.41468890137717324,0.473384953154895,0.4525573218789292,0.41468890137717324,0.473384953154895,0.8785527397800267,0.8556290488490539,108.68305182461268,108.56126520085779,108.68305182461268,108.56126520085779,101.08582961709384,110.61240581828444,84.87188077239473,93.33373073550958,0.2510640298559377,1.0,-0.023689576362520726,1353.0,1461.0,1328.5500000000002,1.0184035226374617,1.0996951563734898,0.0,0.35,-14.853917792579878,294,238,65.23504518735788
271,Dartmouth,Ivy,11-16,104.57038240096728,252,113.45265888463071,274,0.2813973567864362,271,11.0,16.0,5.0,9.0,5-9,0.4073538189949272,0.3484547684613177,0.46204579449042166,0.4073538189949272,0.3484547684613177,0.46204579449042166,0.8748406360231203,0.8579025396178326,108.14647755190217,110.24238233177559,108.14647755190217,110.24238233177559,106.1976956013582,114.1947351837023,111.51116772116349,111.05200252527557,0.5118604904126961,1.0,-0.014217332090029955,1027.0,1113.0,966.3249999999999,1.0627894341965696,1.1517864072646367,0.0,0.35714285714285715,-11.593431110796171,236,217,69.52449703459689
272,Lindenwood,OVC,18-15,100.12612079085078,322,108.68765305524498,171,0.2801843390479549,272,18.0,15.0,11.0,9.0,11-9,0.2706815663301886,0.3692581876265276,0.21990344514808086,0.2706815663301886,0.3692581876265276,0.21990344514808086,0.9087906499918367,0.7997936300339848,102.79995810442277,112.0141727015442,102.79995810442277,112.0141727015442,101.33751411951093,111.09820244298703,89.56481933418567,103.67004438513285,0.15684642906854918,3.0,-0.02440366460821275,1522.0,1489.0,1451.725,1.0484079284988548,1.0256763505484854,0.0,0.55,-11.204009284245991,228,239,72.3980103047957
273,Milwaukee,Horz,12-20,105.96713389647633,228,115.12568741092471,299,0.2782220541350055,273,12.0,20.0,8.0,12.0,8-12,0.458519129995876,0.5287439006674224,0.41651379690952994,0.458519129995876,0.5287439006674224,0.41651379690952994,0.843215395715843,0.718593980317221,110.65699636850731,111.064504605558,110.65699636850731,111.064504605558,105.8099447073831,114.50543315799992,106.34528721030382,104.50711737287715,0.549961356431393,3.0,0.01212520923096333,1506.0,1552.0,1361.8625000000002,1.1058385115971692,1.139615783531744,0.0,0.4,-13.58756214838397,273,142,67.6278314492751
274,Incarnate Word,Slnd,12-19,108.48900439838135,173,117.9922434209394,332,0.2757472554842517,274,12.0,19.0,7.0,15.0,7-15,0.40689930343839176,0.39180199448010566,0.4130754752849633,0.40689930343839176,0.39180199448010566,0.4130754752849633,0.8725062133374984,0.8123241647717924,106.90995514963392,108.83639492852623,106.90995514963392,108.83639492852623,106.85476272888853,117.38780298038083,108.13675114076177,97.7463763179505,0.7616479940490208,2.0,-0.04392462746012632,1525.0,1626.0,1430.8250000000003,1.0658186710464241,1.1364073174567118,0.0,0.3181818181818182,-13.764022749513591,278,283,65.45659316114792
275,Loyola Chicago,A10,9-24,103.13831001190273,280,112.21540474530025,248,0.2748769455098845,275,9.0,24.0,4.0,14.0,4-14,0.5678404701292362,0.4407671203406049,0.6580662458918853,0.5678404701292362,0.4407671203406049,0.6580662458918853,0.8183537896371885,0.868801094288415,110.08097293360456,107.29003222986734,110.08097293360456,107.29003222986734,102.43611283446563,109.06802621614426,122.26203844218651,110.34138181269088,0.7649041115155606,3.0,-0.009033426620469354,1168.0,1371.0,1209.6625000000001,0.9655585752224276,1.1333739782790653,0.0,0.2222222222222222,-16.046661369218963,315,202,65.75186823643918
276,Delaware,CUSA,10-21,105.59423194030194,233,115.01995812225131,298,0.2722430273896368,276,11.0,20.0,6.0,14.0,6-14,0.4366788076054133,0.34707476986627034,0.4859610283619419,0.4366788076054133,0.34707476986627034,0.4859610283619419,0.8844333847293628,0.8797590433166641,107.4844000600023,109.69135656997683,107.4844000600023,109.69135656997683,105.62168931743749,115.05809594870874,127.59709563494454,113.48865934222583,0.7937220804360898,1.0,-0.05582129269966368,1346.0,1483.0,1281.4625,1.05036237892252,1.1572714769257781,0.0,0.3,-16.10814215532506,316,313,63.13956928248005
277,South Dakota,Sum,16-16,104.30859524563414,258,113.80503030280309,280,0.2685426834627892,277,16.0,16.0,8.0,8.0,8-8,0.3605120909090112,0.35347407034334755,0.3687539174375047,0.3605120909090112,0.35347407034334755,0.3687539174375047,0.8978608214078825,0.8741826925512849,106.94412332333756,111.99695783975031,106.94412332333756,111.99695783975031,103.95862702325424,113.15561660273283,106.01340773798145,117.12791121822151,0.24111765378096378,1.0,0.02133563571549396,1232.0,1259.0,1137.575,1.0830055161198162,1.1067402149308836,0.0,0.5,-11.573939651199368,235,124,69.95883989210537
278,Mount St. Mary's,MAAC,15-17,99.09764401085145,333,108.22505104407932,163,0.2663476683702711,278,15.0,17.0,11.0,9.0,11-9,0.34546250327491324,0.45760741038127484,0.2783535750734862,0.34546250327491324,0.45760741038127484,0.2783535750734862,0.891949368581755,0.7880593815956519,104.36299678344336,110.94728484107038,104.36299678344336,110.94728484107038,98.54081809846073,107.77722452607509,96.31260081464677,100.94648527819818,0.3680943670705667,3.0,0.0048294788870091865,1365.0,1344.0,1334.4875000000002,1.0228645828454743,1.0071282046478516,0.0,0.55,-12.49133147789675,251,159,67.79935622048843
279,Ball St.,MAC,12-19,98.98590860264375,335,108.24070292481001,164,0.2634973125162838,279,12.0,19.0,7.0,11.0,7-11,0.3804238413978326,0.30151802473219996,0.4374113756563451,0.3804238413978326,0.30151802473219996,0.4374113756563451,0.8956462218863643,0.899495089083612,107.6403042592651,111.48806980417537,107.6403042592651,111.48806980417537,100.73143436789175,109.55976866536966,89.73170261957604,104.54498042135876,0.14715106890071541,1.0,-0.03693756027493095,1213.0,1293.0,1180.1375,1.027846331465613,1.0956350425268242,0.0,0.3888888888888889,-14.650321045289513,289,261,63.65186264803805
280,Western Michigan,MAC,10-21,107.09113630949012,199,117.45928745262924,325,0.2567875094731935,280,11.0,20.0,4.0,14.0,4-14,0.43762872782570184,0.3791972688114348,0.4798292260026726,0.43762872782570184,0.3791972688114348,0.4798292260026726,0.8622230527720206,0.8452938567730317,108.2031409230885,109.03853794168843,108.2031409230885,109.03853794168843,108.13601342314908,118.74015412686249,86.5612673705358,116.91167260514835,0.03057525080560656,2.0,-0.04792987113083219,1345.0,1456.0,1235.1750000000002,1.0889145262817008,1.1787803347703765,0.0,0.2222222222222222,-15.398596196343302,308,294,67.801675256714
281,Prairie View A&M,SWAC,18-17,101.3658208423942,303,111.33040676882663,227,0.2538251635700157,281,18.0,17.0,9.0,9.0,9-9,0.2964493981956649,0.4328310331635503,0.20658888273431397,0.2964493981956649,0.4328310331635503,0.20658888273431397,0.9028439054009317,0.798409444976023,104.07988036969031,111.8282789845279,104.07988036969031,111.8282789845279,99.76095914827053,112.8516567021291,100.69635746164066,113.30170783432379,0.20483203491408236,2.0,-0.011542917786205531,1385.0,1366.0,1318.0625000000002,1.050784769311015,1.036369671392669,0.0,0.5,-12.55205993094925,252,210,70.86495539002301
282,Presbyterian,BSth,15-18,102.40553021618052,290,112.50659529108438,255,0.25316213746534655,282,15.0,18.0,7.0,9.0,7-9,0.3433943659049464,0.3413910650332088,0.3375508419663032,0.3433943659049464,0.3413910650332088,0.3375508419663032,0.9041732541893098,0.8772273270444744,106.34402907949928,111.80238619096059,106.34402907949928,111.80238619096059,105.06101273523925,114.8614477983189,78.45099061933468,107.11082375085941,0.0270937626697337,1.0,-0.0016168325106304948,1186.0,1198.0,1089.3875,1.0886851556493902,1.0997005197874952,0.0,0.4375,-13.756967102672531,277,175,64.19592168677806
283,Lehigh,Pat,18-16,102.50987328965337,289,112.73846173433392,262,0.25090668326396925,283,18.0,16.0,11.0,7.0,11-7,0.3081745108250687,0.40920894092260174,0.25191568005177956,0.3081745108250687,0.40920894092260174,0.25191568005177956,0.9108629250577537,0.8348754775033688,105.1573997573854,112.96141539212947,105.1573997573854,112.96141539212947,103.48088786040168,113.57915440829548,86.65750641372362,103.970254063035,0.1096204607345161,2.0,0.02885565533392087,1357.0,1355.0,1247.1875,1.088048108243548,1.0864445001252818,0.0,0.6111111111111112,-12.051485130769061,244,107,66.86773276573764
284,Mercyhurst,NEC,17-17,101.25992395524815,305,111.44294254808202,229,0.2493741004297292,284,17.0,17.0,10.0,8.0,10-8,0.26735923004936557,0.40603182208152266,0.17800012430832446,0.26735923004936557,0.40603182208152266,0.17800012430832446,0.9190356225419334,0.8353064779685452,102.44901661591699,113.06350294621963,102.44901661591699,113.06350294621963,102.97137737884265,112.9000974353576,76.69051775005772,101.66897620322662,0.03760248253876633,2.0,-0.046008574746858266,1296.0,1230.0,1186.0375000000001,1.092714184838169,1.037066703202892,0.0,0.5555555555555556,-13.300996802494529,267,290,64.58754589752284
285,Jacksonville,ASun,12-20,103.36209671939213,276,113.79896710614202,279,0.2485718087684561,285,12.0,20.0,7.0,11.0,7-11,0.38051029904690176,0.4848663143505666,0.3135921854973145,0.38051029904690176,0.4848663143505666,0.3135921854973145,0.8780463618823167,0.7880100560812472,108.58852539045795,112.73113346515271,108.58852539045795,112.73113346515271,104.21279942120135,111.62351502479757,104.54157451489439,117.05569622930129,0.21412332127618372,3.0,-0.042146370723148086,1272.0,1283.0,1158.075,1.098374457612849,1.1078729788657902,0.0,0.3888888888888889,-14.870059261631381,297,276,63.5226010996865
286,Louisiana,SB,11-22,101.50904950899071,302,111.78727269138408,236,0.2480252364420515,286,11.0,22.0,7.0,11.0,7-11,0.40800976134505507,0.456661722096236,0.3840802623421543,0.40800976134505507,0.456661722096236,0.3840802623421543,0.887980897947654,0.8354745738566669,106.33187553534941,110.3433474366416,106.33187553534941,110.3433474366416,102.28025266419507,110.83711959271527,90.47641137064657,108.55593850782668,0.10958091718153531,2.0,-0.04141653178871435,1179.0,1254.0,1148.8624999999997,1.0262324690726699,1.0915144327541375,0.0,0.3888888888888889,-17.004041510230085,329,272,63.268747124337736
287,Arkansas Pine Bluff,SWAC,13-19,104.86960371788071,248,115.7716592714887,306,0.24280282268723935,287,13.0,19.0,10.0,8.0,10-8,0.3812107563013121,0.6375518186511913,0.1996937111693467,0.3812107563013121,0.6375518186511913,0.1996937111693467,0.8494928916011535,0.6771970965708021,106.38186455002129,110.49223052883248,106.38186455002129,110.49223052883248,105.45154996255482,115.99894330086924,96.0201236019815,112.18009884704354,0.14321992583311707,4.0,-0.02310729332651268,1366.0,1332.0,1247.2749999999999,1.0951875087691167,1.0679280832214229,0.0,0.5555555555555556,-12.91730656793839,260,237,69.27688370847447
288,UNC Greensboro,SC,15-19,107.794718504092,184,119.03928711292136,342,0.2421209223611218,288,15.0,19.0,9.0,9.0,9-9,0.33361044103943094,0.3935936115708397,0.3016957662195424,0.33361044103943094,0.3935936115708397,0.3016957662195424,0.9189650224289829,0.8770552912954434,107.24442856505135,114.1725851557009,107.24442856505135,114.1725851557009,108.6353880599568,121.73777733169874,103.76380673149608,118.13647364985766,0.18364904513338984,1.0,-0.011326963441228022,1420.0,1485.0,1241.7624999999998,1.143535901591488,1.195880854833352,0.0,0.5,-15.194955593860126,302,209,67.66671227563123
289,Brown,Ivy,9-18,97.74551152843571,343,107.9588021622007,156,0.24178872815454733,289,9.0,18.0,3.0,11.0,3-11,0.3705616373939095,0.265990319439326,0.46766357549459414,0.3705616373939095,0.265990319439326,0.46766357549459414,0.9085766710190889,0.9292804964287332,107.00863897721175,111.68747203193016,107.00863897721175,111.68747203193016,98.59705806399525,109.06208287664724,0.0,0.0,0.0,0.0,-0.08778234389091283,945.0,1061.0,955.2625,0.9892568796534983,1.1106894701718113,0.0,0.21428571428571427,-14.548888260957435,287,354,66.67380587153875
290,Morehead St.,OVC,20-13,106.35368347962466,215,117.66963393624766,327,0.23816354520229674,290,20.0,13.0,15.0,5.0,15-5,0.29431523762500217,0.4113395192937267,0.2240766773103231,0.29431523762500217,0.4113395192937267,0.2240766773103231,0.9091617264412845,0.8067654616228,103.24071036733913,111.3788108226588,103.24071036733913,111.3788108226588,108.78241468695417,118.17059167640028,109.59752831021468,126.61815633363942,0.1597415188497653,2.0,0.10579910210336185,1475.0,1422.0,1314.6125000000002,1.1220036322490465,1.0816875695309454,0.0,0.75,-9.070679439028487,181,8,65.33078339060131
291,IU Indy,Horz,7-25,106.11630185241977,223,117.42575579905909,323,0.23783031332644883,291,7.0,25.0,3.0,17.0,3-17,0.4031353660398142,0.38496560899030735,0.4205258184110721,0.4031353660398142,0.38496560899030735,0.4205258184110721,0.8844317276994575,0.8315361523307684,108.96849118726588,111.66814957224392,108.96849118726588,111.66814957224392,105.56358094538523,116.6433610445669,121.32804368233744,117.95690805640655,0.5803119282235494,2.0,-0.1517748386842135,1552.0,1694.0,1435.0875,1.0814671579259103,1.1804158283031523,0.0,0.15,-20.055078639958147,355,365,73.66943086048198
292,Florida A&M,SWAC,15-16,98.78252040475769,337,109.36839397735831,191,0.2367258303541793,292,15.0,16.0,11.0,7.0,11-7,0.32077503704073257,0.5002996656138392,0.221390576813276,0.32077503704073257,0.5002996656138392,0.221390576813276,0.8964176199704645,0.7732476795752284,104.62477119668972,111.48925081990318,104.62477119668972,111.48925081990318,101.18375232064949,109.9644438278529,93.50790515278445,107.79817506104243,0.1630824551384527,4.0,0.01190360440190974,1305.0,1269.0,1238.1999999999998,1.0539492812146667,1.0248748182846068,0.0,0.6111111111111112,-11.825829168365656,239,144,67.97627905333707
293,East Texas A&M,Slnd,11-21,100.5526838882254,316,111.43449407339494,228,0.2347495792286534,293,11.0,21.0,6.0,16.0,6-16,0.43212690034673,0.4658926947995967,0.41677881195906336,0.43212690034673,0.4658926947995967,0.41677881195906336,0.855132804737329,0.764487668243171,107.54328083170444,108.74263689585422,107.54328083170444,108.74263689585422,100.15098117736753,111.75667743566274,93.76823029904162,106.8325578749678,0.1824223610150965,3.0,-0.015366493122591085,1455.0,1633.0,1474.825,0.9865577271879714,1.1072500127133726,0.0,0.2727272727272727,-15.004616118713638,300,219,68.38733517840534
294,Northeastern,CAA,7-24,106.90319120728482,203,118.48529390894873,338,0.23452226817315946,294,7.0,24.0,2.0,16.0,2-16,0.4401886112493452,0.457412393513961,0.4429999061479733,0.4401886112493452,0.457412393513961,0.4429999061479733,0.8894102899520522,0.8573584352284538,107.31722018462456,109.80835995315853,107.31722018462456,109.80835995315853,108.03154048782454,122.33746931287202,0.0,0.0,0.0,0.0,-0.08432962004320302,1348.0,1518.0,1254.8500000000001,1.0742319799179183,1.2097063394031158,0.0,0.1111111111111111,-19.224990964969113,350,352,69.74196653195828
295,Southeastern Louisiana,Slnd,9-22,99.30902868209957,331,110.1088521039211,209,0.23376386060892881,295,9.0,22.0,6.0,16.0,6-16,0.4425418936764635,0.5053000513013861,0.41686810192081336,0.4425418936764635,0.5053000513013861,0.41686810192081336,0.870511460370176,0.8074313780548201,107.051696034556,109.0538743940966,107.051696034556,109.0538743940966,99.61756505975268,110.8442475604851,102.02794204049007,118.33011467248406,0.15385720443013376,1.0,-0.043619110021486274,1440.0,1567.0,1442.0375,0.9985870686441928,1.0866569003926736,0.0,0.2727272727272727,-16.541719376974278,323,282,65.4244162641203
296,West Georgia,ASun,15-17,102.07493318414726,294,113.18352311063909,267,0.233618741557464,296,15.0,17.0,8.0,10.0,8-10,0.33812868945481317,0.4050161887626184,0.29800578730797583,0.33812868945481317,0.4050161887626184,0.29800578730797583,0.8886290195551968,0.7939702444013769,108.66896710814918,114.74493657164489,108.66896710814918,114.74493657164489,103.20974660285702,114.86604940989923,100.67093828241424,104.92387860524752,0.3832333814439452,3.0,0.016027145920646746,1379.0,1423.0,1249.3,1.1038181381573682,1.1390378612022733,0.0,0.4444444444444444,-12.464522412190522,250,132,69.064723125377
297,Sacred Heart,MAAC,14-19,106.76131926523145,208,118.54680291756259,339,0.23073070154991793,297,14.0,19.0,9.0,11.0,9-11,0.32679528271463293,0.3915737880232147,0.28304969276434583,0.32679528271463293,0.3915737880232147,0.28304969276434583,0.9179773903265873,0.864075637269877,103.72872378386154,111.17701664375271,103.72872378386154,111.17701664375271,109.1709967152548,120.88840409080149,103.17328366494395,126.56913717931019,0.08703750275117475,1.0,-0.00899058549481152,1513.0,1530.0,1355.8875000000003,1.1158742889804647,1.1284122023397956,0.0,0.45,-15.261643539153138,305,201,68.40023675609288
298,Bellarmine,ASun,13-19,114.90616348569387,80,127.73654200016352,365,0.2284081438899377,298,13.0,19.0,7.0,11.0,7-11,0.3657622793928641,0.424222944469194,0.32362853502876704,0.3657622793928641,0.424222944469194,0.32362853502876704,0.8917195134455979,0.8184279046327491,108.17357732560565,112.88920770762715,108.17357732560565,112.88920770762715,115.68020296245287,129.50371266557718,120.15572919717467,123.30339412255822,0.426197633056382,2.0,-0.006695750278053136,1466.0,1501.0,1195.6125,1.226149776788048,1.2554234754153206,0.0,0.3888888888888889,-14.406714482358867,286,191,64.59513274507498
299,Eastern Kentucky,ASun,11-21,108.54594946831625,172,120.85232793294733,351,0.22529850491554815,299,11.0,21.0,7.0,11.0,7-11,0.37466149531351844,0.4573892075099817,0.3239731775174888,0.37466149531351844,0.4573892075099817,0.3239731775174888,0.8954825712280413,0.8323834014048701,108.42352855806847,112.63603321155139,108.42352855806847,112.63603321155139,111.26423666222335,121.15776782585615,96.20625516653222,105.30559928291686,0.261288852812839,1.0,-0.04871005507720588,1464.0,1494.0,1251.8374999999999,1.1694808631311973,1.1934456349166727,0.0,0.3888888888888889,-16.53397997954428,322,295,67.23915693529963
300,Grambling St.,SWAC,14-19,96.27657623051229,349,107.24868929302946,143,0.22423747941069022,300,14.0,19.0,7.0,11.0,7-11,0.30615201212163357,0.4356319929552098,0.2368450387246754,0.30615201212163357,0.4356319929552098,0.2368450387246754,0.9015899214870746,0.8062411513003533,103.81435431484451,111.36913528003566,103.81435431484451,111.36913528003566,93.71905276678669,107.43080507478925,107.53470941602306,111.07320026875504,0.40798021383774885,2.0,-0.037444775977103995,1240.0,1252.0,1260.2625,0.9839220003769056,0.9934438261870047,0.0,0.3888888888888889,-14.863206133824738,296,264,67.51266549787748
301,Oral Roberts,Sum,10-23,102.25424010158277,293,113.96169049183534,284,0.22328908730883326,301,10.0,23.0,4.0,12.0,4-12,0.42365198911462154,0.4857339850951845,0.3743815894415868,0.42365198911462154,0.4857339850951845,0.3743815894415868,0.8782839368542884,0.8335173825260331,109.32850403578554,111.04788390436529,109.32850403578554,111.04788390436529,101.72562117181168,115.70213098040072,99.896417566391,115.41958029627448,0.1596194656340748,2.0,-0.06275012714518524,1166.0,1272.0,1109.3500000000001,1.0510659395141297,1.1466173885608688,0.0,0.25,-17.587171394332223,336,322,67.7247215318643
302,Evansville,MVC,7-25,102.27207667335182,292,114.22700741487162,290,0.2190283916236822,302,7.0,25.0,3.0,17.0,3-17,0.5505569414600548,0.46008889402566583,0.5891312370327739,0.5505569414600548,0.46008889402566583,0.5891312370327739,0.8279635543976708,0.8271674113716095,110.26417559546398,106.09887042193576,110.26417559546398,106.09887042193576,101.55570999603138,113.8082377264228,95.46453284887664,104.46971497982284,0.26179923461060794,1.0,-0.025722833344012985,1325.0,1581.0,1359.3374999999999,0.9747395330445898,1.1630665673535823,0.0,0.15,-17.704120581969164,339,241,66.94836010278873
303,USC Upstate,BSth,13-19,99.02819301260527,334,110.77754963777129,218,0.2159586553731374,303,13.0,19.0,5.0,11.0,5-11,0.3497374823787146,0.3774378001679513,0.3421845771245276,0.3497374823787146,0.3774378001679513,0.3421845771245276,0.8859836484370752,0.8365630418331927,105.67167488528492,111.19031603774619,105.67167488528492,111.19031603774619,97.71473898862294,111.65663151096992,108.16235222888905,97.25667484189817,0.7724534741133015,2.0,-0.03432162127352045,1132.0,1234.0,1132.9375000000002,0.999172505102885,1.0892039499089754,0.0,0.3125,-14.26716436122785,285,254,67.57637475571345
304,Hampton,CAA,13-19,100.57462325186341,315,112.57770028411629,258,0.21474582658825397,304,13.0,19.0,7.0,11.0,7-11,0.37054739802710746,0.27393032780759874,0.434342346077845,0.37054739802710746,0.27393032780759874,0.434342346077845,0.8989974418501497,0.8992190679662637,105.57930422738316,110.076117411693,105.57930422738316,110.076117411693,99.62039596456563,110.74268776888267,94.92227175492994,116.293494378815,0.08825132368024405,1.0,0.020450070923066388,1208.0,1295.0,1191.0875,1.0141992087063292,1.087241701386338,0.0,0.3888888888888889,-14.656634444331795,290,126,65.39796970211496
305,Northwestern St.,Slnd,10-22,100.62175099729006,313,112.66801092878875,261,0.21409996886189442,305,10.0,22.0,8.0,14.0,8-14,0.43221657768096006,0.47801743626749577,0.41865198543991133,0.43221657768096006,0.47801743626749577,0.41865198543991133,0.8656768839928038,0.7822058866758534,107.09046965400483,108.54617503693666,107.09046965400483,108.54617503693666,100.754033611449,111.76806598954819,110.90219281580814,117.8826900140508,0.33137447484489,2.0,-0.02285288011951153,1452.0,1538.0,1427.4875,1.0171717790873827,1.0774174905209328,0.0,0.36363636363636365,-16.274622127589996,317,236,64.7825771048122
306,Texas Southern,SWAC,12-18,102.03656455255125,295,114.26035324947458,291,0.21396197976409856,306,12.0,18.0,10.0,8.0,10-8,0.33860461383469953,0.5587916652459164,0.21100265475268512,0.33860461383469953,0.5587916652459164,0.21100265475268512,0.861922776708771,0.6841616178884737,105.17637799801537,110.82636979701127,105.17637799801537,110.82636979701127,102.83601444530822,114.27304307672132,99.56586808067632,118.02023597965294,0.12396335984392189,5.0,-0.05491669159200385,1388.0,1319.0,1273.0375000000001,1.0903056665652031,1.0361045923627543,0.0,0.5555555555555556,-12.96979032376855,262,309,68.66327486134084
307,Alabama A&M,SWAC,18-15,104.2472705386927,259,116.77092440706252,313,0.21338231160313897,307,18.0,15.0,10.0,8.0,10-8,0.2745746826886299,0.34737707308734456,0.22651530193405942,0.2745746826886299,0.34737707308734456,0.22651530193405942,0.9216861815475068,0.8585705821357935,102.70004344788617,111.67699705666229,102.70004344788617,111.67699705666229,107.35788079098323,118.2624969634465,85.35503867419875,120.79087548519988,0.018105385409544157,2.0,0.03869272286982839,1354.0,1324.0,1216.7624999999998,1.1127890611355957,1.0881334689390907,0.0,0.5555555555555556,-11.615165032339835,237,88,65.22733017015989
308,Alabama St.,SWAC,10-22,99.61571969225464,329,111.66870193814111,234,0.2119034898513706,308,10.0,22.0,7.0,11.0,7-11,0.3667418676248099,0.5720368750074841,0.2322415171038166,0.3667418676248099,0.5720368750074841,0.2322415171038166,0.8694885123500825,0.7349580041821148,104.47300894653017,110.0782096188742,104.47300894653017,110.0782096188742,97.39924353699892,109.55548799741533,115.87989661614266,118.0273027137213,0.4474054046865197,4.0,-0.08356217118845399,1310.0,1308.0,1288.8749999999998,1.0163902628261081,1.0148385219668317,0.0,0.3888888888888889,-16.599061166909785,324,350,69.28336949104553
309,Houston Christian,Slnd,12-20,101.60041127655737,300,113.89662153212532,282,0.21185137924902725,309,12.0,20.0,8.0,14.0,8-14,0.39971926211933423,0.34891608752038666,0.4188563065266475,0.39971926211933423,0.34891608752038666,0.4188563065266475,0.8806661763669509,0.838901686022494,106.83714116819911,109.80607517495622,106.83714116819911,109.80607517495622,102.3483706909429,114.93530661153257,115.99784531023175,111.33782345367882,0.6157457505302716,1.0,0.015351848138098867,1457.0,1575.0,1415.8874999999996,1.0290365583423828,1.1123765129644838,0.0,0.36363636363636365,-14.95724886092426,299,133,64.10491449961911
310,Stetson,ASun,12-21,105.0742651012445,244,117.80688291608837,328,0.21159095701690428,310,12.0,21.0,7.0,11.0,7-11,0.38503513627320596,0.4832471887941816,0.3159089174671314,0.38503513627320596,0.4832471887941816,0.3159089174671314,0.8836843225631111,0.7988385714776179,108.17360654249767,112.27140491964313,108.17360654249767,112.27140491964313,106.7080508476214,119.68774268894607,89.23351545854189,105.51544006502945,0.12703788685106493,3.0,-0.013200928274323953,1385.0,1437.0,1230.7749999999999,1.1253072251223823,1.1675570270764357,0.0,0.3888888888888889,-15.918655054679935,314,215,66.76318314697646
311,North Carolina A&T,CAA,11-19,104.33733502857422,257,117.13567828894024,318,0.2090614617378637,311,11.0,19.0,4.0,14.0,4-14,0.3723741508828296,0.28162574189088524,0.4354899498911209,0.3723741508828296,0.28162574189088524,0.4354899498911209,0.9107384910865532,0.9151350450297795,106.36344094317015,111.4147842022445,106.36344094317015,111.4147842022445,106.74013843915527,118.54069713673042,0.0,0.0,0.0,0.0,-0.009367697355180504,1338.0,1448.0,1239.8500000000001,1.0791628019518489,1.167883211678832,0.0,0.2222222222222222,-15.207546284791942,304,204,68.51967100750747
312,Chattanooga,SC,13-19,105.22400084281838,240,118.31977818051206,336,0.20604298154556472,312,13.0,19.0,7.0,11.0,7-11,0.30838720624514826,0.3278794234753591,0.3056960294859851,0.30838720624514826,0.3278794234753591,0.3056960294859851,0.9152365672833634,0.8722793773982253,107.0801143418259,114.60407023902032,107.0801143418259,114.60407023902032,104.28472323036785,117.09776244469248,114.76074041214295,114.5486545111077,0.505317916844388,2.0,-0.04786319890071411,1359.0,1393.0,1226.1000000000001,1.1083924639099583,1.1361226653617158,0.0,0.3888888888888889,-15.36538571269753,307,293,67.04898267404877
313,Central Connecticut,NEC,18-12,104.42954205222269,255,117.44083668101628,324,0.20581250890600486,313,18.0,12.0,12.0,6.0,12-6,0.24838936000806675,0.36419840249706253,0.1828277660495387,0.24838936000806675,0.36419840249706253,0.1828277660495387,0.9389124409285028,0.88174156408245,101.92471650838885,113.00235604157744,101.92471650838885,113.00235604157744,107.20882016012575,119.43266972156448,110.99065221623344,119.60064748481629,0.2975083704810819,1.0,0.09144471294192302,1284.0,1270.0,1153.6625,1.1129771488628608,1.1008418839998702,0.0,0.6666666666666666,-9.448517885398887,191,15,64.84035327713883
314,Cleveland St.,Horz,11-22,109.63594566504855,151,123.50801178943134,362,0.2026007100402609,314,11.0,22.0,6.0,14.0,6-14,0.420903929494071,0.41490541281507165,0.4240433960110058,0.420903929494071,0.41490541281507165,0.4240433960110058,0.8880386658786631,0.8506534918786041,109.57409444247072,111.00126795881533,109.57409444247072,111.00126795881533,110.54584636857714,123.36103124947658,93.94244746098873,121.37207629476002,0.04992339912033572,2.0,0.007069814503126992,1580.0,1722.0,1393.1874999999998,1.1340899914763807,1.2360145350141314,0.0,0.3,-16.918276722614387,328,151,69.60025397588306
315,Le Moyne,NEC,15-17,100.68361475702883,312,113.458818127207,275,0.20201402205457367,315,15.0,17.0,10.0,8.0,10-8,0.2759072550097725,0.4176629381755861,0.183250212789662,0.2759072550097725,0.4176629381755861,0.183250212789662,0.9271184573673504,0.8611803888572437,102.64471750434241,112.8061679278883,102.64471750434241,112.8061679278883,98.03227188995442,109.90693054591145,82.20241854467517,104.98148463770961,0.05663149826640587,1.0,-0.0030560730749950027,1285.0,1234.0,1233.9750000000001,1.041350108389554,1.0000202597297352,0.0,0.5555555555555556,-13.802485423310792,279,180,69.46568255750056
316,Georgia St.,SB,10-22,99.30051793699084,332,112.00908283192672,241,0.2002174992525665,316,10.0,22.0,7.0,11.0,7-11,0.38359300339553826,0.3970819215531987,0.3813825495584331,0.38359300339553826,0.3970819215531987,0.3813825495584331,0.9022903604208118,0.8621604408369558,106.84432193564895,110.51228024526316,106.84432193564895,110.51228024526316,101.77590393983309,110.93761635465584,99.9856183149491,93.7311191898061,0.6776199071126059,2.0,-0.031649710177196144,1276.0,1318.0,1219.1125000000002,1.0466630438126094,1.0811143352233692,0.0,0.3888888888888889,-17.724297560569656,340,250,67.91969839507634
317,Northern Arizona,BSky,10-22,105.64990260115479,232,119.29625833081784,345,0.19829098518739907,317,10.0,22.0,4.0,14.0,4-14,0.4311078470422808,0.37639747052522227,0.4777106971517009,0.4311078470422808,0.37639747052522227,0.4777106971517009,0.8745548919754336,0.8465332025696969,109.50227155872946,109.84430396285357,109.50227155872946,109.84430396285357,108.95329712799347,122.81444518868807,84.02306799631053,100.40316282881558,0.11423673695861633,2.0,-0.00921951961263745,1240.0,1416.0,1141.1999999999998,1.0865755345250616,1.2407991587802316,0.0,0.2222222222222222,-16.707305402555992,325,203,63.78349615538163
318,Wagner,NEC,14-17,101.9302815614972,296,115.12574384963789,300,0.19782202433462867,318,14.0,17.0,8.0,10.0,8-10,0.27479826108468797,0.4129651412419373,0.18371671802461617,0.27479826108468797,0.4129651412419373,0.18371671802461617,0.9157855271488289,0.8230430829804419,102.76496061967431,112.14562889712224,102.76496061967431,112.14562889712224,101.42616151934106,117.53900877128156,109.82048471056449,108.1417703240678,0.5441711104781253,2.0,-0.034503853121712336,1238.0,1261.0,1168.0125,1.0599201635256472,1.079611733607303,0.0,0.4444444444444444,-13.505523354164003,272,255,65.47361305927758
319,Albany,AE,11-21,103.40761185078188,274,117.89029367002766,330,0.18132845893384328,319,11.0,21.0,7.0,9.0,7-9,0.31112770609594276,0.4524127311599667,0.18388143240473623,0.31112770609594276,0.4524127311599667,0.18388143240473623,0.918604185149414,0.8627530161388143,104.11426441916325,112.15120144919794,104.11426441916325,112.15120144919794,102.60251049330263,116.9159804092355,0.0,0.0,0.0,0.0,-0.08717337719186807,1103.0,1082.0,1013.9250000000002,1.0878516655571169,1.0671400744631012,0.0,0.4375,-17.360524158008808,332,353,65.2710533257887
320,UMass Lowell,AE,15-18,102.59042536210504,286,117.08545713841855,317,0.1794859913190529,320,15.0,18.0,9.0,7.0,9-7,0.2954862759145683,0.40898472249281237,0.18411284098072658,0.2954862759145683,0.40898472249281237,0.18411284098072658,0.8971309009295805,0.8178136886977828,103.94795462740181,112.21725940149244,103.94795462740181,112.21725940149244,101.99737428504521,116.02354703959656,91.22881726746135,123.62669230459082,0.029460548927913582,2.0,-0.0032399459517383766,1167.0,1144.0,1079.5874999999999,1.0809684254402725,1.0596639920339945,0.0,0.5625,-13.67106004112201,275,182,69.31971198343177
321,Lafayette,Pat,11-21,100.3544080924218,320,115.34290144072311,301,0.16786751713343612,321,11.0,21.0,8.0,10.0,8-10,0.33147416825039144,0.44611445319651427,0.26114445464170427,0.33147416825039144,0.44611445319651427,0.26114445464170427,0.9106585930368883,0.8462643924460104,105.11449613757911,112.30279836606529,105.11449613757911,112.30279836606529,98.3829478805556,113.21496346303466,99.57916288171496,118.13469791883873,0.12292325439031405,2.0,-0.03065709538477701,1232.0,1299.0,1195.05,1.0309192084013221,1.0869838082088616,0.0,0.4444444444444444,-17.116943487975107,331,248,66.80895930858723
322,NJIT,AE,16-17,97.29601385537626,344,112.04778736792626,243,0.16473299721006882,322,16.0,17.0,10.0,6.0,10-6,0.314222907451088,0.46298510965097983,0.18596842469383984,0.314222907451088,0.46298510965097983,0.18596842469383984,0.8929398410773508,0.8043688604390932,103.3922941984082,112.0529426803201,103.3922941984082,112.0529426803201,101.00792693140676,114.2166891751659,96.78160819222083,119.92715770498286,0.07828233735168078,2.0,0.07013784173330839,1133.0,1125.0,1064.3000000000002,1.0645494691346422,1.0570327915061541,0.0,0.625,-12.444232718730216,248,41,68.04417606280916
323,Tennessee Tech,OVC,13-18,101.70796543706471,298,117.20796487683913,319,0.1636648851044708,323,13.0,18.0,8.0,12.0,8-12,0.2820653258198638,0.3739332594129412,0.2315379623436713,0.2820653258198638,0.3739332594129412,0.2315379623436713,0.9177594029004716,0.8396005658362696,102.79157434048112,111.30506051295829,102.79157434048112,111.30506051295829,101.38773797874816,119.48630592410545,99.50288267754274,117.8710365518808,0.12475502985595924,2.0,-0.009781993163231917,1383.0,1451.0,1322.5249999999999,1.0457269238766753,1.097143721290713,0.0,0.4,-14.632027264594308,288,206,67.04365460029317
324,Cal St. Bakersfield,BW,8-24,101.6520419129152,299,117.28471249020964,320,0.1617775737590908,324,8.0,24.0,2.0,18.0,2-18,0.47337355318826285,0.4284660103643674,0.5003180788826003,0.47337355318826285,0.4284660103643674,0.5003180788826003,0.8636120293201449,0.8377967001448736,107.01339967659996,107.61747444096028,107.01339967659996,107.61747444096028,102.40101518951109,119.41915561849703,96.15877142120385,108.52725274504719,0.1991672528531878,2.0,-0.018837274762574407,1469.0,1739.0,1469.5125,0.9996512448856338,1.1833856466004882,0.0,0.1,-18.072980231232336,342,226,70.03962333679424
325,Loyola MD,Pat,12-20,103.46443754775444,273,119.42420177433632,346,0.16114678475402963,325,12.0,20.0,8.0,10.0,8-10,0.2843963974842081,0.30771095834026746,0.2618968454589421,0.2843963974842081,0.30771095834026746,0.2618968454589421,0.9266189112159863,0.8916106424094663,103.60068523170659,112.79935878193223,103.60068523170659,112.79935878193223,102.21814908041087,116.45282477893096,74.03835224089929,106.79730450746978,0.01458572633449527,1.0,-0.0391634244472131,1345.0,1374.0,1247.9625000000003,1.0777567434918915,1.100994621232609,0.0,0.4444444444444444,-16.796150613685093,327,268,68.19723539323311
326,Bucknell,Pat,10-23,98.74809741838794,339,114.06661067596724,289,0.15997419141340657,326,10.0,23.0,6.0,12.0,6-12,0.37050955690868415,0.5244110730387808,0.2620282107526777,0.37050955690868415,0.5244110730387808,0.2620282107526777,0.889729247033812,0.800520243477306,106.60935335236502,112.33633967320448,106.60935335236502,112.33633967320448,97.98127434975075,116.88214639719394,83.33378561937259,111.84019356012662,0.03281528907667182,2.0,-0.015156901603586403,1257.0,1373.0,1220.3625,1.030021817287896,1.1250755410789828,0.0,0.3333333333333333,-18.223171829391262,344,218,67.05224438032326
327,Little Rock,OVC,12-20,101.01742649204883,308,116.73465374819799,312,0.15935706633497876,327,12.0,20.0,9.0,11.0,9-11,0.31389218754012865,0.46590191175141693,0.23197223163695138,0.31389218754012865,0.46590191175141693,0.23197223163695138,0.9190337896451771,0.8397377243084996,102.46606673977628,110.3081937900543,102.46606673977628,110.3081937900543,102.93254452386637,116.1404461545493,106.39791583934995,141.27723061065436,0.036944698514171294,1.0,-0.003498787873669862,1444.0,1417.0,1346.2625,1.0725991402122543,1.0525436161224129,0.0,0.45,-16.407038432956057,319,183,66.46268962133475
328,North Florida,ASun,7-25,106.90962278540349,202,123.76892391760961,363,0.1565700265441364,328,7.0,25.0,5.0,13.0,5-13,0.3951816328852908,0.5064064891358486,0.3238282862178959,0.3951816328852908,0.5064064891358486,0.3238282862178959,0.8459526859394992,0.7117800949347698,108.50005517645005,110.5340415681187,108.50005517645005,110.5340415681187,106.87096615611446,123.20856135236603,102.20818581454043,114.50326801172395,0.21310608887483612,4.0,-0.09176451449005218,1435.0,1555.0,1280.3125,1.120820112277276,1.2145472296802537,0.0,0.2777777777777778,-18.996020628438632,348,355,70.49961616517757
329,New Haven,NEC,14-17,95.91952664054466,350,111.53838138070952,231,0.14996436019829235,329,14.0,17.0,9.0,9.0,9-9,0.27932919536998546,0.40430916324831173,0.18906588523563872,0.27932919536998546,0.40430916324831173,0.18906588523563872,0.8989675370849152,0.8003996634642923,103.26303516038115,111.71074632504032,103.26303516038115,111.71074632504032,97.27397232109814,112.08694899238094,90.06359373330801,108.03146596520075,0.10988415317885918,3.0,0.016226776515138708,1160.0,1166.0,1127.6125,1.0287221895819707,1.0340431664246361,0.0,0.5,-13.127959215371796,265,131,63.384438907329184
330,Eastern Illinois,OVC,13-20,96.60305592628984,347,112.5831393204866,259,0.14673545717354328,330,13.0,20.0,8.0,12.0,8-12,0.3183643712180506,0.4765228825393924,0.233246574206877,0.3183643712180506,0.4765228825393924,0.233246574206877,0.8815965520368123,0.7249453645828999,104.37688684571967,110.49210329065686,104.37688684571967,110.49210329065686,96.05064153784483,112.2792377345155,95.54840596916773,114.35163972193067,0.11245354824597077,3.0,0.0014046168901841738,1324.0,1393.0,1341.9125,0.9866515141635539,1.038070664070869,0.0,0.4,-15.201468387079384,303,165,65.631186554421
331,Norfolk St.,MEAC,15-17,101.08917736457124,306,118.26337855522915,335,0.14130689473264743,331,15.0,17.0,8.0,6.0,8-6,0.25466597824878184,0.37326793915603285,0.12281323629130654,0.25466597824878184,0.37326793915603285,0.12281323629130654,0.9111149502472287,0.8503417534408392,101.60959617844571,112.44565530565364,101.60959617844571,112.44565530565364,102.68646583560628,121.4925343597961,99.52272358445077,106.01418474658936,0.32593041526657895,2.0,-0.02085584953708358,1078.0,1038.0,975.5125,1.1050601606847683,1.0640560730897861,0.0,0.5714285714285714,-13.409131420453122,269,230,68.11800570131285
332,Jackson St.,SWAC,12-21,100.90606533050055,311,118.19304027486639,334,0.13961568562502333,332,12.0,21.0,10.0,8.0,10-8,0.3971246959915997,0.6661189355384667,0.22136697197530406,0.3971246959915997,0.6661189355384667,0.22136697197530406,0.8205314865949099,0.599472478439118,106.23264659618448,109.48385573177862,106.23264659618448,109.48385573177862,104.10700297073794,120.62207405461855,93.59598340764555,119.96989405777387,0.05442788104909321,7.0,0.07193581031904295,1397.0,1448.0,1296.3375,1.0776514603642955,1.1169930670060844,0.0,0.5555555555555556,-13.961947137661264,281,35,69.57436393108924
333,Holy Cross,Pat,11-22,100.59468488110576,314,117.86277477440807,329,0.13921222738394415,333,11.0,22.0,5.0,13.0,5-13,0.31621250407387236,0.3962726535998225,0.26435886363381683,0.31621250407387236,0.3962726535998225,0.26435886363381683,0.9152904411233613,0.8590477297318834,105.6285352316381,112.72358211553014,105.6285352316381,112.72358211553014,100.34441172724144,117.7435955280666,80.44514100948723,115.59400346768608,0.015234379369972715,1.0,-0.005471479563233572,1242.0,1319.0,1175.3500000000004,1.056706512953588,1.1222189135151228,0.0,0.2777777777777778,-18.203321444407564,343,186,65.43563699564916
334,Manhattan,MAAC,12-20,103.49948015354876,272,121.62356868913977,355,0.1352064316676892,334,12.0,20.0,8.0,12.0,8-12,0.3233398430030065,0.3964353391395708,0.2839788862147926,0.3233398430030065,0.3964353391395708,0.2839788862147926,0.9150906925952442,0.8532205938092958,103.15085959088945,111.01258235786966,103.15085959088945,111.01258235786966,102.87311350381722,121.01893709914407,105.08641051701613,126.53957058517663,0.10561091569225291,1.0,0.035538149476494696,1431.0,1517.0,1354.1500000000003,1.0567514677103715,1.12025994166082,0.0,0.4,-16.30623110969253,318,95,67.96552523255544
335,Niagara,MAAC,8-22,99.80785870500719,327,117.30658856178653,321,0.13496482584496788,335,8.0,22.0,5.0,15.0,5-15,0.3193288563676523,0.38323016393792664,0.2873782025825153,0.3193288563676523,0.38323016393792664,0.2873782025825153,0.9041285403710699,0.813324557123078,104.03768357536941,111.35433526681926,104.03768357536941,111.35433526681926,99.44968047117003,117.9666857704993,100.60275932980842,116.90620794330252,0.15094463445017195,2.0,-0.06924049590798598,1260.0,1391.0,1240.0624999999998,1.016077818658334,1.1217176553601131,0.0,0.25,-18.318954398242326,345,335,62.22089616372946
336,UTSA,Amer,5-25,100.43488802469533,319,118.10068636252794,333,0.13431645225722325,336,5.0,25.0,1.0,17.0,1-17,0.49990441612549585,0.44338735549384967,0.5375824565465933,0.49990441612549585,0.44338735549384967,0.5375824565465933,0.8408328995234774,0.8300612241635265,109.78558286086486,107.64919869601873,109.78558286086486,107.64919869601873,101.12456048776973,120.98825967614809,120.69260708963684,126.4812962162277,0.36847910988037424,2.0,-0.04013596847823722,1229.0,1526.0,1235.8874999999998,0.9944270817529914,1.2347402170505004,0.0,0.05555555555555555,-18.72885834437529,347,271,68.58512514541884
337,Stonehill,NEC,12-21,91.9262653166308,362,108.32895877769005,166,0.13145717200890197,337,12.0,21.0,8.0,10.0,8-10,0.2609009221570945,0.35424501723275725,0.19114689927972092,0.2609009221570945,0.35424501723275725,0.19114689927972092,0.9198282231510783,0.8468721488672506,102.82624421756206,112.92822355529931,102.82624421756206,112.92822355529931,92.29988755291929,108.16535847325741,104.58982064561746,112.14463143482905,0.3095879562207142,1.0,-0.030156731156185612,1175.0,1199.0,1198.55,0.9803512577698053,1.0003754536731884,0.0,0.4444444444444444,-17.57272654352395,335,247,66.3807760999137
338,North Alabama,ASun,9-21,99.832926691387,324,117.96131745439772,331,0.1279870693986765,338,9.0,21.0,4.0,14.0,4-14,0.3544160785140437,0.4096565696950296,0.321652610888814,0.3544160785140437,0.4096565696950296,0.321652610888814,0.9047091305508791,0.8501475211448022,108.14698573999824,113.44376134649183,108.14698573999824,113.44376134649183,99.7467176868073,120.1390015821162,109.21292464998616,120.23686502908556,0.24863810508143097,1.0,0.0064054673709004195,1246.0,1428.0,1187.4375,1.0493183851781673,1.2025896099794726,0.0,0.2222222222222222,-17.09965144522525,330,155,64.82306792987423
339,Fairleigh Dickinson,NEC,11-21,100.50941287133048,317,118.94025347775086,341,0.12605997274183448,339,11.0,21.0,8.0,10.0,8-10,0.2924110860724147,0.43047413174791394,0.19175518276387257,0.2924110860724147,0.43047413174791394,0.19175518276387257,0.8944388180871246,0.7869362518035559,103.5759341088406,111.22973432526821,103.5759341088406,111.22973432526821,101.17294778984127,118.40937777039903,83.76644274673136,96.84099133530334,0.15869959901624067,3.0,-0.0419409823980591,1195.0,1218.0,1123.7125,1.063439269386075,1.083907138169238,0.0,0.4444444444444444,-16.736897841175175,326,274,64.05256549134661
340,Chicago St.,NEC,7-25,99.82797513180883,325,118.63190449681045,340,0.12082555322476914,340,7.0,25.0,5.0,13.0,5-13,0.3790578249677305,0.6351820635898731,0.19234574311276564,0.3790578249677305,0.6351820635898731,0.19234574311276564,0.8599136763361196,0.7045050016393222,105.27103125520931,109.98050134103238,105.27103125520931,109.98050134103238,98.16450953410488,118.31067097358977,99.1015909659589,105.79828113776941,0.3203919940832819,4.0,-0.06432680546531294,1169.0,1268.0,1152.9624999999999,1.0139098192699243,1.0997755781302516,0.0,0.2777777777777778,-19.260082276152254,351,328,65.6426771676123
341,Northern Illinois,MAC,9-21,95.65078312211378,353,113.6748245932622,277,0.12075096979414374,341,9.0,21.0,4.0,14.0,4-14,0.4364832428868301,0.4262228249164813,0.4433235215337292,0.4364832428868301,0.4262228249164813,0.4433235215337292,0.8585313441258119,0.8141158874909608,108.77461136026868,109.7929860322887,108.77461136026868,109.7929860322887,93.03132567596201,112.36216870062226,98.85846668485762,114.89109251495454,0.15079263434681445,2.0,0.06297139070096389,1159.0,1393.0,1233.875,0.9393171917738831,1.1289636308378077,0.0,0.2222222222222222,-15.42670565971245,309,49,67.48190746970162
342,Army,Pat,11-21,99.66066996653984,328,118.4832144308908,337,0.1203095451453483,342,11.0,21.0,5.0,13.0,5-13,0.31169753679275675,0.3825526464494856,0.2664888594865756,0.31169753679275675,0.3825526464494856,0.2664888594865756,0.9164088636880116,0.8637596429356887,105.551370626754,113.01115141403699,105.551370626754,113.01115141403699,100.73015643051657,121.09611512580486,103.10672207491073,118.49961360287504,0.16795802674248103,1.0,0.011908688623037345,1288.0,1406.0,1216.425,1.0588404546108474,1.1558460242102884,0.0,0.2777777777777778,-17.415518994340566,333,143,67.16132711398554
343,Air Force,MWC,3-29,95.82201643219133,352,113.95067378837476,283,0.11997766100207273,343,3.0,29.0,0.0,20.0,0-20,0.6171373569778205,0.4294202122506067,0.7134140747999472,0.6171373569778205,0.4294202122506067,0.7134140747999472,0.7927443639685219,0.9025303642754426,111.83406572001053,106.59237120613585,111.83406572001053,106.59237120613585,95.65700658048081,114.97967486860908,101.89075994383535,123.7769461937666,0.09641847873902346,5.0,-0.027075759946172964,1196.0,1667.0,1343.0874999999996,0.8904855417089358,1.2411700652414681,0.0,0.0,-20.2643041944014,356,243,66.30579783121546
344,Alcorn St.,SWAC,9-23,97.18518214406231,345,115.67350351347514,304,0.11891308091162434,344,9.0,23.0,7.0,11.0,7-11,0.4157729675135044,0.7343671639789484,0.22370001882271273,0.4157729675135044,0.7343671639789484,0.22370001882271273,0.8361857836375484,0.6234487989143257,106.28817997745291,109.62193963807785,106.28817997745291,109.62193963807785,97.21009195134393,118.37176760773741,88.80603600413463,110.45368002726599,0.07525548475255571,6.0,0.038030840812712796,1244.0,1341.0,1226.6999999999998,1.0141028776391947,1.0931768158473956,0.0,0.3888888888888889,-16.41935945559103,320,90,67.94707067391346
345,Canisius,MAAC,10-21,95.53611828148628,355,113.97378605602319,285,0.11615695925094538,345,10.0,21.0,5.0,15.0,5-15,0.3216975684531673,0.3806255710517702,0.2892871670239357,0.3216975684531673,0.3806255710517702,0.2892871670239357,0.9222205144271413,0.8731268573339684,103.88939833476586,111.90821009185865,103.88939833476586,111.90821009185865,95.86327384510665,114.50168137721168,0.0,0.0,0.0,0.0,0.013754635391342362,1279.0,1414.0,1298.0875,0.985295675368571,1.0892948279680683,0.0,0.25,-17.622664659217577,337,141,64.05364590602908
346,Southern Indiana,OVC,7-23,95.85924435978077,351,114.4978950989586,295,0.11473432318514946,346,7.0,23.0,4.0,16.0,4-16,0.2751761888488291,0.3525458304654991,0.2364913680404941,0.2751761888488291,0.3525458304654991,0.2364913680404941,0.9380539926421303,0.894315907941529,102.59259016668861,112.48066377933314,102.59259016668861,112.48066377933314,96.37937712875708,114.80244037036559,0.0,0.0,0.0,0.0,-0.12037484125735604,1324.0,1433.0,1341.875,0.9866790870982767,1.0679087098276665,0.0,0.2,-20.360436274699733,357,362,67.71896167956695
347,The Citadel,SC,11-22,99.93372601330637,323,120.57910500215264,349,0.103429563969072,347,11.0,22.0,7.0,11.0,7-11,0.324284827108248,0.33408933396089585,0.3172068144329951,0.324284827108248,0.33408933396089585,0.3172068144329951,0.9259720768735116,0.9031689974661983,106.99348995961469,113.73381671912003,106.99348995961469,113.73381671912003,97.99028027807594,118.38761375276505,0.0,0.0,0.0,0.0,0.036527142720588324,1244.0,1404.0,1199.6625,1.0369583111916894,1.170329155074865,0.0,0.3888888888888889,-18.52365165109277,346,92,64.17972977580222
348,Louisiana Monroe,SB,4-28,101.01738664573391,309,122.2200859194256,357,0.10055223042985917,348,4.0,28.0,1.0,17.0,1-17,0.3915941972507131,0.37879971327695083,0.40367722115792426,0.3915941972507131,0.37879971327695083,0.40367722115792426,0.8887730875252271,0.8482541083363279,106.2730870356845,109.88167826232721,106.2730870356845,109.88167826232721,100.8927380745848,121.6822143859854,106.2161789213908,117.72691924317674,0.23446843720679714,2.0,-0.1140943743619583,1288.0,1536.0,1280.9999999999998,1.0054644808743172,1.1990632318501173,0.0,0.05555555555555555,-23.187198075427773,363,360,70.24902481648529
349,Maine,AE,8-24,92.19047577390305,361,111.82117324961538,237,0.0979681701560514,349,8.0,24.0,6.0,10.0,6-10,0.30213466321148885,0.42315599211677835,0.194430224615193,0.30213466321148885,0.42315599211677835,0.194430224615193,0.924573723888475,0.8770956115167304,103.56051476868285,112.7285149310329,103.56051476868285,112.7285149310329,92.82167331174583,112.36820229113441,0.0,0.0,0.0,0.0,-0.046595114394149484,1022.0,1076.0,1035.9625,0.9865221955427922,1.0386476344462274,0.0,0.375,-20.61641127841681,359,291,64.74677358535054
350,New Hampshire,AE,9-21,95.55998990228383,354,116.19065485297284,308,0.09552217950548848,350,9.0,21.0,5.0,11.0,5-11,0.32541312478373274,0.47054765395856796,0.1947424035123233,0.32541312478373274,0.47054765395856796,0.1947424035123233,0.8792953133323241,0.7735081593147025,104.40919657714393,111.53059728347569,104.40919657714393,111.53059728347569,95.06231729234685,118.45577670714646,107.18210708706862,109.33288230666116,0.44312706825291864,3.0,-0.02168253047084856,1110.0,1202.0,1101.4125000000001,1.0077968063736338,1.091325911046043,0.0,0.3125,-16.420279856774176,321,232,67.38819408840769
351,Saint Francis,NEC,7-24,100.49387971757365,318,122.41623363265236,358,0.09369790489994331,351,7.0,24.0,5.0,13.0,5-13,0.3325459737792051,0.5224175027394211,0.19541653619682692,0.3325459737792051,0.5224175027394211,0.19541653619682692,0.8825370445354778,0.7626302309256471,105.21733871684546,111.04347742199893,105.21733871684546,111.04347742199893,101.95188230704677,123.70700726113711,100.09321373721048,116.27092096289775,0.15149251348064702,3.0,-0.06286273662217859,1325.0,1421.0,1246.2125000000003,1.0632215613308322,1.1402549725668774,0.0,0.2777777777777778,-19.407244002094007,352,324,69.98594956370673
352,North Carolina Central,MEAC,14-18,100.16380119136015,321,122.95722363239716,359,0.086444533963677,352,14.0,18.0,8.0,6.0,8-6,0.2873078559478661,0.45465708256227366,0.13078743632497677,0.2873078559478661,0.45465708256227366,0.13078743632497677,0.8755183477549859,0.7609178427385739,102.53868916567988,111.63466966638009,102.53868916567988,111.63466966638009,101.88635655923606,125.47954450373207,102.62394071788665,122.64516387145893,0.11409512214440351,4.0,0.02815576625614502,1010.0,1038.0,935.15,1.0800406351922152,1.1099823557718014,0.0,0.5714285714285714,-13.126275721493553,264,108,65.74152339192503
353,South Carolina St.,MEAC,10-22,95.36408826044176,356,117.33582063648313,322,0.08437103036048076,353,10.0,22.0,7.0,7.0,7-7,0.30328631037902715,0.4565493108194428,0.13109062653590078,0.30328631037902715,0.4565493108194428,0.13109062653590078,0.8864464555127536,0.7980027184110655,103.67052926096378,112.71322107259128,103.67052926096378,112.71322107259128,95.14320033467689,115.08528039593673,90.67224314126527,121.20563114943224,0.03429931967750232,3.0,-0.019533630204306207,965.0,996.0,957.5874999999999,1.007740806975864,1.0401138277180937,0.0,0.5,-17.43550778103281,334,228,68.84665870035649
354,Morgan St.,MEAC,14-16,98.76281284675626,338,121.52960074202895,354,0.08428338278338302,354,14.0,16.0,10.0,4.0,10-4,0.24953498964180248,0.37348897496805866,0.13110344552976175,0.24953498964180248,0.37348897496805866,0.13110344552976175,0.9289292041868644,0.8787839096677075,100.59941771501809,112.82415694398418,100.59941771501809,112.82415694398418,99.25750173435166,120.22175764499129,0.0,0.0,0.0,0.0,0.060926110902461084,1071.0,1072.0,1010.4499999999999,1.0599237963283685,1.0609134544015044,0.0,0.7142857142857143,-13.10063407644559,263,52,70.4625869926074
355,Bryant,AE,9-22,96.63575068606404,346,120.11138161493714,348,0.07579417264504114,355,9.0,22.0,5.0,11.0,5-11,0.3146628086480674,0.4445525749637574,0.19726635951689644,0.3146628086480674,0.4445525749637574,0.19726635951689644,0.8998444282740373,0.8225746130349528,103.4170046010728,110.96945728280112,103.4170046010728,110.96945728280112,96.4136541825552,121.4680235833707,97.33214529191812,98.88770428664688,0.4545410346803999,2.0,0.014345000630988869,1048.0,1160.0,1033.45,1.0140790555904977,1.1224539164932992,0.0,0.3125,-17.94933094085982,341,138,64.23611739096913
356,Maryland Eastern Shore,MEAC,9-23,93.06567615704549,359,116.39978989508053,310,0.0709069232052037,356,9.0,23.0,5.0,9.0,5-9,0.3091316416887022,0.46722877150927256,0.13306277747037445,0.3091316416887022,0.46722877150927256,0.13306277747037445,0.863740104248221,0.7624934486394387,103.81613407304975,112.61861894992073,103.81613407304975,112.61861894992073,91.46121733333806,116.3477470155464,89.77336119848455,105.95652812679629,0.1294289780630519,5.0,-0.03620138559413538,906.0,926.0,910.9125000000001,0.9946070561113168,1.0165630617649883,0.0,0.35714285714285715,-17.668013728954328,338,260,63.27009437891985
357,Binghamton,AE,8-23,98.31512254911337,341,122.97707375511263,360,0.07083513647028096,357,8.0,23.0,4.0,12.0,4-12,0.2313683178933855,0.2670651325531869,0.19790255414982155,0.2313683178933855,0.2670651325531869,0.19790255414982155,0.9399177958991453,0.9118310189279526,101.63614067512421,113.42024179099042,101.63614067512421,113.42024179099042,98.93191418176303,121.38122283431503,0.0,0.0,0.0,0.0,-0.08224461180774195,1075.0,1171.0,1044.7250000000001,1.028978917897054,1.1208691282394887,0.0,0.25,-20.439604054743107,358,348,65.52074400377612
358,Rider,MAAC,4-25,96.33293662506452,348,120.59916500743765,350,0.0702004756216216,358,4.0,25.0,3.0,17.0,3-17,0.38811777422213706,0.5427997598763915,0.31851088067772243,0.38811777422213706,0.5427997598763915,0.31851088067772243,0.8529276263811256,0.6633425437967079,105.97148071918012,109.74567829614655,105.97148071918012,109.74567829614655,98.15093936121131,121.86976968885838,104.3627234332714,116.08053583773261,0.2272799711611512,4.0,-0.07208859620178229,1299.0,1508.0,1300.325,0.9989810239747755,1.1597100724818794,0.0,0.15,-19.715487647919822,353,337,65.6665977057014
359,UMKC,Sum,4-27,93.18097597974023,358,117.47021842132266,326,0.06513899442011768,359,4.0,27.0,1.0,15.0,1-15,0.41870973381037196,0.46046706971039253,0.3943858552762052,0.41870973381037196,0.46046706971039253,0.3943858552762052,0.8655563252638343,0.8046021800615081,109.86829855052058,110.95890862879187,109.86829855052058,110.95890862879187,94.36559819249882,118.9479290173426,85.53682449428159,103.2302126427692,0.1031996521666836,3.0,-0.06543276761449185,1086.0,1367.0,1138.875,0.9535726045439579,1.2003073208209856,0.0,0.0625,-21.509292674482854,360,329,69.73104287395641
360,VMI,SC,6-26,98.657003637885,340,124.44995618141922,364,0.06471088938778591,360,6.0,26.0,1.0,17.0,1-17,0.3245193798463634,0.3348837999210009,0.32161165743724285,0.3245193798463634,0.3348837999210009,0.32161165743724285,0.9167608434523528,0.8813432691087334,107.65212835179868,113.91194515911609,107.65212835179868,113.91194515911609,97.46010832816893,124.25955206514118,98.82549009554583,109.39141772144886,0.23719243745346102,2.0,-0.04600088004710376,1218.0,1485.0,1202.3625000000002,1.013005645136138,1.2350684589713998,0.0,0.05555555555555555,-22.35470134290544,361,289,66.82748754431002
361,Gardner Webb,BSth,4-29,95.35271811097573,357,122.08797352083296,356,0.05507919966774,361,5.0,28.0,1.0,15.0,1-15,0.41154897451377415,0.4577151628945205,0.3625683887648764,0.41154897451377415,0.4577151628945205,0.3625683887648764,0.8651028049658507,0.801819270556346,108.05699120026453,109.45725453604982,108.05699120026453,109.45725453604982,96.50702331690167,123.18689899363233,90.71499905499806,118.95520164458313,0.042420423294181824,3.0,-0.05792655238514435,1081.0,1361.0,1122.0,0.9634581105169341,1.21301247771836,0.0,0.0625,-23.20933831836158,364,319,69.59687441785896
362,Delaware St.,MEAC,8-23,88.29017005915485,365,114.42197408284423,293,0.04826682742080628,362,9.0,22.0,2.0,12.0,2-12,0.25038376047941796,0.37877799851907573,0.1363927629042693,0.25038376047941796,0.37877799851907573,0.1363927629042693,0.9210615061994324,0.8594886522557929,102.26089969563819,113.79359276134004,102.26089969563819,113.79359276134004,87.86870307530947,117.44640991248788,70.85558632737236,115.996417306422,0.0034410618113436394,1.0,-0.06823324386553914,852.0,986.0,918.7625,0.9273343219820138,1.0731826777866966,0.0,0.14285714285714285,-19.74872924444613,354,331,65.49087803149018
363,Coppin St.,MEAC,7-24,91.64929181562371,363,119.49693007978217,347,0.045165845587436235,363,7.0,24.0,5.0,9.0,5-9,0.3478856025060253,0.5216794157798715,0.1368502578163547,0.3478856025060253,0.5216794157798715,0.1368502578163547,0.8835574867290935,0.8064741580940954,104.0211600032821,111.88878095392387,104.0211600032821,111.88878095392387,91.84238870977846,118.0609199530887,88.67078121115082,121.63895209058096,0.02569423637360029,3.0,0.022293687931022738,936.0,1007.0,950.8624999999998,0.9843694540482985,1.0590385045156372,0.0,0.35714285714285715,-19.21915246030743,349,121,68.56143436921465
364,Mississippi Valley St.,SWAC,3-30,91.03224256749598,364,120.86570494341166,352,0.036974108763331716,364,3.0,30.0,2.0,16.0,2-16,0.3552058049158806,0.5347136075287666,0.22286464317912558,0.3552058049158806,0.5347136075287666,0.22286464317912558,0.8801782004172841,0.7655686577685519,105.36245318958072,111.09617893677878,105.36245318958072,111.09617893677878,91.06626594973336,120.09802005675026,103.07452581571472,126.36401054293627,0.08764648630218934,4.0,-0.04169887278000001,1164.0,1395.0,1239.975,0.9387286033992621,1.1250226819089095,0.0,0.1111111111111111,-24.852615413361722,365,273,67.19730234895302
365,Western Illinois,OVC,5-26,92.7585954381627,360,123.33032264162154,361,0.03640523497565027,365,5.0,26.0,1.0,19.0,1-19,0.2748263884660686,0.3299151999041168,0.2445275421751421,0.2748263884660686,0.3299151999041168,0.2445275421751421,0.9297694138733886,0.8770804122200313,102.93739266331053,111.25370160832904,102.93739266331053,111.25370160832904,91.80347577725726,123.15298899363218,103.12938216065051,106.28246131858118,0.4142718597524873,1.0,-0.038660787350428105,1261.0,1562.0,1355.8874999999998,0.9300181615362633,1.1520129804279486,0.0,0.05,-23.054141981216848,362,265,66.47808261058219
