,High Performers (n=112),Low Performers (n=30),Difference
TeamCohesion,4.330357142857143,3.4,0.9303571428571433
SocialIdentity,9.629464285714286,8.633333333333333,0.9961309523809536
PsychSafety,4.75,3.6,1.15
SelfEfficacy,4.5,3.7666666666666666,0.7333333333333334
WillingnessFuture,4.723214285714286,3.85,0.8732142857142855
Learning,9.517857142857142,8.933333333333334,0.5845238095238088
Growth,4.767857142857143,3.6,1.1678571428571431
