Predictor,Performance_Coefficient,Growth_Coefficient
TeamCohesion,0.003746271265082832,0.2343862176253037
SocialIdentity,0.22803973210558465,0.4380022772664204
PsychSafety,0.28367528426329924,0.02481607200786512
SelfEfficacy,0.06734300228457349,0.15115885816880406
