,TeamCohesion,SocialIdentity,PsychSafety,SelfEfficacy,Performance,Learning,Growth,WillingnessFuture
TeamCohesion,1.0,0.789444156747655,0.36146516165936343,0.5418436562731512,0.3802785978914659,0.33824141845350436,0.6594763304628565,0.6596106634103197
SocialIdentity,0.789444156747655,1.0,0.4071119832726078,0.4785380256798604,0.44614661263828803,0.28464888831698065,0.6933190724161583,0.6557082945886764
PsychSafety,0.36146516165936343,0.4071119832726078,1.0,0.3262805889480437,0.4710378003834376,0.24528429382817077,0.33136476165649853,0.3922738107048708
SelfEfficacy,0.5418436562731512,0.4785380256798604,0.3262805889480437,1.0,0.3193222754302025,0.23478860617289843,0.4873130530895331,0.548377402510105
Performance,0.3802785978914659,0.44614661263828803,0.4710378003834376,0.3193222754302025,1.0,0.25425399232251183,0.4142756733638789,0.4281030762500493
Learning,0.33824141845350436,0.28464888831698065,0.24528429382817077,0.23478860617289843,0.25425399232251183,1.0,0.3540363427123812,0.37279812333087237
Growth,0.6594763304628565,0.6933190724161583,0.33136476165649853,0.4873130530895331,0.4142756733638789,0.3540363427123812,1.0,0.7183995275516619
WillingnessFuture,0.6596106634103197,0.6557082945886764,0.3922738107048708,0.548377402510105,0.4281030762500493,0.37279812333087237,0.7183995275516619,1.0
