stop_id,route_id,driver_id,vehicle_id,hub,delivery_zone,delivery_note,customer_type,priority_level,signature_required,weather,stop_datetime_raw,scheduled_window_start_raw,scheduled_window_min,actual_delivery_time_raw,actual_arrival_min,packages_count,package_weight_lb_raw,package_weight_lb,distance_from_prev_mi,service_time_min,fuel_cost_usd,tip_usd,customer_claim_usd,cargo_temp_f,gps_accuracy_m,device_battery_pct,delivery_status,failure_reason,customer_satisfaction,internal_comment,hub_clean,delivery_zone_clean,customer_type_clean,priority_level_clean,delivery_status_clean,stop_datetime,scheduled_window_start,stop_dayofweek,stop_is_weekend,lateness_min,stop_id_binned,route_id_binned,driver_id_binned,vehicle_id_binned,hub_binned,delivery_zone_binned,delivery_note_binned,customer_type_binned,priority_level_binned,weather_binned,stop_datetime_raw_binned,scheduled_window_start_raw_binned,actual_delivery_time_raw_binned,delivery_status_binned,failure_reason_binned,internal_comment_binned,hub_clean_binned,delivery_zone_clean_binned,customer_type_clean_binned,priority_level_clean_binned,delivery_status_clean_binned,signature_required_skewfix,scheduled_window_min_skewfix,actual_arrival_min_skewfix,packages_count_skewfix,package_weight_lb_raw_skewfix,package_weight_lb_skewfix,distance_from_prev_mi_skewfix,service_time_min_skewfix,fuel_cost_usd_skewfix,tip_usd_skewfix,customer_claim_usd_skewfix,cargo_temp_f_skewfix,gps_accuracy_m_skewfix,device_battery_pct_skewfix,customer_satisfaction_skewfix,stop_dayofweek_skewfix,stop_is_weekend_skewfix,lateness_min_skewfix
S-00001,R-102,D-041,V-008,Fort Collins,Rural,front_desk,residential,Standard,0,clear,08-Mar-2025 12:50 MDT,08-Mar-2025 12:50 MDT,125.0,2024-11-01 13:15:00,375.0,3.0,5.98,5.98,9.641375,14.5,3.44,3.48,0.0,38.82,9.8,53.3,delivered,customer_not_home,85.67,check,fort-collins,rural,residential,standard,delivered,2025-03-08 12:50:00,2025-03-08 12:50:00,5.0,1.0,250.0,Other,Other,Other,Other,Other,Rural,front_desk,residential,Other,clear,Other,Other,Other,delivered,customer_not_home,check,fort-collins,rural,residential,standard,delivered,0.0,7937.5,229.7902808387031,1.0641270562537064,1.4724372642411068,1.4724372642411068,6.519421672746649,1.8685302824883503,2.138837355279667,0.4750876913265306,0.0,22.57270196760245,1.3914193805498154,53.3,3755.34445,4.46194756940847,1.0,159.3847509804015
S-00002,R-116,D-048,V-018,Boulder,Downtown,leave_at_door,residential,expedited,0,clear,2025-04-02 09:30 MST,2025-04-02 09:30 MST,54.0,2024-11-02 09:36:00,156.0,2.0,2.52,2.52,2.408,29.35625,0.97,0.0,118.12,51.82,6.5,91.9,failed,address_issue,55.04,check,boulder,downtown,residential,expedited,failed,2025-04-02 09:30:00,2025-04-02 09:30:00,2.0,0.0,102.0,Other,Other,Other,Other,Boulder,Downtown,leave_at_door,residential,expedited,clear,Other,Other,Other,failed,address_issue,check,boulder,downtown,residential,expedited,failed,0.0,1512.0,104.10134953243625,0.8890149625568643,1.04817684409885,1.04817684409885,1.9415974997816285,2.138195387710671,0.7788873719292809,0.0,118.12,28.614051819971653,1.2697032566597786,91.9,1569.7408,1.875417088358097,0.0,70.88532397263417
S-00003,R-148,D-015,V-009,Colorado Springs,Suburban,front_desk,residential,same_day,0,clear,17-Aug-2025 10:30 MDT ,17-Aug-2025 10:30 MDT ,43.0,2024-11-03 10:20:00,200.0,3.0,12.4,12.4,2.788,26.51,1.07,0.0,0.0,57.34,20.7,59.7,resheduled,customer_not_home,64.56,check,colorado-springs,suburban,residential,same_day,rescheduled,2025-08-17 10:30:00,2025-08-17 10:30:00,6.0,1.0,157.0,Other,Other,Other,Other,Other,Suburban,front_desk,residential,same_day,clear,Other,Other,Other,Other,customer_not_home,check,colorado-springs,suburban,residential,same_day,rescheduled,0.0,967.5,130.30056125675895,1.0641270562537064,1.803136475713232,1.803136475713232,2.200445041444678,2.100138864450908,0.8444764856012952,-0.0,0.0,31.0857659594951,1.5706612092589083,59.7,2148.5568000000003,5.291331975501458,1.0,104.70428665559479
S-00004,R-106,D-007,V-035,Boulder,Rural,leave_at_door,Residential,same_day,0,snow,07/08/2025 06:00 PM,07/08/2025 06:00 PM,56.0,2024-11-04 18:15:00,675.0,3.0,10.11,10.11,8.024,13.4,1.88,0.0,0.0,41.56,5.3,90.3,failed,address_issue,47.71,check,boulder,rural,residential,same_day,failed,2025-07-08 06:00:00,2025-07-08 06:00:00,1.0,0.0,619.0,Other,Other,Other,Other,Boulder,Rural,leave_at_door,Other,same_day,snow,Other,Other,Other,failed,address_issue,check,boulder,rural,residential,same_day,failed,0.0,1624.0,390.36883233525265,1.0641270562537064,1.7146401880719055,1.7146401880719055,5.234605121195196,1.8358224145060638,1.3167789096181763,-0.0,0.0,23.87530303348969,1.2031809271104041,90.3,1185.83205,0.962295536748461,0.0,361.05683576797543
S-00005,R-103,D-038,V-028,Boulder,Suburban,side_entrance,business ,standard,0,rain,2025-02-23 11:15 MST,2025-02-23 11:15 MST,121.0,2024-11-05 11:15:00,255.0,5.0,6.22,6.22,6.72,21.54,1.53,0.0,0.0,25.35,9.6,51.4,delivered,customer_not_home,82.46,check,boulder,suburban,business,standard,delivered,2025-02-23 11:15:00,2025-02-23 11:15:00,6.0,1.0,134.0,Other,Other,Other,Other,Boulder,Suburban,side_entrance,Other,standard,rain,Other,Other,Other,delivered,customer_not_home,check,boulder,suburban,business,standard,delivered,0.0,7441.5,162.25932159957858,1.2791016451735329,1.4912147404112122,1.4912147404112122,4.545000125362781,2.0241738025705165,1.124000234796046,0.0,0.0,15.871212149019481,1.3857048831660488,51.4,3482.2857999999997,5.291331975501458,1.0,90.73438877084136
S-00006,R-114,D-002,V-006,Fort-Collins,Suburban,building_super,Residential,standard,0,rain,08-Feb-2025 07:45,08-Feb-2025 07:45,122.0,2024-11-06 07:55:00,55.0,1.0,3.81,3.81,-2.077,10.96,1.19,0.0,0.0,45.66,4.5,55.1,delivered,customer_not_home,90.62,check,fort-collins,suburban,residential,standard,delivered,2025-02-08 07:45:00,2025-02-08 07:45:00,5.0,1.0,0.0,Other,Other,Other,Other,Fort-Collins,Suburban,Other,Other,standard,rain,Other,Other,Other,delivered,customer_not_home,check,fort-collins,suburban,residential,standard,delivered,0.0,7564.0,40.49208680597269,0.6053542918620024,1.2525099368149217,1.2525099368149217,-1.0976083387537812,1.7500472611759454,0.9207210062828284,0.0,0.0,25.7936807572111,1.1471971345775582,55.1,4196.6122000000005,4.46194756940847,1.0,0.0
S-00007,R-139,D-015,V-033,Denver-East,Suburban,mailroom,business,expedited,1,clear,2025/05/13 08:20:00 MDT ,2025/05/13 08:20:00 MDT ,45.0,2024-11-07 08:28:00,88.0,5.0,4.21,4.21,2.92,17.46,1.33,0.0,0.0,36.17,15.2,52.1,delivered,customer_not_home,72.0,check,denver-east,suburban,business,expedited,delivered,2025-05-13 08:20:00,2025-05-13 08:20:00,1.0,0.0,43.0,Other,Other,Other,Other,Denver-East,Suburban,mailroom,business,expedited,clear,Other,Other,Other,delivered,customer_not_home,check,denver-east,suburban,business,expedited,delivered,1.0,1057.5,62.01492167417758,1.2791016451735329,1.3017837414753735,1.3017837414753735,2.2885111279757453,1.9433511412585762,1.0065689030876825,0.0,0.0,21.29571754861965,1.5030960050000468,52.1,2664.0,0.962295536748461,0.0,32.375014299213646
S-00008,R-113,D-002,V-036,Denver-East ,Industrial,mailroom,business,standard,1,clear,14-Dec-2025 17:30 MDT,14-Dec-2025 17:30 MDT,111.0,2024-11-08 17:27:00,627.0,1.0,4.55,4.55,3.632,29.35625,1.63,0.0,118.12,38.94,6.2,38.1,failed,weather_delay,54.55,check,denver-east,industrial,business,standard,failed,2025-12-14 17:30:00,2025-12-14 17:30:00,6.0,1.0,516.0,Other,Other,Other,Other,Other,Industrial,mailroom,business,standard,clear,Other,Other,Other,failed,weather_delay,check,denver-east,industrial,business,standard,failed,1.0,6271.5,365.2599564049348,0.6053542918620024,1.3399498736064346,1.3399498736064346,2.7491544994146513,2.17890626495701,1.1806312409957027,-0.0,118.12,22.630117613586705,1.2546440075000702,38.1,1542.40125,5.291331975501458,1.0,306.4270260103053
S-00009,R-127,D-046,V-035,Denver-East,Suburban,garage,residential,standard,1,wind,2025-12-16 15:00 MDT,2025-12-16 15:00 MDT,121.0,2024-11-09 14:59:00,479.0,1.0,1.36,1.36,8.386,25.61,1.62,0.0,0.0,56.49,6.8,64.0,delivered,customer_not_home,83.99,check,denver-east,suburban,residential,standard,delivered,2025-12-16 15:00:00,2025-12-16 15:00:00,1.0,0.0,358.0,Other,Other,Other,Other,Denver-East,Suburban,garage,residential,standard,wind,Other,Other,Other,delivered,customer_not_home,check,denver-east,suburban,residential,standard,delivered,1.0,7441.5,286.54566193533344,0.6053542918620024,0.7569816586105073,0.7569816586105073,5.420604866159709,2.087771526217608,1.1750269243193263,-0.0,0.0,30.70831403060361,1.283885125960567,64.0,3611.1500499999997,0.962295536748461,0.0,220.37295825417237
S-00010,R-138,D-015,V-029,Boulder,Rural,locker_pickup,business,standard,1,wind,13-Mar-2025 20:20 MST,13-Mar-2025 20:20 MST,86.0,2024-11-10 20:30:00,810.0,1.0,2.27,2.27,9.641375,13.07,3.44,0.0,0.0,54.2,13.3,101.2,rescheduled,customer_not_home,74.51,check,boulder,rural,business,standard,rescheduled,2025-03-13 20:20:00,2025-03-13 20:20:00,3.0,0.0,724.0,Other,Other,Other,Other,Boulder,Rural,Other,business,standard,wind,Other,Other,Other,rescheduled,customer_not_home,check,boulder,rural,business,standard,rescheduled,1.0,3784.0,460.0750420126457,0.6053542918620024,0.9971096649055469,0.9971096649055469,6.519421672746649,1.8253709221742092,2.189848612249516,-0.0,0.0,29.68579457437065,1.471114114652055,101.2,2850.38005,2.7580025035383304,0.0,415.81749760692935
S-00011,R-149,D-018,V-001,Boulder,Suburban,building_super,residential,expedite,0,snow,06/14/2025 12:05 PM,06/14/2025 12:05 PM,59.0,2024-11-11 12:14:00,314.0,2.0,4.53,4.53,5.346,9.96,2.6,0.0,0.0,61.26,24.2,47.4,failed,address_issue,58.16,check,boulder,suburban,residential,expedited,failed,2025-06-14 12:05:00,2025-06-14 12:05:00,5.0,1.0,255.0,Other,Other,Other,Other,Boulder,Suburban,Other,residential,Other,snow,Other,Other,Other,failed,address_issue,check,boulder,suburban,residential,expedited,failed,0.0,1799.5,195.78493221444435,0.8890149625568643,1.337789802704236,1.337789802704236,3.7792011130646457,1.7080256850712696,1.673121304403093,-0.0,0.0,32.81256168388879,1.601590463555202,47.4,1749.4527999999998,4.46194756940847,1.0,162.25932159957858
S-00012,R-145,D-052,V-011,Denver-West,Campus,leave_at_door,res,standard,0,clear,08/08/2025 05:10 PM MST,08/08/2025 05:10 PM MST,127.0,2024-11-12 17:06:00,606.0,1.0,3.96,3.96,1.709,7.0,0.81,0.0,0.0,35.19,10.2,65.2,delivered,security_access,85.51,check,denver-west,campus,residential,standard,delivered,2025-08-08 05:10:00,2025-08-08 05:10:00,4.0,0.0,479.0,Other,Other,Other,Other,Denver-West,Campus,leave_at_door,Other,standard,clear,Other,Other,Other,delivered,security_access,check,denver-west,campus,residential,standard,delivered,0.0,8191.5,354.21515526457796,0.6053542918620024,1.2715916929424538,1.2715916929424538,1.4413384787763721,1.5470442291061783,0.6696509454634386,0.0,0.0,20.818909793339046,1.402385695332803,65.2,3741.4900500000003,3.618555125115471,0.0,286.54566193533344
S-00013,R-118,D-028,V-022,Denver-East,Rural,garage,residential,expedited,1,wind,08/30/2025 12:30 PM MST,08/30/2025 12:30 PM MST,44.0,2024-11-13 12:36:00,336.0,1.0,5.09,5.09,9.641375,16.4,3.44,1.95,0.0,42.2,3.1,86.2,delivered,customer_not_home,75.37,check,denver-east,rural,residential,expedited,delivered,2025-08-30 12:30:00,2025-08-30 12:30:00,5.0,1.0,292.0,Other,Other,Other,Other,Denver-East,Rural,garage,residential,expedited,wind,Other,Other,Other,delivered,customer_not_home,check,denver-east,rural,residential,expedited,delivered,1.0,1012.0,208.11910389872574,0.6053542918620024,1.3947094559676485,1.3947094559676485,6.519421672746649,1.9184716974871079,2.221878212513562,0.442545245619075,0.0,24.177110504452923,1.0264754257495845,86.2,2915.6884500000006,4.46194756940847,1.0,183.36424138936084
S-00014,R-149,D-010,V-014,Boulder,Rural,call_on_arrival,residential,standard,0,rain,26-Mar-2025 08:30 MST,26-Mar-2025 08:30 MST,118.0,2024-11-14 08:41:00,101.0,2.0,2.2,2.2,9.641375,6.97,3.44,0.0,118.12,50.48,8.7,45.7,failed,customer_not_home,53.74,check,boulder,rural,residential,standard,failed,2025-03-26 08:30:00,2025-03-26 08:30:00,2.0,0.0,0.0,Other,Other,Other,Other,Boulder,Rural,call_on_arrival,residential,standard,rain,Other,Other,Other,failed,customer_not_home,check,boulder,rural,residential,standard,failed,0.0,7080.0,70.25592243013303,0.8890149625568643,0.9818941447325604,0.9818941447325604,6.519421672746649,1.5450297413978336,2.221878212513562,0.0,118.12,28.00639720115325,1.3578387009320645,45.7,1497.7338000000002,1.875417088358097,0.0,0.0
S-00015,R-106,D-022,V-007,Boulder,Suburban,mailroom,business,STANDARD,1,clear,2025/01/01 18:55:00 MDT,2025/01/01 18:55:00 MDT,109.0,2024-11-15 18:58:00,718.0,2.0,5.63,5.63,5.03,17.39,2.27,0.0,0.0,53.05,25.3,77.0,failed ,customer_not_home,53.98,check,boulder,suburban,business,standard,failed,2025-01-01 18:55:00,2025-01-01 18:55:00,2.0,0.0,609.0,Other,Other,Other,Other,Boulder,Suburban,mailroom,business,Other,clear,Other,Other,Other,Other,customer_not_home,check,boulder,suburban,business,standard,failed,1.0,6049.5,412.7108094052804,0.8890149625568643,1.443494857180185,1.443494857180185,3.5962898708353896,1.9417659959653681,1.5156801120294974,-0.0,0.0,29.169114783312722,1.77131393174903,77.0,1510.9001999999998,1.875417088358097,0.0,355.7952940923068
S-00016,R-123,D-025,V-007,Boulder,Industrial,mailroom,residential,expedited,0,wind,07/31/2025 09:40 AM,07/31/2025 09:40 AM,64.0,2024-11-16 09:48:00,168.0,2.0,4.42,4.42,5.804,14.2,2.81,0.0,0.0,49.86,9.8,96.3,failed,customer_not_home,60.4,check,boulder,industrial,residential,expedited,failed,2025-07-31 09:40:00,2025-07-31 09:40:00,3.0,0.0,104.0,Other,Other,Other,Other,Boulder,Industrial,mailroom,residential,expedited,wind,Other,Other,Other,failed,customer_not_home,check,boulder,industrial,residential,expedited,failed,0.0,2112.0,111.31198065168141,0.8890149625568643,1.3257251405181825,1.3257251405181825,4.0395351834339515,1.859916358630736,1.7688411951026701,-0.0,0.0,27.724176254881115,1.3914193805498154,96.3,1884.48,2.7580025035383304,0.0,72.14230116596755
S-00017,R-139,D-055,V-023,Denver-West,Suburban,leave_at_door,residential,standard,0,clear,2025-03-05 11:35 MDT,2025-03-05 11:35 MDT,132.0,2024-11-17 11:32:00,272.0,1.0,4.44,4.44,3.906,4.46,1.54,0.0,0.0,52.76,14.8,55.7,delivered,customer_not_home,83.0,check,denver-west,suburban,residential,standard,delivered,2025-03-05 11:35:00,2025-03-05 11:35:00,2.0,0.0,140.0,Other,Other,Other,Other,Denver-West,Suburban,leave_at_door,residential,standard,clear,Other,Other,Other,delivered,customer_not_home,check,denver-west,suburban,residential,standard,delivered,0.0,8844.0,171.9916012386413,0.6053542918620024,1.3279422694602658,1.3279422694602658,2.9206472116294835,1.3301488270733952,1.129723099676418,0.0,0.0,29.038475943894117,1.4968453945733724,55.7,3527.5,1.875417088358097,0.0,94.40017474404549
S-00018,R-147,D-017,V-003,Fort-Collins,Downtown,garage,residential,standard,0,snow,2025/09/18 16:55:00 MDT,2025/09/18 16:55:00 MDT,119.0,2024-11-18 17:06:00,606.0,2.0,15.103750000000002,15.103750000000002,2.396,24.1,1.05,0.0,0.0,39.56,15.6,35.0,delivered,customer_not_home,77.78,check,fort-collins,downtown,residential,standard,delivered,2025-09-18 16:55:00,2025-09-18 16:55:00,3.0,0.0,487.0,Other,Other,Other,Other,Fort-Collins,Downtown,garage,residential,standard,snow,Other,Other,Other,delivered,customer_not_home,check,fort-collins,downtown,residential,standard,delivered,0.0,7199.5,354.21515526457796,0.8890149625568643,2.026430530880292,2.026430530880292,1.9332863513025467,2.065749683176368,0.831513313079815,-0.0,0.0,22.926218387875412,1.509119306326184,35.0,3102.6442,2.7580025035383304,0.0,290.8569396048421
S-00019,R-108,D-030,V-035,Dnvr-East,Industrial,building_super,business ,Standard,0,clear,12-Feb-2025 17:15,12-Feb-2025 17:15,124.0,2024-11-19 17:18:00,618.0,1.0,3.15,3.15,3.128,6.52,0.71,0.0,0.0,49.93,7.1,62.1,delivered,customer_not_home,86.83,check,denver-east,industrial,business,standard,delivered,2025-02-12 17:15:00,2025-02-12 17:15:00,2.0,0.0,494.0,Other,Other,Other,Other,Other,Industrial,Other,Other,Other,clear,Other,Other,Other,delivered,customer_not_home,check,denver-east,industrial,business,standard,delivered,0.0,7812.0,360.5310656806637,0.6053542918620024,1.158308017246299,1.158308017246299,2.4254998466996858,1.5135763565418896,0.5984069121092206,-0.0,0.0,27.756074223355846,1.2972716310736936,62.1,3856.5544499999996,1.875417088358097,0.0,294.6235100258732
S-00020,R-106,D-060,V-025,Boulder ,Suburban,mailroom,residential,same day,0,clear,2025-07-02 13:55,2025-07-02 13:55,54.0,2024-11-20 13:48:00,408.0,1.0,1.53,1.53,4.303,5.94,2.1,0.0,0.0,46.41,7.3,45.6,delivered,customer_not_home,80.18,check,boulder,suburban,residential,same_day,delivered,2025-07-02 13:55:00,2025-07-02 13:55:00,2.0,0.0,354.0,Other,Other,Other,Other,Other,Suburban,mailroom,residential,Other,clear,Other,Other,Other,delivered,customer_not_home,check,boulder,suburban,residential,same_day,delivered,0.0,1512.0,247.95146039768568,0.6053542918620024,0.8101861275176926,0.8101861275176926,3.164118220519616,1.4692260464081721,1.4308338402631664,0.0,0.0,26.140879495254527,1.3057898654993767,45.6,3294.5962000000004,1.875417088358097,0.0,218.15070567146847
S-00021,R-154,D-036,V-019,Denver-East,Suburban,side_entrance,business ,standard,0,clear,11/14/2025 04:00 PM MDT,11/14/2025 04:00 PM MDT,122.0,2024-11-21 15:59:00,539.0,2.0,10.18,10.18,1.368,8.23,0.61,4.12,0.0,38.82,9.5,62.5,delivered,customer_not_home,81.69,check,denver-east,suburban,business,standard,delivered,2025-11-14 04:00:00,2025-11-14 04:00:00,4.0,0.0,417.0,Other,Other,Other,Other,Denver-East,Suburban,side_entrance,Other,standard,clear,Other,Other,Other,delivered,customer_not_home,check,denver-east,suburban,business,standard,delivered,0.0,7564.0,318.7134955226804,0.8890149625568643,1.7176873538328064,1.7176873538328064,1.1834043698973955,1.622064522911575,0.5246167930438201,0.480926513671875,0.0,22.57270196760245,1.3827866001516322,62.5,3418.31805,3.618555125115471,0.0,252.87861172634734
S-00022,R-157,D-041,V-040,Denver-West,Suburban,garage,business,standard,0,clear,07/13/2025 07:30 AM,07/13/2025 07:30 AM,133.0,2024-11-22 07:28:00,28.0,6.0,3.16,3.16,2.224,17.38,1.06,0.0,0.0,33.01,18.7,53.7,delivered,customer_not_home,93.29,check,denver-west,suburban,business,standard,delivered,2025-07-13 07:30:00,2025-07-13 07:30:00,6.0,1.0,0.0,Other,Other,Other,Other,Denver-West,Suburban,garage,business,standard,clear,Other,Other,Other,delivered,customer_not_home,check,denver-west,suburban,business,standard,delivered,0.0,8977.5,21.898839615290353,1.352108625101415,1.1598778665939253,1.1598778665939253,1.8131708357889869,1.9415389063412067,0.8380043385853689,0.0,0.0,19.748840680929153,1.549394090940667,53.7,4444.80205,5.291331975501458,1.0,0.0
S-00023,R-137,D-056,V-024,Boulder ,Rural,front_desk,res,expedited,0,clear,27-Feb-2025 11:20 MDT,27-Feb-2025 11:20 MDT,60.0,2024-11-23 11:33:00,273.0,2.0,2.68,2.68,7.277,6.47,2.48,0.0,0.0,49.98,10.7,85.6,failed,customer_not_home,59.3,check,boulder,rural,residential,expedited,failed,2025-02-27 11:20:00,2025-02-27 11:20:00,3.0,0.0,213.0,Other,Other,Other,Other,Other,Rural,front_desk,Other,expedited,clear,Other,Other,Other,failed,customer_not_home,check,boulder,rural,residential,expedited,failed,0.0,1860.0,172.56216514322148,0.8890149625568643,1.0784483225094823,1.0784483225094823,4.843529360913267,1.5099307542892901,1.6169131593919581,0.0,0.0,27.77885311807386,1.4152946537953137,85.6,1817.5449999999998,2.7580025035383304,0.0,137.92572822031744
S-00024,R-103,D-013,V-005,Denver East,Rural,mailroom,business ,standard,0,clear,2024/12/04 14:45:00,2024/12/04 14:45:00,131.0,2024-11-24 14:39:00,459.0,1.0,5.88,5.88,9.641375,10.36,3.44,3.42,0.0,43.22,15.7,59.8,delivered,customer_not_home,90.07,check,denver-east,rural,business,standard,delivered,2024-12-04 14:45:00,2024-12-04 14:45:00,2.0,0.0,328.0,Other,Other,Other,Other,Other,Rural,mailroom,Other,standard,clear,Other,Other,Other,delivered,customer_not_home,check,denver-east,rural,business,standard,delivered,0.0,8711.5,275.7357087100748,0.6053542918620024,1.4643638346618075,1.4643638346618075,6.519421672746649,1.7254103392827294,2.221878212513562,0.47440674842857433,0.0,24.656276924951683,1.5105912157676036,59.8,4146.372449999999,1.875417088358097,0.0,203.64355081557233
S-00025,R-150,D-043,V-015,Colorado-Springs,Rural,front_desk,residential,standard,0,clear,09/06/2025 01:40 PM MDT,09/06/2025 01:40 PM MDT,117.0,2024-11-25 14:01:00,421.0,1.0,15.103750000000002,15.103750000000002,9.641375,10.23,3.44,0.0,118.12,50.06,17.0,73.2,failed,customer_not_home,49.56,check,colorado-springs,rural,residential,standard,failed,2025-09-06 01:40:00,2025-09-06 01:40:00,5.0,1.0,304.0,Other,Other,Other,Other,Colorado-Springs,Rural,front_desk,residential,standard,clear,Other,Other,Other,failed,customer_not_home,check,colorado-springs,rural,residential,standard,failed,0.0,6961.5,255.0650400405971,0.6053542918620024,1.9516018627612568,1.9516018627612568,6.519421672746649,1.719848756398021,2.221878212513562,0.0,118.12,27.815290058857528,1.5285954792089682,73.2,1277.6568000000002,4.46194756940847,1.0,190.1502957420131
S-00026,R-155,D-019,V-006,Colorado-Springs,Downtown,call_on_arrival,business,standard,1,clear,2025/08/02 11:55:00,2025/08/02 11:55:00,122.0,2024-11-26 11:45:00,285.0,5.0,8.34,8.34,4.174,18.7,1.98,0.0,0.0,43.29,9.8,74.3,DELIVERED,customer_not_home,86.8,check,colorado-springs,downtown,business,standard,delivered,2025-08-02 11:55:00,2025-08-02 11:55:00,5.0,1.0,163.0,Other,Other,Other,Other,Colorado-Springs,Downtown,call_on_arrival,business,standard,clear,Other,Other,Other,Other,customer_not_home,check,colorado-springs,downtown,business,standard,delivered,1.0,7564.0,179.39292628995037,1.2791016451735329,1.628135852347053,1.628135852347053,3.0856250438440203,1.9701983066546813,1.3692475324653324,-0.0,0.0,24.68907932205652,1.3914193805498154,74.3,3853.9199999999996,4.46194756940847,1.0,108.31398929979314
S-00027,R-125,D-015,V-007,Dnvr-East,Suburban,building_super,residential,standard,1,clear,2025/12/07 13:35:00,2025/12/07 13:35:00,114.0,2024-11-27 13:27:00,387.0,2.0,4.31,4.31,3.375,23.74,1.7,3.3,0.0,53.52,7.5,87.4,failed,package_damaged,72.01,check,denver-east,suburban,residential,standard,failed,2025-12-07 13:35:00,2025-12-07 13:35:00,6.0,1.0,273.0,Other,Other,Other,Other,Other,Suburban,Other,residential,standard,clear,Other,Other,Other,failed,package_damaged,check,denver-east,suburban,residential,standard,failed,1.0,6612.0,236.41209326034755,0.8890149625568643,1.3133378938081153,1.3133378938081153,2.585513899664698,2.060244125163838,1.2195081473096236,0.47295835586803675,0.0,29.380542643809754,1.3140056594299647,87.4,2664.7300500000006,5.291331975501458,1.0,172.56216514322148
S-00028,R-141,D-018,V-030,Denver-East,Suburban,garage,Business,expedited,1,wind,2025/06/24 19:50:00,2025/06/24 19:50:00,51.0,2024-11-28 19:58:00,778.0,3.0,2.23,2.23,2.719,16.32,1.03,0.0,0.0,51.65,9.8,59.3,delivered,customer_not_home,78.91,check,denver-east,suburban,business,expedited,delivered,2025-06-24 19:50:00,2025-06-24 19:50:00,1.0,0.0,727.0,Other,Other,Other,Other,Denver-East,Suburban,garage,Other,expedited,wind,Other,Other,Other,delivered,customer_not_home,check,denver-east,suburban,business,expedited,delivered,1.0,1351.5,443.6647431337644,1.0641270562537064,0.9884675543435516,0.9884675543435516,2.1540447669664546,1.9165143113917071,0.818474034471092,-0.0,0.0,28.537133608655896,1.3914193805498154,59.3,3192.3040499999997,0.962295536748461,0.0,417.36987649134187
S-00029,R-111,D-054,V-024,Fort-Collins,Downtown,rear_loading_dock,residential,standard,1,rain,2025/10/15 15:20:00 MST ,2025/10/15 15:20:00 MST ,121.0,2024-11-29 15:16:00,496.0,1.0,7.86,7.86,3.086,29.35625,1.21,0.0,0.0,54.01,9.0,30.3,delivered,customer_not_home,80.06,check,fort-collins,downtown,residential,standard,delivered,2025-10-15 15:20:00,2025-10-15 15:20:00,2.0,0.0,375.0,Other,Other,Other,Other,Fort-Collins,Downtown,Other,residential,standard,rain,Other,Other,Other,delivered,customer_not_home,check,fort-collins,downtown,residential,standard,delivered,1.0,7441.5,295.69869171711673,0.6053542918620024,1.6009315236976576,1.6009315236976576,2.3980087150489933,2.188919107407681,0.9331827215172315,-0.0,0.0,29.600579691529333,1.367544467966324,30.3,3284.8618,1.875417088358097,0.0,229.7902808387031
S-00030,R-114,D-024,V-023,Denver-West,Suburban,call_on_arrival,residential,expedited,1,rain,2024-11-25 14:55 MDT,2024-11-25 14:55 MDT,65.0,2024-11-30 15:06:00,486.0,2.0,8.31,8.31,2.995,29.35625,1.26,1.66,0.0,39.06,6.0,72.7,failed,customer_not_home,61.09,check,denver-west,suburban,residential,expedited,failed,2024-11-25 14:55:00,2024-11-25 14:55:00,0.0,0.0,421.0,Other,Other,Other,Other,Denver-West,Suburban,call_on_arrival,residential,expedited,rain,Other,Other,Other,failed,customer_not_home,check,denver-west,suburban,residential,expedited,failed,1.0,2177.5,290.3184187253775,0.8890149625568643,1.626489289460927,1.626489289460927,2.3381517850053037,2.181319990575871,0.9640438769910822,0.42933461473231954,0.0,22.68749876873842,1.2440710539815454,72.7,1927.0840500000002,0.0,0.0,255.0650400405971
S-00031,R-145,D-043,V-018,Fort-Collins,Downtown,mailroom,business,expedited,0,fog,2025/11/29 16:20:00 MDT,2025/11/29 16:20:00 MDT,47.0,2024-12-01 16:20:00,560.0,1.0,6.27,6.27,2.206,13.52,0.99,0.0,0.0,44.24,11.6,72.9,DELIVERED,customer_not_home,86.47,check,fort-collins,downtown,business,expedited,delivered,2025-11-29 16:20:00,2025-11-29 16:20:00,5.0,1.0,513.0,Other,Other,Other,Other,Fort-Collins,Downtown,mailroom,business,expedited,fog,Other,Other,Other,Other,customer_not_home,check,fort-collins,downtown,business,expedited,delivered,0.0,1151.5,329.88589509057255,0.6053542918620024,1.4950247202239222,1.4950247202239222,1.8004908597420526,1.8395460416840181,0.7921623145928041,-0.0,0.0,25.13323768478511,1.4365638301809889,72.9,3825.00045,4.46194756940847,1.0,304.8204604413151
S-00032,R-139,D-060,V-005,Denver-East,Suburban,call_on_arrival,Residential,standard,0,wind,05-Aug-2025 18:15 MDT,05-Aug-2025 18:15 MDT,123.0,2024-12-02 18:20:00,680.0,1.0,1.54,1.54,6.406,20.81,3.0,0.0,0.0,45.165,5.7,62.1,rescheduled,customer_not_home,67.88,check,denver-east,suburban,residential,standard,rescheduled,2025-08-05 18:15:00,2025-08-05 18:15:00,1.0,0.0,557.0,Other,Other,Other,Other,Denver-East,Suburban,call_on_arrival,Other,standard,wind,Other,Other,Other,rescheduled,customer_not_home,check,denver-east,suburban,residential,standard,rescheduled,0.0,7687.5,392.97387672014315,0.6053542918620024,0.8131703382587068,0.8131703382587068,4.37386719590384,2.011179326127041,1.8527528164806213,0.0,0.0,25.563918468834125,1.2273325907137442,62.1,2371.7272,0.962295536748461,0.0,328.29243458850186
S-00033,R-135,D-041,V-011,Denver-East ,Downtown,garage,res,same_day,0,wind,2024-11-22 09:10 MST,2024-11-22 09:10 MST,38.0,2024-12-03 09:17:00,137.0,2.0,4.69,4.69,1.704,6.95,0.84,0.0,0.0,47.16,8.8,74.7,rescheduled,customer_not_home,72.14,check,denver-east,downtown,residential,same_day,rescheduled,2024-11-22 09:10:00,2024-11-22 09:10:00,4.0,0.0,99.0,Other,Other,Other,Other,Other,Downtown,garage,Other,same_day,wind,Other,Other,Other,rescheduled,customer_not_home,check,denver-east,downtown,residential,same_day,rescheduled,0.0,760.0,92.56927419644403,0.8890149625568643,1.354792282908117,1.354792282908117,1.4376295574686122,1.543681265000915,0.690561628919346,0.0,0.0,26.486981420552162,1.36112343500006,74.7,2674.2298,3.618555125115471,0.0,68.99526049779934
S-00034,R-111,D-047,V-016,Boulder ,Downtown,side_entrance,residential,Same_Day,0,rain,23-Apr-2025 13:35 ,23-Apr-2025 13:35 ,42.0,2024-12-04 13:37:00,397.0,1.0,9.11,9.11,2.212,5.05,1.17,1.12,0.0,43.62,6.8,100.0,delivered,customer_not_home,80.62,check,boulder,downtown,residential,same_day,delivered,2025-04-23 13:35:00,2025-04-23 13:35:00,2.0,0.0,355.0,Other,Other,Other,Other,Other,Downtown,side_entrance,residential,Other,rain,Other,Other,Other,delivered,customer_not_home,check,boulder,downtown,residential,same_day,delivered,0.0,924.0,241.91461837975191,0.6053542918620024,1.668183191876182,1.668183191876182,1.8047198857881561,1.3908731163876251,0.9081908190166585,0.38875044499822003,0.0,24.843579881479645,1.283885125960567,100.0,3330.4122,1.875417088358097,0.0,218.7065024884197
S-00035,R-118,D-030,V-025,Fort-Collins,Rural,side_entrance,residential,standard,1,clear,12/02/2024 03:45 PM MDT,12/02/2024 03:45 PM MDT,120.0,2024-12-05 15:44:00,524.0,3.0,2.89,2.89,6.627,15.26,2.89,4.225,0.0,56.19,9.8,63.1,failed,customer_not_home,55.39,check,fort-collins,rural,residential,standard,failed,2024-12-02 03:45:00,2024-12-02 03:45:00,0.0,0.0,404.0,Other,Other,Other,Other,Fort-Collins,Rural,side_entrance,residential,standard,clear,Other,Other,Other,failed,customer_not_home,check,fort-collins,rural,residential,standard,failed,1.0,7320.0,310.7066605506453,1.0641270562537064,1.1156789415392487,1.1156789415392487,4.494535629859259,1.8894151587124801,1.804471624013504,0.4831664001346688,0.0,30.57482983894336,1.3914193805498154,63.1,1589.41605,0.0,0.0,245.75814674150615
S-00036,R-115,D-060,V-036,Fort-Collins,Industrial,front_desk,residential,expedited,1,clear,2025-11-05 18:40,2025-11-05 18:40,55.0,2024-12-06 18:45:00,705.0,4.0,11.99,11.99,4.243,22.18,1.99,3.37,0.0,40.98,11.2,81.6,delivered,customer_not_home,83.72,check,fort-collins,industrial,residential,expedited,delivered,2025-11-05 18:40:00,2025-11-05 18:40:00,2.0,0.0,650.0,Other,Other,Other,Other,Fort-Collins,Industrial,front_desk,residential,expedited,clear,Other,Other,Other,delivered,customer_not_home,check,fort-collins,industrial,residential,expedited,delivered,1.0,1567.5,405.9707220060147,1.1867360977981165,1.7888045717808745,1.7888045717808745,3.127681873240162,2.0351240338582395,1.3744359341740076,0.47381774005205035,0.0,23.601005209926598,1.4274016656861317,81.6,3588.2392,1.875417088358097,0.0,377.31437743471054
S-00037,R-154,D-044,V-021,Denver-West,Suburban,front_desk,residential,same_day,1,clear,2025/04/08 12:40:00 MST,2025/04/08 12:40:00 MST,46.0,2024-12-07 12:33:00,333.0,5.0,14.54,14.54,3.756,23.57,1.44,0.0,0.0,42.67,13.5,55.3,failed,weather_delay,62.27,check,denver-west,suburban,residential,same_day,failed,2025-04-08 12:40:00,2025-04-08 12:40:00,1.0,0.0,287.0,Other,Other,Other,Other,Denver-West,Suburban,front_desk,residential,same_day,clear,Other,Other,Other,failed,weather_delay,check,denver-west,suburban,residential,same_day,failed,1.0,1104.0,206.44203014824762,1.2791016451735329,1.8696624250531506,1.8696624250531506,2.8271309898823516,2.0576079456251786,1.071872426804892,-0.0,0.0,24.398180804802365,1.4747742685611098,55.3,2001.0464500000003,0.962295536748461,0.0,180.5285694843896
S-00038,R-115,D-050,V-004,Boulder,Suburban,garage,residential,expedited,1,clear,2025-01-23 14:30 MDT,2025-01-23 14:30 MDT,55.0,2024-12-08 14:37:00,457.0,3.0,7.52,7.52,0.693,9.57,0.47,1.55,0.0,32.9,4.1,83.7,delivered,customer_not_home,94.29,check,boulder,suburban,residential,expedited,delivered,2025-01-23 14:30:00,2025-01-23 14:30:00,3.0,0.0,402.0,Other,Other,Other,Other,Boulder,Suburban,garage,residential,expedited,clear,Other,Other,Other,delivered,customer_not_home,check,boulder,suburban,residential,expedited,delivered,1.0,1567.5,274.6521591880316,1.0641270562537064,1.5804748015010148,1.5804748015010148,0.6366272127774607,1.6902626412345474,0.41653332114118496,0.4231064975009612,0.0,19.694489124678267,1.1143851144599046,83.7,4539.59205,2.7580025035383304,0.0,244.66067863535582
S-00039,R-152,D-053,V-003,Denver-East,Downtown,leave_at_door,residential,standard,0,wind,2025-02-28 16:30,2025-02-28 16:30,120.0,2024-12-09 16:39:00,579.0,1.0,3.55,3.55,2.563,1.84,1.19,0.0,0.0,45.165,9.2,81.9,delivered,customer_not_home,78.08,check,denver-east,downtown,residential,standard,delivered,2025-02-28 16:30:00,2025-02-28 16:30:00,4.0,0.0,459.0,Other,Other,Other,Other,Denver-East,Downtown,leave_at_door,residential,standard,wind,Other,Other,Other,delivered,customer_not_home,check,denver-east,downtown,residential,standard,delivered,0.0,7320.0,339.9582320006805,0.6053542918620024,1.2175298573534505,1.2175298573534505,2.0481751475224717,1.1382307480670901,0.9207210062828284,0.0,0.0,25.563918468834125,1.3737757089148506,81.9,3126.3232,3.618555125115471,0.0,275.7357087100748
S-00040,R-118,D-021,V-026,Colorado-Springs,Downtown,garage,residential,standard,0,wind,2025/06/22 15:40:00,2025/06/22 15:40:00,120.0,2024-12-10 15:41:00,521.0,4.0,3.91,3.91,3.14,12.18,1.51,1.68,0.0,53.04,8.7,62.1,delivered,customer_not_home,92.2,check,colorado-springs,downtown,residential,standard,delivered,2025-06-22 15:40:00,2025-06-22 15:40:00,6.0,1.0,401.0,Other,Other,Other,Other,Colorado-Springs,Downtown,garage,residential,standard,wind,Other,Other,Other,delivered,customer_not_home,check,colorado-springs,downtown,residential,standard,delivered,0.0,7320.0,309.1025671522804,1.1867360977981165,1.2653154137506746,1.2653154137506746,2.4333390181649976,1.7955182290064955,1.1125136541670613,0.43038538650033414,0.0,29.164612333341093,1.3578387009320645,62.1,4342.62,5.291331975501458,1.0,244.1117404733862
S-00041,R-159,D-005,V-014,Denver-West,Suburban,garage,business,expedited,0,clear,20-Sep-2025 15:30 MST,20-Sep-2025 15:30 MST,44.0,2024-12-11 15:38:00,518.0,0.0,4.12,4.12,6.749,5.43,2.2,0.0,0.0,39.4,6.8,100.0,failed,customer_not_home,67.85,check,denver-west,suburban,business,expedited,failed,2025-09-20 15:30:00,2025-09-20 15:30:00,5.0,1.0,474.0,Other,Other,Other,Other,Denver-West,Suburban,garage,business,expedited,clear,Other,Other,Other,failed,customer_not_home,check,denver-west,suburban,business,expedited,failed,0.0,1012.0,307.49755159086345,-0.0,1.2911357544187922,1.2911357544187922,4.560698996477141,1.4260489474746452,1.481071705534973,0.0,0.0,22.84989248510978,1.283885125960567,100.0,2369.6612499999997,4.46194756940847,1.0,283.8474697197142
S-00082,R-114,D-037,V-021,Fort-Collins,Downtown,call_on_arrival,Biz,standard,0,rain,08/31/2025 05:20 PM,08/31/2025 05:20 PM,133.0,2024-12-12 17:16:00,616.0,1.0,10.17,10.17,1.944,9.46,1.15,3.91,0.0,36.12,25.3,67.0,Failed,address_issue,58.0,check,fort-collins,downtown,business,standard,failed,2025-08-31 05:20:00,2025-08-31 05:20:00,6.0,1.0,483.0,Other,Other,Other,Other,Fort-Collins,Downtown,call_on_arrival,Other,standard,rain,Other,Other,Other,Other,address_issue,check,fort-collins,downtown,business,standard,failed,0.0,8977.5,359.47927051825553,0.6053542918620024,1.7172535651154954,1.7172535651154954,1.6134230675681147,1.6850979240332782,0.8955911471672549,0.4792600827107901,0.0,21.271452009780965,1.6453365489340457,67.0,1740.0,5.291331975501458,1.0,288.7021915405335
S-00043,R-126,D-042,V-032,Fort-Collins,Suburban,locker_pickup,business ,expedited,0,clear,2025/03/16 11:15:00 MST,2025/03/16 11:15:00 MST,59.0,2024-12-13 11:12:00,252.0,3.0,10.25,10.25,5.07,17.02,0.89,0.0,0.0,65.37,12.5,72.4,failed,customer_not_home,67.76,check,fort-collins,suburban,business,expedited,failed,2025-03-16 11:15:00,2025-03-16 11:15:00,6.0,1.0,193.0,Other,Other,Other,Other,Fort-Collins,Suburban,Other,Other,expedited,clear,Other,Other,Other,failed,customer_not_home,check,fort-collins,suburban,business,expedited,failed,0.0,1799.5,160.53526010391727,1.0641270562537064,1.7207098174836168,1.7207098174836168,3.6195994099963533,1.9332550822756163,0.7249629554602642,0.0,0.0,34.599860256787665,1.4556689460481826,72.4,2363.4688000000006,5.291331975501458,1.0,126.17442247984577
S-00044,R-110,D-057,V-030,Colorado-Springs,Suburban,garage,residential,expedited,0,rain,2025/11/13 12:50:00 MST,2025/11/13 12:50:00 MST,48.0,2024-12-14 12:46:00,346.0,1.0,8.11,8.11,2.823,11.61,1.41,0.0,0.0,57.99,7.3,37.3,failed,customer_not_home,56.21,check,colorado-springs,suburban,residential,expedited,failed,2025-11-13 12:50:00,2025-11-13 12:50:00,3.0,0.0,298.0,Other,Other,Other,Other,Colorado-Springs,Suburban,garage,residential,expedited,rain,Other,Other,Other,failed,customer_not_home,check,colorado-springs,suburban,residential,expedited,failed,0.0,1200.0,213.6986528394899,0.6053542918620024,1.615333045770497,1.615333045770497,2.223884367665477,1.7749861537411127,1.0542406180061954,-0.0,0.0,31.373663579591668,1.3057898654993767,37.3,1635.99205,2.7580025035383304,0.0,186.76067317958078
S-00045,R-116,D-017,V-009,Boulder,Suburban,mailroom,residential,expedited,0,clear,2025/07/16 11:35:00 MST,2025/07/16 11:35:00 MST,49.0,2024-12-15 11:39:00,279.0,2.0,6.78,6.78,9.641375,5.74,3.44,4.225,0.0,45.87,12.9,62.1,delivered,customer_not_home,79.39,check,boulder,suburban,residential,expedited,delivered,2025-07-16 11:35:00,2025-07-16 11:35:00,2.0,0.0,230.0,Other,Other,Other,Other,Boulder,Suburban,mailroom,residential,expedited,clear,Other,Other,Other,delivered,customer_not_home,check,boulder,suburban,residential,expedited,delivered,0.0,1249.5,175.98120534562395,0.8890149625568643,1.5320382393086582,1.5320382393086582,6.519421672746649,1.4528011240031504,2.221878212513562,0.48841651434383027,0.0,25.891008173518482,1.46355821921418,62.1,3230.77605,1.875417088358097,0.0,147.82783362963298
S-00046,R-135,D-048,V-036,Denver-West,Campus,front_desk,residential,standard,0,snow,2025-09-22 08:05 MDT,2025-09-22 08:05 MDT,117.0,2024-12-16 08:16:00,76.0,1.0,4.1,4.1,1.432,4.11,1.08,0.0,0.0,38.97,15.4,50.3,failed,customer_not_home,57.03,check,denver-west,campus,residential,standard,failed,2025-09-22 08:05:00,2025-09-22 08:05:00,0.0,0.0,0.0,Other,Other,Other,Other,Denver-West,Campus,front_desk,residential,standard,snow,Other,Other,Other,failed,customer_not_home,check,denver-west,campus,residential,standard,failed,0.0,6961.5,54.30029146932206,0.6053542918620024,1.2887364593892463,1.2887364593892463,1.2326221045231844,1.2899376328752232,0.8509298998381457,-0.0,0.0,22.644466131034623,1.5061352016752052,50.3,1683.24045,0.0,0.0,0.0
S-00047,R-128,D-017,V-038,Denver East,Suburban,garage,business ,standard,1,clear,12/11/2025 08:35 AM MDT,12/11/2025 08:35 AM MDT,104.0,2024-12-17 08:40:00,100.0,1.0,3.01,3.01,2.829,12.33,1.43,0.0,0.0,60.14,2.5,62.5,Failed,customer_not_home,71.92,check,denver-east,suburban,business,standard,failed,2025-12-11 08:35:00,2025-12-11 08:35:00,3.0,0.0,0.0,Other,Other,Other,Other,Other,Suburban,garage,Other,standard,clear,Other,Other,Other,Other,customer_not_home,check,denver-east,suburban,business,standard,failed,1.0,5512.0,69.62590351432686,0.6053542918620024,1.1358001918097727,1.1358001918097727,2.227896061472442,1.8007302305591417,1.0660096830375057,0.0,0.0,32.32147017973238,1.0264754257495845,62.5,2658.1632,2.7580025035383304,0.0,0.0
S-00048,R-126,D-058,V-038,Denver-East,Downtown,leave_at_door,business,standard,1,wind,07-Apr-2025 17:30 ,07-Apr-2025 17:30 ,113.0,2024-12-18 17:32:00,632.0,1.0,4.04,4.04,3.379,29.35625,1.56,0.0,0.0,38.6,12.1,79.1,delivered,customer_not_home,62.64,check,denver-east,downtown,business,standard,delivered,2025-04-07 17:30:00,2025-04-07 17:30:00,0.0,0.0,519.0,Other,Other,Other,Other,Denver-East,Downtown,leave_at_door,business,standard,wind,Other,Other,Other,delivered,customer_not_home,check,denver-east,downtown,business,standard,delivered,1.0,6497.5,367.8841847397393,0.6053542918620024,1.2814645496285388,1.2814645496285388,2.588082562092278,2.2414194080705485,1.141128406052161,-0.0,0.0,22.4673499549759,1.4474210360044624,79.1,2024.5248000000001,0.0,0.0,308.03265960115306
S-00049,R-109,D-024,V-015,Denver-West,Downtown,front_desk,residential,standard,0,snow,01/18/2025 06:15 PM MDT,01/18/2025 06:15 PM MDT,120.0,2024-12-19 18:20:00,680.0,1.0,4.93,4.93,1.366,5.76,0.95,0.0,0.0,39.17,12.7,83.4,failed,weather_delay,60.92,check,denver-west,downtown,residential,standard,failed,2025-01-18 06:15:00,2025-01-18 06:15:00,5.0,1.0,560.0,Other,Other,Other,Other,Denver-West,Downtown,front_desk,residential,standard,snow,Other,Other,Other,failed,weather_delay,check,denver-west,downtown,residential,standard,failed,0.0,7320.0,392.97387672014315,0.6053542918620024,1.379163353728453,1.379163353728453,1.181859931738516,1.4544719667048331,0.7655313180710959,0.0,0.0,22.740067967594122,1.4596567730417007,83.4,1916.5432,4.46194756940847,1.0,329.88589509057255
S-00050,R-106,D-033,V-032,Fort Collins,Industrial,mailroom,residential,standard,0,clear,2025/03/04 17:05:00 MDT,2025/03/04 17:05:00 MDT,115.0,2024-12-20 17:08:00,608.0,3.0,5.69,5.69,1.761,12.5,0.7,0.0,0.0,35.46,9.8,83.0,failed,vehicle_issue,53.57,check,fort-collins,industrial,residential,standard,failed,2025-03-04 17:05:00,2025-03-04 17:05:00,1.0,0.0,493.0,Other,Other,Other,Other,Other,Industrial,mailroom,residential,standard,clear,Other,Other,Other,failed,vehicle_issue,check,fort-collins,industrial,residential,standard,failed,0.0,6727.5,355.2686676829888,1.0641270562537064,1.4485956671455649,1.4485956671455649,1.4797904577029417,1.8065457663148479,0.5911464215075984,-0.0,0.0,20.950530094296592,1.3914193805498154,83.0,1488.44245,0.962295536748461,0.0,294.0857563613787
S-00051,R-156,D-049,V-004,Fort-Collins,Suburban,garage,business,standard,1,wind,06/20/2025 04:15 PM MDT,06/20/2025 04:15 PM MDT,113.0,2024-12-21 16:26:00,566.0,2.0,5.32,5.32,4.288,15.58,2.32,2.94,0.0,44.76,11.5,76.3,failed,package_damaged,67.34,check,fort-collins,suburban,business,standard,failed,2025-06-20 04:15:00,2025-06-20 04:15:00,4.0,0.0,453.0,Other,Other,Other,Other,Fort-Collins,Suburban,garage,business,standard,wind,Other,Other,Other,failed,package_damaged,check,fort-collins,suburban,business,standard,failed,1.0,6497.5,333.070265394786,0.8890149625568643,1.416150101906074,1.416150101906074,3.1550207800171535,1.8978327033858262,1.540129092475159,0.4677909763199258,0.0,25.3755645875629,1.434314575050762,76.3,2334.6778000000004,3.618555125115471,0.0,272.48363804819803
S-00052,R-141,D-008,V-010,Denver-East,Rural,side_entrance,residential,standard,0,clear,12/13/2025 09:00 AM,12/13/2025 09:00 AM,113.0,2024-12-22 09:07:00,127.0,1.0,7.69,7.69,9.641375,4.73,3.17,0.0,0.0,38.95,5.0,53.0,delivered,customer_not_home,87.21,check,denver-east,rural,residential,standard,delivered,2025-12-13 09:00:00,2025-12-13 09:00:00,5.0,1.0,14.0,Other,Other,Other,Other,Denver-East,Rural,side_entrance,residential,standard,clear,Other,Other,Other,delivered,customer_not_home,check,denver-east,rural,residential,standard,delivered,0.0,6497.5,86.43693606008304,0.6053542918620024,1.5908332307171504,1.5908332307171504,6.055403240879802,1.358945988448459,1.9258269670073884,0.0,0.0,22.6349006921593,1.183503419072274,53.0,3890.0020499999996,4.46194756940847,1.0,11.601642318600163
S-00053,R-139,D-011,V-028,Boulder,Downtown,mailroom,business,expedited,1,clear,2025-01-17 08:45 MST,2025-01-17 08:45 MST,50.0,2024-12-23 08:47:00,107.0,6.0,12.2,12.2,1.397,14.56,0.53,0.0,0.0,51.88,7.2,59.0,delivered,customer_not_home,88.74,check,boulder,downtown,business,expedited,delivered,2025-01-17 08:45:00,2025-01-17 08:45:00,4.0,0.0,57.0,Other,Other,Other,Other,Boulder,Downtown,mailroom,business,expedited,clear,Other,Other,Other,delivered,customer_not_home,check,boulder,downtown,business,expedited,delivered,1.0,1300.0,74.02329717243397,1.352108625101415,1.7962176068761488,1.7962176068761488,1.2057549690997549,1.8702270766670608,0.46357949336822263,-0.0,0.0,28.641187596725736,1.3015697042304217,59.0,4026.1337999999996,3.618555125115471,0.0,41.82697521162668
S-00054,R-125,D-005,V-025,Fort-Collins,Suburban,side_entrance,residential,standard,0,rain,2025/12/02 10:40:00 MDT,2025/12/02 10:40:00 MDT,120.0,2024-12-24 10:29:00,209.0,2.0,8.31,8.31,2.105,6.05,1.19,0.0,0.0,38.15,9.8,57.8,delivered,customer_not_home,91.26,check,fort-collins,suburban,residential,standard,delivered,2025-12-02 10:40:00,2025-12-02 10:40:00,1.0,0.0,89.0,Other,Other,Other,Other,Fort-Collins,Suburban,side_entrance,residential,standard,rain,Other,Other,Other,delivered,customer_not_home,check,fort-collins,suburban,residential,standard,delivered,0.0,7320.0,135.58458968321256,0.8890149625568643,1.626489289460927,1.626489289460927,1.7289411050424457,1.4779997312677615,0.9207210062828284,0.0,0.0,22.251491548000715,1.3914193805498154,57.8,4255.4538,0.962295536748461,0.0,62.652917658170644
S-00055,R-134,D-039,V-030,Denver-East,Downtown,front_desk,Business,STANDARD,1,wind,2025/10/30 15:00:00 MDT,2025/10/30 15:00:00 MDT,128.0,2024-12-25 15:00:00,480.0,5.0,15.103750000000002,15.103750000000002,2.662,25.63,1.32,4.225,0.0,35.0,6.9,74.1,delivered,customer_not_home,88.14,check,denver-east,downtown,business,standard,delivered,2025-10-30 15:00:00,2025-10-30 15:00:00,3.0,0.0,352.0,Other,Other,Other,Other,Denver-East,Downtown,front_desk,Other,Other,wind,Other,Other,Other,delivered,customer_not_home,check,denver-east,downtown,business,standard,delivered,1.0,8320.0,287.08496224470275,1.2791016451735329,1.9062949223171877,1.9062949223171877,2.115519028123971,2.0880522373006025,1.0005412736248234,0.4930139887888492,0.0,20.72617038687643,1.2884319330351799,74.1,3972.4698,2.7580025035383304,0.0,217.0386417966705
S-00056,R-156,D-017,V-036,Colorado Springs,Downtown,leave_at_door,residential,standard,0,clear,2025/09/06 15:20:00,2025/09/06 15:20:00,145.0,2024-12-26 15:23:00,503.0,3.0,9.01,9.01,1.436,7.93,0.75,0.0,0.0,45.65,20.5,45.7,faild,weather_delay,57.39,check,colorado-springs,downtown,residential,standard,failed,2025-09-06 15:20:00,2025-09-06 15:20:00,5.0,1.0,358.0,Other,Other,Other,Other,Other,Downtown,leave_at_door,residential,standard,clear,Other,Other,Other,Other,weather_delay,check,colorado-springs,downtown,residential,standard,failed,0.0,10657.5,299.4584335205076,1.0641270562537064,1.6632100829539038,1.6632100829539038,1.23568522330491,1.605016707983681,0.6271969089260543,-0.0,0.0,25.789043935882827,1.5686689071862463,45.7,1704.19605,4.46194756940847,1.0,220.37295825417237
S-00057,R-144,D-001,V-008,Colorado Springs,Downtown,front_desk,business ,expedited,0,snow,02/21/2025 01:05 PM MST,02/21/2025 01:05 PM MST,60.0,2024-12-27 13:08:00,368.0,5.0,5.61,5.61,1.433,16.77,0.75,0.0,0.0,34.59,2.2,47.6,rescheduled,customer_not_home,67.56,check,colorado-springs,downtown,business,expedited,rescheduled,2025-02-21 01:05:00,2025-02-21 01:05:00,4.0,0.0,308.0,Other,Other,Other,Other,Other,Downtown,front_desk,Other,expedited,snow,Other,Other,Other,rescheduled,customer_not_home,check,colorado-springs,downtown,business,expedited,rescheduled,0.0,1860.0,225.9178281969378,1.2791016451735329,1.441781234887776,1.441781234887776,1.2333880258218495,1.9273747840100945,0.6271969089260543,-0.0,0.0,20.525713974614558,1.0264754257495845,47.6,2349.7368,3.618555125115471,0.0,192.40633416386245
S-00058,R-149,D-057,V-035,Colorado-Springs,Campus,side_entrance,Residential,standard,1,clear,29-Jan-2025 08:35,29-Jan-2025 08:35,111.0,2024-12-28 08:39:00,99.0,1.0,5.94,5.94,3.387,10.95,0.85,4.225,0.0,61.27,4.8,42.3,delivered,customer_not_home,87.41,check,colorado-springs,campus,residential,standard,delivered,2025-01-29 08:35:00,2025-01-29 08:35:00,2.0,0.0,0.0,Other,Other,Other,Other,Colorado-Springs,Campus,side_entrance,Other,standard,clear,Other,Other,Other,delivered,customer_not_home,check,colorado-springs,campus,residential,standard,delivered,1.0,6271.5,68.99526049779934,0.6053542918620024,1.4692260464081721,1.4692260464081721,2.5932177763597837,1.7496498998618089,0.6974863564225507,0.48865945710553055,0.0,32.81693842845893,1.1695452014626002,42.3,3907.66405,1.875417088358097,0.0,0.0
S-00972,R-108,D-018,V-022,Boulder ,Downtown,side_entrance,business,standard,0,clear,04-Dec-2025 07:40,04-Dec-2025 07:40,123.0,2024-12-29 07:38:00,38.0,4.0,4.1,4.1,2.47,10.23,1.32,0.0,0.0,53.1,2.8,66.3,delivered,customer_not_home,96.05,check,boulder,downtown,business,standard,delivered,2025-12-04 07:40:00,2025-12-04 07:40:00,3.0,0.0,0.0,Other,Other,Other,Other,Other,Downtown,side_entrance,business,standard,clear,Other,Other,Other,delivered,customer_not_home,check,boulder,downtown,business,standard,delivered,0.0,7687.5,28.929975463708022,1.1867360977981165,1.2887364593892463,1.2887364593892463,1.9843995261893908,1.719848756398021,1.0005412736248234,0.0,0.0,29.19162453490929,1.0264754257495845,66.3,4708.85125,2.7580025035383304,0.0,0.0
S-00060,R-111,D-019,V-028,Fort Collins,Suburban,front_desk,residential,standard,0,clear,2025-02-06 08:30,2025-02-06 08:30,120.0,2024-12-30 08:36:00,96.0,2.0,4.12,4.12,8.15,10.95,1.48,0.0,118.12,48.68,10.5,73.5,FAILED,customer_not_home,61.11,check,fort-collins,suburban,residential,standard,failed,2025-02-06 08:30:00,2025-02-06 08:30:00,3.0,0.0,0.0,Other,Other,Other,Other,Other,Suburban,front_desk,residential,standard,clear,Other,Other,Other,Other,customer_not_home,check,fort-collins,suburban,residential,standard,failed,0.0,7320.0,67.09951742266864,0.8890149625568643,1.2911357544187922,1.2911357544187922,5.299595002470807,1.7496498998618089,1.0951803468784778,-0.0,118.12,27.185134232159562,1.4102321753804115,73.5,1928.32605,2.7580025035383304,0.0,0.0
S-00061,R-147,D-030,V-001,Denver-East,Suburban,side_entrance,residential,standard,0,snow,2025/01/05 08:10:00 MDT,2025/01/05 08:10:00 MDT,138.0,2024-12-31 08:21:00,81.0,4.0,2.26,2.26,7.952,19.29,3.44,0.0,0.0,51.67,7.9,57.2,failed,weather_delay,56.77,check,denver-east,suburban,residential,standard,failed,2025-01-05 08:10:00,2025-01-05 08:10:00,6.0,1.0,0.0,Other,Other,Other,Other,Denver-East,Suburban,side_entrance,residential,standard,snow,Other,Other,Other,failed,weather_delay,check,denver-east,suburban,residential,standard,failed,0.0,9660.0,57.52834826677707,1.1867360977981165,0.9949620699941574,0.9949620699941574,5.197345877925803,1.9822126847319537,2.221878212513562,-0.0,0.0,28.546185385222817,1.3295984768460092,57.2,1668.1864500000001,5.291331975501458,1.0,0.0
S-00062,R-133,D-057,V-017,Denver-East,Suburban,garage,business,expedited,1,fog,2024-12-10 13:00,2024-12-10 13:00,53.0,2025-01-01 13:02:00,362.0,4.0,13.45,13.45,2.07,17.35,1.26,2.77,0.0,47.21,14.9,42.0,delivered ,customer_not_home,80.42,check,denver-east,suburban,business,expedited,delivered,2024-12-10 13:00:00,2024-12-10 13:00:00,1.0,0.0,309.0,Other,Other,Other,Other,Denver-East,Suburban,garage,business,expedited,fog,Other,Other,Other,Other,customer_not_home,check,denver-east,suburban,business,expedited,delivered,1.0,1457.5,222.59273611459565,1.1867360977981165,1.8373788104345345,1.8373788104345345,1.7039844221147964,1.9408566726123697,0.9640438769910822,0.46482069106234475,0.0,26.51001638977621,1.4984301374244808,42.0,3314.1082,0.962295536748461,0.0,192.9698861120183
S-00063,R-133,D-049,V-012,Denver-East,Downtown,front_desk,business ,expedited,0,rain,03/11/2025 05:50 PM,03/11/2025 05:50 PM,66.0,2025-01-02 17:59:00,659.0,2.0,6.2,6.2,2.665,7.88,1.28,0.0,118.12,36.95,16.1,55.2,failed,address_issue,53.54,check,denver-east,downtown,business,expedited,failed,2025-03-11 05:50:00,2025-03-11 05:50:00,1.0,0.0,593.0,Other,Other,Other,Other,Denver-East,Downtown,front_desk,Other,expedited,rain,Other,Other,Other,failed,address_issue,check,denver-east,downtown,business,expedited,failed,0.0,2244.0,382.0196589809521,0.8890149625568643,1.489681131696128,1.489681131696128,2.1175511623978127,1.6021029893647323,0.9762735777270106,0.0,118.12,21.673421352772877,1.5163491665933255,55.2,1486.8057999999999,0.962295536748461,0.0,347.35880518737224
S-00064,R-156,D-059,V-007,Denver-West,Rural,garage,business ,standard,0,wind,2024-11-21 07:20 MDT,2024-11-21 07:20 MDT,105.0,2025-01-03 07:26:00,26.0,1.0,4.55,4.55,3.409,3.11,1.74,0.0,0.0,44.6,8.4,69.0,delivered,customer_not_home,82.51,check,denver-west,rural,business,standard,delivered,2024-11-21 07:20:00,2024-11-21 07:20:00,3.0,0.0,0.0,Other,Other,Other,Other,Denver-West,Rural,garage,Other,standard,wind,Other,Other,Other,delivered,customer_not_home,check,denver-west,rural,business,standard,delivered,0.0,5617.5,20.46558168863484,0.6053542918620024,1.3399498736064346,1.3399498736064346,2.6073251539280635,1.1519790915118846,1.2414524813655554,-0.0,0.0,25.301061406385,1.3476719269465578,69.0,3486.4600500000006,2.7580025035383304,0.0,0.0
S-00065,R-154,D-041,V-020,Boulder,Industrial,locker_pickup,business,standard,0,clear,2025-02-18 17:50 MST,2025-02-18 17:50 MST,125.0,2025-01-04 17:45:00,645.0,3.0,15.103750000000002,15.103750000000002,5.449,14.6,1.77,0.0,0.0,34.81,13.6,100.0,delivered,customer_not_home,84.01,check,boulder,industrial,business,standard,delivered,2025-02-18 17:50:00,2025-02-18 17:50:00,1.0,0.0,520.0,Other,Other,Other,Other,Boulder,Industrial,Other,business,standard,clear,Other,Other,Other,delivered,customer_not_home,check,boulder,industrial,business,standard,delivered,0.0,7937.5,374.69752565485203,1.0641270562537064,2.034787811808038,2.034787811808038,3.8382261089813072,1.871353554522363,1.2577848943378716,0.0,0.0,20.63333303663446,1.4765760774097862,100.0,3612.8500500000005,0.962295536748461,0.0,308.56766471588355
S-00066,R-139,D-041,V-033,Boulder,Suburban,side_entrance,residential,standard,0,wind,2025-07-26 14:05,2025-07-26 14:05,109.0,2025-01-05 14:14:00,434.0,2.0,3.53,3.53,5.141,8.58,1.82,0.0,0.0,42.1,7.6,45.9,delivered,customer_not_home,78.06,check,boulder,suburban,residential,standard,delivered,2025-07-26 14:05:00,2025-07-26 14:05:00,5.0,1.0,325.0,Other,Other,Other,Other,Boulder,Suburban,side_entrance,residential,standard,wind,Other,Other,Other,delivered,customer_not_home,check,boulder,suburban,residential,standard,delivered,0.0,6049.5,262.15673590198185,0.8890149625568643,1.2147317882437336,1.2147317882437336,3.6608607124148094,1.6410655268359728,1.2847713889858263,-0.0,0.0,24.130012352848244,1.3180056605295265,45.9,3124.7418000000002,4.46194756940847,1.0,201.96242471343558
S-00067,R-124,D-013,V-010,Denver-East,Suburban,side_entrance,business,standard,1,clear,2025-10-13 15:00 MST,2025-10-13 15:00 MST,142.0,2025-01-06 14:44:00,464.0,2.0,5.45,5.45,5.174,10.77,1.73,0.0,0.0,51.2,4.5,56.3,delivered,customer_not_home,84.37,check,denver-east,suburban,business,standard,delivered,2025-10-13 15:00:00,2025-10-13 15:00:00,0.0,0.0,322.0,Other,Other,Other,Other,Denver-East,Suburban,side_entrance,business,standard,clear,Other,Other,Other,delivered,customer_not_home,check,denver-east,suburban,business,standard,delivered,1.0,10224.0,278.4425267564753,0.8890149625568643,1.4278250944063646,1.4278250944063646,3.679989736607856,1.7424226199933524,1.2359845150081317,0.0,0.0,28.3332862230269,1.1471971345775582,56.3,3643.5184500000005,0.0,0.0,200.27975082773904
S-00068,R-135,D-049,V-011,Colorado Springs,Industrial,mailroom,residential,expedited,0,clear,2025/06/21 12:20:00,2025/06/21 12:20:00,74.0,2025-01-07 12:23:00,323.0,1.0,3.22,3.22,3.74,5.53,1.27,0.0,118.12,51.49,13.4,76.7,rescheduled,customer_not_home,62.22,check,colorado-springs,industrial,residential,expedited,rescheduled,2025-06-21 12:20:00,2025-06-21 12:20:00,5.0,1.0,249.0,Other,Other,Other,Other,Other,Industrial,mailroom,residential,expedited,clear,Other,Other,Other,rescheduled,customer_not_home,check,colorado-springs,industrial,residential,expedited,rescheduled,0.0,2812.0,200.84081506920515,0.6053542918620024,1.1691950386517942,1.1691950386517942,2.8171040860487815,1.4348587338599295,0.9701668086883677,0.0,118.12,28.4646946118064,1.47295372330527,76.7,1997.8842,4.46194756940847,1.0,158.80915300365646
S-00069,R-159,D-050,V-034,Denver-East,Suburban,side_entrance,residential,same_day,0,clear,04/10/2025 01:05 PM,04/10/2025 01:05 PM,42.0,2025-01-08 13:09:00,369.0,4.0,4.16,4.16,6.196,23.15,1.36,0.0,0.0,52.34,6.3,60.1,Delivered,customer_not_home,88.47,check,denver-east,suburban,residential,same_day,delivered,2025-04-10 01:05:00,2025-04-10 01:05:00,3.0,0.0,327.0,Other,Other,Other,Other,Denver-East,Suburban,side_entrance,residential,same_day,clear,Other,Other,Other,Other,customer_not_home,check,denver-east,suburban,residential,same_day,delivered,0.0,924.0,226.4714823606059,1.1867360977981165,1.2958979937043429,1.2958979937043429,4.2581999408575095,2.050992106964868,1.024559202430816,0.0,0.0,28.84902461213452,1.2597667898023948,60.1,4001.94045,2.7580025035383304,0.0,203.08334646009197
S-00070,R-121,D-001,V-039,Boulder ,Suburban,leave_at_door,business,expedited,0,wind,01/01/2025 02:45 PM MDT,01/01/2025 02:45 PM MDT,59.0,2025-01-09 14:55:00,475.0,4.0,9.3,9.3,2.981,17.73,1.38,0.0,0.0,36.27,8.0,42.1,delivered,customer_not_home,83.94,check,boulder,suburban,business,expedited,delivered,2025-01-01 02:45:00,2025-01-01 02:45:00,2.0,0.0,416.0,Other,Other,Other,Other,Other,Suburban,leave_at_door,business,expedited,wind,Other,Other,Other,delivered,customer_not_home,check,boulder,suburban,business,expedited,delivered,0.0,1799.5,284.3873344512673,1.1867360977981165,1.6774582244877476,1.6774582244877476,2.328906898631121,1.9493928548573556,1.0364766218799306,-0.0,0.0,21.344229054668638,1.3333333333333335,42.1,3606.9017999999996,1.875417088358097,0.0,252.33167842979105
S-00071,R-108,D-032,V-002,Denver-West,Suburban,garage,res,standard,0,wind,26-Dec-2024 16:15 ,26-Dec-2024 16:15 ,121.0,2025-01-10 16:32:00,572.0,1.0,8.51,8.51,4.221,20.03,1.6,3.33,0.0,45.165,4.5,46.9,delivered,customer_not_home,80.43,check,denver-west,suburban,residential,standard,delivered,2024-12-26 16:15:00,2024-12-26 16:15:00,3.0,0.0,451.0,Other,Other,Other,Other,Denver-West,Suburban,garage,Other,standard,wind,Other,Other,Other,delivered,customer_not_home,check,denver-west,suburban,residential,standard,delivered,0.0,7441.5,336.2512677112903,0.6053542918620024,1.6373382449608183,1.6373382449608183,3.1142905810866375,1.9966548307501475,1.163779664925576,0.47333176879710276,0.0,25.563918468834125,1.1471971345775582,46.9,3314.9224500000005,2.7580025035383304,0.0,271.39866184159746
S-00072,R-157,D-060,V-024,Denver-East,Suburban,call_on_arrival,residential,standard,0,rain,03-Jul-2025 11:20 MDT,03-Jul-2025 11:20 MDT,123.0,2025-01-11 11:21:00,261.0,1.0,4.22,4.22,3.346,3.91,1.4,4.225,0.0,61.27,10.5,73.4,delivered,customer_not_home,81.36,check,denver-east,suburban,residential,standard,delivered,2025-07-03 11:20:00,2025-07-03 11:20:00,3.0,0.0,138.0,Other,Other,Other,Other,Denver-East,Suburban,call_on_arrival,residential,standard,rain,Other,Other,Other,delivered,customer_not_home,check,denver-east,suburban,residential,standard,delivered,0.0,7687.5,165.70141255592645,0.6053542918620024,1.3029520824078962,1.3029520824078962,2.566869971419322,1.2653154137506746,1.0483341038127754,0.4862944607692645,0.0,32.81693842845893,1.4102321753804115,73.4,3391.0848,2.7580025035383304,0.0,93.1800124550217
S-00073,R-116,D-054,V-020,Colorado-Springs,Downtown,side_entrance,business,standard,0,wind,20-Sep-2025 12:40,20-Sep-2025 12:40,122.0,2025-01-12 12:34:00,334.0,4.0,12.81,12.81,1.415,13.04,0.69,0.0,0.0,45.61,7.5,61.3,delivered,weather_delay,80.24,check,colorado-springs,downtown,business,standard,delivered,2025-09-20 12:40:00,2025-09-20 12:40:00,5.0,1.0,212.0,Other,Other,Other,Other,Colorado-Springs,Downtown,side_entrance,business,standard,wind,Other,Other,Other,delivered,weather_delay,check,colorado-springs,downtown,business,standard,delivered,0.0,7564.0,207.00122144776083,1.1867360977981165,1.8169093597097214,1.8169093597097214,1.2195869446691878,1.8244050016453406,0.5838602601779352,-0.0,0.0,25.770494662096382,1.3140056594299647,61.3,3299.4687999999996,4.46194756940847,1.0,137.34085699445689
S-00074,R-157,D-004,V-016,Denver-West,Suburban,side_entrance,residential,expedited,0,rain,04-Sep-2025 17:35,04-Sep-2025 17:35,71.0,2025-01-13 17:42:00,642.0,5.0,10.61,10.61,3.373,10.19,1.99,0.0,0.0,60.66,8.7,79.1,Rescheduled,customer_not_home,73.49,check,denver-west,suburban,residential,expedited,rescheduled,2025-09-04 17:35:00,2025-09-04 17:35:00,3.0,0.0,571.0,Other,Other,Other,Other,Denver-West,Suburban,side_entrance,residential,expedited,rain,Other,Other,Other,Other,customer_not_home,check,denver-west,suburban,residential,expedited,rescheduled,0.0,2591.5,373.12644310218906,1.2791016451735329,1.7358766915412738,1.7358766915412738,2.5842293042617084,1.718120638437666,1.3744359341740076,-0.0,0.0,32.54969873490008,1.3578387009320645,79.1,2773.8800499999998,2.7580025035383304,0.0,335.7213328904573
S-00075,R-106,D-037,V-006,Denver-West,Industrial,mailroom,residential,Standard,0,snow,08/25/2025 02:20 PM MST,08/25/2025 02:20 PM MST,127.0,2025-01-14 14:29:00,449.0,1.0,5.22,5.22,6.73,11.31,3.44,4.225,0.0,45.165,9.8,32.5,DELIVERED,customer_not_home,71.9,check,denver-west,industrial,residential,standard,delivered,2025-08-25 02:20:00,2025-08-25 02:20:00,0.0,0.0,322.0,Other,Other,Other,Other,Denver-West,Industrial,mailroom,residential,Other,snow,Other,Other,Other,Other,customer_not_home,check,denver-west,industrial,residential,standard,delivered,0.0,8191.5,270.3132054491561,0.6053542918620024,1.4069548006912123,1.4069548006912123,4.5504155244247375,1.7636887365369969,2.0505408558878337,0.4888283384834693,0.0,25.563918468834125,1.3914193805498154,32.5,2656.7050000000004,0.0,0.0,200.27975082773904
S-00076,R-153,D-047,V-032,Denver-East,Industrial,garage,business,standard,0,snow,24-Oct-2025 11:40 MST,24-Oct-2025 11:40 MST,120.0,2025-01-15 11:44:00,284.0,1.0,4.36,4.36,1.406,7.53,0.57,0.0,0.0,50.61,8.6,25.9,delivered,customer_not_home,87.36,check,denver-east,industrial,business,standard,delivered,2025-10-24 11:40:00,2025-10-24 11:40:00,4.0,0.0,164.0,Other,Other,Other,Other,Denver-East,Industrial,garage,business,standard,snow,Other,Other,Other,delivered,customer_not_home,check,denver-east,industrial,business,standard,delivered,0.0,7320.0,178.82480716014487,0.6053542918620024,1.3190094208340606,1.3190094208340606,1.2126748374362453,1.5810915347613332,0.4943314350442247,-0.0,0.0,28.065486123727634,1.3545027756320973,25.9,3903.2448,3.618555125115471,0.0,108.91431022726388
S-00077,R-150,D-005,V-035,Denver-West,Rural,garage,Residential,expedited,0,clear,2025-07-27 14:20 MDT,2025-07-27 14:20 MDT,65.0,2025-01-16 14:13:00,433.0,4.0,2.65,2.65,3.359,7.53,1.09,0.0,118.12,37.29,16.7,46.3,failed,package_damaged,57.97,check,denver-west,rural,residential,expedited,failed,2025-07-27 14:20:00,2025-07-27 14:20:00,6.0,1.0,368.0,Other,Other,Other,Other,Denver-West,Rural,garage,Other,expedited,clear,Other,Other,Other,failed,package_damaged,check,denver-west,rural,residential,expedited,failed,0.0,2177.5,261.6119811435893,1.1867360977981165,1.0729042524807715,1.0729042524807715,2.575232195119979,1.5810915347613332,0.8573647251876968,0.0,118.12,21.83757429985526,1.5246173114584716,46.3,1738.23045,5.291331975501458,1.0,225.9178281969378
S-00078,R-143,D-009,V-009,Fort-Collins,Suburban,mailroom,business,standard,0,rain,06/29/2025 01:50 PM MDT,06/29/2025 01:50 PM MDT,130.0,2025-01-17 13:52:00,412.0,3.0,5.22,5.22,4.323,5.08,1.57,0.0,0.0,38.26,12.5,71.9,delivered,customer_not_home,83.73,check,fort-collins,suburban,business,standard,delivered,2025-06-29 01:50:00,2025-06-29 01:50:00,6.0,1.0,282.0,Other,Other,Other,Other,Fort-Collins,Suburban,mailroom,business,standard,rain,Other,Other,Other,delivered,customer_not_home,check,fort-collins,suburban,business,standard,delivered,0.0,8580.0,250.14263001654626,1.0641270562537064,1.4069548006912123,1.4069548006912123,3.1762361424685435,1.3937534482708445,1.1468110159360163,-0.0,0.0,22.304302552449087,1.4556689460481826,71.9,3589.0864500000002,5.291331975501458,1.0,177.68797000181232
S-00079,R-111,D-031,V-036,Colorado-Springs,Rural,front_desk,residential,STANDARD,0,clear,2025/02/09 18:55:00 MDT ,2025/02/09 18:55:00 MDT ,118.0,2025-01-18 18:49:00,709.0,2.0,5.24,5.24,5.218,4.9,2.29,3.73,0.0,42.04,25.3,57.1,delivered,customer_not_home,88.37,check,colorado-springs,rural,residential,standard,delivered,2025-02-09 18:55:00,2025-02-09 18:55:00,6.0,1.0,591.0,Other,Other,Other,Other,Colorado-Springs,Rural,front_desk,residential,Other,clear,Other,Other,Other,delivered,customer_not_home,check,colorado-springs,rural,residential,standard,delivered,0.0,7080.0,408.04590657378014,0.8890149625568643,1.4088091694100668,1.4088091694100668,3.705447462711355,1.3761877062957661,1.5254864382227131,0.477651533775237,0.0,24.101742972799435,1.6502512916086656,57.1,3992.9984500000005,5.291331975501458,1.0,346.30265775154874
S-00080,R-156,D-017,V-034,Denver-West,Campus,garage,residential,EXPEDITED,0,clear,2025/02/17 16:05:00,2025/02/17 16:05:00,65.0,2025-01-19 16:16:00,556.0,2.0,3.93,3.93,3.045,11.43,0.9,0.0,0.0,51.5,14.3,57.0,failed,security_access,64.34,check,denver-west,campus,residential,expedited,failed,2025-02-17 16:05:00,2025-02-17 16:05:00,0.0,0.0,491.0,Other,Other,Other,Other,Denver-West,Campus,garage,residential,Other,clear,Other,Other,Other,failed,security_access,check,denver-west,campus,residential,expedited,failed,0.0,2177.5,327.7610909085662,0.8890149625568643,1.267835853128454,1.267835853128454,2.3710902442327892,1.7682502160466713,0.7317774705126872,0.0,0.0,28.46922334162967,1.4886900074350864,57.0,2134.1578000000004,0.0,0.0,293.0099221851126
S-00081,R-114,D-039,V-028,Dnvr-East,Suburban,leave_at_door,business,expedited,0,clear,14-Dec-2025 18:50 MDT,14-Dec-2025 18:50 MDT,69.0,2025-01-20 18:51:00,711.0,2.0,7.21,7.21,1.971,6.13,0.51,0.0,0.0,50.36,14.5,21.1,delivered,customer_not_home,82.27,check,denver-east,suburban,business,expedited,delivered,2025-12-14 18:50:00,2025-12-14 18:50:00,6.0,1.0,642.0,Other,Other,Other,Other,Other,Suburban,leave_at_door,business,expedited,clear,Other,Other,Other,delivered,customer_not_home,check,denver-east,suburban,business,expedited,delivered,0.0,2449.5,409.0830601073934,0.8890149625568643,1.5608759652343749,1.5608759652343749,1.6329254166744263,1.4842695757684912,0.44802245758928844,-0.0,0.0,27.951827087883334,1.491999491999238,21.1,3466.4464499999995,5.291331975501458,1.0,373.12644310218906
S-00204,R-149,D-060,V-035,Colorado-Springs,Suburban,garage,residential,STANDARD,0,rain,2025/03/12 17:45:00 MDT,2025/03/12 17:45:00 MDT,139.0,2025-01-21 17:53:00,653.0,1.0,3.9,3.9,3.609,5.63,0.93,4.225,0.0,45.17,12.3,82.2,delivered,customer_not_home,87.36,check,colorado-springs,suburban,residential,standard,delivered,2025-03-12 17:45:00,2025-03-12 17:45:00,2.0,0.0,514.0,Other,Other,Other,Other,Colorado-Springs,Suburban,garage,residential,Other,rain,Other,Other,Other,delivered,customer_not_home,check,colorado-springs,suburban,residential,standard,delivered,0.0,9799.5,378.88352304134656,0.6053542918620024,1.264050183667092,1.264050183667092,2.7346226356236056,1.443494857180185,0.7520928178120305,0.48647420360110805,0.0,25.566241780304427,1.4515915028929183,82.2,3903.2448,1.875417088358097,0.0,305.35608621873104
S-00083,R-146,D-047,V-013,Fort-Collins,Suburban,mailroom,residential,EXPEDITED,0,clear,24-Apr-2025 18:40 MDT,24-Apr-2025 18:40 MDT,53.0,2025-01-22 18:42:00,702.0,1.0,6.1,6.1,3.311,11.5,0.9,4.225,0.0,63.31,4.2,61.0,delivered,customer_not_home,92.94,check,fort-collins,suburban,residential,expedited,delivered,2025-04-24 18:40:00,2025-04-24 18:40:00,3.0,0.0,649.0,Other,Other,Other,Other,Fort-Collins,Suburban,mailroom,residential,Other,clear,Other,Other,Other,delivered,customer_not_home,check,fort-collins,suburban,residential,expedited,delivered,0.0,1457.5,404.4135621783105,0.6053542918620024,1.4819291501629175,1.4819291501629175,2.544318894867684,1.7708847256052673,0.7317774705126872,0.4930469028123888,0.0,33.70689263614922,1.1229419806929708,61.0,4411.8618,2.7580025035383304,0.0,376.7911683519449
S-00084,R-143,D-020,V-026,Colorado-Springs,Industrial,call_on_arrival,Business,standard,0,rain,2025/06/23 15:00:00 MST,2025/06/23 15:00:00 MST,120.0,2025-01-23 15:05:00,485.0,3.0,7.08,7.08,4.091,8.52,1.49,0.0,0.0,48.78,9.9,90.1,delivered,customer_not_home,89.26,check,colorado-springs,industrial,business,standard,delivered,2025-06-23 15:00:00,2025-06-23 15:00:00,0.0,0.0,365.0,Other,Other,Other,Other,Colorado-Springs,Industrial,call_on_arrival,Other,standard,rain,Other,Other,Other,delivered,customer_not_home,check,colorado-springs,industrial,business,standard,delivered,0.0,7320.0,289.77978725524133,1.0641270562537064,1.5523685286471653,1.5523685286471653,3.034811293371284,1.6378728938013818,1.1009720253730888,-0.0,0.0,27.230914288805657,1.3942174671846175,90.1,4072.9338000000002,0.0,0.0,224.25596353506842
S-00085,R-129,D-042,V-024,Fort-Collins,Downtown,mailroom,residential,expedited,0,clear,07/13/2025 02:40 PM MST,07/13/2025 02:40 PM MST,53.0,2025-01-24 14:22:00,442.0,1.0,15.103750000000002,15.103750000000002,2.073,9.62,0.83,0.0,118.12,54.96,3.5,82.3,delivered,customer_not_home,83.4,check,fort-collins,downtown,residential,expedited,delivered,2025-07-13 02:40:00,2025-07-13 02:40:00,6.0,1.0,389.0,Other,Other,Other,Other,Fort-Collins,Downtown,mailroom,residential,expedited,clear,Other,Other,Other,delivered,customer_not_home,check,fort-collins,downtown,residential,expedited,delivered,0.0,1457.5,266.5102925117283,0.6053542918620024,2.157788882713342,2.157788882713342,1.7061268988049392,1.6925871969503081,0.6836142837816972,-0.0,118.12,30.02607008614689,1.0571909584179366,82.3,3561.1800000000003,5.291331975501458,1.0,237.513721570643
S-00086,R-129,D-058,V-034,Denver-East,Suburban,mailroom,residential,standard,1,clear,2025/07/15 10:15:00,2025/07/15 10:15:00,146.0,2025-01-25 10:19:00,199.0,2.0,4.3,4.3,3.735,12.88,0.89,0.0,0.0,52.37,8.2,16.837499999999984,Delivered,security_access,87.17,check,denver-east,suburban,residential,standard,delivered,2025-07-15 10:15:00,2025-07-15 10:15:00,1.0,0.0,53.0,Other,Other,Other,Other,Denver-East,Suburban,mailroom,residential,standard,clear,Other,Other,Other,Other,security_access,check,denver-east,suburban,residential,standard,delivered,1.0,10804.0,129.71200414499455,0.8890149625568643,1.312195254428094,1.312195254428094,2.813968597310187,1.8192077224632508,0.7249629554602642,-0.0,0.0,28.862566718831633,1.340619526604213,16.837499999999984,3886.47445,0.962295536748461,0.0,39.15242134972421
S-00087,R-115,D-008,V-016,Denver-East,Suburban,leave_at_door,residential,standard,0,clear,2024/12/11 11:35:00,2024/12/11 11:35:00,120.0,2025-01-26 11:34:00,274.0,1.0,6.58,6.58,1.602,17.9,0.94,0.0,118.12,64.38,16.0,58.9,delivered,customer_not_home,80.9,check,denver-east,suburban,residential,standard,delivered,2024-12-11 11:35:00,2024-12-11 11:35:00,2.0,0.0,154.0,Other,Other,Other,Other,Denver-East,Suburban,leave_at_door,residential,standard,clear,Other,Other,Other,delivered,customer_not_home,check,denver-east,suburban,residential,standard,delivered,0.0,7320.0,173.13252085030922,0.6053542918620024,1.5179097051689814,1.5179097051689814,1.3615111961826079,1.953139114286315,0.758822458586083,-0.0,118.12,34.171418245064665,1.514928749927334,58.9,3353.3050000000003,1.875417088358097,0.0,102.89432009205392
S-00088,R-102,D-005,V-022,Denver-East,Downtown,front_desk,business ,expedited,1,wind,09/09/2025 07:35 PM MST,09/09/2025 07:35 PM MST,67.0,2025-01-27 19:32:00,752.0,4.0,3.8,3.8,1.677,16.98,1.11,0.0,0.0,38.99,8.2,43.3,Rescheduled,customer_not_home,75.79,check,denver-east,downtown,business,expedited,rescheduled,2025-09-09 07:35:00,2025-09-09 07:35:00,1.0,0.0,685.0,Other,Other,Other,Other,Denver-East,Downtown,front_desk,Other,expedited,wind,Other,Other,Other,Other,customer_not_home,check,denver-east,downtown,business,expedited,rescheduled,1.0,2311.5,430.28176511987004,1.1867360977981165,1.2512103693660708,1.2512103693660708,1.4175656934402794,1.932321385192894,0.8701791758851377,0.0,0.0,22.654030612695973,1.340619526604213,43.3,2947.8520500000004,0.962295536748461,0.0,395.5770091279073
S-00089,R-115,D-038,V-036,Denver-East,Suburban,leave_at_door,residential ,standard,0,rain,12/02/2024 10:45 AM MST,12/02/2024 10:45 AM MST,108.0,2025-01-28 10:47:00,227.0,1.0,9.2,9.2,2.516,7.31,1.43,0.0,0.0,42.05,7.7,45.0,failed,package_damaged,59.89,check,denver-east,suburban,residential,standard,failed,2024-12-02 10:45:00,2024-12-02 10:45:00,0.0,0.0,119.0,Other,Other,Other,Other,Denver-East,Suburban,leave_at_door,Other,standard,rain,Other,Other,Other,failed,package_damaged,check,denver-east,suburban,residential,standard,failed,0.0,5940.0,146.0858529823217,0.6053542918620024,1.6726046228897804,1.6726046228897804,2.016007705466534,1.5673018638442746,1.0660096830375057,-0.0,0.0,24.106455083208363,1.3219364963791898,45.0,1853.29605,0.0,0.0,81.49660438944042
S-00090,R-101,D-038,V-015,Boulder,Suburban,hand_to_security,residential,standard,0,rain,2025-10-03 15:35 MDT,2025-10-03 15:35 MDT,120.0,2025-01-29 15:49:00,529.0,3.0,6.94,6.94,2.666,29.35625,1.52,0.0,0.0,42.58,17.8,88.9,delivered ,customer_not_home,86.58,check,boulder,suburban,residential,standard,delivered,2025-10-03 15:35:00,2025-10-03 15:35:00,4.0,0.0,409.0,Other,Other,Other,Other,Boulder,Suburban,Other,residential,standard,rain,Other,Other,Other,Other,customer_not_home,check,boulder,suburban,residential,standard,delivered,0.0,7320.0,313.37811600449425,1.0641270562537064,1.543005371899622,1.543005371899622,2.1182284295823837,2.157132377930051,1.118263781752026,0.0,0.0,24.355885180479948,1.5387343959855575,88.9,3834.6281999999997,3.618555125115471,0.0,248.49945290604916
S-00091,R-115,D-005,V-004,Denver-West,Campus,garage,business,same_day,0,clear,2025/09/09 16:35:00 MST,2025/09/09 16:35:00 MST,51.0,2025-01-30 16:30:00,570.0,2.0,4.66,4.66,2.073,29.35625,1.06,0.0,118.12,46.32,9.8,74.6,failed,address_issue,66.66,check,denver-west,campus,business,same_day,failed,2025-09-09 16:35:00,2025-09-09 16:35:00,1.0,0.0,519.0,Other,Other,Other,Other,Denver-West,Campus,garage,business,same_day,clear,Other,Other,Other,failed,address_issue,check,denver-west,campus,business,same_day,failed,0.0,1351.5,335.19130541552806,0.8890149625568643,1.3516520118173574,1.3516520118173574,1.7061268988049392,2.3918588838846864,0.8380043385853689,0.0,118.12,26.099273969271742,1.3914193805498154,74.6,2288.4377999999997,0.962295536748461,0.0,308.03265960115306
S-00092,R-156,D-005,V-003,Fort-Collins,Suburban,call_on_arrival,business,standard,0,fog,06/03/2025 10:10 AM MST,06/03/2025 10:10 AM MST,122.0,2025-01-31 17:38:00,638.0,1.0,3.74,3.74,1.869012917034492,3.03,1.8,0.0,0.0,45.95,25.3,70.8,delivered,customer_not_home,88.11,check,fort-collins,suburban,business,standard,delivered,2025-06-03 10:10:00,2025-06-03 10:10:00,1.0,0.0,516.0,Other,Other,Other,Other,Fort-Collins,Suburban,call_on_arrival,business,standard,fog,Other,Other,Other,delivered,customer_not_home,check,fort-collins,suburban,business,standard,delivered,0.0,7564.0,371.03052520625016,0.6053542918620024,1.24333835426572,1.24333835426572,1.5589753386209304,1.1390776523068158,1.2740115175117555,-0.0,0.0,25.928062328447574,1.77131393174903,70.8,3969.79605,0.962295536748461,0.0,306.4270260103053
S-00093,R-133,D-022,V-005,Denver-East,Suburban,mailroom,residential,standard,1,rain,06/07/2025 08:30 AM MST,06/07/2025 08:30 AM MST,127.0,2025-02-01 08:48:00,108.0,3.0,2.15,2.15,1.847,29.35625,1.05,4.225,0.0,55.4,7.6,59.5,failed,security_access,46.44,check,denver-east,suburban,residential,standard,failed,2025-06-07 08:30:00,2025-06-07 08:30:00,5.0,1.0,0.0,Other,Other,Other,Other,Denver-East,Suburban,mailroom,residential,standard,rain,Other,Other,Other,failed,security_access,check,denver-east,suburban,residential,standard,failed,1.0,8191.5,74.64912835043243,1.0641270562537064,0.9707584690371301,0.9707584690371301,1.5429111404267943,2.23604456158576,0.831513313079815,0.4827895401709343,0.0,30.22264884825489,1.3180056605295265,59.5,1124.7767999999999,4.46194756940847,1.0,0.0
S-00094,R-143,D-016,V-018,Colorado-Springs,Downtown,leave_at_door,business,Standard,0,clear,11/07/2024 11:15 AM MST,11/07/2024 11:15 AM MST,123.0,2025-02-02 11:15:00,255.0,3.0,8.97,8.97,5.424,12.7,1.69,0.0,0.0,49.7,5.4,44.5,delivered,customer_not_home,75.97,check,colorado-springs,downtown,business,standard,delivered,2024-11-07 11:15:00,2024-11-07 11:15:00,3.0,0.0,132.0,Other,Other,Other,Other,Colorado-Springs,Downtown,leave_at_door,business,Other,clear,Other,Other,Other,delivered,customer_not_home,check,colorado-springs,downtown,business,standard,delivered,0.0,7687.5,162.25932159957858,1.0641270562537064,1.66120272083602,1.66120272083602,3.8239258078413223,1.8132668780620036,1.2139916300986981,0.0,0.0,27.65123361339314,1.2094305849579052,44.5,2961.69045,2.7580025035383304,0.0,89.50887002347551
S-00095,R-135,D-032,V-014,Boulder,Suburban,leave_at_door,residential,expedited,0,fog,2025-09-14 14:55 MST,2025-09-14 14:55 MST,53.0,2025-02-03 14:54:00,474.0,3.0,5.61,5.61,1.215,5.19,0.84,0.0,0.0,43.1,10.0,84.9,delivered,customer_not_home,76.76,check,boulder,suburban,residential,expedited,delivered,2025-09-14 14:55:00,2025-09-14 14:55:00,6.0,1.0,421.0,Other,Other,Other,Other,Boulder,Suburban,leave_at_door,residential,expedited,fog,Other,Other,Other,delivered,customer_not_home,check,boulder,suburban,residential,expedited,delivered,0.0,1457.5,283.8474697197142,1.0641270562537064,1.441781234887776,1.441781234887776,1.0640915950652912,1.4041586652909925,0.690561628919346,0.0,0.0,24.600020067931816,1.3969773108444727,84.9,3022.8088000000002,5.291331975501458,1.0,255.0650400405971
S-00096,R-137,D-009,V-037,Denver-West,Rural,side_entrance,residential,standard,0,clear,01-Oct-2025 08:05,01-Oct-2025 08:05,127.0,2025-02-04 08:12:00,72.0,1.0,6.91,6.91,7.068,7.8,2.55,0.0,0.0,44.17,15.3,32.8,delivered,customer_not_home,87.34,check,denver-west,rural,residential,standard,delivered,2025-10-01 08:05:00,2025-10-01 08:05:00,2.0,0.0,0.0,Other,Other,Other,Other,Denver-West,Rural,side_entrance,residential,standard,clear,Other,Other,Other,delivered,customer_not_home,check,denver-west,rural,residential,standard,delivered,0.0,8191.5,51.70276771313887,0.6053542918620024,1.5409710345253895,1.5409710345253895,4.732242363997881,1.597396398216374,1.6498399750452626,0.0,0.0,25.100574332441372,1.50462259538193,32.8,3901.4778,1.875417088358097,0.0,0.0
S-00097,R-151,D-031,V-016,Fort-Collins,Industrial,front_desk,residential,expedited,0,clear,12/31/2024 12:15 PM,12/31/2024 12:15 PM,70.0,2025-02-05 12:14:00,314.0,1.0,9.16,9.16,1.859,19.51,0.83,0.0,0.0,36.47,8.8,18.6,failed,address_issue,67.62,check,fort-collins,industrial,residential,expedited,failed,2024-12-31 12:15:00,2024-12-31 12:15:00,1.0,0.0,244.0,Other,Other,Other,Other,Fort-Collins,Industrial,front_desk,residential,expedited,clear,Other,Other,Other,failed,address_issue,check,fort-collins,industrial,residential,expedited,failed,0.0,2520.0,195.78493221444435,0.6053542918620024,1.6706458291142932,1.6706458291142932,1.5516728900668266,1.9865769360911434,0.6836142837816972,0.0,0.0,21.441174073756446,1.36112343500006,18.6,2353.8522000000003,0.962295536748461,0.0,155.92768835092565
S-00098,R-113,D-031,V-027,Fort-Collins,Suburban,package_room_3F,Residential,standard,0,clear,24-Jan-2025 15:30 MST,24-Jan-2025 15:30 MST,114.0,2025-02-06 15:26:00,506.0,2.0,9.43,9.43,2.569,5.0,0.61,0.0,0.0,44.69,11.3,71.7,delivered,customer_not_home,87.7,check,fort-collins,suburban,residential,standard,delivered,2025-01-24 15:30:00,2025-01-24 15:30:00,4.0,0.0,392.0,Other,Other,Other,Other,Fort-Collins,Suburban,Other,Other,standard,clear,Other,Other,Other,delivered,customer_not_home,check,fort-collins,suburban,residential,standard,delivered,0.0,6612.0,301.06814932787375,0.8890149625568643,1.6836770985969771,1.6836770985969771,2.0522724390787856,1.3860310631071153,0.5246167930438201,-0.0,0.0,25.34297586722386,1.429734051487799,71.7,3933.3450000000003,3.618555125115471,0.0,239.16510603641578
S-00099,R-143,D-007,V-007,Denver-East,Suburban,side_entrance,residential,expedited,0,clear,2025-05-14 15:50,2025-05-14 15:50,52.0,2025-02-07 15:38:00,518.0,1.0,4.04,4.04,1.901,6.05,1.04,0.0,0.0,44.6,9.7,48.2,delivered,customer_not_home,97.57,check,denver-east,suburban,residential,expedited,delivered,2025-05-14 15:50:00,2025-05-14 15:50:00,2.0,0.0,466.0,Other,Other,Other,Other,Denver-East,Suburban,side_entrance,residential,expedited,clear,Other,Other,Other,delivered,customer_not_home,check,denver-east,suburban,residential,expedited,delivered,0.0,1404.0,307.49755159086345,0.6053542918620024,1.2814645496285388,1.2814645496285388,1.5822525777104812,1.4779997312677615,0.8250032615233186,-0.0,0.0,25.301061406385,1.388582159484257,48.2,4857.5224499999995,1.875417088358097,0.0,279.5244375180375
S-00100,R-128,D-028,V-023,Denver-East,Rural,call_on_arrival,Residential,standard,0,clear,12/21/2025 03:45 PM MDT,12/21/2025 03:45 PM MDT,117.0,2025-02-08 15:58:00,538.0,1.0,4.5,4.5,9.641375,16.98,3.18,0.0,118.12,44.79,7.2,72.3,faild,address_issue,56.31,check,denver-east,rural,residential,standard,failed,2025-12-21 03:45:00,2025-12-21 03:45:00,6.0,1.0,421.0,Other,Other,Other,Other,Denver-East,Rural,call_on_arrival,Other,standard,clear,Other,Other,Other,Other,address_issue,check,denver-east,rural,residential,standard,failed,0.0,6961.5,318.1804051224292,0.6053542918620024,1.3345305826498497,1.3345305826498497,6.519421672746649,1.932321385192894,1.9300693142350305,0.0,118.12,25.389528129252422,1.3015697042304217,72.3,1641.7180500000002,5.291331975501458,1.0,255.0650400405971
S-00101,R-156,D-027,V-030,Colorado-Springs,Suburban,mailroom,residential,same_day,0,clear,10/01/2025 08:45 AM MST,10/01/2025 08:45 AM MST,43.0,2025-02-09 08:45:00,105.0,4.0,6.41,6.41,2.197,19.47,1.0,0.0,0.0,40.37,19.4,100.0,rescheduled,customer_not_home,76.08,check,colorado-springs,suburban,residential,same_day,rescheduled,2025-10-01 08:45:00,2025-10-01 08:45:00,2.0,0.0,62.0,Other,Other,Other,Other,Colorado-Springs,Suburban,mailroom,residential,same_day,clear,Other,Other,Other,rescheduled,customer_not_home,check,colorado-springs,suburban,residential,same_day,rescheduled,0.0,967.5,72.76988960230891,1.1867360977981165,1.5055139317226944,1.5055139317226944,1.7941428656577592,1.9857879748805007,0.7987697769322359,0.0,0.0,23.31170040694695,1.5571925572299523,100.0,2970.1632,1.875417088358097,0.0,45.14445335074421
S-00102,R-144,D-047,V-004,Boulder,Rural,leave_at_door,residential,standard,0,rain,05/28/2025 07:10 AM MST ,05/28/2025 07:10 AM MST ,120.0,2025-02-10 07:15:00,15.0,4.0,7.6,7.6,3.567,6.37,1.82,0.0,0.0,45.12,16.4,45.7,failed,customer_not_home,66.38,check,boulder,rural,residential,standard,failed,2025-05-28 07:10:00,2025-05-28 07:10:00,2.0,0.0,0.0,Other,Other,Other,Other,Boulder,Rural,leave_at_door,residential,standard,rain,Other,Other,Other,failed,customer_not_home,check,boulder,rural,residential,standard,failed,0.0,7320.0,12.36192503564799,1.1867360977981165,1.585382510672966,1.585382510672966,2.7080299096091656,1.5025434710523025,1.2847713889858263,-0.0,0.0,25.543006651765996,1.5205366985146158,45.7,2269.5321999999996,1.875417088358097,0.0,0.0
S-00103,R-104,D-042,V-007,Denver-East,Rural,garage,Residential,same day,0,rain,12-Oct-2025 13:00,12-Oct-2025 13:00,33.0,2025-02-11 13:03:00,363.0,2.0,2.82,2.82,3.478,12.65,1.73,1.07,0.0,45.165,13.1,52.3,FAILED,weather_delay,57.23,check,denver-east,rural,residential,same_day,failed,2025-10-12 13:00:00,2025-10-12 13:00:00,6.0,1.0,330.0,Other,Other,Other,Other,Denver-East,Rural,garage,Other,Other,rain,Other,Other,Other,Other,weather_delay,check,denver-east,rural,residential,same_day,failed,0.0,577.5,223.14729743303315,0.8890149625568643,1.103565035982803,1.103565035982803,2.6514347658779993,1.8115986124715822,1.2359845150081317,0.38331116245419966,0.0,25.563918468834125,1.4673763587086925,52.3,1694.8664499999998,5.291331975501458,1.0,204.7634493461055
S-00104,R-152,D-026,V-022,Colorado-Springs,Industrial,package_room_3F,residential,same_day,0,clear,04/27/2025 04:45 PM,04/27/2025 04:45 PM,51.0,2025-02-12 16:39:00,579.0,2.0,5.82,5.82,4.79,5.22,2.02,0.0,0.0,50.12,14.0,85.9,delivered,customer_not_home,87.8,check,colorado-springs,industrial,residential,same_day,delivered,2025-04-27 04:45:00,2025-04-27 04:45:00,6.0,1.0,528.0,Other,Other,Other,Other,Colorado-Springs,Industrial,Other,residential,same_day,clear,Other,Other,Other,delivered,customer_not_home,check,colorado-springs,industrial,residential,same_day,delivered,0.0,1351.5,339.9582320006805,0.8890149625568643,1.4594461841772026,1.4594461841772026,3.4554431834001984,1.4069548006912123,1.3899389539252154,0.0,0.0,27.842610271534802,1.4836022205056776,85.9,3942.22,5.291331975501458,1.0,312.84402727843593
S-00105,R-116,D-056,V-007,Fort-Collins,Suburban,front_desk,residential,same_day,0,wind,2025-10-21 18:20 MDT,2025-10-21 18:20 MDT,48.0,2025-02-13 18:29:00,689.0,3.0,8.84,8.84,6.05,5.65,3.02,4.225,0.0,40.95,5.6,88.7,rescheduled,customer_not_home,81.38,check,fort-collins,suburban,residential,same_day,rescheduled,2025-10-21 18:20:00,2025-10-21 18:20:00,1.0,0.0,641.0,Other,Other,Other,Other,Fort-Collins,Suburban,front_desk,residential,same_day,wind,Other,Other,Other,rescheduled,customer_not_home,check,fort-collins,suburban,residential,same_day,rescheduled,0.0,1200.0,397.6581487361453,1.0641270562537064,1.6546057912464898,1.6546057912464898,4.1771865262409795,1.4452017725278559,1.86144529856439,0.4952409280190363,0.0,23.586796854537226,1.221501055838477,88.7,3392.7321999999995,0.962295536748461,0.0,372.6025861744317
S-00106,R-135,D-013,V-013,Boulder,Rural,leave_at_door,Residential,standard,1,wind,2025/10/11 15:50:00,2025/10/11 15:50:00,121.0,2025-02-14 15:43:00,523.0,1.0,1.74,1.74,6.654,12.34,1.27,0.0,0.0,48.51,10.7,65.9,delivered,customer_not_home,91.58,check,boulder,rural,residential,standard,delivered,2025-10-11 15:50:00,2025-10-11 15:50:00,5.0,1.0,402.0,Other,Other,Other,Other,Boulder,Rural,leave_at_door,Other,standard,wind,Other,Other,Other,delivered,customer_not_home,check,boulder,rural,residential,standard,delivered,1.0,7441.5,310.17206485461014,0.6053542918620024,0.8698276051864682,0.8698276051864682,4.509205535428136,1.8010749843929343,0.9701668086883677,0.0,0.0,27.107265806634736,1.4152946537953137,65.9,4285.0282,4.46194756940847,1.0,244.66067863535582
S-00107,R-128,D-029,V-009,Boulder,Suburban,garage,residential,standard,1,wind,06/18/2025 02:30 PM MST,06/18/2025 02:30 PM MST,122.0,2025-02-15 14:35:00,455.0,4.0,6.2,6.2,2.13,15.95,0.99,0.0,0.0,45.6,7.5,58.5,failed,package_damaged,55.67,check,boulder,suburban,residential,standard,failed,2025-06-18 02:30:00,2025-06-18 02:30:00,2.0,0.0,333.0,Other,Other,Other,Other,Boulder,Suburban,garage,residential,standard,wind,Other,Other,Other,failed,package_damaged,check,boulder,suburban,residential,standard,failed,1.0,7564.0,273.56813639535227,1.1867360977981165,1.489681131696128,1.489681131696128,1.7467156513346629,1.9073060505752604,0.7921623145928041,0.0,0.0,25.765856846275504,1.3140056594299647,58.5,1605.2444500000001,1.875417088358097,0.0,206.44203014824762
S-00108,R-130,D-012,V-018,Boulder ,Downtown,leave_at_door,business,standard,0,clear,01/10/2025 10:05 AM MDT,01/10/2025 10:05 AM MDT,106.0,2025-02-16 10:06:00,186.0,3.0,8.03,8.03,1.541,7.11,0.98,0.0,118.12,36.36,5.4,59.1,failed,address_issue,68.0,check,boulder,downtown,business,standard,failed,2025-01-10 10:05:00,2025-01-10 10:05:00,4.0,0.0,80.0,Other,Other,Other,Other,Other,Downtown,leave_at_door,business,standard,clear,Other,Other,Other,failed,address_issue,check,boulder,downtown,business,standard,failed,0.0,5724.0,122.03336527473654,1.0641270562537064,1.610781019883937,1.610781019883937,1.3155620074673888,1.554347502648916,0.785534900083673,0.0,118.12,21.38786715590829,1.2094305849579052,59.1,2380.0,3.618555125115471,0.0,56.88435023684184
S-00109,R-129,D-016,V-005,Boulder ,Suburban,call_on_arrival,residential,standard,0,clear,11-Jun-2025 11:45 MST,11-Jun-2025 11:45 MST,110.0,2025-02-17 11:40:00,280.0,1.0,3.89,3.89,3.743,8.85,1.88,4.225,0.0,42.56,11.4,49.1,delivered,customer_not_home,96.41,check,boulder,suburban,residential,standard,delivered,2025-06-11 11:45:00,2025-06-11 11:45:00,2.0,0.0,170.0,Other,Other,Other,Other,Other,Suburban,call_on_arrival,residential,standard,clear,Other,Other,Other,delivered,customer_not_home,check,boulder,suburban,residential,standard,delivered,0.0,6160.0,176.55032913400572,0.6053542918620024,1.2627815923900305,1.2627815923900305,2.81898490300338,1.6551172606031375,1.3167789096181763,0.49091840367332407,0.0,24.346483781483276,1.4320381657529353,49.1,4743.85405,1.875417088358097,0.0,112.50868089417585
S-00110,R-107,D-052,V-036,Fort-Collins,Suburban,side_entrance,business,STANDARD,0,wind,2025/06/12 09:00:00 MST,2025/06/12 09:00:00 MST,118.0,2025-02-18 08:52:00,112.0,3.0,5.52,5.52,4.123,9.82,2.22,4.225,0.0,37.98,3.6,77.0,DELIVERED,customer_not_home,87.95,check,fort-collins,suburban,business,standard,delivered,2025-06-12 09:00:00,2025-06-12 09:00:00,3.0,0.0,0.0,Other,Other,Other,Other,Fort-Collins,Suburban,side_entrance,business,Other,wind,Other,Other,Other,Other,customer_not_home,check,fort-collins,suburban,business,standard,delivered,0.0,7080.0,77.14677086673682,1.0641270562537064,1.43398567111553,1.43398567111553,3.054431360910629,1.7017450908629823,1.4910057854778633,0.4904612191325051,0.0,22.169816116441254,1.0674951917596862,77.0,3955.5512500000004,2.7580025035383304,0.0,0.0
S-00111,R-154,D-004,V-035,Fort Collins,Suburban,call_on_arrival,residential,Standard,0,clear,23-Jan-2025 11:30 MST ,23-Jan-2025 11:30 MST ,121.0,2025-02-19 11:32:00,272.0,1.0,1.67,1.67,1.326,12.48,0.67,0.0,0.0,60.1,10.7,58.9,delivered,customer_not_home,88.4,check,fort-collins,suburban,residential,standard,delivered,2025-01-23 11:30:00,2025-01-23 11:30:00,3.0,0.0,151.0,Other,Other,Other,Other,Other,Suburban,call_on_arrival,residential,Other,clear,Other,Other,Other,delivered,customer_not_home,check,fort-collins,suburban,residential,standard,delivered,0.0,7441.5,171.9916012386413,0.6053542918620024,0.8506269156384784,0.8506269156384784,1.1508883318099226,1.8058665398798064,0.5692099476746609,-0.0,0.0,32.30389809357117,1.4152946537953137,58.9,3995.6800000000003,2.7580025035383304,0.0,101.08084674494162
S-00112,R-160,D-001,V-006,Colorado Springs,Downtown,garage,res,standard,0,clear,26-Jun-2025 16:55 MST,26-Jun-2025 16:55 MST,137.0,2025-02-20 16:58:00,598.0,1.0,6.53,6.53,2.351,29.35625,1.21,0.0,0.0,47.64,6.4,52.2,failed,customer_not_home,66.62,check,colorado-springs,downtown,residential,standard,failed,2025-06-26 16:55:00,2025-06-26 16:55:00,3.0,0.0,461.0,Other,Other,Other,Other,Other,Downtown,garage,Other,standard,clear,Other,Other,Other,failed,customer_not_home,check,colorado-springs,downtown,residential,standard,failed,0.0,9521.5,349.99762113091447,0.6053542918620024,1.5143016965619973,1.5143016965619973,1.9020407019132533,2.3918588838846864,0.9331827215172315,-0.0,0.0,26.70792052646739,1.2647853779061924,52.2,2285.7322000000004,2.7580025035383304,0.0,276.8187872244724
S-00113,R-111,D-049,V-016,Denver-East,Rural,front_desk,residential ,standard,0,clear,2025/05/09 08:35:00 MST,2025/05/09 08:35:00 MST,119.0,2025-02-21 08:37:00,97.0,2.0,12.09,12.09,5.079,9.72,2.46,0.0,0.0,51.95,7.8,46.0,delivered,customer_not_home,90.76,check,denver-east,rural,residential,standard,delivered,2025-05-09 08:35:00,2025-05-09 08:35:00,4.0,0.0,0.0,Other,Other,Other,Other,Denver-East,Rural,front_desk,Other,standard,clear,Other,Other,Other,delivered,customer_not_home,check,denver-east,rural,residential,standard,delivered,0.0,7199.5,67.73207454171992,0.8890149625568643,1.7923538685449172,1.7923538685449172,3.6248376978979864,1.697193908368131,1.607432623475061,-0.0,0.0,28.672838221517146,1.325800137536758,46.0,4209.4488,3.618555125115471,0.0,0.0
S-00114,R-131,D-027,V-032,Boulder,Suburban,locker_pickup,residential,standard,0,fog,2025-08-26 12:15 MDT,2025-08-26 12:15 MDT,120.0,2025-02-22 12:22:00,322.0,2.0,3.71,3.71,2.253,8.76,0.61,0.0,118.12,34.92,11.5,75.1,faild,weather_delay,52.55,check,boulder,suburban,residential,standard,failed,2025-08-26 12:15:00,2025-08-26 12:15:00,1.0,0.0,202.0,Other,Other,Other,Other,Boulder,Suburban,Other,residential,standard,fog,Other,Other,Other,Other,weather_delay,check,boulder,suburban,residential,standard,failed,0.0,7320.0,200.27975082773904,0.8890149625568643,1.2393536042669357,1.2393536042669357,1.8335551165961141,1.6504895606720733,0.5246167930438201,0.0,118.12,20.687092949851394,1.434314575050762,75.1,1433.3012499999998,0.962295536748461,0.0,131.47679884527935
S-00115,R-158,D-014,V-026,Colorado-Springs,Rural,call_on_arrival,residential,expedited,0,clear,2025/04/01 16:50:00 MST,2025/04/01 16:50:00 MST,61.0,2025-02-23 16:45:00,585.0,4.0,4.65,4.65,4.881,13.8,1.83,3.76,0.0,46.03,12.5,50.4,delivered,customer_not_home,92.21,check,colorado-springs,rural,residential,expedited,delivered,2025-04-01 16:50:00,2025-04-01 16:50:00,1.0,0.0,524.0,Other,Other,Other,Other,Colorado-Springs,Rural,call_on_arrival,residential,expedited,clear,Other,Other,Other,delivered,customer_not_home,check,colorado-springs,rural,residential,expedited,delivered,0.0,1921.5,343.1320689055338,1.1867360977981165,1.3506004428114853,1.3506004428114853,3.5090499591164006,1.848081043311924,1.290134158679143,0.4779323494103524,0.0,25.965103857907334,1.4556689460481826,50.4,4343.552049999999,0.962295536748461,0.0,310.7066605506453
S-00116,R-125,D-004,V-011,Denver-East,Downtown,front_desk,Biz,standard,1,clear,11/13/2025 02:00 PM MST,11/13/2025 02:00 PM MST,128.0,2025-02-24 13:59:00,419.0,3.0,8.64,8.64,6.331,12.5,2.1,3.51,0.0,47.13,16.2,89.3,delivered,customer_not_home,83.2,check,denver-east,downtown,business,standard,delivered,2025-11-13 02:00:00,2025-11-13 02:00:00,3.0,0.0,291.0,Other,Other,Other,Other,Denver-East,Downtown,front_desk,Other,standard,clear,Other,Other,Other,delivered,customer_not_home,check,denver-east,downtown,business,standard,delivered,1.0,8320.0,253.97208617358524,1.0641270562537064,1.644232270829918,1.644232270829918,4.332671839153581,1.8065457663148479,1.4308338402631664,0.4754180166272535,0.0,26.473158143316343,1.517757177829588,89.3,3544.32,2.7580025035383304,0.0,182.79749673010522
S-00117,R-117,D-001,V-025,Fort Collins,Suburban,garage,residential,standard,0,clear,28-Dec-2025 10:55 MST,28-Dec-2025 10:55 MST,105.0,2025-02-25 10:58:00,238.0,1.0,2.53,2.53,4.317,9.39,1.88,0.0,0.0,41.09,12.6,63.5,delivered,customer_not_home,81.27,check,fort-collins,suburban,residential,standard,delivered,2025-12-28 10:55:00,2025-12-28 10:55:00,6.0,1.0,133.0,Other,Other,Other,Other,Other,Suburban,garage,residential,standard,clear,Other,Other,Other,delivered,customer_not_home,check,fort-collins,suburban,residential,standard,delivered,0.0,5617.5,152.46214817929618,0.6053542918620024,1.0501208320897213,1.0501208320897213,3.1726022023239633,1.6817743787782604,1.3167789096181763,-0.0,0.0,23.653085153443506,1.4576738554533595,63.5,3383.6764499999995,5.291331975501458,1.0,90.12185804093357
S-00118,R-119,D-060,V-030,Denver-West,Campus,side_entrance,residential,standard,1,clear,2025-03-21 08:00 MDT ,2025-03-21 08:00 MDT ,122.0,2025-02-26 07:54:00,54.0,2.0,6.26,6.26,6.419,29.35625,2.41,4.225,0.0,39.24,6.6,62.1,delivered,customer_not_home,84.68,check,denver-west,campus,residential,standard,delivered,2025-03-21 08:00:00,2025-03-21 08:00:00,4.0,0.0,0.0,Other,Other,Other,Other,Denver-West,Campus,side_entrance,residential,standard,clear,Other,Other,Other,delivered,customer_not_home,check,denver-west,campus,residential,standard,delivered,1.0,7564.0,39.82286305175713,0.8890149625568643,1.4942654544936456,1.4942654544936456,4.380994970576906,2.1508152172092476,1.5835865081329512,0.4928287138298254,0.0,22.773506102060207,1.2745237498899882,62.1,3670.031200000001,3.618555125115471,0.0,0.0
S-00119,R-143,D-028,V-036,Boulder,Downtown,garage,residential,same day,1,clear,06/27/2025 03:00 PM MDT,06/27/2025 03:00 PM MDT,36.0,2025-02-27 14:57:00,477.0,5.0,2.54,2.54,1.637,15.44,0.88,0.0,0.0,47.25,16.3,53.1,failed,vehicle_issue,58.15,check,boulder,downtown,residential,same_day,failed,2025-06-27 03:00:00,2025-06-27 03:00:00,4.0,0.0,441.0,Other,Other,Other,Other,Boulder,Downtown,garage,residential,Other,clear,Other,Other,Other,failed,vehicle_issue,check,boulder,downtown,residential,same_day,failed,1.0,684.0,285.466723960462,1.2791016451735329,1.0520576740687047,1.0520576740687047,1.387729451201923,1.8941762441926286,0.718126772520019,-0.0,0.0,26.528440925031727,1.519152963165655,53.1,1748.86125,3.618555125115471,0.0,265.9665307266122
S-00120,R-110,D-046,V-032,Denver-West,Downtown,leave_at_door,residential,standard,0,clear,02/11/2025 02:45 PM,02/11/2025 02:45 PM,122.0,2025-02-28 14:41:00,461.0,1.0,4.6,4.6,1.635,6.7,0.44,0.0,0.0,47.7,8.7,84.5,delivered,customer_not_home,86.69,check,denver-west,downtown,residential,standard,delivered,2025-02-11 02:45:00,2025-02-11 02:45:00,1.0,0.0,339.0,Other,Other,Other,Other,Denver-West,Downtown,leave_at_door,residential,standard,clear,Other,Other,Other,delivered,customer_not_home,check,denver-west,downtown,residential,standard,delivered,0.0,7564.0,276.8187872244724,0.6053542918620024,1.3453060642090973,1.3453060642090973,1.3862340890719413,1.5264441097749506,0.3925775120078814,-0.0,0.0,26.735507177918404,1.3578387009320645,84.5,3844.2680499999997,0.962295536748461,0.0,209.79468534884356
S-00121,R-114,D-013,V-019,Denver-West,Downtown,garage,residential,expedited,0,snow,26-Aug-2025 19:15 MDT,26-Aug-2025 19:15 MDT,47.0,2025-03-01 19:13:00,733.0,2.0,4.34,4.34,1.289,6.34,0.77,0.0,118.12,36.56,14.3,77.6,failed,customer_not_home,48.72,check,denver-west,downtown,residential,expedited,failed,2025-08-26 19:15:00,2025-08-26 19:15:00,1.0,0.0,686.0,Other,Other,Other,Other,Denver-West,Downtown,garage,residential,expedited,snow,Other,Other,Other,failed,customer_not_home,check,denver-west,downtown,residential,expedited,failed,0.0,1151.5,420.4727183868719,0.8890149625568643,1.3167490961116823,1.3167490961116823,1.1220970483247668,1.5003018372094925,0.6414439487499346,-0.0,118.12,21.484765546732525,1.4886900074350864,77.6,1235.5392,0.962295536748461,0.0,396.09740752484265
S-00122,R-148,D-004,V-038,Boulder,Downtown,leave_at_door,residential,standard,0,wind,2025/03/07 07:10:00 MST,2025/03/07 07:10:00 MST,115.0,2025-03-02 07:14:00,14.0,1.0,5.15,5.15,4.706,8.12,1.79,2.18,0.0,53.04,9.8,52.9,delivered,customer_not_home,86.15,check,boulder,downtown,residential,standard,delivered,2025-03-07 07:10:00,2025-03-07 07:10:00,4.0,0.0,0.0,Other,Other,Other,Other,Boulder,Downtown,leave_at_door,residential,standard,wind,Other,Other,Other,delivered,customer_not_home,check,boulder,downtown,residential,standard,delivered,0.0,6727.5,11.601642318600163,0.6053542918620024,1.4004029596010452,1.4004029596010452,3.405735243403191,1.6158983944605685,1.2686142849099402,0.4505557533325422,0.0,29.164612333341093,1.3914193805498154,52.9,3797.0612500000007,3.618555125115471,0.0,0.0
S-00123,R-148,D-035,V-004,Boulder,Suburban,front_desk,business,standard,0,snow,03/10/2025 08:55 AM,03/10/2025 08:55 AM,113.0,2025-03-03 09:04:00,124.0,1.0,7.93,7.93,3.187,5.75,1.75,4.225,0.0,38.8,9.9,50.2,failed,package_damaged,46.96,check,boulder,suburban,business,standard,failed,2025-03-10 08:55:00,2025-03-10 08:55:00,0.0,0.0,11.0,Other,Other,Other,Other,Boulder,Suburban,front_desk,business,standard,snow,Other,Other,Other,failed,package_damaged,check,boulder,suburban,business,standard,failed,0.0,6497.5,84.58803648889034,0.6053542918620024,1.605016707983681,1.605016707983681,2.4639770728203176,1.453637349834048,1.2469084871398117,0.4839416245937231,0.0,22.563129331247854,1.3942174671846175,50.2,1149.5808,0.0,0.0,9.288584114279605
S-00124,R-104,D-021,V-004,Denver-East,Suburban,side_entrance,business,expedited,1,clear,16-Jun-2025 15:15,16-Jun-2025 15:15,60.0,2025-03-04 15:03:00,483.0,2.0,13.35,13.35,2.29,13.16,1.31,0.0,0.0,45.165,6.6,35.6,delivered,customer_not_home,84.18,check,denver-east,suburban,business,expedited,delivered,2025-06-16 15:15:00,2025-06-16 15:15:00,0.0,0.0,423.0,Other,Other,Other,Other,Denver-East,Suburban,side_entrance,business,expedited,clear,Other,Other,Other,delivered,customer_not_home,check,denver-east,suburban,business,expedited,delivered,1.0,1860.0,288.7021915405335,0.8890149625568643,1.8342589772760882,1.8342589772760882,1.8594836856387724,1.82825269380667,0.9944980352269758,-0.0,0.0,25.563918468834125,1.2745237498899882,35.6,3627.3162000000007,0.0,0.0,256.1574760406856
S-00787,R-133,D-038,V-031,Boulder,Industrial,leave_at_door,residential,standard,0,fog,2025/06/27 16:15:00 MDT,2025/06/27 16:15:00 MDT,138.0,2025-03-05 16:29:00,569.0,1.0,1.93,1.93,8.612,6.7,2.95,0.0,0.0,38.72,8.1,69.9,delivered,customer_not_home,84.64,check,boulder,industrial,residential,standard,delivered,2025-06-27 16:15:00,2025-06-27 16:15:00,4.0,0.0,431.0,Other,Other,Other,Other,Boulder,Industrial,leave_at_door,residential,standard,fog,Other,Other,Other,delivered,customer_not_home,check,boulder,industrial,residential,standard,delivered,0.0,9660.0,334.6611851079939,0.6053542918620024,0.9188819823965941,0.9188819823965941,5.535634322677579,1.5264441097749506,1.8309068897278702,-0.0,0.0,22.524829158797353,1.3370064558682042,69.9,3666.6048,3.618555125115471,0.0,260.5220947055336
S-00126,R-111,D-059,V-034,Fort-Collins,Downtown,rear_loading_dock,Residential,standard,0,clear,03/09/2025 09:20 AM MST,03/09/2025 09:20 AM MST,129.0,2025-03-06 09:28:00,148.0,3.0,8.24,8.24,2.937,14.14,1.0,0.0,0.0,31.75,7.5,48.8,delivered,customer_not_home,91.41,check,fort-collins,downtown,residential,standard,delivered,2025-03-09 09:20:00,2025-03-09 09:20:00,6.0,1.0,19.0,Other,Other,Other,Other,Fort-Collins,Downtown,Other,Other,standard,clear,Other,Other,Other,delivered,customer_not_home,check,fort-collins,downtown,residential,standard,delivered,0.0,8449.5,99.26379039514691,1.0641270562537064,1.6226203402544732,1.6226203402544732,2.29978780199637,1.8581670322653487,0.7987697769322359,0.0,0.0,19.12412922884817,1.3140056594299647,48.8,4269.30405,5.291331975501458,1.0,15.358543313487738
S-00127,R-106,D-004,V-033,Fort-Collins,Downtown,front_desk,residential,standard,0,clear,25-Aug-2025 10:40 MST,25-Aug-2025 10:40 MST,139.0,07/32/2025 10:10 PM,218.0,2.0,10.2,10.2,1.459,5.02,0.98,0.0,0.0,60.61,4.0,81.1,delivered,customer_not_home,84.46,check,fort-collins,downtown,residential,standard,delivered,2025-08-25 10:40:00,2025-08-25 10:40:00,0.0,0.0,79.0,Other,Other,Other,Other,Fort-Collins,Downtown,front_desk,residential,standard,clear,Other,Other,Other,delivered,customer_not_home,check,fort-collins,downtown,residential,standard,delivered,0.0,9799.5,140.84601347766392,0.8890149625568643,1.7185534199656296,1.7185534199656296,1.2532689793231675,1.3879741569751407,0.785534900083673,-0.0,0.0,32.527770456965136,1.1055728090000843,81.1,3651.2057999999993,0.0,0.0,56.239556635397044
S-00128,R-105,D-055,V-012,Denver-West,Rural,call_on_arrival,business,expedited,0,rain,2024/12/06 20:30:00 MDT ,2024/12/06 20:30:00 MDT ,72.0,2025-03-08 20:43:00,823.0,3.0,3.42,3.42,9.641375,25.59,3.3,0.0,0.0,38.92,11.7,89.6,delivered,customer_not_home,79.9,check,denver-west,rural,business,expedited,delivered,2024-12-06 20:30:00,2024-12-06 20:30:00,4.0,0.0,751.0,Other,Other,Other,Other,Denver-West,Rural,call_on_arrival,business,expedited,rain,Other,Other,Other,delivered,customer_not_home,check,denver-west,rural,business,expedited,delivered,0.0,2664.0,466.72310429591516,1.0641270562537064,1.1990500417813215,1.1990500417813215,6.299104348763076,2.08749054072439,1.9805093804376006,0.0,0.0,22.620550737811943,1.4387864667336863,89.6,3271.9050000000007,3.618555125115471,0.0,429.7661218507851
S-00129,R-144,D-039,V-005,Fort Collins,Rural,front_desk,residential,standard,1,clear,2025/11/14 11:55:00 MST,2025/11/14 11:55:00 MST,105.0,2025-03-09 11:58:00,298.0,3.0,6.28,6.28,9.641375,11.11,3.44,0.0,118.12,47.2,20.1,68.1,failed,customer_not_home,51.65,check,fort-collins,rural,residential,standard,failed,2025-11-14 11:55:00,2025-11-14 11:55:00,4.0,0.0,193.0,Other,Other,Other,Other,Other,Rural,front_desk,residential,standard,clear,Other,Other,Other,failed,customer_not_home,check,fort-collins,rural,residential,standard,failed,1.0,5617.5,186.76067317958078,1.0641270562537064,1.4957826294700376,1.4957826294700376,6.519421672746649,1.755956339426758,2.221878212513562,0.0,118.12,26.505409778325962,1.5645996558158919,68.1,1385.51125,3.618555125115471,0.0,126.17442247984577
S-00130,R-126,D-056,V-016,Boulder,Suburban,mailroom,residential,standard,1,rain,10/03/2025 01:15 PM MDT,10/03/2025 01:15 PM MDT,116.0,2025-03-10 13:15:00,375.0,4.0,15.103750000000002,15.103750000000002,1.838,13.29,1.06,4.225,118.12,39.86,6.2,63.5,Delivered,customer_not_home,91.97,check,boulder,suburban,residential,standard,delivered,2025-10-03 01:15:00,2025-10-03 01:15:00,4.0,0.0,259.0,Other,Other,Other,Other,Boulder,Suburban,mailroom,residential,standard,rain,Other,Other,Other,Other,customer_not_home,check,boulder,suburban,residential,standard,delivered,1.0,6844.0,229.7902808387031,1.1867360977981165,1.986379883428691,1.986379883428691,1.536332556218653,1.8323734784042638,0.8380043385853689,0.49740093535138574,118.12,23.069167436751883,1.2546440075000702,63.5,4321.21045,3.618555125115471,0.0,164.55493366779348
S-00131,R-116,D-008,V-037,Dnvr-East,Suburban,leave_at_door,residential,standard,0,clear,25-Jul-2025 14:55,25-Jul-2025 14:55,130.0,2025-03-11 15:09:00,489.0,1.0,3.93,3.93,9.641375,13.9,3.44,0.0,0.0,40.88,16.1,63.7,delivered,customer_not_home,86.71,check,denver-east,suburban,residential,standard,delivered,2025-07-25 14:55:00,2025-07-25 14:55:00,4.0,0.0,359.0,Other,Other,Other,Other,Other,Suburban,leave_at_door,residential,standard,clear,Other,Other,Other,delivered,customer_not_home,check,denver-east,suburban,residential,standard,delivered,0.0,8580.0,291.93365058771485,0.6053542918620024,1.267835853128454,1.267835853128454,6.519421672746649,1.8510785355266353,2.107022983107866,0.0,0.0,23.553636118773163,1.5163491665933255,63.7,3846.0220499999996,3.618555125115471,0.0,220.928133541403
S-00132,R-103,D-038,V-039,Denver-West,Campus,call_on_arrival,residential,standard,0,clear,09/01/2025 03:50 PM MDT,09/01/2025 03:50 PM MDT,120.0,2025-03-12 15:44:00,524.0,1.0,4.7,4.7,2.689,1.72,1.18,0.0,0.0,34.16,25.3,48.0,DELIVERED,customer_not_home,86.86,check,denver-west,campus,residential,standard,delivered,2025-09-01 03:50:00,2025-09-01 03:50:00,0.0,0.0,404.0,Other,Other,Other,Other,Denver-West,Campus,call_on_arrival,residential,standard,clear,Other,Other,Other,Other,customer_not_home,check,denver-west,campus,residential,standard,delivered,0.0,7320.0,310.7066605506453,0.6053542918620024,1.3558342603572082,1.3558342603572082,2.1337903183816698,1.1382307480670901,0.914464534372094,0.0,0.0,20.314982305234352,1.6396250149217764,48.0,3859.1898,0.0,0.0,245.75814674150615
S-00133,R-127,D-040,V-006,Denver-West,Suburban,front_desk,residential,standard,0,snow,2025/05/29 10:50:00,2025/05/29 10:50:00,141.0,2025-03-13 11:06:00,246.0,1.0,1.96,1.96,4.397,17.27,2.27,4.225,0.0,45.165,4.2,47.5,resheduled,customer_not_home,64.54,check,denver-west,suburban,residential,standard,rescheduled,2025-05-29 10:50:00,2025-05-29 10:50:00,3.0,0.0,105.0,Other,Other,Other,Other,Denver-West,Suburban,front_desk,residential,standard,snow,Other,Other,Other,Other,customer_not_home,check,denver-west,suburban,residential,standard,rescheduled,0.0,10081.5,157.08097327931767,0.6053542918620024,0.9262494117571035,0.9262494117571035,3.2209542718348256,1.939030271460943,1.5156801120294974,0.48642960084027914,0.0,25.563918468834125,1.1229419806929708,47.5,2147.2458000000006,2.7580025035383304,0.0,72.76988960230891
S-00134,R-137,D-043,V-038,Denver-East ,Campus,garage,Biz,Standard,0,snow,2025-05-06 12:20 MDT,2025-05-06 12:20 MDT,121.0,2025-03-14 12:33:00,333.0,1.0,7.4,7.4,2.707,8.43,1.17,0.0,0.0,50.46,10.7,58.0,failed,address_issue,69.74,check,denver-east,campus,business,standard,failed,2025-05-06 12:20:00,2025-05-06 12:20:00,1.0,0.0,212.0,Other,Other,Other,Other,Other,Campus,garage,Other,Other,snow,Other,Other,Other,failed,address_issue,check,denver-east,campus,business,standard,failed,0.0,7441.5,206.44203014824762,0.6053542918620024,1.5729998107386862,1.5729998107386862,2.1459488912033375,1.6330345758253648,0.9081908190166585,0.0,0.0,27.997303950495915,1.4152946537953137,58.0,2501.5737999999997,0.962295536748461,0.0,137.34085699445689
S-00135,R-160,D-034,V-021,Denver-West,Industrial,hand_to_security,residential,standard,0,clear,2025-06-17 16:55,2025-06-17 16:55,118.0,2025-03-15 16:57:00,597.0,1.0,1.47,1.47,7.666,21.71,2.49,0.0,0.0,42.85,6.5,62.1,rescheduled,customer_not_home,53.22,check,denver-west,industrial,residential,standard,rescheduled,2025-06-17 16:55:00,2025-06-17 16:55:00,1.0,0.0,479.0,Other,Other,Other,Other,Denver-West,Industrial,Other,residential,standard,clear,Other,Other,Other,rescheduled,customer_not_home,check,denver-west,industrial,residential,standard,rescheduled,0.0,7080.0,349.4700347330931,0.6053542918620024,0.7919530320405952,0.7919530320405952,5.048445606351892,2.0271215265325875,1.6216411703406506,0.0,0.0,24.482719806671966,1.2697032566597786,62.1,1469.4042,0.962295536748461,0.0,286.54566193533344
S-00136,R-143,D-017,V-014,Denver East,Downtown,front_desk,residential,standard,0,clear,2025-01-24 12:35,2025-01-24 12:35,126.0,2025-03-16 12:30:00,330.0,1.0,8.89,8.89,1.013,3.9,0.57,0.0,0.0,43.98,7.3,16.837499999999984,RESCHEDULED,customer_not_home,81.93,check,denver-east,downtown,residential,standard,rescheduled,2025-01-24 12:35:00,2025-01-24 12:35:00,4.0,0.0,204.0,Other,Other,Other,Other,Other,Downtown,front_desk,residential,standard,clear,Other,Other,Other,Other,customer_not_home,check,denver-east,downtown,residential,standard,rescheduled,0.0,8064.0,204.7634493461055,0.6053542918620024,1.6571564078226917,1.6571564078226917,0.9026987186189729,1.264050183667092,0.4943314350442247,0.0,0.0,25.011865567853537,1.3057898654993767,16.837499999999984,3438.1924500000005,3.618555125115471,0.0,132.65187813004331
S-00137,R-116,D-046,V-021,Denver-East,Suburban,building_super,residential,standard,0,clear,2025/11/27 11:50:00,2025/11/27 11:50:00,125.0,2025-03-17 11:54:00,294.0,2.0,5.36,5.36,5.797,6.81,1.9,0.0,0.0,45.96,17.1,24.1,failed,customer_not_home,66.24,check,denver-east,suburban,residential,standard,failed,2025-11-27 11:50:00,2025-11-27 11:50:00,3.0,0.0,169.0,Other,Other,Other,Other,Denver-East,Suburban,Other,residential,standard,clear,Other,Other,Other,failed,customer_not_home,check,denver-east,suburban,residential,standard,failed,0.0,7937.5,184.49715124453763,0.8890149625568643,1.4197754199265178,1.4197754199265178,4.035596638596062,1.5341167922986247,1.3273590668544804,0.0,0.0,25.93269320955603,1.5298995052777316,24.1,2260.1087999999995,2.7580025035383304,0.0,111.910506759319
S-00138,R-109,D-017,V-026,Denver-West,Downtown,side_entrance,res,standard,1,clear,04/04/2025 04:45 PM,04/04/2025 04:45 PM,124.0,2025-03-18 16:52:00,592.0,3.0,2.51,2.51,4.982,14.48,1.81,0.0,0.0,49.02,8.2,53.1,failed,address_issue,62.13,check,denver-west,downtown,residential,standard,failed,2025-04-04 04:45:00,2025-04-04 04:45:00,4.0,0.0,468.0,Other,Other,Other,Other,Denver-West,Downtown,side_entrance,Other,standard,clear,Other,Other,Other,failed,address_issue,check,denver-west,downtown,residential,standard,failed,1.0,7812.0,346.83077599509113,1.0641270562537064,1.0462256633169449,1.0462256633169449,3.5682570959300928,1.8679627859159753,1.2793971969660034,-0.0,0.0,27.340711480710947,1.340619526604213,53.1,1992.19845,3.618555125115471,0.0,280.6058850322365
S-00139,R-130,D-043,V-020,Colorado-Springs,Downtown,garage,business,standard,0,rain,06/21/2025 02:55 PM,06/21/2025 02:55 PM,110.0,2025-03-19 15:08:00,488.0,3.0,2.03,2.03,5.959,5.52,2.04,2.7,118.12,40.35,5.2,58.4,failed,weather_delay,72.74,check,colorado-springs,downtown,business,standard,failed,2025-06-21 02:55:00,2025-06-21 02:55:00,5.0,1.0,378.0,Other,Other,Other,Other,Colorado-Springs,Downtown,garage,business,standard,rain,Other,Other,Other,failed,weather_delay,check,colorado-springs,downtown,business,standard,failed,0.0,6160.0,291.39535014289237,1.0641270562537064,0.9430688591637768,0.9430688591637768,4.126437298068444,1.43398567111553,1.4002230275094882,0.4634769905040175,118.12,23.302200619447742,1.196780671097501,58.4,2718.2937999999995,4.46194756940847,1.0,231.44768980829247
S-00140,R-101,D-021,V-005,Denver-West,Downtown,side_entrance,residential,standard,0,rain,12/12/2025 02:55 PM MDT,12/12/2025 02:55 PM MDT,112.0,2025-03-20 14:53:00,473.0,1.0,5.9,5.9,1.73,3.2,1.15,2.74,0.0,37.57,13.6,47.4,delivered,customer_not_home,73.66,check,denver-west,downtown,residential,standard,delivered,2025-12-12 02:55:00,2025-12-12 02:55:00,4.0,0.0,361.0,Other,Other,Other,Other,Denver-West,Downtown,side_entrance,residential,standard,rain,Other,Other,Other,delivered,customer_not_home,check,denver-west,downtown,residential,standard,delivered,0.0,6384.0,283.30749132037533,0.6053542918620024,1.4659906769879691,1.4659906769879691,1.4568935855523621,1.1661085513671565,0.8955911471672549,0.46425405359032285,0.0,21.972540240233222,1.4765760774097862,47.4,2786.5577999999996,3.618555125115471,0.0,222.03802200319728
S-00141,R-137,D-030,V-040,Denver-East,Suburban,leave_at_door,residential ,standard,0,clear,2025/09/27 11:30:00 MST ,2025/09/27 11:30:00 MST ,128.0,2025-03-21 11:27:00,267.0,1.0,8.78,8.78,2.036,4.04,0.95,4.225,0.0,38.38,5.2,55.1,delivered,customer_not_home,84.29,check,denver-east,suburban,residential,standard,delivered,2025-09-27 11:30:00,2025-09-27 11:30:00,5.0,1.0,139.0,Other,Other,Other,Other,Denver-East,Suburban,leave_at_door,Other,standard,clear,Other,Other,Other,delivered,customer_not_home,check,denver-east,suburban,residential,standard,delivered,0.0,8320.0,169.13562915832398,0.6053542918620024,1.6515227199725604,1.6515227199725604,1.679658923500143,1.2814645496285388,0.7655313180710959,0.4903011305002289,0.0,22.361880818838245,1.196780671097501,55.1,3636.6920500000006,4.46194756940847,1.0,93.79031148759283
S-00142,R-135,D-007,V-005,Denver-East,Suburban,call_on_arrival,residential,standard,0,clear,2025-10-26 11:05 MDT,2025-10-26 11:05 MDT,134.0,2025-03-22 11:04:00,244.0,3.0,3.57,3.57,4.518,8.25,2.29,0.0,0.0,45.165,11.0,64.6,delivered,customer_not_home,80.17,check,denver-east,suburban,residential,standard,delivered,2025-10-26 11:05:00,2025-10-26 11:05:00,6.0,1.0,110.0,Other,Other,Other,Other,Denver-East,Suburban,call_on_arrival,residential,standard,clear,Other,Other,Other,delivered,customer_not_home,check,denver-east,suburban,residential,standard,delivered,0.0,9112.0,155.92768835092565,1.0641270562537064,1.2203119830082243,1.2203119830082243,3.29368044174928,1.6231753761528684,1.5254864382227131,0.0,0.0,25.563918468834125,1.4226497308103743,64.6,3293.78445,5.291331975501458,1.0,75.89907473640427
S-00143,R-117,D-014,V-033,Denver-East,Downtown,garage,business,standard,1,wind,2025/02/13 17:45:00 MDT,2025/02/13 17:45:00 MDT,132.0,2025-03-23 17:50:00,650.0,3.0,15.103750000000002,15.103750000000002,3.368,19.56,1.39,2.53,118.12,43.76,25.3,43.1,rescheduled,customer_not_home,64.61,check,denver-east,downtown,business,standard,rescheduled,2025-02-13 17:45:00,2025-02-13 17:45:00,3.0,0.0,518.0,Other,Other,Other,Other,Denver-East,Downtown,garage,business,standard,wind,Other,Other,Other,rescheduled,customer_not_home,check,denver-east,downtown,business,standard,rescheduled,1.0,8844.0,377.31437743471054,1.0641270562537064,1.9842040231599045,1.9842040231599045,2.581017044362151,1.9875603293021709,1.0424128048049404,0.4598744873965765,118.12,24.90905646453789,1.6336283472763442,43.1,2151.83605,2.7580025035383304,0.0,307.49755159086345
S-00144,R-157,D-009,V-023,Denver-West,Suburban,side_entrance,residential,Standard,0,rain,2025/02/07 12:30:00,2025/02/07 12:30:00,119.0,2025-03-24 12:40:00,340.0,4.0,4.87,4.87,7.109,13.83,2.47,0.0,0.0,51.24,10.4,67.6,failed,vehicle_issue,58.96,check,denver-west,suburban,residential,standard,failed,2025-02-07 12:30:00,2025-02-07 12:30:00,4.0,0.0,221.0,Other,Other,Other,Other,Denver-West,Suburban,side_entrance,residential,Other,rain,Other,Other,Other,failed,vehicle_issue,check,denver-west,suburban,residential,standard,failed,0.0,7199.5,210.35288338669184,1.1867360977981165,1.3731923240354675,1.3731923240354675,4.754141331600898,1.8489830490992698,1.6121769896542362,-0.0,0.0,28.351420181647033,1.4076511222409076,67.6,1797.1008000000002,3.618555125115471,0.0,142.5949770491145
S-00145,R-124,D-005,V-016,Denver-East,Industrial,hand_to_security,residential,standard,0,clear,2024-12-06 09:40 MDT,2024-12-06 09:40 MDT,119.0,2025-03-25 09:37:00,157.0,1.0,2.39,2.39,2.633,10.46,1.55,0.0,0.0,39.37,10.2,65.0,delivered,customer_not_home,86.34,check,denver-east,industrial,residential,standard,delivered,2024-12-06 09:40:00,2024-12-06 09:40:00,4.0,0.0,38.0,Other,Other,Other,Other,Denver-East,Industrial,Other,residential,standard,clear,Other,Other,Other,delivered,customer_not_home,check,denver-east,industrial,residential,standard,delivered,0.0,7199.5,104.70428665559479,0.6053542918620024,1.0222328104676066,1.0222328104676066,2.095849232211445,1.7296324811151689,1.135432461887299,-0.0,0.0,22.835574653854614,1.402385695332803,65.0,3813.6378000000004,3.618555125115471,0.0,28.929975463708022
S-00146,R-129,D-019,V-011,Denver-West,Industrial,garage,Business,standard,1,clear,2024/12/05 17:30:00,2024/12/05 17:30:00,113.0,2025-03-26 17:27:00,627.0,4.0,2.39,2.39,2.777,19.44,1.12,0.0,0.0,43.33,8.1,71.4,delivered,customer_not_home,92.34,check,denver-west,industrial,business,standard,delivered,2024-12-05 17:30:00,2024-12-05 17:30:00,3.0,0.0,514.0,Other,Other,Other,Other,Denver-West,Industrial,garage,Other,standard,clear,Other,Other,Other,delivered,customer_not_home,check,denver-west,industrial,business,standard,delivered,1.0,6497.5,365.2599564049348,1.1867360977981165,1.0222328104676066,1.0222328104676066,2.193064995529041,1.9851949375364362,0.8765590802008469,0.0,0.0,24.707818893073043,1.3370064558682042,71.4,4355.6778,2.7580025035383304,0.0,305.35608621873104
S-00147,R-146,D-054,V-035,Denver-West,Downtown,side_entrance,residential,standard,0,clear,2025-10-27 09:40 MDT,2025-10-27 09:40 MDT,120.0,2025-03-27 09:42:00,162.0,1.0,4.54,4.54,5.161,15.61,1.08,0.0,0.0,56.19,8.1,71.2,delivered,customer_not_home,81.53,check,denver-west,downtown,residential,standard,delivered,2025-10-27 09:40:00,2025-10-27 09:40:00,0.0,0.0,42.0,Other,Other,Other,Other,Denver-West,Downtown,side_entrance,residential,standard,clear,Other,Other,Other,delivered,customer_not_home,check,denver-west,downtown,residential,standard,delivered,0.0,7320.0,107.71330220897006,0.6053542918620024,1.338871105345498,1.338871105345498,3.6724577309736333,1.8986110104957066,0.8509298998381457,0.0,0.0,30.57482983894336,1.3370064558682042,71.2,3405.10045,0.0,0.0,31.689285915347245
S-00148,R-152,D-020,V-040,Colorado Springs,Suburban,leave_at_door,Business,standard,1,clear,02-Mar-2025 15:55 MDT,02-Mar-2025 15:55 MDT,116.0,2025-03-28 15:57:00,537.0,1.0,3.57,3.57,5.136,17.21,1.72,4.225,118.12,27.58,11.0,87.7,faild,weather_delay,52.79,check,colorado-springs,suburban,business,standard,failed,2025-03-02 15:55:00,2025-03-02 15:55:00,6.0,1.0,421.0,Other,Other,Other,Other,Other,Suburban,leave_at_door,Other,standard,clear,Other,Other,Other,Other,weather_delay,check,colorado-springs,suburban,business,standard,failed,1.0,6844.0,317.64721580934383,0.6053542918620024,1.2203119830082243,1.2203119830082243,3.6579596883529906,1.9376536341005135,1.2305045178914826,0.4848771266540643,118.12,17.020893770633,1.4226497308103743,87.7,1446.18205,5.291331975501458,1.0,255.0650400405971
S-00149,R-101,D-042,V-034,Denver-East,Campus,mailroom,residential,standard,0,rain,11-Aug-2025 10:35,11-Aug-2025 10:35,120.0,2025-03-29 10:43:00,223.0,2.0,3.67,3.67,2.662,8.63,0.71,0.0,0.0,51.59,11.7,51.9,delivered,customer_not_home,74.51,check,denver-east,campus,residential,standard,delivered,2025-08-11 10:35:00,2025-08-11 10:35:00,0.0,0.0,103.0,Other,Other,Other,Other,Denver-East,Campus,mailroom,residential,standard,rain,Other,Other,Other,delivered,customer_not_home,check,denver-east,campus,residential,standard,delivered,0.0,7320.0,143.75963841543876,0.8890149625568643,1.23398898096725,1.23398898096725,2.115519028123971,1.643706262255515,0.5984069121092206,-0.0,0.0,28.5099741513776,1.4387864667336863,51.9,2850.38005,0.0,0.0,71.51411473214577
S-00150,R-120,D-043,V-036,Dnvr-East,Downtown,front_desk,residential,standard,0,clear,2025/04/28 07:15:00,2025/04/28 07:15:00,102.0,2025-03-30 07:04:00,4.0,1.0,4.42,4.42,1.749,4.08,1.0,1.77,0.0,36.53,6.0,53.1,failed,customer_not_home,57.6,check,denver-east,downtown,residential,standard,failed,2025-04-28 07:15:00,2025-04-28 07:15:00,0.0,0.0,0.0,Other,Other,Other,Other,Other,Downtown,front_desk,residential,standard,clear,Other,Other,Other,failed,customer_not_home,check,denver-east,downtown,residential,standard,failed,0.0,5304.0,3.618555125115471,0.6053542918620024,1.3257251405181825,1.3257251405181825,1.4709363479923794,1.2863249013756601,0.7987697769322359,0.4348355901940596,0.0,21.470237379318476,1.2440710539815454,53.1,1716.48,0.0,0.0,0.0
S-00151,R-157,D-060,V-007,Denver-East,Campus,hand_to_security,residential,expedited,0,wind,2024-12-26 11:45,2024-12-26 11:45,60.0,2025-03-31 11:45:00,285.0,1.0,3.4,3.4,3.308,7.37,1.73,0.0,0.0,52.46,2.9,70.8,failed,address_issue,52.56,check,denver-east,campus,residential,expedited,failed,2024-12-26 11:45:00,2024-12-26 11:45:00,3.0,0.0,225.0,Other,Other,Other,Other,Denver-East,Campus,Other,residential,expedited,wind,Other,Other,Other,failed,address_issue,check,denver-east,campus,residential,expedited,failed,0.0,1860.0,179.39292628995037,0.6053542918620024,1.1961442737449923,1.1961442737449923,2.542383394792053,1.5711093487029073,1.2359845150081317,-0.0,0.0,28.90318390889767,1.0264754257495845,70.8,1433.8368,2.7580025035383304,0.0,144.9232603551406
S-00152,R-108,D-009,V-017,Denver-West,Industrial,mailroom,Business,standard,1,clear,11/10/2024 10:00 AM,11/10/2024 10:00 AM,119.0,2025-04-01 09:50:00,170.0,2.0,5.11,5.11,2.487,13.15,1.47,0.0,118.12,40.48,9.8,70.8,faild,dog_on_premises,68.28,check,denver-west,industrial,business,standard,failed,2024-11-10 10:00:00,2024-11-10 10:00:00,6.0,1.0,51.0,Other,Other,Other,Other,Denver-West,Industrial,mailroom,Other,standard,clear,Other,Other,Other,Other,Other,check,denver-west,industrial,business,standard,failed,1.0,7199.5,112.50868089417585,0.8890149625568643,1.3966153633478982,1.3966153633478982,1.9960953680518403,1.827933674335197,1.0893746392451655,-0.0,118.12,23.3639328347161,1.3914193805498154,70.8,2399.3592,5.291331975501458,1.0,37.80778377364273
S-00153,R-148,D-057,V-007,Boulder,Suburban,mailroom,residential,standard,0,clear,11/26/2025 04:15 PM MDT,11/26/2025 04:15 PM MDT,131.0,2025-04-02 16:10:00,550.0,1.0,2.65,2.65,4.325,21.89,2.11,0.0,118.12,42.38,15.5,42.0,delivered,customer_not_home,90.69,check,boulder,suburban,residential,standard,delivered,2025-11-26 04:15:00,2025-11-26 04:15:00,2.0,0.0,419.0,Other,Other,Other,Other,Boulder,Suburban,mailroom,residential,standard,clear,Other,Other,Other,delivered,customer_not_home,check,boulder,suburban,residential,standard,delivered,0.0,8711.5,324.57101874558623,0.6053542918620024,1.0729042524807715,1.0729042524807715,3.1774471827326884,2.03021154145169,1.435900983925613,-0.0,118.12,24.261832282761034,1.507634036082669,42.0,4203.02805,1.875417088358097,0.0,253.97208617358524
S-00154,R-118,D-036,V-010,Denver-East,Downtown,garage,residential,standard,0,snow,13-Jan-2025 15:55 MST,13-Jan-2025 15:55 MST,117.0,2025-04-03 16:07:00,547.0,1.0,2.96,2.96,3.172,24.04,1.34,0.0,0.0,43.24,6.0,81.2,delivered,customer_not_home,71.65,check,denver-east,downtown,residential,standard,delivered,2025-01-13 15:55:00,2025-01-13 15:55:00,0.0,0.0,430.0,Other,Other,Other,Other,Denver-East,Downtown,garage,residential,standard,snow,Other,Other,Other,delivered,customer_not_home,check,denver-east,downtown,residential,standard,delivered,0.0,6961.5,322.9746818760456,0.6053542918620024,1.1275127269708758,1.1275127269708758,2.454210233317194,2.0648392440232195,1.012581030664142,-0.0,0.0,24.66565009743014,1.2440710539815454,81.2,2638.5112500000005,0.0,0.0,259.97696238642743
S-00155,R-114,D-019,V-039,Colorado-Springs,Rural,mailroom,residential,expedited,1,clear,14-Nov-2024 16:15 MST,14-Nov-2024 16:15 MST,62.0,2025-04-04 16:22:00,562.0,2.0,5.77,5.77,8.409,15.2,3.44,0.0,0.0,40.67,17.9,82.7,delivered,customer_not_home,83.17,check,colorado-springs,rural,residential,expedited,delivered,2024-11-14 16:15:00,2024-11-14 16:15:00,3.0,0.0,500.0,Other,Other,Other,Other,Colorado-Springs,Rural,mailroom,residential,expedited,clear,Other,Other,Other,delivered,customer_not_home,check,colorado-springs,rural,residential,expedited,delivered,1.0,1984.0,330.94772850854446,0.8890149625568643,1.4553049800845221,1.4553049800845221,5.4323490861557655,1.8878128805487022,2.150683749594865,0.0,0.0,23.45408729962709,1.539956293771764,82.7,3541.7944500000003,2.7580025035383304,0.0,297.8477592578012
S-00156,R-114,D-046,V-022,Denver East,Suburban,mailroom,business,expedite,0,rain,2025-10-21 19:15 MST,2025-10-21 19:15 MST,53.0,2025-04-05 19:15:00,735.0,4.0,6.27,6.27,2.445,7.59,1.27,0.0,0.0,24.29,25.3,66.0,delivered,customer_not_home,83.56,check,denver-east,suburban,business,expedited,delivered,2025-10-21 19:15:00,2025-10-21 19:15:00,1.0,0.0,682.0,Other,Other,Other,Other,Other,Suburban,mailroom,business,Other,rain,Other,Other,Other,delivered,customer_not_home,check,denver-east,suburban,business,expedited,delivered,0.0,1457.5,421.5064344775536,1.1867360977981165,1.4950247202239222,1.4950247202239222,1.9671684770476578,1.5847722991169797,0.9701668086883677,0.0,0.0,15.465450381977988,1.6266733035267213,66.0,3574.6968,0.962295536748461,0.0,394.01535825708714
S-00157,R-133,D-044,V-017,Denver-East,Downtown,front_desk,residential,standard,0,wind,2025/08/09 13:15:00 MST,2025/08/09 13:15:00 MST,139.0,2025-04-06 13:18:00,378.0,1.0,5.67,5.67,0.958,8.15,0.71,0.0,0.0,47.89,18.1,43.6,delivered,customer_not_home,80.22,check,denver-east,downtown,residential,standard,delivered,2025-08-09 13:15:00,2025-08-09 13:15:00,5.0,1.0,239.0,Other,Other,Other,Other,Denver-East,Downtown,front_desk,residential,standard,wind,Other,Other,Other,delivered,customer_not_home,check,denver-east,downtown,residential,standard,delivered,0.0,9799.5,231.44768980829247,0.6053542918620024,1.4469020272342556,1.4469020272342556,0.8579266523666859,1.6175896168562616,0.5984069121092206,0.0,0.0,26.82282011597023,1.5423712380437244,43.6,3297.8442,4.46194756940847,1.0,153.04033672389113
S-00158,R-158,D-032,V-017,Fort-Collins,Downtown,mailroom,business ,expedited,1,clear,12/18/2024 02:15 PM MDT ,12/18/2024 02:15 PM MDT ,42.0,2025-04-07 14:16:00,436.0,4.0,5.83,5.83,1.196,22.17,0.79,4.225,0.0,42.06,6.8,100.0,delivered,customer_not_home,94.67,check,fort-collins,downtown,business,expedited,delivered,2024-12-18 02:15:00,2024-12-18 02:15:00,2.0,0.0,394.0,Other,Other,Other,Other,Fort-Collins,Downtown,mailroom,Other,expedited,clear,Other,Other,Other,delivered,customer_not_home,check,fort-collins,downtown,business,expedited,delivered,1.0,924.0,263.24587008454057,1.1867360977981165,1.460269689979953,1.460269689979953,1.049105033363587,2.0349559699941957,0.6555947225045738,0.48523871942938795,0.0,24.111166974709004,1.283885125960567,100.0,4575.87445,1.875417088358097,0.0,240.26532828958412
S-00159,R-106,D-059,V-004,Denver-East ,Suburban,side_entrance,Business,expedited,0,clear,11/04/2024 10:05 AM MST,11/04/2024 10:05 AM MST,40.0,2025-04-08 10:04:00,184.0,4.0,15.103750000000002,15.103750000000002,-2.3496249999999996,14.02,1.87,0.0,118.12,45.165,13.5,58.5,Failed,customer_not_home,61.13,check,denver-east,suburban,business,expedited,failed,2024-11-04 10:05:00,2024-11-04 10:05:00,0.0,0.0,144.0,Other,Other,Other,Other,Other,Suburban,side_entrance,Other,expedited,clear,Other,Other,Other,Other,customer_not_home,check,denver-east,suburban,business,expedited,failed,0.0,840.0,120.84738099797474,1.1867360977981165,1.9123155662782438,1.9123155662782438,-1.0976083387537812,1.8546411896044046,1.3114722955900453,-0.0,118.12,25.563918468834125,1.4747742685611098,58.5,1929.5684500000002,0.0,0.0,96.8353372319974
S-00160,R-154,D-041,V-028,Denver-East ,Suburban,garage,residential,same_day,1,rain,2025-03-09 15:30 MDT,2025-03-09 15:30 MDT,45.0,2025-04-09 15:30:00,510.0,3.0,5.86,5.86,5.212,10.0,1.16,0.0,118.12,45.95,6.9,83.2,rescheduled,customer_not_home,65.62,check,denver-east,suburban,residential,same_day,rescheduled,2025-03-09 15:30:00,2025-03-09 15:30:00,6.0,1.0,465.0,Other,Other,Other,Other,Other,Suburban,garage,residential,same_day,rain,Other,Other,Other,rescheduled,customer_not_home,check,denver-east,suburban,residential,same_day,rescheduled,1.0,1057.5,303.2129569088509,1.0641270562537064,1.4627308327392388,1.4627308327392388,3.7019791446535444,1.7098010092472384,0.9018997328990817,-0.0,118.12,25.928062328447574,1.2884319330351799,83.2,2218.6122000000005,5.291331975501458,1.0,278.98354017972576
S-00161,R-101,D-018,V-003,Denver-East,Suburban,call_on_arrival,residential,standard,0,snow,2024-11-18 09:20 ,2024-11-18 09:20 ,130.0,2025-04-10 09:38:00,158.0,1.0,3.17,3.17,2.286,4.14,1.07,0.0,118.12,45.165,16.1,61.5,rescheduled,customer_not_home,70.95,check,denver-east,suburban,residential,standard,rescheduled,2024-11-18 09:20:00,2024-11-18 09:20:00,0.0,0.0,28.0,Other,Other,Other,Other,Denver-East,Suburban,call_on_arrival,residential,standard,snow,Other,Other,Other,rescheduled,customer_not_home,check,denver-east,suburban,residential,standard,rescheduled,0.0,8580.0,105.30684229104159,0.6053542918620024,1.161442817811871,1.161442817811871,1.8566848302552295,1.2935228963608352,0.8444764856012952,0.0,118.12,25.563918468834125,1.5163491665933255,61.5,2587.9012500000003,0.0,0.0,21.898839615290353
S-00162,R-141,D-022,V-009,Fort-Collins,Suburban,call_on_arrival,residential,standard,1,rain,2024/11/13 11:10:00 MST,2024/11/13 11:10:00 MST,122.0,2025-04-11 11:22:00,262.0,3.0,7.64,7.64,9.641375,12.39,3.44,0.0,0.0,41.83,6.5,75.7,delivered,customer_not_home,89.43,check,fort-collins,suburban,residential,standard,delivered,2024-11-13 11:10:00,2024-11-13 11:10:00,2.0,0.0,140.0,Other,Other,Other,Other,Fort-Collins,Suburban,call_on_arrival,residential,standard,rain,Other,Other,Other,delivered,customer_not_home,check,fort-collins,suburban,residential,standard,delivered,1.0,7564.0,166.27432347314416,1.0641270562537064,1.5878141642898715,1.5878141642898715,6.519421672746649,1.8027937280545239,2.1820549200462063,-0.0,0.0,24.002737978025582,1.2697032566597786,75.7,4088.292450000001,1.875417088358097,0.0,94.40017474404549
S-00163,R-148,D-017,V-011,Fort-Collins,Suburban,garage,residential,standard,1,fog,2025/07/13 14:15:00 MDT,2025/07/13 14:15:00 MDT,117.0,2025-04-12 14:12:00,432.0,1.0,1.15,1.15,2.719,18.7,1.32,0.0,118.12,43.21,10.4,46.5,failed,customer_not_home,55.09,check,fort-collins,suburban,residential,standard,failed,2025-07-13 14:15:00,2025-07-13 14:15:00,6.0,1.0,315.0,Other,Other,Other,Other,Fort-Collins,Suburban,garage,residential,standard,fog,Other,Other,Other,failed,customer_not_home,check,fort-collins,suburban,residential,standard,failed,1.0,6961.5,261.0671008510886,0.6053542918620024,0.6839353139815356,0.6839353139815356,2.1540447669664546,1.9701983066546813,1.0005412736248234,-0.0,118.12,24.65159002077661,1.4076511222409076,46.5,1572.5440500000002,5.291331975501458,1.0,196.34740314674258
S-00164,R-146,D-029,V-036,Colorado-Springs,Rural,garage,business,standard,0,snow,2025/09/08 09:05:00,2025/09/08 09:05:00,119.0,2025-04-13 09:26:00,146.0,3.0,8.29,8.29,9.641375,7.47,3.44,0.0,0.0,39.59,5.5,51.4,rescheduled,customer_not_home,76.06,check,colorado-springs,rural,business,standard,rescheduled,2025-09-08 09:05:00,2025-09-08 09:05:00,0.0,0.0,27.0,Other,Other,Other,Other,Colorado-Springs,Rural,garage,business,standard,snow,Other,Other,Other,rescheduled,customer_not_home,check,colorado-springs,rural,business,standard,rescheduled,0.0,7199.5,98.05038984468158,1.0641270562537064,1.625387744031639,1.625387744031639,6.268033810887507,1.5773769579531658,2.221878212513562,0.0,0.0,22.940522784759956,1.2155354594472638,51.4,2968.6218000000003,0.0,0.0,21.18349063097669
S-00165,R-101,D-028,V-036,Fort-Collins,Downtown,mailroom,residential,standard,0,rain,2025-12-30 09:05 MDT,2025-12-30 09:05 MDT,130.0,2025-04-14 09:07:00,127.0,1.0,2.06,2.06,1.81,22.27,1.11,0.0,0.0,45.79,9.7,68.1,failed,customer_not_home,61.02,check,fort-collins,downtown,residential,standard,failed,2025-12-30 09:05:00,2025-12-30 09:05:00,1.0,0.0,0.0,Other,Other,Other,Other,Fort-Collins,Downtown,mailroom,residential,standard,rain,Other,Other,Other,failed,customer_not_home,check,fort-collins,downtown,residential,standard,failed,0.0,8580.0,86.43693606008304,0.6053542918620024,0.9501233069045406,0.9501233069045406,1.51582568909286,2.036632379533661,0.8701791758851377,-0.0,0.0,25.85394136725591,1.388582159484257,68.1,1922.7402000000002,0.962295536748461,0.0,0.0
S-00166,R-157,D-008,V-005,Fort-Collins,Industrial,garage,residential,standard,0,clear,11/15/2025 12:45 PM,11/15/2025 12:45 PM,99.0,07/32/2025 10:10 PM,344.0,2.0,4.65,4.65,3.993,19.02,2.03,0.0,0.0,42.85,3.6,54.2,failed,security_access,62.86,check,fort-collins,industrial,residential,standard,failed,2025-11-15 12:45:00,2025-11-15 12:45:00,5.0,1.0,245.0,Other,Other,Other,Other,Fort-Collins,Industrial,garage,residential,standard,clear,Other,Other,Other,failed,security_access,check,fort-collins,industrial,residential,standard,failed,0.0,4999.5,212.58404407865325,0.8890149625568643,1.3506004428114853,1.3506004428114853,2.974493160513394,1.976771721002377,1.39508608185324,-0.0,0.0,24.482719806671966,1.0674951917596862,54.2,2038.5498,4.46194756940847,1.0,156.50444801921188
S-00167,R-135,D-045,V-010,Denver East,Rural,mailroom,residential,standard,1,clear,2025/12/07 10:15:00 MST,2025/12/07 10:15:00 MST,129.0,2025-04-16 10:23:00,203.0,2.0,4.34,4.34,8.551,10.79,2.72,0.0,118.12,36.14,7.9,60.9,failed,weather_delay,61.3,check,denver-east,rural,residential,standard,failed,2025-12-07 10:15:00,2025-12-07 10:15:00,6.0,1.0,74.0,Other,Other,Other,Other,Other,Rural,mailroom,residential,standard,clear,Other,Other,Other,failed,weather_delay,check,denver-east,rural,residential,standard,failed,1.0,8449.5,132.06448249307832,0.8890149625568643,1.3167490961116823,1.3167490961116823,5.5046672559535885,1.7432327249213033,1.7282161881567573,-0.0,118.12,21.281159009277054,1.3295984768460092,60.9,1940.1449999999998,5.291331975501458,1.0,53.00326148827009
S-00168,R-138,D-003,V-024,Fort Collins,Suburban,leave_at_door,business,expedited,0,clear,09-Jun-2025 16:15 MDT,09-Jun-2025 16:15 MDT,61.0,2025-04-17 16:21:00,561.0,6.0,3.62,3.62,3.838,10.41,1.29,2.89,0.0,48.44,15.9,64.6,failed,address_issue,60.06,check,fort-collins,suburban,business,expedited,failed,2025-06-09 16:15:00,2025-06-09 16:15:00,0.0,0.0,500.0,Other,Other,Other,Other,Other,Suburban,leave_at_door,business,expedited,clear,Other,Other,Other,failed,address_issue,check,fort-collins,suburban,business,expedited,failed,0.0,1921.5,330.41685903416715,1.4118117958798448,1.227198589067734,1.227198589067734,2.8783610657548375,1.727527423343695,0.9823642973807952,0.4669576595449409,0.0,27.075186801716153,1.51349574458948,64.6,1863.6618,0.0,0.0,297.8477592578012
S-00169,R-128,D-036,V-010,Fort-Collins,Downtown,front_desk,business,same_day,1,clear,2025-07-16 13:15 MDT,2025-07-16 13:15 MDT,47.0,2025-04-18 13:08:00,368.0,2.0,3.53,3.53,2.356,13.4,-0.48,0.0,0.0,37.8,13.8,47.3,delivered,customer_not_home,91.82,check,fort-collins,downtown,business,same_day,delivered,2025-07-16 13:15:00,2025-07-16 13:15:00,2.0,0.0,321.0,Other,Other,Other,Other,Fort-Collins,Downtown,front_desk,business,same_day,clear,Other,Other,Other,delivered,customer_not_home,check,fort-collins,downtown,business,same_day,delivered,1.0,1151.5,225.9178281969378,0.8890149625568643,1.2147317882437336,1.2147317882437336,1.9055186294313018,1.8358224145060638,-0.06566722415965076,0.0,0.0,22.083258555634497,1.4801247550899637,47.3,4307.276199999999,1.875417088358097,0.0,199.71851285499002
S-00170,R-120,D-009,V-003,Denver-East,Suburban,front_desk,business,standard,0,clear,2025-11-14 07:35,2025-11-14 07:35,118.0,2025-04-19 07:35:00,35.0,4.0,3.52,3.52,3.726,16.83,1.8,3.67,0.0,43.94,7.5,37.5,delivered,customer_not_home,81.0,check,denver-east,suburban,business,standard,delivered,2025-11-14 07:35:00,2025-11-14 07:35:00,4.0,0.0,0.0,Other,Other,Other,Other,Denver-East,Suburban,front_desk,business,standard,clear,Other,Other,Other,delivered,customer_not_home,check,denver-east,suburban,business,standard,delivered,0.0,7080.0,26.841973639752084,1.1867360977981165,1.213326724246833,1.213326724246833,2.808322213172774,1.9287958225682627,1.2740115175117555,0.47707358005218053,0.0,24.993180497635645,1.3140056594299647,37.5,3361.5,3.618555125115471,0.0,0.0
S-00171,R-158,D-024,V-003,Denver-East,Rural,front_desk,Business,expedited,0,wind,03/20/2025 06:05 PM MDT,03/20/2025 06:05 PM MDT,37.0,2025-04-20 18:19:00,679.0,1.0,5.48,5.48,9.641375,8.4,3.44,0.0,0.0,45.165,11.0,70.0,Failed,weather_delay,48.55,check,denver-east,rural,business,expedited,failed,2025-03-20 06:05:00,2025-03-20 06:05:00,3.0,0.0,642.0,Other,Other,Other,Other,Denver-East,Rural,front_desk,Other,expedited,wind,Other,Other,Other,Other,weather_delay,check,denver-east,rural,business,expedited,failed,0.0,721.5,392.453021295858,0.6053542918620024,1.4304759332864752,1.4304759332864752,6.519421672746649,1.63140844537475,2.221878212513562,-0.0,0.0,25.563918468834125,1.4226497308103743,70.0,1227.10125,2.7580025035383304,0.0,373.12644310218906
S-00172,R-144,D-023,V-014,Boulder ,Rural,leave_at_door,residential,expedited,0,wind,2025/07/27 14:15:00 MST,2025/07/27 14:15:00 MST,58.0,2025-04-21 14:12:00,432.0,1.0,1.93,1.93,6.322,15.53,2.45,0.0,0.0,46.79,8.1,52.0,rescheduled,customer_not_home,62.99,check,boulder,rural,residential,expedited,rescheduled,2025-07-27 14:15:00,2025-07-27 14:15:00,6.0,1.0,374.0,Other,Other,Other,Other,Other,Rural,leave_at_door,residential,expedited,wind,Other,Other,Other,rescheduled,customer_not_home,check,boulder,rural,residential,expedited,rescheduled,0.0,1740.0,261.0671008510886,0.6053542918620024,0.9188819823965941,0.9188819823965941,4.327719919905947,1.896531447948398,1.6026800229188252,-0.0,0.0,26.31637358010638,1.3370064558682042,52.0,2046.8600500000002,5.291331975501458,1.0,229.23751776897933
S-00173,R-123,D-016,V-007,Fort-Collins,Downtown,rear_loading_dock,residential,expedited,0,rain,2025-10-03 15:45,2025-10-03 15:45,61.0,2025-04-22 15:41:00,521.0,2.0,15.103750000000002,15.103750000000002,4.351,10.72,2.22,2.84,118.12,41.4,10.9,97.0,failed,address_issue,45.72,check,fort-collins,downtown,residential,expedited,failed,2025-10-03 15:45:00,2025-10-03 15:45:00,4.0,0.0,460.0,Other,Other,Other,Other,Fort-Collins,Downtown,Other,residential,expedited,rain,Other,Other,Other,failed,address_issue,check,fort-collins,downtown,residential,expedited,failed,0.0,1921.5,309.1025671522804,0.8890149625568643,2.024869979035701,2.024869979035701,3.193178313621503,1.7403895044646691,1.4910057854778633,0.4660915798611111,118.12,23.799709761701756,1.4202289643475516,97.0,1090.8791999999999,3.618555125115471,0.0,276.2773067025991
S-00174,R-157,D-050,V-036,Denver-East,Suburban,mailroom,residential ,standard,0,clear,09-Dec-2024 18:55 MDT,09-Dec-2024 18:55 MDT,128.0,2025-04-23 18:58:00,718.0,1.0,12.92,12.92,1.951,5.37,0.96,3.15,0.0,42.75,8.9,55.6,Delivered,customer_not_home,100.0,check,denver-east,suburban,residential,standard,delivered,2024-12-09 18:55:00,2024-12-09 18:55:00,0.0,0.0,590.0,Other,Other,Other,Other,Denver-East,Suburban,mailroom,Other,standard,clear,Other,Other,Other,Other,customer_not_home,check,denver-east,suburban,residential,standard,delivered,0.0,8320.0,412.7108094052804,0.6053542918620024,1.8205143180864163,1.8205143180864163,1.6184843658846286,1.4206771202036743,0.7722195665196456,0.4709682101901582,0.0,24.435762281440194,1.3643582738362718,55.6,5100.0,0.0,0.0,345.77445029126415
S-00175,R-140,D-056,V-027,Denver-East,Campus,side_entrance,residential,standard,0,clear,2024-11-02 13:45,2024-11-02 13:45,116.0,2025-04-24 13:46:00,406.0,1.0,7.3,7.3,1.322,8.43,0.52,0.0,0.0,46.94,22.2,58.7,delivered,customer_not_home,95.1,check,denver-east,campus,residential,standard,delivered,2024-11-02 13:45:00,2024-11-02 13:45:00,5.0,1.0,290.0,Other,Other,Other,Other,Denver-East,Campus,side_entrance,residential,standard,clear,Other,Other,Other,delivered,customer_not_home,check,denver-east,campus,residential,standard,delivered,0.0,6844.0,246.85507301958125,0.6053542918620024,1.566663808206161,1.566663808206161,1.1477824196064932,1.6330345758253648,0.4558163279407353,-0.0,0.0,26.38557064747259,1.5847726007313,58.7,4617.105,4.46194756940847,1.0,182.23055794657589
S-00176,R-160,D-048,V-010,Denver-East,Suburban,call_on_arrival,residential,standard,1,snow,24-Oct-2025 15:55,24-Oct-2025 15:55,107.0,2025-04-25 16:13:00,553.0,0.0,9.57,9.57,6.099,18.27,2.41,0.0,0.0,39.45,4.3,58.4,delivered,customer_not_home,83.18,check,denver-east,suburban,residential,standard,delivered,2025-10-24 15:55:00,2025-10-24 15:55:00,4.0,0.0,446.0,Other,Other,Other,Other,Denver-East,Suburban,call_on_arrival,residential,standard,snow,Other,Other,Other,delivered,customer_not_home,check,denver-east,suburban,residential,standard,delivered,1.0,5831.5,326.166486698257,-0.0,1.6902626412345474,1.6902626412345474,4.204431581514348,1.9611433938230842,1.5835865081329512,-0.0,0.0,22.87375081313029,1.1312555144738612,58.4,3542.6362000000004,3.618555125115471,0.0,268.68411536953437
S-00177,R-156,D-060,V-016,Denver-West,Rural,front_desk,residential,expedited,0,rain,04/26/2025 07:20 PM MDT,04/26/2025 07:20 PM MDT,38.0,2025-04-26 19:18:00,738.0,1.0,3.07,3.07,4.368,9.7,2.14,1.33,0.0,49.42,14.5,27.1,RESCHEDULED,customer_not_home,62.6,check,denver-west,rural,residential,expedited,rescheduled,2025-04-26 07:20:00,2025-04-26 07:20:00,5.0,1.0,700.0,Other,Other,Other,Other,Denver-West,Rural,front_desk,residential,expedited,rain,Other,Other,Other,Other,customer_not_home,check,denver-west,rural,residential,expedited,rescheduled,0.0,760.0,423.0564822566617,0.6053542918620024,1.1455695809715738,1.1455695809715738,3.2034516547644425,1.69627704658177,1.4510440160168074,0.4079003112969478,0.0,27.52347306964706,1.491999491999238,27.1,2021.98,4.46194756940847,1.0,403.3750865692472
S-00178,R-157,D-011,V-012,Fort-Collins,Rural,front_desk,business,standard,0,clear,07/23/2025 08:50 AM MDT,07/23/2025 08:50 AM MDT,124.0,2025-04-27 08:54:00,114.0,2.0,6.77,6.77,6.18,14.67,2.02,0.0,0.0,52.84,17.8,47.8,delivered,customer_not_home,82.88,check,fort-collins,rural,business,standard,delivered,2025-07-23 08:50:00,2025-07-23 08:50:00,2.0,0.0,0.0,Other,Other,Other,Other,Fort-Collins,Rural,front_desk,business,standard,clear,Other,Other,Other,delivered,customer_not_home,check,fort-collins,rural,business,standard,delivered,0.0,7812.0,78.39226051757805,0.8890149625568643,1.5313430716287066,1.5313430716287066,4.24934598001186,1.8733158837539021,1.3899389539252154,-0.0,0.0,29.074528290811838,1.5387343959855575,47.8,3517.4271999999996,1.875417088358097,0.0,0.0
S-00179,R-112,D-027,V-002,Colorado Springs,Suburban,mailroom,business,standard,0,fog,2025/04/02 09:10:00,2025/04/02 09:10:00,126.0,2025-04-28 09:14:00,134.0,5.0,5.83,5.83,3.699,8.99,1.52,2.18,0.0,39.88,6.4,77.2,delivered,customer_not_home,87.22,check,colorado-springs,suburban,business,standard,delivered,2025-04-02 09:10:00,2025-04-02 09:10:00,2.0,0.0,8.0,Other,Other,Other,Other,Other,Suburban,mailroom,business,standard,fog,Other,Other,Other,delivered,customer_not_home,check,colorado-springs,suburban,business,standard,delivered,0.0,8064.0,90.73438877084136,1.2791016451735329,1.460269689979953,1.460269689979953,2.7913636682233904,1.6622077079871325,1.118263781752026,0.4505557533325422,0.0,23.078689894825004,1.2647853779061924,77.2,3890.8842,1.875417088358097,0.0,6.9163045064911985
S-00180,R-151,D-048,V-022,Denver-West,Suburban,side_entrance,residential,same_day,0,wind,25-Jul-2025 16:50 ,25-Jul-2025 16:50 ,49.0,07/32/2025 10:10 PM,599.0,1.0,1.48,1.48,5.503,7.26,2.81,0.0,0.0,37.58,7.2,107.33750000000002,delivered,customer_not_home,82.11,check,denver-west,suburban,residential,same_day,delivered,2025-07-25 16:50:00,2025-07-25 16:50:00,4.0,0.0,550.0,Other,Other,Other,Other,Denver-West,Suburban,side_entrance,residential,same_day,wind,Other,Other,Other,delivered,customer_not_home,check,denver-west,suburban,residential,same_day,delivered,0.0,1249.5,350.5251194581819,0.6053542918620024,0.7950316310055184,0.7950316310055184,3.869058144562108,1.5641015563511613,1.7688411951026701,-0.0,0.0,21.97735682062513,1.3015697042304217,107.33750000000002,3453.13605,3.618555125115471,0.0,324.57101874558623
S-00181,R-152,D-060,V-027,Fort-Collins,Downtown,mailroom,residential,standard,0,clear,06/05/2025 01:10 PM MDT,06/05/2025 01:10 PM MDT,115.0,2025-04-30 13:12:00,372.0,3.0,2.72,2.72,4.874,13.2,1.15,2.22,0.0,46.02,10.5,89.4,failed,weather_delay,50.88,check,fort-collins,downtown,residential,standard,failed,2025-06-05 01:10:00,2025-06-05 01:10:00,3.0,0.0,257.0,Other,Other,Other,Other,Fort-Collins,Downtown,mailroom,residential,standard,clear,Other,Other,Other,failed,weather_delay,check,fort-collins,downtown,residential,standard,failed,0.0,6727.5,228.13154892590194,1.0641270562537064,1.0857496877452806,1.0857496877452806,3.5049352393896025,1.8295258489292043,0.8955911471672549,0.4517765518305621,0.0,25.960474356298572,1.4102321753804115,89.4,1345.2672000000002,2.7580025035383304,0.0,163.4075725244021
S-00182,R-118,D-043,V-016,Boulder,Downtown,front_desk,residential,same_day,0,clear,2025/11/26 10:10:00 MDT,2025/11/26 10:10:00 MDT,35.0,2025-05-01 10:15:00,195.0,3.0,2.6,2.6,3.299,14.93,1.52,3.5,118.12,51.55,10.9,93.2,failed,customer_not_home,54.13,check,boulder,downtown,residential,same_day,failed,2025-11-26 10:10:00,2025-11-26 10:10:00,2.0,0.0,160.0,Other,Other,Other,Other,Boulder,Downtown,front_desk,residential,same_day,clear,Other,Other,Other,failed,customer_not_home,check,boulder,downtown,residential,same_day,failed,0.0,647.5,127.35481580205844,1.0641270562537064,1.0635312251366325,1.0635312251366325,2.536574466731047,1.8805059648158873,1.118263781752026,0.47530864197530864,118.12,28.491864403737928,1.4202289643475516,93.2,1519.1584500000001,1.875417088358097,0.0,106.51081961789383
S-00183,R-125,D-011,V-007,Fort-Collins,Downtown,garage,business,same_day,1,clear,22-Dec-2024 18:05 MST,22-Dec-2024 18:05 MST,46.0,2025-05-02 18:04:00,664.0,3.0,4.85,4.85,1.674,12.99,1.05,0.0,0.0,46.09,9.0,83.5,failed,customer_not_home,67.33,check,fort-collins,downtown,business,same_day,failed,2024-12-22 18:05:00,2024-12-22 18:05:00,6.0,1.0,618.0,Other,Other,Other,Other,Fort-Collins,Downtown,garage,business,same_day,clear,Other,Other,Other,failed,customer_not_home,check,fort-collins,downtown,business,same_day,failed,1.0,1104.0,384.6309274786588,1.0641270562537064,1.3711843239586567,1.3711843239586567,1.4153326366038779,1.8227891567884318,0.831513313079815,-0.0,0.0,25.992876735042227,1.367544467966324,83.5,2333.9944499999997,5.291331975501458,1.0,360.5310656806637
S-00184,R-155,D-056,V-003,Boulder,Downtown,leave_at_door,residential,standard,0,wind,04/20/2025 12:05 PM MDT,04/20/2025 12:05 PM MDT,137.0,2025-05-03 12:04:00,304.0,2.0,6.21,6.21,3.853,4.11,1.42,1.59,0.0,45.18,8.6,80.7,delivered,customer_not_home,80.99,check,boulder,downtown,residential,standard,delivered,2025-04-20 12:05:00,2025-04-20 12:05:00,6.0,1.0,167.0,Other,Other,Other,Other,Boulder,Downtown,leave_at_door,residential,standard,wind,Other,Other,Other,delivered,customer_not_home,check,boulder,downtown,residential,standard,delivered,0.0,9521.5,190.1502957420131,0.8890149625568643,1.4904486273476518,1.4904486273476518,2.8877041388665172,1.2899376328752232,1.0601324454201217,0.42546324592656637,0.0,25.570888201966167,1.3545027756320973,80.7,3360.6800499999995,5.291331975501458,1.0,110.71310027961135
S-00185,R-113,D-031,V-015,Denver-West,Suburban,call_on_arrival,Residential,expedited,0,clear,2025-06-03 18:50 MDT,2025-06-03 18:50 MDT,53.0,2025-05-04 19:03:00,723.0,2.0,4.7,4.7,4.172,3.47,2.12,2.7,0.0,46.04,11.5,71.5,failed,vehicle_issue,42.73,check,denver-west,suburban,residential,expedited,failed,2025-06-03 18:50:00,2025-06-03 18:50:00,1.0,0.0,670.0,Other,Other,Other,Other,Denver-West,Suburban,call_on_arrival,Other,expedited,clear,Other,Other,Other,failed,vehicle_issue,check,denver-west,suburban,residential,expedited,failed,0.0,1457.5,415.2998953458658,0.8890149625568643,1.3558342603572082,1.3558342603572082,3.084403505080364,1.2062402845766655,1.440958361150349,0.4634769905040175,0.0,25.969733162645877,1.434314575050762,71.5,955.6564499999998,0.962295536748461,0.0,387.7618604111715
S-00186,R-123,D-053,V-030,Fort-Collins,Campus,call_on_arrival,residential,standard,0,wind,29-Jun-2025 14:00,29-Jun-2025 14:00,110.0,2025-05-05 14:02:00,422.0,1.0,2.51,2.51,3.452,13.44,1.2,2.87,0.0,44.64,7.0,56.2,delivered,customer_not_home,83.19,check,fort-collins,campus,residential,standard,delivered,2025-06-29 14:00:00,2025-06-29 14:00:00,6.0,1.0,312.0,Other,Other,Other,Other,Fort-Collins,Campus,call_on_arrival,residential,standard,wind,Other,Other,Other,delivered,customer_not_home,check,fort-collins,campus,residential,standard,delivered,0.0,6160.0,255.61132260547961,0.6053542918620024,1.0462256633169449,1.0462256633169449,2.6348378593421984,1.837068091859964,0.9269603605568231,0.4666152541580701,0.0,25.31969209633779,1.2928932188134525,56.2,3543.4780499999997,5.291331975501458,1.0,194.65945395152346
S-00187,R-115,D-020,V-015,Fort-Collins,Suburban,leave_at_door,residential,same_day,0,clear,2025-09-22 12:00 MST,2025-09-22 12:00 MST,36.0,2025-05-06 11:54:00,294.0,1.0,1.27,1.27,3.009,8.28,1.51,0.0,0.0,48.11,8.9,73.6,delivered,customer_not_home,87.03,check,fort-collins,suburban,residential,same_day,delivered,2025-09-22 12:00:00,2025-09-22 12:00:00,0.0,0.0,258.0,Other,Other,Other,Other,Fort-Collins,Suburban,leave_at_door,residential,same_day,clear,Other,Other,Other,delivered,customer_not_home,check,fort-collins,suburban,residential,same_day,delivered,0.0,684.0,184.49715124453763,0.6053542918620024,0.7267537565808873,0.7267537565808873,2.3473869571840584,1.6248358145633697,1.1125136541670613,-0.0,0.0,26.9238345773241,1.3643582738362718,73.6,3874.14045,0.0,0.0,163.98136384553047
S-00188,R-126,D-002,V-013,Colorado-Springs,Industrial,front_desk,residential,same_day,0,wind,07/01/2025 12:35 PM,07/01/2025 12:35 PM,36.0,2025-05-07 12:36:00,336.0,1.0,4.63,4.63,2.852,10.85,0.68,0.0,0.0,36.37,9.8,72.9,failed,customer_not_home,54.13,check,colorado-springs,industrial,residential,same_day,failed,2025-07-01 12:35:00,2025-07-01 12:35:00,1.0,0.0,300.0,Other,Other,Other,Other,Colorado-Springs,Industrial,front_desk,residential,same_day,wind,Other,Other,Other,failed,customer_not_home,check,colorado-springs,industrial,residential,same_day,failed,0.0,684.0,208.11910389872574,0.6053542918620024,1.348490027928838,1.348490027928838,2.2432567880344165,1.745652360295087,0.5765481846489756,0.0,0.0,21.392714535197825,1.3914193805498154,72.9,1519.1584500000001,0.962295536748461,0.0,187.89129655106515
S-00189,R-156,D-022,V-018,Fort-Collins,Suburban,front_desk,business,standard,1,fog,06-Jul-2025 14:35 MDT,06-Jul-2025 14:35 MDT,118.0,2025-05-08 14:49:00,469.0,1.0,7.81,7.81,9.641375,15.32,3.44,1.0,0.0,45.28,25.3,60.4,delivered,customer_not_home,94.88,check,fort-collins,suburban,business,standard,delivered,2025-07-06 14:35:00,2025-07-06 14:35:00,6.0,1.0,351.0,Other,Other,Other,Other,Fort-Collins,Suburban,front_desk,business,standard,fog,Other,Other,Other,delivered,customer_not_home,check,fort-collins,suburban,business,standard,delivered,1.0,7080.0,281.14643575126104,0.6053542918620024,1.5979877581567206,1.5979877581567206,6.519421672746649,1.891009769048505,2.221878212513562,0.375,0.0,25.6173413597407,1.6402086185194227,60.4,4595.9872,5.291331975501458,1.0,216.48237376266275
S-00190,R-123,D-005,V-018,Fort-Collins,Downtown,front_desk,Business,standard,0,clear,2025/09/19 14:10:00 MST,2025/09/19 14:10:00 MST,121.0,2025-05-09 14:02:00,422.0,1.0,9.26,9.26,3.017,12.91,1.1,4.225,0.0,45.92,11.0,60.2,delivered,customer_not_home,80.75,check,fort-collins,downtown,business,standard,delivered,2025-09-19 14:10:00,2025-09-19 14:10:00,4.0,0.0,301.0,Other,Other,Other,Other,Fort-Collins,Downtown,front_desk,Other,standard,clear,Other,Other,Other,delivered,customer_not_home,check,fort-collins,downtown,business,standard,delivered,0.0,7441.5,255.61132260547961,0.6053542918620024,1.6755241652962363,1.6755241652962363,2.3526598539309,1.8201881271766158,0.8637811037542307,0.48528931504108697,0.0,25.91416850128342,1.4226497308103743,60.2,3341.03125,3.618555125115471,0.0,188.45632626894798
S-00191,R-126,D-042,V-033,Colorado-Springs,Rural,front_desk,residential,standard,0,clear,2025-11-19 14:55 MDT ,2025-11-19 14:55 MDT ,103.0,2025-05-10 21:20:00,860.0,1.0,5.56,5.56,5.0565889720335,8.04,2.86,0.0,0.0,41.74,25.3,77.5,DELIVERED,customer_not_home,55.63,check,colorado-springs,rural,residential,standard,delivered,2025-11-19 14:55:00,2025-11-19 14:55:00,2.0,0.0,757.0,Other,Other,Other,Other,Colorado-Springs,Rural,front_desk,residential,standard,clear,Other,Other,Other,Other,customer_not_home,check,colorado-springs,rural,residential,standard,delivered,0.0,5407.5,485.5877465096334,0.6053542918620024,1.437467528210537,1.437467528210537,3.6117894375059443,1.6113528848117666,1.7911621996706872,0.0,0.0,23.960277564313284,1.77131393174903,77.5,1602.97845,1.875417088358097,0.0,432.85895634897696
S-00192,R-122,D-044,V-035,Fort-Collins,Suburban,front_desk,business ,Standard,0,clear,31-Mar-2025 12:00 MST,31-Mar-2025 12:00 MST,112.0,2025-05-11 11:59:00,299.0,1.0,1.1,1.1,6.108,5.94,1.22,0.0,0.0,38.99,3.2,60.2,delivered,customer_not_home,87.66,check,fort-collins,suburban,business,standard,delivered,2025-03-31 12:00:00,2025-03-31 12:00:00,0.0,0.0,187.0,Other,Other,Other,Other,Fort-Collins,Suburban,front_desk,Other,Other,clear,Other,Other,Other,delivered,customer_not_home,check,fort-collins,suburban,business,standard,delivered,0.0,6384.0,187.32607908411958,0.6053542918620024,0.66516665055302,0.66516665055302,4.209429633918201,1.4692260464081721,0.9393882120265514,0.0,0.0,22.654030612695973,1.0264754257495845,60.2,3929.7978,0.0,0.0,122.62588106613993
S-00193,R-157,D-002,V-008,Denver-West,Rural,side_entrance,residential,EXPEDITED,1,snow,2025/07/31 10:30:00 ,2025/07/31 10:30:00 ,58.0,2025-05-12 10:42:00,222.0,2.0,3.75,3.75,9.641375,26.29,3.44,3.13,0.0,45.165,8.9,31.3,failed,customer_not_home,55.73,check,denver-west,rural,residential,expedited,failed,2025-07-31 10:30:00,2025-07-31 10:30:00,3.0,0.0,164.0,Other,Other,Other,Other,Denver-West,Rural,side_entrance,residential,Other,snow,Other,Other,Other,failed,customer_not_home,check,denver-west,rural,residential,expedited,failed,1.0,1740.0,143.17743830015166,0.8890149625568643,1.244659324885828,1.244659324885828,6.519421672746649,2.0971647995795255,2.221878212513562,0.4706863498056505,0.0,25.563918468834125,1.3643582738362718,31.3,1608.6464499999997,2.7580025035383304,0.0,108.91431022726388
S-00805,R-138,D-017,V-012,Denver-East ,Suburban,call_on_arrival,residential,Standard,1,clear,09-Aug-2025 13:10 MDT,09-Aug-2025 13:10 MDT,106.0,2025-05-13 13:18:00,378.0,1.0,5.57,5.57,4.587,15.62,1.61,0.0,118.12,49.71,3.0,52.5,failed,address_issue,55.07,check,denver-east,suburban,residential,standard,failed,2025-08-09 13:10:00,2025-08-09 13:10:00,5.0,1.0,272.0,Other,Other,Other,Other,Other,Suburban,call_on_arrival,residential,Other,clear,Other,Other,Other,failed,address_issue,check,denver-east,suburban,residential,standard,failed,1.0,5724.0,231.44768980829247,0.6053542918620024,1.4383336819325925,1.4383336819325925,3.334938008445609,1.8988700402003218,1.1694097585823444,-0.0,118.12,27.655793875896382,1.0264754257495845,52.5,1571.42245,4.46194756940847,1.0,171.9916012386413
S-00195,R-107,D-017,V-003,Boulder,Campus,hand_to_security,Residential,standard,1,clear,2024/12/20 07:50:00 MST,2024/12/20 07:50:00 MST,118.0,2025-05-14 07:45:00,45.0,1.0,6.47,6.47,3.673,15.96,1.36,0.0,0.0,40.73,10.8,62.8,delivered,customer_not_home,91.95,check,boulder,campus,residential,standard,delivered,2024-12-20 07:50:00,2024-12-20 07:50:00,4.0,0.0,0.0,Other,Other,Other,Other,Boulder,Campus,Other,Other,standard,clear,Other,Other,Other,delivered,customer_not_home,check,boulder,campus,residential,standard,delivered,1.0,7080.0,33.74183855361807,0.6053542918620024,1.5099307542892901,1.5099307542892901,2.775005567426,1.9075583480400153,1.024559202430816,-0.0,0.0,23.48254003655176,1.417777490260418,62.8,4319.351250000001,3.618555125115471,0.0,0.0
S-00196,R-123,D-039,V-028,Boulder,Suburban,mailroom,business,standard,0,clear,06/02/2025 07:15 AM MDT,06/02/2025 07:15 AM MDT,117.0,2025-05-15 07:19:00,19.0,1.0,2.26,2.26,2.894,9.15,0.63,0.0,0.0,43.6,9.8,68.0,delivered,customer_not_home,81.19,check,boulder,suburban,business,standard,delivered,2025-06-02 07:15:00,2025-06-02 07:15:00,0.0,0.0,0.0,Other,Other,Other,Other,Boulder,Suburban,mailroom,business,standard,clear,Other,Other,Other,delivered,customer_not_home,check,boulder,suburban,business,standard,delivered,0.0,6961.5,15.358543313487738,0.6053542918620024,0.9949620699941574,0.9949620699941574,2.2712360253069157,1.6701545637496886,0.539590303655388,-0.0,0.0,24.8342227323331,1.3914193805498154,68.0,3377.0980499999996,0.0,0.0,0.0
S-00197,R-128,D-047,V-021,Denver-East,Suburban,garage,residential,standard,0,clear,2025/02/08 16:00:00,2025/02/08 16:00:00,118.0,2025-05-16 16:04:00,544.0,1.0,2.9,2.9,5.156,5.82,1.81,0.0,0.0,41.56,5.7,28.9,resheduled,customer_not_home,61.29,check,denver-east,suburban,residential,standard,rescheduled,2025-02-08 16:00:00,2025-02-08 16:00:00,5.0,1.0,426.0,Other,Other,Other,Other,Denver-East,Suburban,garage,residential,standard,clear,Other,Other,Other,Other,customer_not_home,check,denver-east,suburban,residential,standard,rescheduled,0.0,7080.0,321.3774708556219,0.6053542918620024,1.1173863626863374,1.1173863626863374,3.6695595364915228,1.4594461841772026,1.2793971969660034,-0.0,0.0,23.87530303348969,1.2273325907137442,28.9,1939.52205,4.46194756940847,1.0,257.7951649096553
S-00198,R-108,D-039,V-033,Boulder,Rural,front_desk,business,standard,1,clear,12-Dec-2025 18:05,12-Dec-2025 18:05,99.0,2025-05-17 18:16:00,676.0,1.0,6.52,6.52,9.509,26.28,3.19,0.0,0.0,54.84,25.3,51.3,failed,package_damaged,51.52,check,boulder,rural,business,standard,failed,2025-12-12 18:05:00,2025-12-12 18:05:00,4.0,0.0,577.0,Other,Other,Other,Other,Boulder,Rural,front_desk,business,standard,clear,Other,Other,Other,failed,package_damaged,check,boulder,rural,business,standard,failed,1.0,4999.5,390.88999491390723,0.6053542918620024,1.5135763565418896,1.5135763565418896,5.984444518903428,2.097028874729743,1.9343055763298633,0.0,0.0,29.972404125915865,1.77131393174903,51.3,1378.6752000000001,3.618555125115471,0.0,338.8995582062275
S-00199,R-113,D-025,V-037,Fort-Collins,Campus,side_entrance,business,standard,0,clear,2025-05-20 15:00,2025-05-20 15:00,120.0,2025-05-18 15:01:00,481.0,4.0,3.71,3.71,5.716,7.29,1.71,0.0,0.0,45.38,9.1,66.2,delivered,customer_not_home,80.53,check,fort-collins,campus,business,standard,delivered,2025-05-20 15:00:00,2025-05-20 15:00:00,1.0,0.0,361.0,Other,Other,Other,Other,Fort-Collins,Campus,side_entrance,business,standard,clear,Other,Other,Other,delivered,customer_not_home,check,fort-collins,campus,business,standard,delivered,0.0,7320.0,287.6241504449949,1.1867360977981165,1.2393536042669357,1.2393536042669357,3.9899331067611667,1.5660247524203517,1.2250124191680063,-0.0,0.0,25.66377444700462,1.3706832244724474,66.2,3323.07045,0.962295536748461,0.0,222.03802200319728
S-00200,R-146,D-017,V-003,Denver-West,Suburban,mailroom,business,Expedited,0,clear,26-Dec-2025 12:40,26-Dec-2025 12:40,70.0,2025-05-19 12:38:00,338.0,3.0,11.49,11.49,2.006,7.77,1.07,0.0,0.0,45.165,4.5,49.2,delivered,customer_not_home,82.58,check,denver-west,suburban,business,expedited,delivered,2025-12-26 12:40:00,2025-12-26 12:40:00,4.0,0.0,268.0,Other,Other,Other,Other,Denver-West,Suburban,mailroom,business,Other,clear,Other,Other,Other,delivered,customer_not_home,check,denver-west,suburban,business,expedited,delivered,0.0,2520.0,209.23632311070727,1.0641270562537064,1.770509542826151,1.770509542826151,1.6581273021856422,1.5956170637548308,0.8444764856012952,-0.0,0.0,25.563918468834125,1.1471971345775582,49.2,3492.3082,3.618555125115471,0.0,169.70724676679467
S-00201,R-134,D-028,V-001,Fort-Collins,Campus,call_on_arrival,residential,STANDARD,0,fog,2025/09/08 10:40:00 MDT,2025/09/08 10:40:00 MDT,124.0,2025-05-20 10:37:00,217.0,4.0,3.57,3.57,2.576,9.35,1.32,0.0,0.0,62.38,14.6,76.2,delivered ,customer_not_home,79.44,check,fort-collins,campus,residential,standard,delivered,2025-09-08 10:40:00,2025-09-08 10:40:00,0.0,0.0,93.0,Other,Other,Other,Other,Fort-Collins,Campus,call_on_arrival,residential,Other,fog,Other,Other,Other,Other,customer_not_home,check,fort-collins,campus,residential,standard,delivered,0.0,7812.0,140.26249461758664,1.1867360977981165,1.2203119830082243,1.2203119830082243,2.0570500017841953,1.6798621122953385,1.0005412736248234,0.0,0.0,33.301889401506486,1.4936303164581668,76.2,3234.7967999999996,0.0,0.0,65.19790116370817
S-00202,R-144,D-060,V-035,Dnvr-East,Suburban,locker_pickup,Biz,same_day,0,clear,03/23/2025 09:00 AM MDT,03/23/2025 09:00 AM MDT,39.0,2025-05-21 09:01:00,121.0,4.0,9.36,9.36,4.963,25.16,1.21,0.0,0.0,53.57,9.9,29.6,failed,address_issue,53.5,check,denver-east,suburban,business,same_day,failed,2025-03-23 09:00:00,2025-03-23 09:00:00,6.0,1.0,82.0,Other,Other,Other,Other,Other,Suburban,Other,Other,same_day,clear,Other,Other,Other,failed,address_issue,check,denver-east,suburban,business,same_day,failed,0.0,799.5,82.73469378116545,1.1867360977981165,1.6803410785497566,1.6803410785497566,3.5571421635519846,2.0813820681482893,0.9331827215172315,-0.0,0.0,29.403013468874402,1.3942174671846175,29.6,1484.625,5.291331975501458,1.0,58.17156139153035
S-00203,R-124,D-047,V-013,Fort-Collins,Suburban,leave_at_door,business,standard,0,snow,2025/10/28 13:55:00 MST,2025/10/28 13:55:00 MST,114.0,2025-05-22 14:05:00,425.0,1.0,1.41,1.41,1.164,5.42,0.5,0.0,0.0,39.77,15.9,78.8,delivered,customer_not_home,73.19,check,fort-collins,suburban,business,standard,delivered,2025-10-28 13:55:00,2025-10-28 13:55:00,1.0,0.0,311.0,Other,Other,Other,Other,Fort-Collins,Suburban,leave_at_door,business,standard,snow,Other,Other,Other,delivered,customer_not_home,check,fort-collins,suburban,business,standard,delivered,0.0,6612.0,257.2493968602825,0.6053542918620024,0.7731348703865905,0.7731348703865905,1.023776237087507,1.425158178546656,0.44019755631168406,0.0,0.0,23.026304830924925,1.51349574458948,78.8,2751.5780499999996,0.962295536748461,0.0,194.09644536522484
S-00194,R-143,D-028,V-005,Dnvr-East,Rural,leave_at_door,residential,Standard,0,rain,07-Jul-2025 09:05,07-Jul-2025 09:05,135.0,2025-05-23 09:19:00,139.0,1.0,1.41,1.41,6.417,15.92,2.99,0.0,0.0,40.54,10.0,52.6,failed,customer_not_home,52.47,check,denver-east,rural,residential,standard,failed,2025-07-07 09:05:00,2025-07-07 09:05:00,0.0,0.0,4.0,Other,Other,Other,Other,Other,Rural,leave_at_door,residential,Other,rain,Other,Other,Other,failed,customer_not_home,check,denver-east,rural,residential,standard,failed,0.0,9247.5,93.79031148759283,0.6053542918620024,0.7731348703865905,0.7731348703865905,4.379898633889356,1.9065479956684428,1.8483967947396895,-0.0,0.0,23.392411570920167,1.3969773108444727,52.6,1429.02045,0.0,0.0,3.618555125115471
S-00205,R-140,D-059,V-022,Dnvr-East,Campus,mailroom,residential,expedited,0,clear,2025-05-08 12:30,2025-05-08 12:30,62.0,2025-05-24 12:34:00,334.0,3.0,3.4,3.4,3.06,22.27,1.89,0.0,0.0,33.49,20.8,69.2,delivered,customer_not_home,83.29,check,denver-east,campus,residential,expedited,delivered,2025-05-08 12:30:00,2025-05-08 12:30:00,3.0,0.0,272.0,Other,Other,Other,Other,Other,Campus,mailroom,residential,expedited,clear,Other,Other,Other,delivered,customer_not_home,check,denver-east,campus,residential,expedited,delivered,0.0,1984.0,207.00122144776083,1.0641270562537064,1.1961442737449923,1.1961442737449923,2.3809479181657482,2.036632379533661,1.3220744796796928,-0.0,0.0,19.98560157712889,1.5716470631218806,69.2,3551.9020500000006,2.7580025035383304,0.0,171.9916012386413
S-00206,R-147,D-021,V-008,Denver-West,Industrial,front_desk,residential,standard,1,wind,30-Jul-2025 13:05 MST,30-Jul-2025 13:05 MST,118.0,2025-05-25 13:03:00,363.0,1.0,6.16,6.16,2.297,18.47,1.02,2.73,0.0,45.165,12.9,73.1,delivered,customer_not_home,81.83,check,denver-west,industrial,residential,standard,delivered,2025-07-30 13:05:00,2025-07-30 13:05:00,2.0,0.0,245.0,Other,Other,Other,Other,Denver-West,Industrial,front_desk,residential,standard,wind,Other,Other,Other,delivered,customer_not_home,check,denver-west,industrial,residential,standard,delivered,1.0,7080.0,223.14729743303315,0.6053542918620024,1.486597234493188,1.486597234493188,1.8643792275342506,1.9653873144917082,0.8119254805614244,0.46406212939070934,0.0,25.563918468834125,1.46355821921418,73.1,3429.90445,1.875417088358097,0.0,156.50444801921188
S-00207,R-133,D-058,V-020,Fort-Collins,Suburban,front_desk,residential,expedited,0,fog,10-Oct-2025 16:05 MST,10-Oct-2025 16:05 MST,56.0,2025-05-26 16:09:00,549.0,2.0,3.24,3.24,2.269,15.03,1.16,0.0,0.0,47.6,5.1,69.6,faild,customer_not_home,56.46,check,fort-collins,suburban,residential,expedited,failed,2025-10-10 16:05:00,2025-10-10 16:05:00,4.0,0.0,493.0,Other,Other,Other,Other,Fort-Collins,Suburban,front_desk,residential,expedited,fog,Other,Other,Other,Other,customer_not_home,check,fort-collins,suburban,residential,expedited,failed,0.0,1624.0,324.03900325929396,0.8890149625568643,1.1722625680081313,1.1722625680081313,1.8447782703562847,1.8832308757484861,0.9018997328990817,-0.0,0.0,26.689525644589622,1.190223669821084,69.6,1650.3258,3.618555125115471,0.0,294.0857563613787
S-00208,R-121,D-020,V-027,Denver East,Downtown,package_room_3F,residential,standard,0,clear,2025-04-02 15:00,2025-04-02 15:00,111.0,2025-05-27 15:04:00,484.0,1.0,6.18,6.18,0.885,5.67,0.4,0.0,0.0,57.43,3.3,70.3,delivered,customer_not_home,86.79,check,denver-east,downtown,residential,standard,delivered,2025-04-02 15:00:00,2025-04-02 15:00:00,2.0,0.0,373.0,Other,Other,Other,Other,Other,Downtown,Other,residential,standard,clear,Other,Other,Other,delivered,customer_not_home,check,denver-east,downtown,residential,standard,delivered,0.0,6271.5,289.2410449440994,0.6053542918620024,1.4881419749265081,1.4881419749265081,0.7979142612894771,1.4469020272342556,0.3601658896468076,0.0,0.0,31.12566682009514,1.0355143556591757,70.3,3853.0420500000005,1.875417088358097,0.0,228.68460727593126
S-00209,R-136,D-026,V-019,Boulder,Industrial,front_desk,business,expedited,1,clear,2025-10-06 12:40,2025-10-06 12:40,74.0,2025-05-28 12:24:00,324.0,1.0,10.84,10.84,2.405,10.96,1.02,0.0,0.0,43.76,25.3,76.9,rescheduled,customer_not_home,78.36,check,boulder,industrial,business,expedited,rescheduled,2025-10-06 12:40:00,2025-10-06 12:40:00,0.0,0.0,250.0,Other,Other,Other,Other,Boulder,Industrial,front_desk,business,expedited,clear,Other,Other,Other,rescheduled,customer_not_home,check,boulder,industrial,business,expedited,rescheduled,1.0,2812.0,201.40170616912758,0.6053542918620024,1.7452501951262955,1.7452501951262955,1.9395205368661164,1.7500472611759454,0.8119254805614244,0.0,0.0,24.90905646453789,1.675557157738475,76.9,3148.5048,0.0,0.0,159.3847509804015
S-00210,R-127,D-009,V-013,Denver-East,Suburban,side_entrance,business,standard,0,clear,2025/03/01 13:50:00 MST,2025/03/01 13:50:00 MST,120.0,2025-05-29 13:45:00,405.0,2.0,5.74,5.74,2.514,2.2,0.52,0.0,0.0,48.55,7.7,71.6,delivered,customer_not_home,99.29,check,denver-east,suburban,business,standard,delivered,2025-03-01 13:50:00,2025-03-01 13:50:00,5.0,1.0,285.0,Other,Other,Other,Other,Denver-East,Suburban,side_entrance,business,standard,clear,Other,Other,Other,delivered,customer_not_home,check,denver-east,suburban,business,standard,delivered,0.0,7320.0,246.30667742533663,0.8890149625568643,1.4528011240031504,1.4528011240031504,2.014636026752766,1.1382307480670901,0.4558163279407353,-0.0,0.0,27.125592593474277,1.3219364963791898,71.6,5028.542050000001,4.46194756940847,1.0,179.39292628995037
S-00211,R-144,D-043,V-025,Denver East,Suburban,rear_loading_dock,residential,standard,0,clear,2024/12/09 13:15:00,2024/12/09 13:15:00,126.0,2025-05-30 13:18:00,378.0,1.0,6.35,6.35,3.665,15.21,1.81,0.0,0.0,50.29,5.9,52.3,delivered,customer_not_home,81.68,check,denver-east,suburban,residential,standard,delivered,2024-12-09 13:15:00,2024-12-09 13:15:00,0.0,0.0,252.0,Other,Other,Other,Other,Other,Suburban,Other,residential,standard,clear,Other,Other,Other,delivered,customer_not_home,check,denver-east,suburban,residential,standard,delivered,0.0,8064.0,231.44768980829247,0.6053542918620024,1.5010503698796338,1.5010503698796338,2.7699668170272265,1.8880804621661746,1.2793971969660034,0.0,0.0,27.919982747569684,1.238613012373119,52.3,3417.4912000000004,0.0,0.0,160.53526010391727
S-00212,R-140,D-048,V-012,Fort-Collins,Suburban,leave_at_door,residential,expedited,0,snow,2025-04-03 09:50,2025-04-03 09:50,68.0,2025-05-31 10:02:00,182.0,2.0,4.37,4.37,1.469,3.78,1.02,0.0,0.0,47.81,13.3,62.2,failed,vehicle_issue,53.17,check,fort-collins,suburban,residential,expedited,failed,2025-04-03 09:50:00,2025-04-03 09:50:00,3.0,0.0,114.0,Other,Other,Other,Other,Fort-Collins,Suburban,leave_at_door,residential,expedited,snow,Other,Other,Other,failed,vehicle_issue,check,fort-collins,suburban,residential,expedited,failed,0.0,2380.0,119.6601138564944,0.8890149625568643,1.3201354756797061,1.3201354756797061,1.2608986871123498,1.2486006442124742,0.8119254805614244,-0.0,0.0,26.78606506028748,1.471114114652055,62.2,1466.6944500000002,2.7580025035383304,0.0,78.39226051757805
S-00213,R-126,D-037,V-020,Denver-West,Rural,leave_at_door,residential,expedite,0,clear,03-Oct-2025 07:35 MDT ,03-Oct-2025 07:35 MDT ,74.0,2025-06-01 07:35:00,35.0,2.0,3.29,3.29,2.709,17.04,1.12,0.0,0.0,27.96,7.9,56.1,failed,customer_not_home,52.23,check,denver-west,rural,residential,expedited,failed,2025-10-03 07:35:00,2025-10-03 07:35:00,4.0,0.0,0.0,Other,Other,Other,Other,Denver-West,Rural,leave_at_door,residential,Other,clear,Other,Other,Other,failed,customer_not_home,check,denver-west,rural,residential,expedited,failed,0.0,2812.0,26.841973639752084,0.8890149625568643,1.1798497883105552,1.1798497883105552,2.1472987491888182,1.9337209210317892,0.8765590802008469,-0.0,0.0,17.214980741452596,1.3295984768460092,56.1,1416.21645,3.618555125115471,0.0,0.0
S-00214,R-120,D-036,V-001,Fort Collins,Rural,call_on_arrival,residential,standard,0,clear,2025-07-30 16:20 MDT,2025-07-30 16:20 MDT,109.0,2025-06-02 16:17:00,557.0,1.0,7.56,7.56,9.641375,7.4,3.44,0.0,0.0,52.8,12.3,71.9,delivered,customer_not_home,87.32,check,fort-collins,rural,residential,standard,delivered,2025-07-30 16:20:00,2025-07-30 16:20:00,2.0,0.0,448.0,Other,Other,Other,Other,Other,Rural,call_on_arrival,residential,standard,clear,Other,Other,Other,delivered,customer_not_home,check,fort-collins,rural,residential,standard,delivered,0.0,6049.5,328.29243458850186,0.6053542918620024,1.582936109405466,1.582936109405466,6.404539651890038,1.5729998107386862,2.221878212513562,-0.0,0.0,29.056503457589056,1.4515915028929183,71.9,3899.7111999999993,1.875417088358097,0.0,269.77029645031655
S-00215,R-128,D-019,V-014,Denver-West,Suburban,side_entrance,residential,standard,1,clear,28-Nov-2025 08:10 MST,28-Nov-2025 08:10 MST,112.0,2025-06-03 08:13:00,73.0,2.0,9.86,9.86,3.822,14.69,1.44,1.63,0.0,42.36,25.1,57.1,delivered,customer_not_home,71.62,check,denver-west,suburban,residential,standard,delivered,2025-11-28 08:10:00,2025-11-28 08:10:00,4.0,0.0,0.0,Other,Other,Other,Other,Denver-West,Suburban,side_entrance,residential,standard,clear,Other,Other,Other,delivered,customer_not_home,check,denver-west,suburban,residential,standard,delivered,1.0,6384.0,52.35345397068457,0.8890149625568643,1.7035502797911901,1.7035502797911901,2.8683855370909233,1.8738744570994388,1.071872426804892,0.4277132819615724,0.0,24.252422228836743,1.6085198536568643,57.1,2636.3322000000003,3.618555125115471,0.0,0.0
S-00216,R-139,D-051,V-038,Fort-Collins,Campus,leave_at_door,business,expedited,0,fog,2025-01-04 14:15 MST,2025-01-04 14:15 MST,58.0,2025-06-04 14:15:00,435.0,3.0,9.92,9.92,2.097,6.99,1.03,0.0,0.0,51.43,5.0,62.1,rescheduled,customer_not_home,63.42,check,fort-collins,campus,business,expedited,rescheduled,2025-01-04 14:15:00,2025-01-04 14:15:00,5.0,1.0,377.0,Other,Other,Other,Other,Fort-Collins,Campus,leave_at_door,business,expedited,fog,Other,Other,Other,rescheduled,customer_not_home,check,fort-collins,campus,business,expedited,rescheduled,0.0,1740.0,262.70136544367296,1.0641270562537064,1.706241917780016,1.706241917780016,1.7232441931327842,1.5463738259100106,0.818474034471092,-0.0,0.0,28.437518607742035,1.183503419072274,62.1,2074.4682000000003,4.46194756940847,1.0,230.8953664307172
S-00217,R-130,D-042,V-021,Denver-East ,Rural,leave_at_door,residential,standard,0,rain,2025/03/12 13:50:00 MST,2025/03/12 13:50:00 MST,126.0,2025-06-05 13:47:00,407.0,2.0,3.39,3.39,6.397,8.99,2.12,2.6,0.0,34.6,25.3,41.8,Delivered,customer_not_home,90.02,check,denver-east,rural,residential,standard,delivered,2025-03-12 13:50:00,2025-03-12 13:50:00,2.0,0.0,281.0,Other,Other,Other,Other,Other,Rural,leave_at_door,residential,standard,rain,Other,Other,Other,Other,customer_not_home,check,denver-east,rural,residential,standard,delivered,0.0,8064.0,247.4033338893029,0.8890149625568643,1.194684942984377,1.194684942984377,4.368930383815443,1.6622077079871325,1.440958361150349,0.46141975308641975,0.0,20.530608630909953,1.6570028297149824,41.8,4141.820199999999,1.875417088358097,0.0,177.11925042281678
S-00218,R-144,D-029,V-029,Boulder,Downtown,garage,business,same_day,1,clear,2025-12-19 20:55 MDT,2025-12-19 20:55 MDT,47.0,2025-06-06 20:44:00,824.0,3.0,7.99,7.99,1.032,14.58,0.46,0.0,0.0,39.32,14.2,55.1,failed,weather_delay,49.19,check,boulder,downtown,business,same_day,failed,2025-12-19 20:55:00,2025-12-19 20:55:00,4.0,0.0,777.0,Other,Other,Other,Other,Boulder,Downtown,garage,business,same_day,clear,Other,Other,Other,failed,weather_delay,check,boulder,downtown,business,same_day,failed,1.0,1151.5,467.2340572765334,1.0641270562537064,1.6084853003507535,1.6084853003507535,0.9180798281449422,1.8707907855631118,0.40858092081228553,0.0,0.0,22.811706871604557,1.487010823957423,55.1,1259.01805,3.618555125115471,0.0,443.15084843028905
S-00219,R-131,D-014,V-033,Denver-East,Industrial,leave_at_door,residential,STANDARD,0,clear,03/18/2025 07:30 AM MDT,03/18/2025 07:30 AM MDT,134.0,2025-06-07 07:30:00,30.0,2.0,4.57,4.57,7.965,27.16,2.68,4.225,0.0,41.04,19.5,39.8,delivered ,customer_not_home,93.55,check,denver-east,industrial,residential,standard,delivered,2025-03-18 07:30:00,2025-03-18 07:30:00,1.0,0.0,0.0,Other,Other,Other,Other,Denver-East,Industrial,leave_at_door,residential,Other,clear,Other,Other,Other,Other,customer_not_home,check,denver-east,industrial,residential,standard,delivered,0.0,9112.0,23.32223882394395,0.8890149625568643,1.3420998488873719,1.3420998488873719,5.204079872742406,2.1087482918812728,1.7099713091675297,0.4905657529283903,0.0,23.629415830683875,1.558273895700614,39.8,4469.35125,0.962295536748461,0.0,0.0
S-00220,R-143,D-051,V-011,Denver East,Industrial,mailroom,Residential,standard,0,wind,03/16/2025 03:40 PM MDT,03/16/2025 03:40 PM MDT,141.0,2025-06-08 15:42:00,522.0,3.0,10.78,10.78,4.292,7.71,1.77,4.225,0.0,43.45,8.0,50.0,delivered,customer_not_home,92.83,check,denver-east,industrial,residential,standard,delivered,2025-03-16 03:40:00,2025-03-16 03:40:00,6.0,1.0,381.0,Other,Other,Other,Other,Other,Industrial,mailroom,Other,standard,wind,Other,Other,Other,delivered,customer_not_home,check,denver-east,industrial,residential,standard,delivered,0.0,10081.5,309.6373671266949,1.0641270562537064,1.7428278959582846,1.7428278959582846,3.1574475202690144,1.5920345411623045,1.2577848943378716,0.4968,0.0,24.76401733158854,1.3333333333333335,50.0,4401.53445,5.291331975501458,1.0,233.10378734938425
S-00221,R-133,D-006,V-019,Denver-West,Industrial,side_entrance,business ,standard,0,rain,2024/12/13 13:10:00,2024/12/13 13:10:00,118.0,2025-06-09 13:07:00,367.0,4.0,1.66,1.66,4.37,14.1,1.61,0.0,0.0,36.16,12.3,47.1,rescheduled,customer_not_home,77.32,check,denver-west,industrial,business,standard,rescheduled,2024-12-13 13:10:00,2024-12-13 13:10:00,4.0,0.0,249.0,Other,Other,Other,Other,Denver-West,Industrial,side_entrance,Other,standard,rain,Other,Other,Other,rescheduled,customer_not_home,check,denver-west,industrial,business,standard,rescheduled,0.0,7080.0,225.36402397096532,1.1867360977981165,0.8478305472471745,0.8478305472471745,3.2046596409714203,1.856995799963404,1.1694097585823444,-0.0,0.0,21.290864963379782,1.4515915028929183,47.1,3066.5111999999995,3.618555125115471,0.0,158.80915300365646
S-00222,R-122,D-043,V-040,Fort Collins,Industrial,front_desk,business ,expedited,0,clear,08/08/2025 04:05 PM MST,08/08/2025 04:05 PM MST,68.0,2025-06-10 16:02:00,542.0,4.0,5.97,5.97,4.143,16.16,1.47,0.0,0.0,53.0,7.8,67.4,delivered,customer_not_home,80.31,check,fort-collins,industrial,business,expedited,delivered,2025-08-08 04:05:00,2025-08-08 04:05:00,4.0,0.0,474.0,Other,Other,Other,Other,Other,Industrial,front_desk,Other,expedited,clear,Other,Other,Other,delivered,customer_not_home,check,fort-collins,industrial,business,expedited,delivered,0.0,2380.0,320.3121752572303,1.1867360977981165,1.471636706547315,1.471636706547315,3.066675231297539,1.9125640466449279,1.0893746392451655,-0.0,0.0,29.146600866713825,1.325800137536758,67.4,3305.15805,3.618555125115471,0.0,283.8474697197142
S-00223,R-144,D-006,V-016,Denver-East,Suburban,mailroom,residential,Standard,1,rain,26-Dec-2025 11:50 MST ,26-Dec-2025 11:50 MST ,119.0,2025-06-11 11:59:00,299.0,2.0,5.92,5.92,2.916,19.59,1.65,0.0,0.0,34.28,9.8,73.6,delivered,customer_not_home,82.93,check,denver-east,suburban,residential,standard,delivered,2025-12-26 11:50:00,2025-12-26 11:50:00,4.0,0.0,180.0,Other,Other,Other,Other,Denver-East,Suburban,mailroom,residential,Other,rain,Other,Other,Other,delivered,customer_not_home,check,denver-east,suburban,residential,standard,delivered,1.0,7199.5,187.32607908411958,0.8890149625568643,1.4676114007045447,1.4676114007045447,2.2858556624404063,1.988148874164221,1.1918016387204051,-0.0,0.0,20.373842734646125,1.3914193805498154,73.6,3521.6224500000008,3.618555125115471,0.0,118.47154841883611
S-00224,R-152,D-020,V-015,Boulder ,Rural,side_entrance,business,standard,0,clear,2025/05/20 09:45:00,2025/05/20 09:45:00,99.0,2025-06-12 10:01:00,181.0,3.0,10.53,10.53,9.641375,18.59,3.44,0.0,0.0,36.23,4.2,64.5,delivered ,customer_not_home,86.13,check,boulder,rural,business,standard,delivered,2025-05-20 09:45:00,2025-05-20 09:45:00,1.0,0.0,82.0,Other,Other,Other,Other,Other,Rural,side_entrance,business,standard,clear,Other,Other,Other,Other,customer_not_home,check,boulder,rural,business,standard,delivered,0.0,4999.5,119.06599440300691,1.0641270562537064,1.732559586631435,1.732559586631435,6.519421672746649,1.9679065593013894,2.221878212513562,-0.0,0.0,21.324827580006747,1.1229419806929708,64.5,3795.3184499999998,0.962295536748461,0.0,58.17156139153035
S-00225,R-102,D-013,V-010,Boulder,Downtown,front_desk,residential,standard,0,clear,2025-06-03 12:35,2025-06-03 12:35,118.0,2025-06-13 12:38:00,338.0,2.0,15.103750000000002,15.103750000000002,3.69,3.42,1.31,0.0,0.0,48.06,18.9,67.8,delivered,customer_not_home,77.0,check,boulder,downtown,residential,standard,delivered,2025-06-03 12:35:00,2025-06-03 12:35:00,1.0,0.0,220.0,Other,Other,Other,Other,Boulder,Downtown,front_desk,residential,standard,clear,Other,Other,Other,delivered,customer_not_home,check,boulder,downtown,residential,standard,delivered,0.0,7080.0,209.23632311070727,0.8890149625568643,1.9172497059586102,1.9172497059586102,2.7857043289239893,1.1990500417813215,0.9944980352269758,-0.0,0.0,26.900884706269025,1.5516641603377797,67.8,3041.5,0.962295536748461,0.0,142.01225336811117
S-00226,R-131,D-003,V-016,Denver-East,Industrial,front_desk,residential,expedited,0,snow,2024/12/01 13:45:00 MST,2024/12/01 13:45:00 MST,61.0,2025-06-14 13:56:00,416.0,1.0,6.58,6.58,5.813,6.94,2.9,0.0,0.0,38.79,9.8,45.1,delivered,customer_not_home,74.0,check,denver-east,industrial,residential,expedited,delivered,2024-12-01 13:45:00,2024-12-01 13:45:00,6.0,1.0,355.0,Other,Other,Other,Other,Denver-East,Industrial,front_desk,residential,expedited,snow,Other,Other,Other,delivered,customer_not_home,check,denver-east,industrial,residential,expedited,delivered,0.0,1921.5,252.33167842979105,0.6053542918620024,1.5179097051689814,1.5179097051689814,4.044597241111382,1.543005371899622,1.808894407071448,0.0,0.0,22.558342652310923,1.3914193805498154,45.1,2812.0,5.291331975501458,1.0,218.7065024884197
S-00227,R-130,D-040,V-005,Denver-West,Rural,call_on_arrival,residential,standard,0,wind,2025/10/29 16:05:00 MST,2025/10/29 16:05:00 MST,116.0,2025-06-15 16:15:00,555.0,1.0,6.8,6.8,7.952,10.02,3.44,4.225,118.12,51.29,7.3,62.1,failed,customer_not_home,66.44,check,denver-west,rural,residential,standard,failed,2025-10-29 16:05:00,2025-10-29 16:05:00,2.0,0.0,439.0,Other,Other,Other,Other,Denver-West,Rural,call_on_arrival,residential,standard,wind,Other,Other,Other,failed,customer_not_home,check,denver-west,rural,residential,standard,failed,0.0,6844.0,327.2296518261745,0.6053542918620024,1.5334250962269704,1.5334250962269704,5.197345877925803,1.7106855272152244,2.221878212513562,0.48253122543453575,118.12,28.374083725331364,1.3057898654993767,62.1,2273.5768,1.875417088358097,0.0,264.87863773828076
S-00228,R-113,D-027,V-037,Fort Collins,Suburban,side_entrance,residential,expedited,0,clear,2025/07/02 11:15:00,2025/07/02 11:15:00,62.0,2025-06-16 11:12:00,252.0,2.0,4.04,4.04,1.317,10.69,0.64,0.0,0.0,33.51,6.7,75.1,rescheduled ,customer_not_home,69.91,check,fort-collins,suburban,residential,expedited,rescheduled,2025-07-02 11:15:00,2025-07-02 11:15:00,2.0,0.0,190.0,Other,Other,Other,Other,Other,Suburban,side_entrance,residential,expedited,clear,Other,Other,Other,Other,customer_not_home,check,fort-collins,suburban,residential,expedited,rescheduled,0.0,1984.0,160.53526010391727,0.8890149625568643,1.2814645496285388,1.2814645496285388,1.1438977711420557,1.7391642148100142,0.5470357372690877,-0.0,0.0,19.995452256378,1.2792500298435527,75.1,2513.6140499999997,1.875417088358097,0.0,124.40154523918456
S-00229,R-132,D-046,V-025,Colorado-Springs,Downtown,leave_at_door,Biz,EXPEDITED,0,rain,28-Jan-2025 13:50 MST,28-Jan-2025 13:50 MST,58.0,2025-06-17 13:46:00,406.0,3.0,9.98,9.98,3.502,13.77,1.99,0.0,0.0,48.14,13.1,70.0,delivered,customer_not_home,85.3,check,colorado-springs,downtown,business,expedited,delivered,2025-01-28 13:50:00,2025-01-28 13:50:00,1.0,0.0,348.0,Other,Other,Other,Other,Colorado-Springs,Downtown,leave_at_door,Other,Other,rain,Other,Other,Other,delivered,customer_not_home,check,colorado-springs,downtown,business,expedited,delivered,0.0,1740.0,246.85507301958125,1.0641270562537064,1.7089143981257644,1.7089143981257644,2.6667293453707495,1.8471766574802546,1.3744359341740076,-0.0,0.0,26.93760225670477,1.4673763587086925,70.0,3723.345,0.962295536748461,0.0,214.81261935589674
S-00230,R-110,D-026,V-016,Colorado Springs,Campus,call_on_arrival,business,STANDARD,0,clear,11/13/2024 09:50 AM MDT,11/13/2024 09:50 AM MDT,100.0,2025-06-18 09:47:00,167.0,1.0,3.78,3.78,2.581,15.24,1.38,0.0,0.0,36.71,10.7,55.8,delivered,customer_not_home,86.17,check,colorado-springs,campus,business,standard,delivered,2024-11-13 09:50:00,2024-11-13 09:50:00,2.0,0.0,67.0,Other,Other,Other,Other,Other,Campus,call_on_arrival,business,Other,clear,Other,Other,Other,delivered,customer_not_home,check,colorado-springs,campus,business,standard,delivered,0.0,5100.0,110.71310027961135,0.6053542918620024,1.2486006442124742,1.2486006442124742,2.0604608289370465,1.8888819211890544,1.0364766218799306,-0.0,0.0,21.55737161906334,1.4152946537953137,55.8,3798.80445,1.875417088358097,0.0,48.43567763467462
S-00231,R-158,D-042,V-001,Colorado-Springs,Suburban,front_desk,business,standard,0,clear,2025/11/11 11:45:00 MDT ,2025/11/11 11:45:00 MDT ,116.0,2025-06-19 11:40:00,280.0,1.0,1.45,1.45,3.593,3.62,1.68,4.225,0.0,43.48,7.3,56.9,delivered,customer_not_home,92.61,check,colorado-springs,suburban,business,standard,delivered,2025-11-11 11:45:00,2025-11-11 11:45:00,1.0,0.0,164.0,Other,Other,Other,Other,Colorado-Springs,Suburban,front_desk,business,standard,clear,Other,Other,Other,delivered,customer_not_home,check,colorado-springs,suburban,business,standard,delivered,0.0,6844.0,176.55032913400572,0.6053542918620024,0.7857469439929681,0.7857469439929681,2.7245006807209826,1.227198589067734,1.2084627946187931,0.48831000009352,0.0,24.778062197502795,1.3057898654993767,56.9,4380.91605,0.962295536748461,0.0,108.91431022726388
S-00232,R-150,D-049,V-007,Denver-East ,Suburban,locker_pickup,business,expedited,0,wind,12/08/2024 08:55 AM MST,12/08/2024 08:55 AM MST,48.0,2025-06-20 08:52:00,112.0,0.0,14.96,14.96,7.218,24.25,3.44,0.0,0.0,45.165,8.9,58.9,rescheduled,customer_not_home,79.56,check,denver-east,suburban,business,expedited,rescheduled,2024-12-08 08:55:00,2024-12-08 08:55:00,6.0,1.0,64.0,Other,Other,Other,Other,Other,Suburban,Other,business,expedited,wind,Other,Other,Other,rescheduled,customer_not_home,check,denver-east,suburban,business,expedited,rescheduled,0.0,1200.0,77.14677086673682,-0.0,1.8813257679335833,1.8813257679335833,4.812199701364946,2.068013456077883,2.054610198563668,-0.0,0.0,25.563918468834125,1.3643582738362718,58.9,3244.4568000000004,5.291331975501458,1.0,46.46396716798708
S-00233,R-112,D-028,V-015,Denver-West,Suburban,garage,residential,standard,0,clear,2025-04-27 09:50,2025-04-27 09:50,119.0,2025-06-21 09:47:00,167.0,2.0,3.98,3.98,3.522,14.4,1.73,0.0,0.0,50.58,9.8,39.1,failed,package_damaged,62.63,check,denver-west,suburban,residential,standard,failed,2025-04-27 09:50:00,2025-04-27 09:50:00,6.0,1.0,48.0,Other,Other,Other,Other,Denver-West,Suburban,garage,residential,standard,clear,Other,Other,Other,failed,package_damaged,check,denver-west,suburban,residential,standard,failed,0.0,7199.5,110.71310027961135,0.8890149625568643,1.2740792185858167,1.2740792185858167,2.6794561508727295,1.8656832315477794,1.2359845150081317,0.0,0.0,28.051852863237702,1.3914193805498154,39.1,2023.8884500000001,5.291331975501458,1.0,35.78103861847067
S-00234,R-130,D-052,V-034,Denver-West,Suburban,side_entrance,Residential,standard,0,clear,19-Aug-2025 16:35,19-Aug-2025 16:35,123.0,2025-06-22 16:36:00,576.0,3.0,15.103750000000002,15.103750000000002,3.415,15.51,1.06,0.0,0.0,34.67,11.9,67.3,delivered,customer_not_home,88.48,check,denver-west,suburban,residential,standard,delivered,2025-08-19 16:35:00,2025-08-19 16:35:00,1.0,0.0,453.0,Other,Other,Other,Other,Denver-West,Suburban,side_entrance,Other,standard,clear,Other,Other,Other,delivered,customer_not_home,check,denver-west,suburban,residential,standard,delivered,0.0,7687.5,338.37008400101564,1.0641270562537064,2.215889678070151,2.215889678070151,2.6111689524222377,1.8960095122294014,0.8380043385853689,0.0,0.0,20.56486353091944,1.4431539536102955,67.3,4002.8352000000004,0.962295536748461,0.0,272.48363804819803
S-00235,R-116,D-004,V-036,Denver-West,Suburban,call_on_arrival,business ,standard,0,rain,2025/10/30 11:50:00 MST,2025/10/30 11:50:00 MST,117.0,07/32/2025 10:10 PM,297.0,3.0,11.51,11.51,6.235,9.66,3.23,0.0,118.12,48.28,5.4,81.2,failed,customer_not_home,50.78,check,denver-west,suburban,business,standard,failed,2025-10-30 11:50:00,2025-10-30 11:50:00,3.0,0.0,180.0,Other,Other,Other,Other,Denver-West,Suburban,call_on_arrival,Other,standard,rain,Other,Other,Other,failed,customer_not_home,check,denver-west,suburban,business,standard,failed,0.0,6961.5,186.19507814408155,1.0641270562537064,1.7712595183970528,1.7712595183970528,4.27975677021523,1.6944366215911633,1.9511902356378024,-0.0,118.12,27.00182922135029,1.2094305849579052,81.2,1340.0842,2.7580025035383304,0.0,118.47154841883611
S-00236,R-130,D-059,V-008,Boulder,Suburban,call_on_arrival,residential,standard,1,clear,2024/12/24 12:20:00 MST,2024/12/24 12:20:00 MST,130.0,2025-06-24 12:19:00,319.0,1.0,1.19,1.19,4.069,9.81,1.41,0.0,0.0,49.25,5.5,65.2,delivered,customer_not_home,78.1,check,boulder,suburban,residential,standard,delivered,2024-12-24 12:20:00,2024-12-24 12:20:00,1.0,0.0,189.0,Other,Other,Other,Other,Boulder,Suburban,call_on_arrival,residential,standard,clear,Other,Other,Other,delivered,customer_not_home,check,boulder,suburban,residential,standard,delivered,1.0,8580.0,198.59551333741513,0.6053542918620024,0.6985463402733194,0.6985463402733194,3.021301033602844,1.7012924376938134,1.0542406180061954,-0.0,0.0,27.445834959321125,1.2155354594472638,65.2,3127.9049999999997,0.962295536748461,0.0,123.8099692251288
S-00237,R-143,D-009,V-030,Denver-East,Industrial,leave_at_door,residential,standard,0,clear,2025/01/18 09:10:00 MST ,2025/01/18 09:10:00 MST ,121.0,2025-06-25 09:10:00,130.0,3.0,4.91,4.91,8.073,24.2,2.56,0.0,0.0,49.07,10.7,60.3,delivered,customer_not_home,95.33,check,denver-east,industrial,residential,standard,delivered,2025-01-18 09:10:00,2025-01-18 09:10:00,5.0,1.0,9.0,Other,Other,Other,Other,Denver-East,Industrial,leave_at_door,residential,standard,clear,Other,Other,Other,delivered,customer_not_home,check,denver-east,industrial,residential,standard,delivered,0.0,7441.5,88.28150693140799,1.0641270562537064,1.3771817701504538,1.3771817701504538,5.259911109894594,2.0672608119293563,1.6545119055545467,0.0,0.0,27.363572620011084,1.4152946537953137,60.3,4639.23445,4.46194756940847,1.0,7.714758163603132
S-00238,R-139,D-034,V-036,Boulder,Suburban,call_on_arrival,Biz,standard,0,wind,2025/07/25 17:35:00 MDT,2025/07/25 17:35:00 MDT,131.0,2025-06-26 17:22:00,622.0,2.0,2.08,2.08,2.581,22.65,1.45,0.0,0.0,29.08,6.9,58.7,delivered,customer_not_home,75.65,check,boulder,suburban,business,standard,delivered,2025-07-25 17:35:00,2025-07-25 17:35:00,4.0,0.0,491.0,Other,Other,Other,Other,Boulder,Suburban,call_on_arrival,Other,standard,wind,Other,Other,Other,delivered,customer_not_home,check,boulder,suburban,business,standard,delivered,0.0,8711.5,362.63363786119396,0.8890149625568643,0.9547765142377704,0.9547765142377704,2.0604608289370465,2.0429183361971375,1.077720771647694,-0.0,0.0,17.784097015200867,1.2884319330351799,58.7,2937.1112500000004,3.618555125115471,0.0,293.0099221851126
S-00239,R-140,D-021,V-029,Fort-Collins,Industrial,call_on_arrival,business,Expedited,0,rain,01/26/2025 03:00 PM MST,01/26/2025 03:00 PM MST,60.0,2025-06-27 15:04:00,484.0,2.0,7.77,7.77,5.045,10.01,1.27,1.75,118.12,46.27,9.8,51.9,delivered,weather_delay,81.89,check,fort-collins,industrial,business,expedited,delivered,2025-01-26 03:00:00,2025-01-26 03:00:00,6.0,1.0,424.0,Other,Other,Other,Other,Fort-Collins,Industrial,call_on_arrival,business,Other,rain,Other,Other,Other,delivered,weather_delay,check,fort-collins,industrial,business,expedited,delivered,0.0,1860.0,289.2410449440994,0.8890149625568643,1.5956170637548308,1.5956170637548308,3.6050363679959725,1.7102435293287532,0.9701668086883677,0.43388429752066116,118.12,26.076152950663772,1.3914193805498154,51.9,3434.87605,5.291331975501458,1.0,256.70350068118245
S-00240,R-128,D-053,V-033,Boulder,Industrial,mailroom,Residential,standard,0,rain,22-Apr-2025 07:50 MDT,22-Apr-2025 07:50 MDT,142.0,2025-06-28 08:01:00,61.0,3.0,4.2,4.2,3.653,4.75,1.59,0.0,0.0,51.67,5.5,31.1,failed,vehicle_issue,50.01,check,boulder,industrial,residential,standard,failed,2025-04-22 07:50:00,2025-04-22 07:50:00,1.0,0.0,0.0,Other,Other,Other,Other,Boulder,Industrial,mailroom,Other,standard,rain,Other,Other,Other,failed,vehicle_issue,check,boulder,industrial,residential,standard,failed,0.0,10224.0,44.48313205522907,1.0641270562537064,1.3006124816537112,1.3006124816537112,2.762403827835754,1.3610087317829522,1.1581365637003334,-0.0,0.0,28.546185385222817,1.2155354594472638,31.1,1300.5100499999999,0.962295536748461,0.0,0.0
S-00241,R-129,D-054,V-036,Colorado-Springs,Downtown,call_on_arrival,residential,expedited,0,clear,07/16/2025 04:15 PM MST,07/16/2025 04:15 PM MST,92.0,2025-06-29 16:11:00,551.0,5.0,4.76,4.76,1.838,20.32,1.15,0.0,0.0,44.13,8.1,41.0,delivered,customer_not_home,84.81,check,colorado-springs,downtown,residential,expedited,delivered,2025-07-16 04:15:00,2025-07-16 04:15:00,2.0,0.0,459.0,Other,Other,Other,Other,Colorado-Springs,Downtown,call_on_arrival,residential,expedited,clear,Other,Other,Other,delivered,customer_not_home,check,colorado-springs,downtown,residential,expedited,delivered,0.0,4324.0,325.10293768604936,1.2791016451735329,1.3620366089929026,1.3620366089929026,1.536332556218653,2.002135551840402,0.8955911471672549,0.0,0.0,25.08190501484659,1.3370064558682042,41.0,3681.17805,1.875417088358097,0.0,275.7357087100748
S-00242,R-148,D-058,V-011,Boulder,Rural,side_entrance,business,expedited,0,clear,10-Nov-2024 11:15,10-Nov-2024 11:15,67.0,2025-06-30 11:09:00,249.0,4.0,3.64,3.64,6.994,18.75,2.44,1.62,0.0,33.01,25.3,50.0,delivered,customer_not_home,80.75,check,boulder,rural,business,expedited,delivered,2024-11-10 11:15:00,2024-11-10 11:15:00,6.0,1.0,182.0,Other,Other,Other,Other,Boulder,Rural,side_entrance,business,expedited,clear,Other,Other,Other,delivered,customer_not_home,check,boulder,rural,business,expedited,delivered,0.0,2311.5,158.80915300365646,1.1867360977981165,1.229926157886041,1.229926157886041,4.692632675121485,1.9712345177460053,1.5979191497637792,0.42716042188683645,0.0,19.748840680929153,1.77131393174903,50.0,3341.03125,5.291331975501458,1.0,119.6601138564944
S-00243,R-129,D-056,V-031,Denver-West,Downtown,call_on_arrival,residential,standard,0,clear,2025/09/15 17:30:00 MST,2025/09/15 17:30:00 MST,110.0,2025-07-01 17:25:00,625.0,2.0,5.68,5.68,1.642,10.9,0.84,0.0,0.0,36.54,5.2,62.1,Delivered,customer_not_home,89.14,check,denver-west,downtown,residential,standard,delivered,2025-09-15 17:30:00,2025-09-15 17:30:00,0.0,0.0,515.0,Other,Other,Other,Other,Denver-West,Downtown,call_on_arrival,residential,standard,clear,Other,Other,Other,Other,customer_not_home,check,denver-west,downtown,residential,standard,delivered,0.0,6160.0,364.20968083937123,0.8890149625568643,1.4477496711916118,1.4477496711916118,1.3914663688717017,1.7476565889164166,0.690561628919346,-0.0,0.0,21.475080359772544,1.196780671097501,62.1,4062.1098,0.0,0.0,305.89160800116997
S-00244,R-154,D-017,V-016,Boulder,Rural,side_entrance,residential,expedited,0,wind,09-Nov-2025 10:45 MDT,09-Nov-2025 10:45 MDT,67.0,2025-07-02 10:54:00,234.0,3.0,3.69,3.69,9.641375,13.45,3.44,0.0,0.0,56.67,7.7,52.6,delivered,customer_not_home,77.4,check,boulder,rural,residential,expedited,delivered,2025-11-09 10:45:00,2025-11-09 10:45:00,6.0,1.0,167.0,Other,Other,Other,Other,Boulder,Rural,side_entrance,residential,expedited,wind,Other,Other,Other,delivered,customer_not_home,check,boulder,rural,residential,expedited,delivered,0.0,2311.5,150.14696305273114,1.0641270562537064,1.23667872761422,1.23667872761422,6.519421672746649,1.8373788104345345,2.221878212513562,-0.0,0.0,30.788337654643314,1.3219364963791898,52.6,3072.7800000000007,5.291331975501458,1.0,110.71310027961135
S-00245,R-150,D-041,V-018,Denver-West,Campus,side_entrance,residential,standard,0,clear,2025/05/19 13:40:00 MDT,2025/05/19 13:40:00 MDT,128.0,2025-07-03 13:44:00,404.0,2.0,15.103750000000002,15.103750000000002,6.315,23.12,-0.48,0.0,0.0,36.47,8.5,70.7,Delivered,customer_not_home,80.33,check,denver-west,campus,residential,standard,delivered,2025-05-19 13:40:00,2025-05-19 13:40:00,0.0,0.0,276.0,Other,Other,Other,Other,Denver-West,Campus,side_entrance,residential,standard,clear,Other,Other,Other,Other,customer_not_home,check,denver-west,campus,residential,standard,delivered,0.0,8320.0,245.75814674150615,0.8890149625568643,1.9325550624476657,1.9325550624476657,4.3238671646345885,2.050513829581896,-0.06566722415965076,-0.0,0.0,21.441174073756446,1.3511143154769498,70.7,3306.7844499999997,0.0,0.0,174.27261099624226
S-00246,R-132,D-050,V-034,Colorado Springs,Downtown,mailroom,business ,expedited,0,clear,01/17/2025 02:40 PM MST,01/17/2025 02:40 PM MST,62.0,2025-07-04 14:36:00,456.0,1.0,1.76,1.76,2.734,8.79,0.66,0.0,0.0,35.85,10.5,66.2,delivered,customer_not_home,80.81,check,colorado-springs,downtown,business,expedited,delivered,2025-01-17 02:40:00,2025-01-17 02:40:00,4.0,0.0,394.0,Other,Other,Other,Other,Other,Downtown,mailroom,Other,expedited,clear,Other,Other,Other,delivered,customer_not_home,check,colorado-springs,downtown,business,expedited,delivered,0.0,1984.0,274.11020709276943,0.6053542918620024,0.875196691126072,0.875196691126072,2.1641536002867783,1.652038270193746,0.5618452981526091,0.0,0.0,21.14030485562412,1.4102321753804115,66.2,3345.93805,3.618555125115471,0.0,240.26532828958412
S-00247,R-118,D-041,V-016,Denver-East,Suburban,front_desk,Residential,expedited,0,rain,2025/01/29 10:40:00 MST,2025/01/29 10:40:00 MST,52.0,2025-07-05 10:44:00,224.0,2.0,2.87,2.87,9.641375,9.14,3.44,0.0,0.0,46.18,8.9,48.1,failed,customer_not_home,62.69,check,denver-east,suburban,residential,expedited,failed,2025-01-29 10:40:00,2025-01-29 10:40:00,2.0,0.0,172.0,Other,Other,Other,Other,Denver-East,Suburban,front_desk,Other,expedited,rain,Other,Other,Other,failed,customer_not_home,check,denver-east,suburban,residential,expedited,failed,0.0,1404.0,144.34157867706114,0.8890149625568643,1.1122469185364325,1.1122469185364325,6.519421672746649,1.6696626687749325,2.221878212513562,-0.0,0.0,26.034522785693518,1.3643582738362718,48.1,2027.70805,1.875417088358097,0.0,113.70398227198433
S-00248,R-146,D-029,V-005,Denver-West,Downtown,side_entrance,residential,standard,0,wind,2024/11/17 13:30:00 MST,2024/11/17 13:30:00 MST,92.0,2025-07-06 13:21:00,381.0,1.0,7.38,7.38,4.677,17.26,2.21,4.225,0.0,62.67,8.2,36.2,delivered,customer_not_home,91.7,check,denver-west,downtown,residential,standard,delivered,2024-11-17 13:30:00,2024-11-17 13:30:00,6.0,1.0,289.0,Other,Other,Other,Other,Denver-West,Downtown,side_entrance,residential,standard,wind,Other,Other,Other,delivered,customer_not_home,check,denver-west,downtown,residential,standard,delivered,0.0,4324.0,233.10378734938425,0.6053542918620024,1.5717404801450803,1.5717404801450803,3.388523290103364,1.9388012403726684,1.4860433876082588,0.4912284548923293,0.0,33.42830747089817,1.340619526604213,36.2,4296.145,5.291331975501458,1.0,181.66342430484076
S-00249,R-118,D-019,V-016,Denver-East,Downtown,front_desk,residential,standard,1,wind,2025-06-15 09:30 MDT,2025-06-15 09:30 MDT,119.0,2025-07-07 09:30:00,150.0,2.0,5.82,5.82,3.74,11.82,1.98,0.0,0.0,57.64,7.1,82.4,delivered,customer_not_home,82.39,check,denver-east,downtown,residential,standard,delivered,2025-06-15 09:30:00,2025-06-15 09:30:00,6.0,1.0,31.0,Other,Other,Other,Other,Denver-East,Downtown,front_desk,residential,standard,wind,Other,Other,Other,delivered,customer_not_home,check,denver-east,downtown,residential,standard,delivered,1.0,7199.5,100.47556326136778,0.8890149625568643,1.4594461841772026,1.4594461841772026,2.8171040860487815,1.7826884954184647,1.3692475324653324,0.0,0.0,31.21872107287058,1.2972716310736936,82.4,3476.44605,5.291331975501458,1.0,24.030463331077264
S-00250,R-158,D-022,V-021,Denver-West,Suburban,mailroom,residential ,expedited,1,clear,12/05/2024 10:45 AM MDT,12/05/2024 10:45 AM MDT,51.0,2025-07-08 10:48:00,228.0,3.0,7.21,7.21,9.641375,18.54,3.34,1.99,0.0,45.37,19.9,65.7,delivered,customer_not_home,78.09,check,denver-west,suburban,residential,expedited,delivered,2024-12-05 10:45:00,2024-12-05 10:45:00,3.0,0.0,177.0,Other,Other,Other,Other,Denver-West,Suburban,mailroom,Other,expedited,clear,Other,Other,Other,delivered,customer_not_home,check,denver-west,suburban,residential,expedited,delivered,1.0,1351.5,146.66676641331082,1.0641270562537064,1.5608759652343749,1.5608759652343749,6.425746337054852,1.9668593185109937,1.9971347471160306,0.4440722139573383,0.0,25.659132039969617,1.5625213607401929,65.7,3127.11405,2.7580025035383304,0.0,116.6862313159059
S-00251,R-109,D-035,V-006,Colorado-Springs,Suburban,hand_to_security,Biz,standard,0,clear,05/02/2025 10:45 AM MDT,05/02/2025 10:45 AM MDT,124.0,2025-07-09 10:50:00,230.0,1.0,1.74,1.74,1.312,5.36,0.79,0.0,118.12,34.31,8.1,66.2,failed,address_issue,76.26,check,colorado-springs,suburban,business,standard,failed,2025-05-02 10:45:00,2025-05-02 10:45:00,4.0,0.0,106.0,Other,Other,Other,Other,Colorado-Springs,Suburban,Other,Other,standard,clear,Other,Other,Other,failed,address_issue,check,colorado-springs,suburban,business,standard,failed,0.0,7812.0,147.82783362963298,0.6053542918620024,0.8698276051864682,0.8698276051864682,1.1400106069829847,1.4197754199265178,0.6555947225045738,-0.0,118.12,20.38855158131119,1.3370064558682042,66.2,2984.0538000000006,3.618555125115471,0.0,73.3968862440626
S-00252,R-125,D-010,V-015,Colorado-Springs,Suburban,call_on_arrival,residential,expedited,0,wind,2025-05-24 16:55 MDT,2025-05-24 16:55 MDT,60.0,2025-07-10 17:06:00,606.0,1.0,3.5,3.5,4.49,9.87,2.14,0.0,0.0,44.3,8.9,78.1,delivered,customer_not_home,79.92,check,colorado-springs,suburban,residential,expedited,delivered,2025-05-24 16:55:00,2025-05-24 16:55:00,5.0,1.0,546.0,Other,Other,Other,Other,Colorado-Springs,Suburban,call_on_arrival,residential,expedited,wind,Other,Other,Other,delivered,customer_not_home,check,colorado-springs,suburban,residential,expedited,delivered,0.0,1860.0,354.21515526457796,0.6053542918620024,1.2105044347778553,1.2105044347778553,3.2768941531136893,1.7040002268279244,1.4510440160168074,-0.0,0.0,25.16122679930668,1.3643582738362718,78.1,3273.5232,4.46194756940847,1.0,322.4423755906503
S-00253,R-146,D-045,V-010,Boulder,Rural,side_entrance,Residential,standard,0,clear,2025/01/31 13:55:00 MDT,2025/01/31 13:55:00 MDT,109.0,2025-07-11 13:55:00,415.0,2.0,12.0,12.0,5.627,5.42,1.84,2.36,0.0,60.67,15.8,53.8,failed,weather_delay,57.65,check,boulder,rural,residential,standard,failed,2025-01-31 13:55:00,2025-01-31 13:55:00,4.0,0.0,306.0,Other,Other,Other,Other,Boulder,Rural,side_entrance,Other,standard,clear,Other,Other,Other,failed,weather_delay,check,boulder,rural,residential,standard,failed,0.0,6049.5,251.78461395831107,0.8890149625568643,1.7891610974987766,1.7891610974987766,3.93956864286136,1.425158178546656,1.2954855705563366,0.4557114512471655,0.0,32.55408396365233,1.5120499635257334,53.8,1719.4112499999999,3.618555125115471,0.0,191.27868238862152
S-00254,R-127,D-014,V-005,Fort Collins,Suburban,leave_at_door,business,standard,0,wind,06/24/2025 07:50 PM MST,06/24/2025 07:50 PM MST,117.0,2025-07-12 19:47:00,767.0,2.0,5.97,5.97,9.641375,29.35625,3.44,0.0,0.0,48.37,5.1,63.0,failed,address_issue,58.53,check,fort-collins,suburban,business,standard,failed,2025-06-24 07:50:00,2025-06-24 07:50:00,1.0,0.0,650.0,Other,Other,Other,Other,Other,Suburban,leave_at_door,business,standard,wind,Other,Other,Other,failed,address_issue,check,fort-collins,suburban,business,standard,failed,0.0,6961.5,438.0082527138543,0.8890149625568643,1.471636706547315,1.471636706547315,6.306863616520261,2.1608317242034714,2.221878212513562,-0.0,0.0,27.04309871164735,1.190223669821084,63.0,1771.41045,0.962295536748461,0.0,377.31437743471054
S-00255,R-135,D-027,V-022,Denver-East ,Downtown,garage,residential,standard,0,clear,28-Oct-2025 11:30 MDT,28-Oct-2025 11:30 MDT,113.0,2025-07-13 11:36:00,276.0,4.0,3.32,3.32,2.574,9.27,1.33,0.0,0.0,29.42,17.1,47.4,failed,weather_delay,64.21,check,denver-east,downtown,residential,standard,failed,2025-10-28 11:30:00,2025-10-28 11:30:00,1.0,0.0,163.0,Other,Other,Other,Other,Other,Downtown,garage,residential,standard,clear,Other,Other,Other,failed,weather_delay,check,denver-east,downtown,residential,standard,failed,0.0,6497.5,174.27261099624226,1.1867360977981165,1.1843471599790145,1.1843471599790145,2.0556852703840796,1.676008597952155,1.0065689030876825,-0.0,0.0,17.956020177130238,1.5298995052777316,47.4,2125.6720499999997,0.962295536748461,0.0,108.31398929979314
S-00256,R-104,D-030,V-027,Fort-Collins,Suburban,package_room_3F,residential,standard,0,wind,2025-01-27 15:05 MST,2025-01-27 15:05 MST,133.0,2025-07-14 14:57:00,477.0,3.0,14.66,14.66,3.054,7.8,0.76,0.0,0.0,53.98,7.8,56.8,delivered,customer_not_home,83.03,check,fort-collins,suburban,residential,standard,delivered,2025-01-27 15:05:00,2025-01-27 15:05:00,0.0,0.0,344.0,Other,Other,Other,Other,Fort-Collins,Suburban,Other,residential,standard,wind,Other,Other,Other,delivered,customer_not_home,check,fort-collins,suburban,residential,standard,delivered,0.0,8977.5,285.466723960462,1.0641270562537064,1.873036249413933,1.873036249413933,2.377006161928446,1.597396398216374,0.6343325712746539,0.0,0.0,29.587119333407543,1.325800137536758,56.8,3530.02045,0.0,0.0,212.58404407865325
S-00257,R-125,D-014,V-027,Denver-West,Campus,call_on_arrival,business,standard,1,fog,2025/01/21 11:30:00,2025/01/21 11:30:00,129.0,2025-07-15 11:42:00,282.0,2.0,4.42,4.42,2.956,19.43,0.72,1.01,0.0,43.12,25.3,34.2,delivered,customer_not_home,73.05,check,denver-west,campus,business,standard,delivered,2025-01-21 11:30:00,2025-01-21 11:30:00,1.0,0.0,153.0,Other,Other,Other,Other,Denver-West,Campus,call_on_arrival,business,standard,fog,Other,Other,Other,delivered,customer_not_home,check,denver-west,campus,business,standard,delivered,1.0,8449.5,177.68797000181232,0.8890149625568643,1.3257251405181825,1.3257251405181825,2.312373871693566,1.9849970069195153,0.605641971758582,0.3762406871117051,0.0,24.609398334759582,1.654452629767456,34.2,2741.2012499999996,0.962295536748461,0.0,102.29022231863279
S-00258,R-145,D-058,V-038,Denver-West,Suburban,front_desk,business,standard,0,clear,09-Aug-2025 08:35,09-Aug-2025 08:35,114.0,2025-07-16 08:29:00,89.0,6.0,15.103750000000002,15.103750000000002,1.456,9.54,0.66,0.0,0.0,41.08,11.9,75.3,delivered,customer_not_home,83.9,check,denver-west,suburban,business,standard,delivered,2025-08-09 08:35:00,2025-08-09 08:35:00,5.0,1.0,0.0,Other,Other,Other,Other,Denver-West,Suburban,front_desk,business,standard,clear,Other,Other,Other,delivered,customer_not_home,check,denver-west,suburban,business,standard,delivered,0.0,6612.0,62.652917658170644,1.352108625101415,1.9337209210317892,1.9337209210317892,1.2509782529954048,1.6888610351218643,0.5618452981526091,-0.0,0.0,23.648351738975,1.4431539536102955,75.3,3603.5050000000006,4.46194756940847,1.0,0.0
S-00259,R-125,D-002,V-037,Boulder ,Campus,call_on_arrival,business,standard,1,clear,28-Sep-2025 12:40 MDT,28-Sep-2025 12:40 MDT,112.0,2025-07-17 12:40:00,340.0,2.0,8.85,8.85,6.363,22.57,2.07,2.66,0.0,66.48,15.5,42.8,delivered,customer_not_home,100.0,check,boulder,campus,business,standard,delivered,2025-09-28 12:40:00,2025-09-28 12:40:00,6.0,1.0,228.0,Other,Other,Other,Other,Other,Campus,call_on_arrival,business,standard,clear,Other,Other,Other,delivered,customer_not_home,check,boulder,campus,business,standard,delivered,1.0,6384.0,210.35288338669184,0.8890149625568643,1.6551172606031375,1.6551172606031375,4.350263915464813,2.0416059373959974,1.4155733039556715,0.46267431096778044,0.0,35.07871798136357,1.507634036082669,42.8,5100.0,5.291331975501458,1.0,146.66676641331082
S-00260,R-123,D-031,V-001,Boulder ,Suburban,side_entrance,residential,standard,0,rain,04/29/2025 03:20 PM MDT,04/29/2025 03:20 PM MDT,123.0,2025-07-18 15:20:00,500.0,1.0,1.53,1.53,1.263,15.41,0.87,3.04,0.0,44.97,25.3,75.2,delivered,customer_not_home,93.79,check,boulder,suburban,residential,standard,delivered,2025-04-29 03:20:00,2025-04-29 03:20:00,1.0,0.0,377.0,Other,Other,Other,Other,Other,Suburban,side_entrance,residential,standard,rain,Other,Other,Other,delivered,customer_not_home,check,boulder,suburban,residential,standard,delivered,0.0,7687.5,297.8477592578012,0.6053542918620024,0.8101861275176926,0.8101861275176926,1.1017817786553514,1.8933874486577844,0.7112687369880748,0.46936574845603374,0.0,25.473271008766165,1.6292480011199677,75.2,4492.072050000001,0.962295536748461,0.0,230.8953664307172
S-00261,R-155,D-020,V-025,Denver-West,Suburban,call_on_arrival,residential,standard,0,rain,2024/11/19 09:00:00 MST,2024/11/19 09:00:00 MST,113.0,2025-07-19 08:59:00,119.0,3.0,4.9,4.9,1.584,8.82,1.0,4.225,0.0,40.84,5.0,82.5,delivered,customer_not_home,76.91,check,denver-west,suburban,residential,standard,delivered,2024-11-19 09:00:00,2024-11-19 09:00:00,1.0,0.0,6.0,Other,Other,Other,Other,Denver-West,Suburban,call_on_arrival,residential,standard,rain,Other,Other,Other,delivered,customer_not_home,check,denver-west,suburban,residential,standard,delivered,0.0,6497.5,81.49660438944042,1.0641270562537064,1.3761877062957661,1.3761877062957661,1.3479863576125701,1.6535808224446822,0.7987697769322359,0.48771631568086005,0.0,23.53468215044919,1.183503419072274,82.5,3034.4840499999996,0.962295536748461,0.0,5.291331975501458
S-00262,R-135,D-058,V-027,Boulder,Downtown,call_on_arrival,business,standard,0,rain,2025-12-18 15:55 MST,2025-12-18 15:55 MST,114.0,07/32/2025 10:10 PM,532.0,6.0,15.103750000000002,15.103750000000002,1.911,17.42,0.68,0.0,0.0,29.36,9.2,44.5,delivered,customer_not_home,86.84,check,boulder,downtown,business,standard,delivered,2025-12-18 15:55:00,2025-12-18 15:55:00,3.0,0.0,418.0,Other,Other,Other,Other,Boulder,Downtown,call_on_arrival,business,standard,rain,Other,Other,Other,delivered,customer_not_home,check,boulder,downtown,business,standard,delivered,0.0,6612.0,314.97977844462093,1.504732073616257,2.1257082071767686,2.1257082071767686,1.58951382789601,1.9424463027938563,0.5765481846489756,-0.0,0.0,17.925708837739734,1.3737757089148506,44.5,3857.4328000000005,2.7580025035383304,0.0,253.42541419313648
S-00263,R-152,D-048,V-035,Fort-Collins,Rural,leave_at_door,residential,standard,0,snow,2025/11/23 08:10:00 MDT,2025/11/23 08:10:00 MDT,130.0,2025-07-21 08:28:00,88.0,1.0,6.2,6.2,5.884,7.73,1.45,0.0,0.0,55.44,4.2,43.3,failed,customer_not_home,62.78,check,fort-collins,rural,residential,standard,failed,2025-11-23 08:10:00,2025-11-23 08:10:00,6.0,1.0,0.0,Other,Other,Other,Other,Fort-Collins,Rural,leave_at_door,residential,standard,snow,Other,Other,Other,failed,customer_not_home,check,fort-collins,rural,residential,standard,failed,0.0,8580.0,62.01492167417758,0.6053542918620024,1.489681131696128,1.489681131696128,4.0844612039407355,1.5932322709478648,1.077720771647694,-0.0,0.0,30.240504404214306,1.1229419806929708,43.3,2033.4442000000001,5.291331975501458,1.0,0.0
S-00264,R-132,D-039,V-015,Colorado-Springs,Suburban,front_desk,residential ,standard,1,rain,2025/09/30 13:50:00 MDT,2025/09/30 13:50:00 MDT,125.0,2025-07-22 13:52:00,412.0,1.0,4.88,4.88,1.733,19.04,1.07,0.0,0.0,37.76,5.8,73.9,delivered,customer_not_home,81.89,check,colorado-springs,suburban,residential,standard,delivered,2025-09-30 13:50:00,2025-09-30 13:50:00,1.0,0.0,287.0,Other,Other,Other,Other,Colorado-Springs,Suburban,front_desk,Other,standard,rain,Other,Other,Other,delivered,customer_not_home,check,colorado-springs,suburban,residential,standard,delivered,1.0,7937.5,250.14263001654626,0.6053542918620024,1.3741929918342481,1.3741929918342481,1.4591128083326457,1.9771780191249386,0.8444764856012952,-0.0,0.0,22.064012646324212,1.2330350111526296,73.9,3434.87605,0.962295536748461,0.0,180.5285694843896
S-00265,R-128,D-015,V-018,Boulder ,Downtown,front_desk,residential,standard,0,clear,2025/05/09 15:20:00 MDT,2025/05/09 15:20:00 MDT,127.0,2025-07-23 15:12:00,492.0,2.0,5.06,5.06,1.863,8.41,0.86,2.13,0.0,44.23,9.2,64.2,delivered,customer_not_home,95.52,check,boulder,downtown,residential,standard,delivered,2025-05-09 15:20:00,2025-05-09 15:20:00,4.0,0.0,365.0,Other,Other,Other,Other,Other,Downtown,front_desk,residential,standard,clear,Other,Other,Other,delivered,customer_not_home,check,boulder,downtown,residential,standard,delivered,0.0,8191.5,293.5478938287704,0.8890149625568643,1.3918352862639343,1.3918352862639343,1.554591020149973,1.631951237603691,0.7043886615883215,0.4489634476211863,0.0,25.12857211079391,1.3737757089148506,64.2,4657.5552,3.618555125115471,0.0,224.25596353506842
S-00266,R-125,D-032,V-002,Denver-East,Suburban,side_entrance,business,standard,0,wind,2025-01-08 16:50 MST,2025-01-08 16:50 MST,107.0,2025-07-24 16:49:00,589.0,4.0,15.103750000000002,15.103750000000002,2.908,12.56,1.23,2.72,0.0,45.165,24.0,63.9,failed,package_damaged,68.82,check,denver-east,suburban,business,standard,failed,2025-01-08 16:50:00,2025-01-08 16:50:00,2.0,0.0,482.0,Other,Other,Other,Other,Denver-East,Suburban,side_entrance,business,standard,wind,Other,Other,Other,failed,package_damaged,check,denver-east,suburban,business,standard,failed,0.0,5831.5,345.2461534481681,1.1867360977981165,2.0720445189059062,2.0720445189059062,2.2805422887293516,1.808575622076984,0.9455769535102806,0.46386865533587696,0.0,25.563918468834125,1.6,63.9,2436.9161999999997,1.875417088358097,0.0,288.1632267920344
S-00267,R-147,D-022,V-026,Dnvr-East,Suburban,leave_at_door,residential,expedited,0,clear,2025-12-03 13:10,2025-12-03 13:10,48.0,2025-07-25 13:10:00,370.0,1.0,4.88,4.88,2.878,9.26,0.98,2.02,118.12,46.5,6.5,65.7,delivered,customer_not_home,89.53,check,denver-east,suburban,residential,expedited,delivered,2025-12-03 13:10:00,2025-12-03 13:10:00,2.0,0.0,322.0,Other,Other,Other,Other,Other,Suburban,leave_at_door,residential,expedited,clear,Other,Other,Other,delivered,customer_not_home,check,denver-east,suburban,residential,expedited,delivered,0.0,1200.0,227.02498690804165,0.6053542918620024,1.3741929918342481,1.3741929918342481,2.2605879953717327,1.6755241652962363,0.785534900083673,0.44517784307705804,118.12,26.182469227990865,1.2697032566597786,65.7,4097.34045,1.875417088358097,0.0,200.27975082773904
S-00268,R-159,D-011,V-030,Fort-Collins,Suburban,leave_at_door,business ,expedited,0,fog,10/24/2025 12:40 PM MDT,10/24/2025 12:40 PM MDT,67.0,2025-07-26 12:42:00,342.0,3.0,1.62,1.62,5.637,16.98,1.95,0.0,0.0,63.03,7.7,59.0,delivered,customer_not_home,87.56,check,fort-collins,suburban,business,expedited,delivered,2025-10-24 12:40:00,2025-10-24 12:40:00,4.0,0.0,275.0,Other,Other,Other,Other,Fort-Collins,Suburban,leave_at_door,Other,expedited,fog,Other,Other,Other,delivered,customer_not_home,check,fort-collins,suburban,business,expedited,delivered,0.0,2311.5,211.46878897668188,1.0641270562537064,0.8365068745546002,0.8365068745546002,3.945237645521526,1.932321385192894,1.3536193593056234,-0.0,0.0,33.585080178303315,1.3219364963791898,59.0,3920.9368000000004,3.618555125115471,0.0,173.7026691925468
S-00269,R-135,D-009,V-040,Boulder,Downtown,locker_pickup,business,standard,0,rain,05-May-2025 11:10,05-May-2025 11:10,119.0,2025-07-27 11:05:00,245.0,2.0,4.55,4.55,0.525,10.27,0.41,0.0,0.0,37.46,21.1,76.5,rescheduled,customer_not_home,64.57,check,boulder,downtown,business,standard,rescheduled,2025-05-05 11:10:00,2025-05-05 11:10:00,0.0,0.0,126.0,Other,Other,Other,Other,Boulder,Downtown,Other,business,standard,rain,Other,Other,Other,rescheduled,customer_not_home,check,boulder,downtown,business,standard,rescheduled,0.0,7199.5,156.50444801921188,0.8890149625568643,1.3399498736064346,1.3399498736064346,0.4909406557202818,1.7215688908574391,0.36832034737019315,-0.0,0.0,21.919541354353143,1.574564370188483,76.5,2149.2124499999995,0.0,0.0,85.82112270386673
S-00270,R-138,D-002,V-026,Fort-Collins,Rural,locker_pickup,residential ,standard,0,clear,2025-01-27 18:40 MDT,2025-01-27 18:40 MDT,129.0,2025-07-28 18:44:00,704.0,2.0,6.2,6.2,9.408,18.73,2.97,1.21,0.0,38.85,10.5,63.2,delivered,customer_not_home,81.03,check,fort-collins,rural,residential,standard,delivered,2025-01-27 18:40:00,2025-01-27 18:40:00,0.0,0.0,575.0,Other,Other,Other,Other,Fort-Collins,Rural,Other,Other,standard,clear,Other,Other,Other,delivered,customer_not_home,check,fort-collins,rural,residential,standard,delivered,0.0,8449.5,405.45174238783676,0.8890149625568643,1.489681131696128,1.489681131696128,5.934500761574475,1.9708204429864262,1.839665058849299,0.39762699371429744,0.0,22.5870591194231,1.4102321753804115,63.2,3363.96045,0.0,0.0,337.8405180245095
S-00271,R-106,D-037,V-002,Fort Collins,Industrial,garage,Biz,standard,0,wind,2025/10/10 14:35:00 MST,2025/10/10 14:35:00 MST,119.0,2025-07-29 14:36:00,456.0,3.0,6.9,6.9,2.021,16.64,0.84,1.8,0.0,41.51,22.2,61.0,delivered,customer_not_home,78.66,check,fort-collins,industrial,business,standard,delivered,2025-10-10 14:35:00,2025-10-10 14:35:00,4.0,0.0,337.0,Other,Other,Other,Other,Other,Industrial,garage,Other,standard,wind,Other,Other,Other,delivered,customer_not_home,check,fort-collins,industrial,business,standard,delivered,0.0,7199.5,274.11020709276943,1.0641270562537064,1.5402906919494317,1.5402906919494317,1.668901131109679,1.9242743566628306,0.690561628919346,0.4362244897959184,0.0,23.851686251372854,1.5847726007313,61.0,3172.3577999999998,3.618555125115471,0.0,208.67779613939956
S-00272,R-109,D-042,V-028,Denver-West,Suburban,call_on_arrival,business,standard,0,fog,2024/11/08 13:15:00,2024/11/08 13:15:00,128.0,2025-07-30 13:15:00,375.0,2.0,3.45,3.45,3.935,18.09,1.12,0.0,0.0,48.5,12.3,59.9,delivered,customer_not_home,87.13,check,denver-west,suburban,business,standard,delivered,2024-11-08 13:15:00,2024-11-08 13:15:00,4.0,0.0,247.0,Other,Other,Other,Other,Denver-West,Suburban,call_on_arrival,business,standard,fog,Other,Other,Other,delivered,customer_not_home,check,denver-west,suburban,business,standard,delivered,0.0,8320.0,229.7902808387031,0.8890149625568643,1.2033767939399758,1.2033767939399758,2.9386274511245825,1.9572746133534111,0.8765590802008469,-0.0,0.0,27.102683647295407,1.4515915028929183,59.9,3882.9484499999994,3.618555125115471,0.0,157.65726517496057
S-00273,R-112,D-056,V-030,Boulder,Downtown,side_entrance,residential,EXPEDITED,0,clear,2024-12-19 12:50,2024-12-19 12:50,46.0,2025-07-31 12:42:00,342.0,4.0,8.27,8.27,3.632,6.27,1.25,1.8,0.0,52.15,6.5,57.2,delivered,customer_not_home,87.89,check,boulder,downtown,residential,expedited,delivered,2024-12-19 12:50:00,2024-12-19 12:50:00,3.0,0.0,296.0,Other,Other,Other,Other,Boulder,Downtown,side_entrance,residential,Other,clear,Other,Other,Other,delivered,customer_not_home,check,boulder,downtown,residential,expedited,delivered,0.0,1104.0,211.46878897668188,1.1867360977981165,1.6242831113759855,1.6242831113759855,2.7491544994146513,1.4950247202239222,0.9579046680564792,0.4362244897959184,0.0,28.763222517532864,1.2697032566597786,57.2,3950.21605,2.7580025035383304,0.0,185.62929327936772
S-00274,R-125,D-004,V-017,Dnvr-East,Rural,garage,residential,standard,0,clear,19-Dec-2024 16:35,19-Dec-2024 16:35,122.0,2025-08-01 16:38:00,578.0,3.0,5.76,5.76,6.632,23.12,3.34,2.01,0.0,51.98,11.9,62.1,delivered,customer_not_home,83.06,check,denver-east,rural,residential,standard,delivered,2024-12-19 16:35:00,2024-12-19 16:35:00,3.0,0.0,456.0,Other,Other,Other,Other,Other,Rural,garage,residential,standard,clear,Other,Other,Other,delivered,customer_not_home,check,denver-east,rural,residential,standard,delivered,0.0,7564.0,339.42894081478147,1.0641270562537064,1.4544719667048331,1.4544719667048331,4.49725345295034,2.050513829581896,1.9971347471160306,0.4448129711592587,0.0,28.686400212796766,1.4431539536102955,62.1,3532.5418,2.7580025035383304,0.0,274.11020709276943
S-00275,R-130,D-021,V-014,Denver-East,Campus,leave_at_door,business,standard,1,rain,03/09/2025 02:10 PM MST,03/09/2025 02:10 PM MST,116.0,2025-08-02 14:16:00,436.0,1.0,1.72,1.72,2.839,25.8,1.16,0.0,0.0,57.31,23.7,56.9,delivered ,customer_not_home,91.2,check,denver-east,campus,business,standard,delivered,2025-03-09 02:10:00,2025-03-09 02:10:00,6.0,1.0,320.0,Other,Other,Other,Other,Denver-East,Campus,leave_at_door,business,standard,rain,Other,Other,Other,Other,customer_not_home,check,denver-east,campus,business,standard,delivered,1.0,6844.0,263.24587008454057,0.6053542918620024,0.8644073284741877,0.8644073284741877,2.2345780298413995,2.0904272688346244,0.9018997328990817,-0.0,0.0,31.07246293758471,1.5975781817072332,56.9,4249.92,5.291331975501458,1.0,199.15710055737202
S-00276,R-149,D-021,V-022,Denver-East ,Suburban,leave_at_door,residential,standard,0,rain,09-Feb-2025 14:45 MST,09-Feb-2025 14:45 MST,99.0,2025-08-03 14:44:00,464.0,1.0,2.7,2.7,2.361,3.57,1.24,0.0,0.0,44.29,25.3,95.0,delivered,customer_not_home,78.34,check,denver-east,suburban,residential,standard,delivered,2025-02-09 14:45:00,2025-02-09 14:45:00,6.0,1.0,365.0,Other,Other,Other,Other,Other,Suburban,leave_at_door,residential,standard,rain,Other,Other,Other,delivered,customer_not_home,check,denver-east,suburban,residential,standard,delivered,0.0,4999.5,278.4425267564753,0.6053542918620024,1.0821118319003764,1.0821118319003764,1.9089950027992328,1.2203119830082243,0.9517490659800822,0.0,0.0,25.156562462021014,1.6396250149217764,95.0,3146.9178,5.291331975501458,1.0,224.25596353506842
S-00277,R-118,D-057,V-025,Boulder ,Downtown,leave_at_door,residential,standard,1,clear,2024/11/23 07:10:00 MDT,2024/11/23 07:10:00 MDT,123.0,2025-08-04 07:03:00,3.0,1.0,4.58,4.58,3.157,9.93,1.54,4.225,0.0,38.19,25.3,69.9,delivered,customer_not_home,87.15,check,boulder,downtown,residential,standard,delivered,2024-11-23 07:10:00,2024-11-23 07:10:00,5.0,1.0,0.0,Other,Other,Other,Other,Other,Downtown,leave_at_door,residential,standard,clear,Other,Other,Other,delivered,customer_not_home,check,boulder,downtown,residential,standard,delivered,1.0,7687.5,2.7580025035383304,0.6053542918620024,1.3431710767023928,1.3431710767023928,2.444432853402185,1.7066886550295246,1.129723099676418,0.4948360764095446,0.0,22.270698978993035,1.68056171750003,69.9,3884.7112500000003,4.46194756940847,1.0,0.0
S-00278,R-117,D-049,V-027,Fort-Collins,Suburban,front_desk,residential,standard,0,clear,09/28/2025 02:45 PM MST,09/28/2025 02:45 PM MST,112.0,2025-08-05 14:53:00,473.0,2.0,8.02,8.02,4.314,25.71,1.01,0.0,0.0,53.76,6.4,52.5,delivered,customer_not_home,75.5,check,fort-collins,suburban,residential,standard,delivered,2025-09-28 02:45:00,2025-09-28 02:45:00,6.0,1.0,361.0,Other,Other,Other,Other,Fort-Collins,Suburban,front_desk,residential,standard,clear,Other,Other,Other,delivered,customer_not_home,check,fort-collins,suburban,residential,standard,delivered,0.0,6384.0,283.30749132037533,0.8890149625568643,1.6102083310800854,1.6102083310800854,3.170784770952931,2.089172346988341,0.8053574464814671,0.0,0.0,29.488365091696224,1.2647853779061924,52.5,2925.625,5.291331975501458,1.0,222.03802200319728
S-00279,R-131,D-054,V-006,Denver-West,Downtown,side_entrance,Residential,standard,1,fog,2025-05-23 16:10 MST,2025-05-23 16:10 MST,119.0,2025-08-06 16:08:00,548.0,1.0,6.37,6.37,1.447,15.57,0.96,0.0,0.0,39.61,5.0,70.1,delivered,customer_not_home,78.4,check,denver-west,downtown,residential,standard,delivered,2025-05-23 16:10:00,2025-05-23 16:10:00,4.0,0.0,429.0,Other,Other,Other,Other,Denver-West,Downtown,side_entrance,Other,standard,fog,Other,Other,Other,delivered,customer_not_home,check,denver-west,downtown,residential,standard,delivered,1.0,7199.5,323.50689103406313,0.6053542918620024,1.5025434710523025,1.5025434710523025,1.2441010311303062,1.89757286074494,0.7722195665196456,0.0,0.0,22.950057874614465,1.183503419072274,70.1,3151.6800000000003,3.618555125115471,0.0,259.4317035717115
S-00280,R-104,D-002,V-035,Denver-West,Rural,front_desk,residential,EXPEDITED,1,clear,2024-12-24 17:15 MST,2024-12-24 17:15 MST,62.0,2025-08-07 17:16:00,616.0,2.0,3.16,3.16,4.937,10.45,1.14,0.0,0.0,38.86,8.4,78.6,delivered,customer_not_home,80.43,check,denver-west,rural,residential,expedited,delivered,2024-12-24 17:15:00,2024-12-24 17:15:00,1.0,0.0,554.0,Other,Other,Other,Other,Denver-West,Rural,front_desk,residential,Other,clear,Other,Other,Other,delivered,customer_not_home,check,denver-west,rural,residential,expedited,delivered,1.0,1984.0,359.47927051825553,0.8890149625568643,1.1598778665939253,1.1598778665939253,3.541915021718139,1.7292124258626491,0.8892649314086657,0.0,0.0,22.591844356263216,1.3476719269465578,78.6,3314.9224500000005,0.962295536748461,0.0,326.69811715256395
S-00281,R-142,D-023,V-015,Denver-West,Suburban,garage,residential,standard,0,clear,2025/10/28 16:15:00 ,2025/10/28 16:15:00 ,137.0,2025-13-40 25:61:00,552.0,2.0,5.53,5.53,2.651,4.75,1.33,0.0,0.0,51.83,8.5,82.7,delivered,customer_not_home,84.02,check,denver-west,suburban,residential,standard,delivered,2025-10-28 16:15:00,2025-10-28 16:15:00,1.0,0.0,415.0,Other,Other,Other,Other,Denver-West,Suburban,garage,residential,standard,clear,Other,Other,Other,delivered,customer_not_home,check,denver-west,suburban,residential,standard,delivered,0.0,9521.5,325.63476027305813,0.8890149625568643,1.4348587338599295,1.4348587338599295,2.1080635916214825,1.3610087317829522,1.0065689030876825,-0.0,0.0,28.618574877369593,1.3511143154769498,82.7,3613.7001999999998,0.962295536748461,0.0,251.78461395831107
S-00282,R-149,D-005,V-003,Denver-West,Downtown,mailroom,business,standard,0,clear,2025-01-19 08:00 MDT,2025-01-19 08:00 MDT,132.0,2025-08-09 07:59:00,59.0,2.0,4.17,4.17,1.951,9.66,1.03,0.0,0.0,45.165,14.2,62.1,delivered ,customer_not_home,81.61,check,denver-west,downtown,business,standard,delivered,2025-01-19 08:00:00,2025-01-19 08:00:00,6.0,1.0,0.0,Other,Other,Other,Other,Denver-West,Downtown,mailroom,business,standard,clear,Other,Other,Other,Other,customer_not_home,check,denver-west,downtown,business,standard,delivered,0.0,8844.0,43.15726752600845,0.8890149625568643,1.2970810591753352,1.2970810591753352,1.6184843658846286,1.6944366215911633,0.818474034471092,-0.0,0.0,25.563918468834125,1.487010823957423,62.1,3411.70605,5.291331975501458,1.0,0.0
S-00283,R-113,D-002,V-016,Denver-East,Downtown,mailroom,residential,standard,0,wind,10/22/2025 11:45 AM MST ,10/22/2025 11:45 AM MST ,120.0,2025-08-10 11:39:00,279.0,2.0,5.36,5.36,1.753,24.96,1.13,0.0,0.0,49.06,7.8,70.9,failed,package_damaged,67.22,check,denver-east,downtown,residential,standard,failed,2025-10-22 11:45:00,2025-10-22 11:45:00,2.0,0.0,159.0,Other,Other,Other,Other,Denver-East,Downtown,mailroom,residential,standard,wind,Other,Other,Other,failed,package_damaged,check,denver-east,downtown,residential,standard,failed,0.0,7320.0,175.98120534562395,0.8890149625568643,1.4197754199265178,1.4197754199265178,1.4738890038347654,2.078496266695578,0.882920953624112,-0.0,0.0,27.359000757556586,1.325800137536758,70.9,2326.4842,1.875417088358097,0.0,105.9090190772049
S-00284,R-140,D-054,V-002,Fort Collins,Campus,leave_at_door,residential,standard,0,clear,07-Dec-2025 18:05 MST,07-Dec-2025 18:05 MST,129.0,2025-08-11 17:58:00,658.0,1.0,1.65,1.65,2.183,6.08,1.14,0.0,0.0,44.96,12.4,76.1,failed,address_issue,48.73,check,fort-collins,campus,residential,standard,failed,2025-12-07 18:05:00,2025-12-07 18:05:00,6.0,1.0,529.0,Other,Other,Other,Other,Other,Campus,leave_at_door,residential,standard,clear,Other,Other,Other,failed,address_issue,check,fort-collins,campus,residential,standard,failed,0.0,8449.5,381.49716832919535,0.6053542918620024,0.8450204788904712,0.8450204788904712,1.7842575403277392,1.4803617123464878,0.8892649314086657,-0.0,0.0,25.468620349226615,1.4536416352918469,76.1,1236.0364499999998,5.291331975501458,1.0,313.37811600449425
S-00285,R-109,D-010,V-016,Colorado Springs,Suburban,front_desk,residential,standard,0,clear,2025/01/26 13:45:00,2025/01/26 13:45:00,117.0,2025-08-12 13:48:00,408.0,1.0,6.07,6.07,4.103,20.43,1.88,0.0,0.0,62.41,8.0,79.8,delivered,customer_not_home,82.83,check,colorado-springs,suburban,residential,standard,delivered,2025-01-26 13:45:00,2025-01-26 13:45:00,6.0,1.0,291.0,Other,Other,Other,Other,Other,Suburban,front_desk,residential,standard,clear,Other,Other,Other,delivered,customer_not_home,check,colorado-springs,suburban,residential,standard,delivered,0.0,6961.5,247.95146039768568,0.6053542918620024,1.479575833261833,1.479575833261833,3.0421731421978113,2.0041891532683596,1.3167789096181763,0.0,0.0,33.31497248926201,1.3333333333333335,79.8,3513.23445,5.291331975501458,1.0,182.79749673010522
S-00286,R-137,D-031,V-008,Boulder,Suburban,side_entrance,residential,expedited,0,snow,2025/02/11 10:30:00 MST,2025/02/11 10:30:00 MST,44.0,2025-08-13 10:27:00,207.0,2.0,7.63,7.63,1.993,12.35,1.09,0.0,0.0,53.4,9.8,64.6,failed,weather_delay,44.21,check,boulder,suburban,residential,expedited,failed,2025-02-11 10:30:00,2025-02-11 10:30:00,1.0,0.0,163.0,Other,Other,Other,Other,Boulder,Suburban,side_entrance,residential,expedited,snow,Other,Other,Other,failed,weather_delay,check,boulder,suburban,residential,expedited,failed,0.0,1012.0,134.41235234802937,0.8890149625568643,1.5872076248748255,1.5872076248748255,1.6487769315726397,1.8014194024233199,0.8573647251876968,-0.0,0.0,29.326595837437566,1.3914193805498154,64.6,1021.4720500000001,0.962295536748461,0.0,108.31398929979314
S-00287,R-145,D-014,V-030,Boulder,Suburban,call_on_arrival,residential,expedited,0,clear,2025/05/20 15:20:00,2025/05/20 15:20:00,66.0,2025-08-14 15:17:00,497.0,1.0,5.72,5.72,1.413,14.72,0.81,4.225,0.0,37.53,22.5,62.1,delivered,customer_not_home,89.5,check,boulder,suburban,residential,expedited,delivered,2025-05-20 15:20:00,2025-05-20 15:20:00,1.0,0.0,431.0,Other,Other,Other,Other,Boulder,Suburban,call_on_arrival,residential,expedited,clear,Other,Other,Other,delivered,customer_not_home,check,boulder,suburban,residential,expedited,delivered,0.0,2244.0,296.2361202246099,0.6053542918620024,1.4511238234507666,1.4511238234507666,1.2180515896227389,1.8747105838711187,0.6696509454634386,0.49572123320904943,0.0,21.953271420244636,1.5874315014964826,62.1,4094.625,0.962295536748461,0.0,260.5220947055336
S-00288,R-111,D-017,V-024,Denver-West,Suburban,garage,residential,standard,0,clear,2025/04/28 15:15:00 MDT,2025/04/28 15:15:00 MDT,103.0,2025-08-15 15:14:00,494.0,2.0,8.1,8.1,3.418,29.35625,1.28,2.94,0.0,34.94,16.2,61.2,Failed,customer_not_home,63.42,check,denver-west,suburban,residential,standard,failed,2025-04-28 15:15:00,2025-04-28 15:15:00,0.0,0.0,391.0,Other,Other,Other,Other,Denver-West,Suburban,garage,residential,standard,clear,Other,Other,Other,Other,customer_not_home,check,denver-west,suburban,residential,standard,failed,0.0,5407.5,294.6235100258732,0.8890149625568643,1.6147668897498209,1.6147668897498209,2.613090263945748,2.2077799552679847,0.9762735777270106,0.4677909763199258,0.0,20.696863939508454,1.517757177829588,61.2,2074.4682000000003,0.0,0.0,238.61478508557582
S-00289,R-148,D-039,V-039,Denver-West,Suburban,front_desk,residential,same_day,0,clear,2025/01/23 09:55:00 MST,2025/01/23 09:55:00 MST,51.0,2025-08-16 09:56:00,176.0,3.0,3.28,3.28,6.84,9.94,3.14,0.0,0.0,41.93,10.1,73.2,failed,address_issue,60.17,check,denver-west,suburban,residential,same_day,failed,2025-01-23 09:55:00,2025-01-23 09:55:00,3.0,0.0,125.0,Other,Other,Other,Other,Denver-West,Suburban,front_desk,residential,same_day,clear,Other,Other,Other,failed,address_issue,check,denver-west,suburban,residential,same_day,failed,0.0,1351.5,116.09045912524334,1.0641270562537064,1.1783415699600885,1.1783415699600885,4.609846999447381,1.707134861251291,1.9130631801448372,-0.0,0.0,24.049895292875426,1.3996997748123357,73.2,1870.38445,2.7580025035383304,0.0,85.20482425902591
S-00290,R-150,D-046,V-008,Boulder,Campus,leave_at_door,business,standard,1,clear,2025-06-30 17:40 MST,2025-06-30 17:40 MST,115.0,2025-08-17 23:03:00,963.0,4.0,0.98,0.98,2.290168895086958,19.49,1.85,0.0,0.0,50.49,25.3,46.2,delivered ,customer_not_home,90.51,check,boulder,campus,business,standard,delivered,2025-06-30 17:40:00,2025-06-30 17:40:00,0.0,0.0,848.0,Other,Other,Other,Other,Boulder,Campus,leave_at_door,business,standard,clear,Other,Other,Other,Other,customer_not_home,check,boulder,campus,business,standard,delivered,1.0,6727.5,537.6879385926013,1.1867360977981165,0.6176496169690981,0.6176496169690981,1.8596018414000979,1.9861827057663748,1.3008256885378233,-0.0,0.0,28.01094356151677,1.77131393174903,46.2,4186.5400500000005,0.0,0.0,479.4785368935242
S-00291,R-120,D-053,V-011,Fort-Collins,Suburban,leave_at_door,business,standard,0,clear,2025-10-09 15:05 MDT,2025-10-09 15:05 MDT,119.0,2025-08-18 15:11:00,491.0,2.0,4.54,4.54,2.689,10.28,1.02,0.0,0.0,36.22,8.4,86.5,Failed,customer_not_home,51.03,check,fort-collins,suburban,business,standard,failed,2025-10-09 15:05:00,2025-10-09 15:05:00,3.0,0.0,372.0,Other,Other,Other,Other,Fort-Collins,Suburban,leave_at_door,business,standard,clear,Other,Other,Other,Other,customer_not_home,check,fort-collins,suburban,business,standard,failed,0.0,7199.5,293.0099221851126,0.8890149625568643,1.338871105345498,1.338871105345498,2.1337903183816698,1.7219976846867147,0.8119254805614244,-0.0,0.0,21.319976560075215,1.3476719269465578,86.5,1353.06045,2.7580025035383304,0.0,228.13154892590194
S-00292,R-102,D-007,V-038,Denver-East,Suburban,mailroom,residential,standard,0,wind,2025-02-01 16:10 ,2025-02-01 16:10 ,126.0,2025-08-19 16:08:00,548.0,1.0,1.7,1.7,3.228,21.82,1.13,0.0,0.0,49.24,4.3,59.8,delivered,customer_not_home,90.95,check,denver-east,suburban,residential,standard,delivered,2025-02-01 16:10:00,2025-02-01 16:10:00,5.0,1.0,422.0,Other,Other,Other,Other,Denver-East,Suburban,mailroom,residential,standard,wind,Other,Other,Other,delivered,customer_not_home,check,denver-east,suburban,residential,standard,delivered,0.0,8064.0,323.50689103406313,0.6053542918620024,0.8589349910963315,0.8589349910963315,2.490619714838642,2.0290136348612444,0.882920953624112,-0.0,0.0,27.44126637726084,1.1312555144738612,59.8,4226.90125,4.46194756940847,1.0,255.61132260547961
S-00293,R-137,D-060,V-020,Colorado-Springs,Suburban,side_entrance,residential ,standard,1,wind,31-Aug-2025 13:05 MDT ,31-Aug-2025 13:05 MDT ,125.0,2025-08-20 13:05:00,365.0,1.0,11.66,11.66,1.796,22.39,0.79,1.78,0.0,37.35,10.8,58.5,delivered,customer_not_home,85.63,check,colorado-springs,suburban,residential,standard,delivered,2025-08-31 13:05:00,2025-08-31 13:05:00,6.0,1.0,240.0,Other,Other,Other,Other,Colorado-Springs,Suburban,side_entrance,Other,standard,wind,Other,Other,Other,delivered,customer_not_home,check,colorado-springs,suburban,residential,standard,delivered,1.0,7937.5,224.25596353506842,0.6053542918620024,1.7768350946496798,1.7768350946496798,1.5055492824214178,2.038631751125271,0.6555947225045738,0.43530355571657786,0.0,21.866512143179644,1.417777490260418,58.5,3751.8784499999997,5.291331975501458,1.0,153.61828440604384
S-00294,R-126,D-044,V-025,Fort-Collins,Downtown,side_entrance,residential,standard,0,clear,2025-07-31 18:50 MDT ,2025-07-31 18:50 MDT ,133.0,2025-08-21 18:49:00,709.0,1.0,3.11,3.11,2.096,8.21,1.32,0.0,0.0,52.73,12.7,69.2,delivered,customer_not_home,86.65,check,fort-collins,downtown,residential,standard,delivered,2025-07-31 18:50:00,2025-07-31 18:50:00,3.0,0.0,576.0,Other,Other,Other,Other,Fort-Collins,Downtown,side_entrance,residential,standard,clear,Other,Other,Other,delivered,customer_not_home,check,fort-collins,downtown,residential,standard,delivered,0.0,8977.5,408.04590657378014,0.6053542918620024,1.1519790915118846,1.1519790915118846,1.722531768913022,1.620950536090756,1.0005412736248234,-0.0,0.0,29.024953548123396,1.4596567730417007,69.2,3840.7612500000005,2.7580025035383304,0.0,338.37008400101564
S-00295,R-105,D-046,V-013,Denver-West,Industrial,leave_at_door,residential,Expedited,0,clear,04/25/2025 03:00 PM MDT,04/25/2025 03:00 PM MDT,63.0,2025-08-22 15:02:00,482.0,1.0,4.99,4.99,3.168,2.47,1.09,0.0,0.0,51.17,6.9,71.6,delivered,customer_not_home,98.97,check,denver-west,industrial,residential,expedited,delivered,2025-04-25 03:00:00,2025-04-25 03:00:00,4.0,0.0,419.0,Other,Other,Other,Other,Denver-West,Industrial,leave_at_door,residential,Other,clear,Other,Other,Other,delivered,customer_not_home,check,denver-west,industrial,residential,expedited,delivered,0.0,2047.5,288.1632267920344,0.6053542918620024,1.3850563558336308,1.3850563558336308,2.451603964659599,1.1382307480670901,0.8573647251876968,-0.0,0.0,28.319683930243972,1.2884319330351799,71.6,4996.50045,3.618555125115471,0.0,253.97208617358524
S-00296,R-107,D-038,V-016,Denver East,Suburban,leave_at_door,residential,standard,0,snow,05/15/2025 01:40 PM MDT,05/15/2025 01:40 PM MDT,123.0,2025-08-23 13:52:00,412.0,1.0,3.12,3.12,2.468,2.99,1.31,0.0,118.12,45.34,4.8,58.0,failed,package_damaged,57.04,check,denver-east,suburban,residential,standard,failed,2025-05-15 01:40:00,2025-05-15 01:40:00,3.0,0.0,289.0,Other,Other,Other,Other,Other,Suburban,leave_at_door,residential,standard,snow,Other,Other,Other,failed,package_damaged,check,denver-east,suburban,residential,standard,failed,0.0,7687.5,250.14263001654626,0.6053542918620024,1.1535688074489858,1.1535688074489858,1.9830224159481165,1.1382307480670901,0.9944980352269758,0.0,118.12,25.645203617232063,1.1695452014626002,58.0,1683.8208,2.7580025035383304,0.0,181.66342430484076
S-00297,R-155,D-045,V-020,Denver-East,Suburban,call_on_arrival,business,standard,1,rain,10/13/2025 07:35 AM MDT,10/13/2025 07:35 AM MDT,131.0,2025-08-24 07:32:00,32.0,2.0,6.34,6.34,1.286,18.43,0.69,0.0,0.0,61.69,11.6,88.4,rescheduled,customer_not_home,63.79,check,denver-east,suburban,business,standard,rescheduled,2025-10-13 07:35:00,2025-10-13 07:35:00,0.0,0.0,0.0,Other,Other,Other,Other,Denver-East,Suburban,call_on_arrival,business,standard,rain,Other,Other,Other,rescheduled,customer_not_home,check,denver-east,suburban,business,standard,rescheduled,1.0,8711.5,24.736477713948076,0.8890149625568643,1.5003018372094925,1.5003018372094925,1.1197565252018953,1.9645430768095111,0.5838602601779352,0.0,0.0,33.00063509797596,1.4365638301809889,88.4,2098.3720499999995,0.0,0.0,0.0
S-00298,R-152,D-044,V-039,Denver-East,Campus,garage,Business,standard,0,clear,02/13/2025 07:40 PM MST,02/13/2025 07:40 PM MST,134.0,2025-08-25 19:38:00,758.0,6.0,15.103750000000002,15.103750000000002,3.568,11.98,1.69,2.85,0.0,44.69,23.9,57.4,Delivered,customer_not_home,93.46,check,denver-east,campus,business,standard,delivered,2025-02-13 07:40:00,2025-02-13 07:40:00,3.0,0.0,624.0,Other,Other,Other,Other,Denver-East,Campus,garage,Other,standard,clear,Other,Other,Other,Other,customer_not_home,check,denver-east,campus,business,standard,delivered,0.0,9112.0,433.3741902668839,1.352108625101415,1.909319032123828,1.909319032123828,2.708663920084544,1.7884476890841379,1.2139916300986981,0.4662674987350312,0.0,25.34297586722386,1.5991975919718988,57.4,4460.845799999999,2.7580025035383304,0.0,363.6844172783017
S-00299,R-151,D-008,V-037,Boulder ,Suburban,call_on_arrival,business,standard,0,fog,2025/01/07 11:30:00 MST,2025/01/07 11:30:00 MST,123.0,2025-08-26 11:32:00,272.0,4.0,4.35,4.35,1.638,12.13,0.78,0.0,0.0,37.31,12.0,40.3,delivered,customer_not_home,79.25,check,boulder,suburban,business,standard,delivered,2025-01-07 11:30:00,2025-01-07 11:30:00,1.0,0.0,149.0,Other,Other,Other,Other,Other,Suburban,call_on_arrival,business,standard,fog,Other,Other,Other,delivered,customer_not_home,check,boulder,suburban,business,standard,delivered,0.0,7687.5,171.9916012386413,1.1867360977981165,1.3178806315679725,1.3178806315679725,1.3884770046698283,1.793763731813123,0.6485312605068544,0.0,0.0,21.847221254619186,1.4452998037747709,40.3,3219.53125,0.962295536748461,0.0,99.86987879196509
S-00300,R-135,D-003,V-023,Denver-East ,Suburban,mailroom,Business,standard,0,clear,12/26/2024 02:45 PM MST,12/26/2024 02:45 PM MST,115.0,2025-08-27 14:39:00,459.0,1.0,8.56,8.56,6.788,14.53,2.2,3.37,0.0,37.06,9.1,63.3,delivered,customer_not_home,81.56,check,denver-east,suburban,business,standard,delivered,2024-12-26 02:45:00,2024-12-26 02:45:00,3.0,0.0,344.0,Other,Other,Other,Other,Other,Suburban,mailroom,Other,standard,clear,Other,Other,Other,delivered,customer_not_home,check,denver-east,suburban,business,standard,delivered,0.0,6727.5,275.7357087100748,0.6053542918620024,1.6400042108327368,1.6400042108327368,4.581783512367267,1.8693797448546872,1.481071705534973,0.47381774005205035,0.0,21.72656172280022,1.3706832244724474,63.3,3407.5768000000003,2.7580025035383304,0.0,212.58404407865325
S-00301,R-105,D-028,V-024,Denver-East,Downtown,front_desk,business,standard,1,clear,02/14/2025 02:35 PM,02/14/2025 02:35 PM,130.0,2025-08-28 14:47:00,467.0,4.0,10.14,10.14,3.467,17.77,1.13,0.0,0.0,51.26,9.8,61.6,delivered,customer_not_home,85.24,check,denver-east,downtown,business,standard,delivered,2025-02-14 02:35:00,2025-02-14 02:35:00,4.0,0.0,337.0,Other,Other,Other,Other,Denver-East,Downtown,front_desk,business,standard,clear,Other,Other,Other,delivered,customer_not_home,check,denver-east,downtown,business,standard,delivered,1.0,8580.0,280.0652190448151,1.1867360977981165,1.7159491638873243,1.7159491638873243,2.6444165354521267,1.9502782937287293,0.882920953624112,0.0,0.0,28.36048611949375,1.3914193805498154,61.6,3718.1687999999995,3.618555125115471,0.0,208.67779613939956
S-00302,R-101,D-033,V-022,Boulder,Suburban,side_entrance,residential,standard,1,clear,2025/01/27 13:10:00 MST,2025/01/27 13:10:00 MST,111.0,2025-08-29 13:11:00,371.0,1.0,2.85,2.85,1.517,12.03,0.93,0.0,0.0,31.28,10.5,76.2,delivered,customer_not_home,74.11,check,boulder,suburban,residential,standard,delivered,2025-01-27 13:10:00,2025-01-27 13:10:00,0.0,0.0,260.0,Other,Other,Other,Other,Boulder,Suburban,side_entrance,residential,standard,clear,Other,Other,Other,delivered,customer_not_home,check,boulder,suburban,residential,standard,delivered,1.0,6271.5,227.5783422827924,0.6053542918620024,1.1087917602162967,1.1087917602162967,1.2973931662931206,1.7902285390841002,0.7520928178120305,-0.0,0.0,18.889877926698137,1.4102321753804115,76.2,2820.25605,0.0,0.0,165.12828292812623
S-00303,R-153,D-055,V-027,Boulder,Suburban,package_room_3F,residential,standard,0,clear,2025-12-19 07:55 MDT,2025-12-19 07:55 MDT,119.0,2025-08-30 07:59:00,59.0,3.0,15.103750000000002,15.103750000000002,7.588,6.76,1.55,3.92,118.12,41.26,8.3,72.8,delivered,customer_not_home,74.18,check,boulder,suburban,residential,standard,delivered,2025-12-19 07:55:00,2025-12-19 07:55:00,4.0,0.0,0.0,Other,Other,Other,Other,Boulder,Suburban,Other,residential,standard,clear,Other,Other,Other,delivered,customer_not_home,check,boulder,suburban,residential,standard,delivered,0.0,7199.5,43.15726752600845,1.0641270562537064,1.9187155480609612,1.9187155480609612,5.007581948414729,1.530646739888492,1.135432461887299,0.4793443056381783,118.12,23.733518839870023,1.3441741642160472,72.8,2825.5162000000005,3.618555125115471,0.0,0.0
S-00304,R-128,D-032,V-007,Fort-Collins,Suburban,side_entrance,Business,standard,0,clear,07/11/2025 11:45 AM MST,07/11/2025 11:45 AM MST,116.0,2025-08-31 11:39:00,279.0,3.0,10.53,10.53,2.086,16.06,1.03,0.0,118.12,39.19,9.8,88.6,delivered,customer_not_home,80.97,check,fort-collins,suburban,business,standard,delivered,2025-07-11 11:45:00,2025-07-11 11:45:00,4.0,0.0,163.0,Other,Other,Other,Other,Fort-Collins,Suburban,side_entrance,Other,standard,clear,Other,Other,Other,delivered,customer_not_home,check,fort-collins,suburban,business,standard,delivered,0.0,6844.0,175.98120534562395,1.0641270562537064,1.732559586631435,1.732559586631435,1.7154037249048881,1.9100707334476663,0.818474034471092,-0.0,118.12,22.74962290860615,1.3914193805498154,88.6,3359.04045,3.618555125115471,0.0,108.31398929979314
S-00305,R-146,D-024,V-030,Fort-Collins,Industrial,leave_at_door,residential,standard,0,clear,2025/04/01 09:45:00 MST,2025/04/01 09:45:00 MST,110.0,2025-09-01 09:31:00,151.0,1.0,2.41,2.41,3.445,6.95,1.4,0.0,118.12,58.22,6.9,62.1,failed,customer_not_home,60.54,check,fort-collins,industrial,residential,standard,failed,2025-04-01 09:45:00,2025-04-01 09:45:00,1.0,0.0,41.0,Other,Other,Other,Other,Fort-Collins,Industrial,leave_at_door,residential,standard,clear,Other,Other,Other,failed,customer_not_home,check,fort-collins,industrial,residential,standard,failed,0.0,6160.0,101.08084674494162,0.6053542918620024,1.026307638410931,1.026307638410931,2.630364498013737,1.543681265000915,1.0483341038127754,-0.0,118.12,31.475382808064403,1.2884319330351799,62.1,1893.0857999999998,0.962295536748461,0.0,31.001960807229775
S-00306,R-112,D-010,V-028,Boulder,Downtown,hand_to_security,residential,STANDARD,0,rain,2025-02-10 14:55 MDT,2025-02-10 14:55 MDT,121.0,2025-09-02 15:02:00,482.0,2.0,1.82,1.82,1.517,12.44,0.53,0.0,0.0,55.09,14.0,63.6,delivered,customer_not_home,80.01,check,boulder,downtown,residential,standard,delivered,2025-02-10 14:55:00,2025-02-10 14:55:00,0.0,0.0,361.0,Other,Other,Other,Other,Boulder,Downtown,Other,residential,Other,rain,Other,Other,Other,delivered,customer_not_home,check,boulder,downtown,residential,standard,delivered,0.0,7441.5,288.1632267920344,0.8890149625568643,0.8910051964708748,0.8910051964708748,1.2973931662931206,1.8045041484867232,0.46357949336822263,-0.0,0.0,30.084182244059583,1.4836022205056776,63.6,3280.8100500000005,0.0,0.0,222.03802200319728
S-00307,R-142,D-047,V-034,Dnvr-East,Downtown,leave_at_door,business ,STANDARD,0,rain,04/13/2025 12:35 PM,04/13/2025 12:35 PM,110.0,2025-09-03 12:44:00,344.0,1.0,3.42,3.42,4.679,3.68,1.11,4.225,0.0,55.12,17.0,61.5,delivered ,customer_not_home,83.2,check,denver-east,downtown,business,standard,delivered,2025-04-13 12:35:00,2025-04-13 12:35:00,6.0,1.0,234.0,Other,Other,Other,Other,Other,Downtown,leave_at_door,Other,Other,rain,Other,Other,Other,Other,customer_not_home,check,denver-east,downtown,business,standard,delivered,0.0,6160.0,212.58404407865325,0.6053542918620024,1.1990500417813215,1.1990500417813215,3.3897111668478925,1.2353357221714951,0.8701791758851377,0.4897959183673469,0.0,30.097588914772672,1.5285954792089682,61.5,3544.32,5.291331975501458,1.0,150.14696305273114
S-00308,R-152,D-018,V-040,Denver-West,Industrial,garage,Residential,standard,0,clear,22-Oct-2025 13:55 MDT,22-Oct-2025 13:55 MDT,111.0,2025-09-04 13:58:00,418.0,1.0,2.21,2.21,8.293,5.32,2.51,4.225,0.0,52.53,17.6,88.6,delivered,customer_not_home,87.77,check,denver-west,industrial,residential,standard,delivered,2025-10-22 13:55:00,2025-10-22 13:55:00,2.0,0.0,307.0,Other,Other,Other,Other,Denver-West,Industrial,garage,Other,standard,clear,Other,Other,Other,delivered,customer_not_home,check,denver-west,industrial,residential,standard,delivered,0.0,6271.5,253.42541419313648,0.6053542918620024,0.984094151834145,0.984094151834145,5.373029015702198,1.416150101906074,1.631072865082195,0.4953414528704104,0.0,28.93476560201085,1.5362611042398318,88.6,3939.5564499999996,1.875417088358097,0.0,191.8425998065866
S-00309,R-150,D-059,V-035,Fort-Collins,Industrial,garage,residential,standard,0,fog,2025-02-26 07:45 MDT,2025-02-26 07:45 MDT,128.0,2025-09-05 07:52:00,52.0,1.0,6.27,6.27,2.25,9.22,0.65,0.0,118.12,56.47,17.2,66.6,failed ,address_issue,56.51,check,fort-collins,industrial,residential,standard,failed,2025-02-26 07:45:00,2025-02-26 07:45:00,2.0,0.0,0.0,Other,Other,Other,Other,Fort-Collins,Industrial,garage,residential,standard,fog,Other,Other,Other,Other,address_issue,check,fort-collins,industrial,residential,standard,failed,0.0,8320.0,38.48073686402314,0.6053542918620024,1.4950247202239222,1.4950247202239222,1.8314489334497772,1.673580278932205,0.5544539810403266,-0.0,118.12,30.69941942605402,1.5311927690615046,66.6,1653.20005,1.875417088358097,0.0,0.0
S-00310,R-128,D-031,V-030,Denver-East,Suburban,garage,Business,standard,0,clear,2025-08-02 17:05 MDT,2025-08-02 17:05 MDT,100.0,2025-09-06 17:12:00,612.0,1.0,3.06,3.06,2.509,8.57,1.13,0.0,0.0,39.85,6.1,62.1,Delivered,customer_not_home,81.14,check,denver-east,suburban,business,standard,delivered,2025-08-02 17:05:00,2025-08-02 17:05:00,5.0,1.0,512.0,Other,Other,Other,Other,Denver-East,Suburban,garage,Other,standard,clear,Other,Other,Other,Other,customer_not_home,check,denver-east,suburban,business,standard,delivered,0.0,5100.0,357.3746559903548,0.6053542918620024,1.1439543984269103,1.1439543984269103,2.011205804840992,1.6405352292604276,0.882920953624112,-0.0,0.0,23.06440585815614,1.2494133749591985,62.1,3372.9898,4.46194756940847,1.0,304.28473044634296
S-00311,R-118,D-053,V-038,Denver-East,Campus,front_desk,res,standard,0,clear,11/10/2024 03:40 PM MST,11/10/2024 03:40 PM MST,111.0,2025-09-07 15:45:00,525.0,1.0,4.86,4.86,1.167,7.31,0.74,3.35,0.0,28.45,10.5,54.0,failed,address_issue,59.92,check,denver-east,campus,residential,standard,failed,2024-11-10 03:40:00,2024-11-10 03:40:00,6.0,1.0,414.0,Other,Other,Other,Other,Denver-East,Campus,front_desk,Other,standard,clear,Other,Other,Other,failed,address_issue,check,denver-east,campus,residential,standard,failed,0.0,6271.5,311.2411544285615,0.6053542918620024,1.372189437649417,1.372189437649417,1.0261555623286316,1.5673018638442746,0.6200367392875267,0.4735764301757167,0.0,17.464501027993585,1.4102321753804115,54.0,1855.1232,5.291331975501458,1.0,251.2374179650082
S-00312,R-154,D-021,V-016,Boulder ,Suburban,locker_pickup,residential,standard,0,rain,03-Dec-2025 16:10,03-Dec-2025 16:10,112.0,2025-09-08 16:14:00,554.0,2.0,6.44,6.44,3.206,19.54,1.72,4.225,0.0,44.97,9.8,75.5,Delivered,customer_not_home,70.91,check,boulder,suburban,residential,standard,delivered,2025-12-03 16:10:00,2025-12-03 16:10:00,2.0,0.0,442.0,Other,Other,Other,Other,Other,Suburban,Other,residential,standard,rain,Other,Other,Other,Other,customer_not_home,check,boulder,suburban,residential,standard,delivered,0.0,6384.0,326.69811715256395,0.8890149625568643,1.5077281311933535,1.5077281311933535,2.476333348162726,1.9871673454795078,1.2305045178914826,0.48931295099346805,0.0,25.473271008766165,1.3914193805498154,75.5,2585.0240499999995,1.875417088358097,0.0,266.5102925117283
S-00313,R-118,D-060,V-006,Dnvr-East,Downtown,side_entrance,Biz,standard,0,snow,2024/11/18 10:00:00,2024/11/18 10:00:00,125.0,2025-09-09 10:03:00,183.0,3.0,4.21,4.21,1.521,10.38,1.12,0.0,0.0,51.47,9.8,36.6,delivered,customer_not_home,83.43,check,denver-east,downtown,business,standard,delivered,2024-11-18 10:00:00,2024-11-18 10:00:00,0.0,0.0,58.0,Other,Other,Other,Other,Other,Downtown,side_entrance,Other,standard,snow,Other,Other,Other,delivered,customer_not_home,check,denver-east,downtown,business,standard,delivered,0.0,7937.5,120.25390874153474,1.0641270562537064,1.3017837414753735,1.3017837414753735,1.3004249035365403,1.7262586238362678,0.8765590802008469,-0.0,0.0,28.45563663444281,1.3914193805498154,36.6,3563.7124500000004,0.0,0.0,42.49268508020805
S-00314,R-116,D-057,V-029,Boulder,Suburban,side_entrance,business,expedited,0,wind,02-Oct-2025 15:30 MDT,02-Oct-2025 15:30 MDT,72.0,2025-09-10 15:28:00,508.0,5.0,8.73,8.73,5.301,20.35,1.02,4.225,0.0,37.16,20.2,100.0,delivered,customer_not_home,80.32,check,boulder,suburban,business,expedited,delivered,2025-10-02 15:30:00,2025-10-02 15:30:00,3.0,0.0,436.0,Other,Other,Other,Other,Boulder,Suburban,side_entrance,business,expedited,wind,Other,Other,Other,delivered,customer_not_home,check,boulder,suburban,business,expedited,delivered,0.0,2664.0,302.14076380729637,1.2791016451735329,1.6489346502625548,1.6489346502625548,3.7533234166089677,2.0026969886983155,0.8119254805614244,0.48226705111699847,0.0,21.774844499734908,1.5656277572369306,100.0,3305.9711999999995,2.7580025035383304,0.0,263.24587008454057
S-00315,R-137,D-049,V-030,Denver-West,Downtown,rear_loading_dock,residential,standard,0,clear,2025/12/26 12:50:00 MDT,2025/12/26 12:50:00 MDT,138.0,2025-09-11 12:43:00,343.0,1.0,5.09,5.09,2.075,8.45,0.89,0.0,0.0,44.73,12.9,50.4,delivered,customer_not_home,74.57,check,denver-west,downtown,residential,standard,delivered,2025-12-26 12:50:00,2025-12-26 12:50:00,4.0,0.0,205.0,Other,Other,Other,Other,Denver-West,Downtown,Other,residential,standard,clear,Other,Other,Other,delivered,customer_not_home,check,denver-west,downtown,residential,standard,delivered,0.0,9660.0,212.02649757830298,0.6053542918620024,1.3947094559676485,1.3947094559676485,1.7075548680032917,1.6341149312226464,0.7249629554602642,-0.0,0.0,25.361599214869223,1.46355821921418,50.4,2854.9124499999994,3.618555125115471,0.0,133.23898730123375
S-00316,R-122,D-040,V-025,Denver-East ,Suburban,front_desk,residential,standard,1,clear,15-Mar-2025 14:15 MDT,15-Mar-2025 14:15 MDT,107.0,2025-09-12 14:21:00,441.0,1.0,3.07,3.07,4.821,19.48,2.25,0.0,0.0,52.85,15.8,44.7,delivered,customer_not_home,88.6,check,denver-east,suburban,residential,standard,delivered,2025-03-15 14:15:00,2025-03-15 14:15:00,5.0,1.0,334.0,Other,Other,Other,Other,Other,Suburban,front_desk,residential,standard,clear,Other,Other,Other,delivered,customer_not_home,check,denver-east,suburban,residential,standard,delivered,1.0,5831.5,265.9665307266122,0.6053542918620024,1.1455695809715738,1.1455695809715738,3.473733027610219,1.985985402963839,1.5058377329142367,-0.0,0.0,29.07903408057387,1.5120499635257334,44.7,4013.5799999999995,4.46194756940847,1.0,207.00122144776083
S-00317,R-155,D-002,V-032,Fort-Collins,Suburban,front_desk,res,same_day,0,wind,2025/02/08 07:00:00 MDT,2025/02/08 07:00:00 MDT,30.0,2025-09-13 07:07:00,7.0,5.0,15.103750000000002,15.103750000000002,3.683,11.66,0.75,0.0,0.0,51.69,20.7,58.2,rescheduled,customer_not_home,66.89,check,fort-collins,suburban,residential,same_day,rescheduled,2025-02-08 07:00:00,2025-02-08 07:00:00,5.0,1.0,0.0,Other,Other,Other,Other,Fort-Collins,Suburban,front_desk,Other,same_day,wind,Other,Other,Other,rescheduled,customer_not_home,check,fort-collins,suburban,residential,same_day,rescheduled,0.0,480.0,6.108910189833208,1.2791016451735329,2.0267762266558544,2.0267762266558544,2.7813003678732904,1.7768350946496798,0.6271969089260543,-0.0,0.0,28.555236474382617,1.5706612092589083,58.2,2304.02605,4.46194756940847,1.0,0.0
S-00318,R-132,D-021,V-012,Denver-West,Suburban,call_on_arrival,residential,standard,1,rain,2025/12/02 10:50:00 MDT,2025/12/02 10:50:00 MDT,119.0,2025-09-14 10:48:00,228.0,2.0,3.45,3.45,3.039,17.19,1.42,1.84,0.0,49.79,15.9,53.1,rescheduled,customer_not_home,68.21,check,denver-west,suburban,residential,standard,rescheduled,2025-12-02 10:50:00,2025-12-02 10:50:00,1.0,0.0,109.0,Other,Other,Other,Other,Denver-West,Suburban,call_on_arrival,residential,standard,rain,Other,Other,Other,rescheduled,customer_not_home,check,denver-west,suburban,residential,standard,rescheduled,1.0,7199.5,146.66676641331082,0.8890149625568643,1.2033767939399758,1.2033767939399758,2.367144105284818,1.9371934440163026,1.0601324454201217,0.4380083316802222,0.0,27.692269504786594,1.51349574458948,53.1,2394.5120499999994,0.962295536748461,0.0,75.27438562623159
S-00319,R-152,D-014,V-023,Denver-East,Downtown,call_on_arrival,residential,standard,0,clear,2025-06-09 15:45 MST,2025-06-09 15:45 MST,141.0,2025-09-15 15:35:00,515.0,1.0,6.0,6.0,-2.089,2.78,0.82,0.0,0.0,45.56,8.8,56.2,delivered,customer_not_home,85.31,check,denver-east,downtown,residential,standard,delivered,2025-06-09 15:45:00,2025-06-09 15:45:00,0.0,0.0,374.0,Other,Other,Other,Other,Denver-East,Downtown,call_on_arrival,residential,standard,clear,Other,Other,Other,delivered,customer_not_home,check,denver-east,downtown,residential,standard,delivered,0.0,10081.5,305.89160800116997,0.6053542918620024,1.474033915655847,1.474033915655847,-1.0976083387537812,1.1382307480670901,0.6766441229332887,0.0,0.0,25.747303591957547,1.36112343500006,56.2,3724.20805,0.0,0.0,229.23751776897933
S-00320,R-118,D-017,V-022,Colorado Springs,Downtown,call_on_arrival,business,standard,1,rain,15-Dec-2024 08:00 MST,15-Dec-2024 08:00 MST,120.0,2025-09-16 07:52:00,52.0,1.0,3.7,3.7,1.354,20.01,0.85,0.0,0.0,50.36,14.8,86.1,delivered,customer_not_home,79.74,check,colorado-springs,downtown,business,standard,delivered,2024-12-15 08:00:00,2024-12-15 08:00:00,6.0,1.0,0.0,Other,Other,Other,Other,Other,Downtown,call_on_arrival,business,standard,rain,Other,Other,Other,delivered,customer_not_home,check,colorado-springs,downtown,business,standard,delivered,1.0,7320.0,38.48073686402314,0.6053542918620024,1.2380180155904508,1.2380180155904508,1.1725850618127815,1.9962732314940133,0.6974863564225507,0.0,0.0,27.951827087883334,1.4968453945733724,86.1,3258.9737999999998,5.291331975501458,1.0,0.0
S-00321,R-145,D-057,V-039,Denver-West,Suburban,front_desk,business,same_day,0,rain,11/05/2025 09:20 AM MDT,11/05/2025 09:20 AM MDT,64.0,2025-09-17 09:24:00,144.0,3.0,12.04,12.04,3.132,11.56,1.65,0.0,0.0,43.12,9.9,73.9,delivered,customer_not_home,87.97,check,denver-west,suburban,business,same_day,delivered,2025-11-05 09:20:00,2025-11-05 09:20:00,2.0,0.0,80.0,Other,Other,Other,Other,Denver-West,Suburban,front_desk,business,same_day,rain,Other,Other,Other,delivered,customer_not_home,check,denver-west,suburban,business,same_day,delivered,0.0,2112.0,96.8353372319974,1.0641270562537064,1.7905836431833089,1.7905836431833089,2.428113662521301,1.7731276575621642,1.1918016387204051,-0.0,0.0,24.609398334759582,1.3942174671846175,73.9,3957.33045,1.875417088358097,0.0,56.88435023684184
S-00322,R-136,D-057,V-018,Boulder,Rural,leave_at_door,residential,same_day,0,clear,09-Sep-2025 12:40 MDT,09-Sep-2025 12:40 MDT,45.0,2025-09-18 12:39:00,339.0,3.0,9.22,9.22,4.348,9.34,1.56,0.0,0.0,46.11,14.4,43.0,delivered,customer_not_home,90.87,check,boulder,rural,residential,same_day,delivered,2025-09-09 12:40:00,2025-09-09 12:40:00,1.0,0.0,294.0,Other,Other,Other,Other,Boulder,Rural,leave_at_door,residential,same_day,clear,Other,Other,Other,delivered,customer_not_home,check,boulder,rural,residential,same_day,delivered,0.0,1057.5,209.79468534884356,1.0641270562537064,1.673580278932205,1.673580278932205,3.1913643553203364,1.679382544062665,1.141128406052161,-0.0,0.0,26.00213278766515,1.4903528085623745,43.0,4219.54845,0.962295536748461,0.0,184.49715124453763
S-00323,R-113,D-001,V-034,Denver-East,Suburban,call_on_arrival,business,standard,0,clear,2025-05-23 15:30 MDT,2025-05-23 15:30 MDT,142.0,2025-09-19 15:28:00,508.0,3.0,3.72,3.72,5.943,9.79,1.28,0.0,0.0,50.36,5.4,62.7,delivered,customer_not_home,81.15,check,denver-east,suburban,business,standard,delivered,2025-05-23 15:30:00,2025-05-23 15:30:00,4.0,0.0,366.0,Other,Other,Other,Other,Denver-East,Suburban,call_on_arrival,business,standard,clear,Other,Other,Other,delivered,customer_not_home,check,denver-east,suburban,business,standard,delivered,0.0,10224.0,302.14076380729637,1.0641270562537064,1.2406855116833175,1.2406855116833175,4.117493832620227,1.7003854961432798,0.9762735777270106,0.0,0.0,27.951827087883334,1.2094305849579052,62.7,3373.8112500000007,3.618555125115471,0.0,224.81006923407062
S-00324,R-147,D-006,V-016,Boulder,Rural,locker_pickup,res,standard,0,wind,09/06/2025 01:00 PM MST,09/06/2025 01:00 PM MST,112.0,2025-09-20 12:52:00,352.0,1.0,4.75,4.75,4.931,6.9,2.4,4.225,0.0,37.76,7.8,88.2,delivered,customer_not_home,85.18,check,boulder,rural,residential,standard,delivered,2025-09-06 01:00:00,2025-09-06 01:00:00,5.0,1.0,240.0,Other,Other,Other,Other,Boulder,Rural,Other,Other,standard,wind,Other,Other,Other,delivered,customer_not_home,check,boulder,rural,residential,standard,delivered,0.0,6384.0,217.0386417966705,0.6053542918620024,1.3610087317829522,1.3610087317829522,3.5383982271900862,1.5402906919494317,1.5787921565366,0.4910395710463451,0.0,22.064012646324212,1.325800137536758,88.2,3712.9962000000005,4.46194756940847,1.0,153.61828440604384
S-00325,R-136,D-027,V-032,Boulder,Suburban,front_desk,residential,STANDARD,0,clear,2025-08-03 16:00,2025-08-03 16:00,118.0,2025-09-21 15:47:00,527.0,2.0,2.53,2.53,3.069,29.35625,0.76,0.0,118.12,40.09,25.3,30.6,delivered,customer_not_home,85.48,check,boulder,suburban,residential,standard,delivered,2025-08-03 16:00:00,2025-08-03 16:00:00,6.0,1.0,409.0,Other,Other,Other,Other,Boulder,Suburban,front_desk,residential,Other,clear,Other,Other,Other,delivered,customer_not_home,check,boulder,suburban,residential,standard,delivered,0.0,7080.0,312.30983758081913,0.8890149625568643,1.0501208320897213,1.0501208320897213,2.3868572775879806,2.1704906508646435,0.6343325712746539,0.0,118.12,23.178619557377882,1.6575061273746292,30.6,3738.8952000000004,5.291331975501458,1.0,248.49945290604916
S-00326,R-145,D-049,V-016,Denver-East,Downtown,mailroom,residential,standard,0,snow,15-Nov-2024 13:05,15-Nov-2024 13:05,120.0,2025-09-22 13:09:00,369.0,1.0,5.44,5.44,2.779,14.87,1.63,0.0,0.0,58.22,25.3,61.4,failed,customer_not_home,51.29,check,denver-east,downtown,residential,standard,failed,2024-11-15 13:05:00,2024-11-15 13:05:00,4.0,0.0,249.0,Other,Other,Other,Other,Denver-East,Downtown,mailroom,residential,standard,snow,Other,Other,Other,failed,customer_not_home,check,denver-east,downtown,residential,standard,failed,0.0,7320.0,226.4714823606059,0.6053542918620024,1.4269379172882373,1.4269379172882373,2.194407301158496,1.878860321313985,1.1806312409957027,0.0,0.0,31.475382808064403,1.6480923284611066,61.4,1366.62205,3.618555125115471,0.0,158.80915300365646
S-00327,R-129,D-031,V-032,Fort-Collins,Rural,leave_at_door,residential,expedited,0,snow,05/02/2025 05:15 PM MST ,05/02/2025 05:15 PM MST ,56.0,2025-09-23 17:26:00,626.0,1.0,4.97,4.97,5.667,10.5,1.48,2.83,0.0,30.5,5.9,16.837499999999984,failed ,address_issue,54.44,check,fort-collins,rural,residential,expedited,failed,2025-05-02 05:15:00,2025-05-02 05:15:00,4.0,0.0,570.0,Other,Other,Other,Other,Fort-Collins,Rural,leave_at_door,residential,expedited,snow,Other,Other,Other,Other,address_issue,check,fort-collins,rural,residential,expedited,failed,0.0,1624.0,364.73486049918773,0.6053542918620024,1.3831005800622396,1.3831005800622396,3.9622293022648294,1.7313079493316792,1.0951803468784778,0.4659142812344484,0.0,18.499606912400797,1.238613012373119,16.837499999999984,1536.2967999999998,3.618555125115471,0.0,335.19130541552806
S-00328,R-106,D-051,V-002,Denver-West,Suburban,garage,business,standard,0,wind,07/14/2025 09:45 AM MDT,07/14/2025 09:45 AM MDT,116.0,2025-09-24 09:45:00,165.0,3.0,2.69,2.69,0.83,5.91,0.58,0.0,0.0,38.17,15.7,44.6,delivered,address_issue,78.4,check,denver-west,suburban,business,standard,delivered,2025-07-14 09:45:00,2025-07-14 09:45:00,0.0,0.0,49.0,Other,Other,Other,Other,Denver-West,Suburban,garage,business,standard,wind,Other,Other,Other,delivered,address_issue,check,denver-west,suburban,business,standard,delivered,0.0,6844.0,109.51426743176172,1.0641270562537064,1.0802833038762716,1.0802833038762716,0.7522380334516507,1.4668018011260773,0.5019457767999675,0.0,0.0,22.261095753857663,1.5105912157676036,44.6,3151.6800000000003,0.0,0.0,36.457963211457894
S-00329,R-126,D-019,V-015,Colorado Springs,Rural,garage,residential,expedited,0,clear,2024/12/21 11:20:00 MST,2024/12/21 11:20:00 MST,51.0,2025-09-25 11:17:00,257.0,6.0,13.26,13.26,8.52,14.29,3.44,0.0,0.0,30.5,5.0,86.1,delivered,customer_not_home,74.01,check,colorado-springs,rural,residential,expedited,delivered,2024-12-21 11:20:00,2024-12-21 11:20:00,5.0,1.0,206.0,Other,Other,Other,Other,Other,Rural,garage,residential,expedited,clear,Other,Other,Other,delivered,customer_not_home,check,colorado-springs,rural,residential,expedited,delivered,0.0,1351.5,163.4075725244021,1.4118117958798448,1.8314268652358252,1.8314268652358252,5.488907164718935,1.862523584987672,2.2208308607256364,0.0,0.0,18.499606912400797,1.183503419072274,86.1,2812.7500500000006,4.46194756940847,1.0,133.825811535962
S-00330,R-120,D-045,V-016,Denver-East ,Downtown,side_entrance,residential,standard,1,rain,04/24/2025 01:30 PM MDT,04/24/2025 01:30 PM MDT,120.0,2025-09-26 13:31:00,391.0,1.0,2.35,2.35,1.091,13.01,0.8,4.225,0.0,39.45,9.8,64.6,delivered,customer_not_home,71.81,check,denver-east,downtown,residential,standard,delivered,2025-04-24 01:30:00,2025-04-24 01:30:00,3.0,0.0,271.0,Other,Other,Other,Other,Other,Downtown,side_entrance,residential,standard,rain,Other,Other,Other,delivered,customer_not_home,check,denver-east,downtown,residential,standard,delivered,1.0,7320.0,238.61478508557582,0.6053542918620024,1.0139886062163923,1.0139886062163923,0.9655698960903104,1.823436394270515,0.6626345475706247,0.4824657380521539,0.0,22.87375081313029,1.3914193805498154,64.6,2650.1480500000002,2.7580025035383304,0.0,171.42082829752027
S-00331,R-124,D-043,V-038,Denver-East,Campus,leave_at_door,business,standard,0,rain,2024/12/15 18:30:00 MST,2024/12/15 18:30:00 MST,115.0,2025-09-27 18:44:00,704.0,3.0,11.94,11.94,3.573,13.03,1.39,0.0,0.0,46.38,11.1,79.5,DELIVERED,customer_not_home,91.55,check,denver-east,campus,business,standard,delivered,2024-12-15 18:30:00,2024-12-15 18:30:00,6.0,1.0,589.0,Other,Other,Other,Other,Denver-East,Campus,leave_at_door,business,standard,rain,Other,Other,Other,Other,customer_not_home,check,denver-east,campus,business,standard,delivered,0.0,6727.5,405.45174238783676,1.0641270562537064,1.7870165758272845,1.7870165758272845,2.7118333481462877,1.8240824317112998,1.0424128048049404,-0.0,0.0,26.127012743176024,1.425040425423931,79.5,4282.251249999999,5.291331975501458,1.0,345.2461534481681
S-00332,R-134,D-031,V-036,Denver-East,Rural,front_desk,business,standard,0,wind,07/05/2025 05:30 PM MST,07/05/2025 05:30 PM MST,116.0,2025-09-28 17:31:00,631.0,1.0,1.4,1.4,5.073,3.65,2.41,0.0,0.0,39.91,15.3,87.1,delivered,customer_not_home,84.37,check,denver-east,rural,business,standard,delivered,2025-07-05 05:30:00,2025-07-05 05:30:00,5.0,1.0,515.0,Other,Other,Other,Other,Denver-East,Rural,front_desk,business,standard,wind,Other,Other,Other,delivered,customer_not_home,check,denver-east,rural,business,standard,delivered,0.0,6844.0,367.3595054137261,0.6053542918620024,0.7699392783478791,0.7699392783478791,3.6213457646934537,1.2312842174455985,1.5835865081329512,0.0,0.0,23.092971835164633,1.50462259538193,87.1,3643.5184500000005,4.46194756940847,1.0,305.89160800116997
S-00333,R-148,D-023,V-028,Denver-East,Suburban,mailroom,business ,expedited,0,clear,10/25/2025 08:00 AM MDT,10/25/2025 08:00 AM MDT,57.0,2025-09-29 07:52:00,52.0,2.0,3.45,3.45,3.838,11.18,0.88,0.0,0.0,23.508750000000003,3.8,100.0,delivered,customer_not_home,97.86,check,denver-east,suburban,business,expedited,delivered,2025-10-25 08:00:00,2025-10-25 08:00:00,5.0,1.0,0.0,Other,Other,Other,Other,Denver-East,Suburban,mailroom,Other,expedited,clear,Other,Other,Other,delivered,customer_not_home,check,denver-east,suburban,business,expedited,delivered,0.0,1681.5,38.48073686402314,0.8890149625568643,1.2033767939399758,1.2033767939399758,2.8783610657548375,1.758681443309639,0.718126772520019,0.0,0.0,15.465450381977988,1.087129070824723,100.0,4886.1498,4.46194756940847,1.0,0.0
S-00334,R-123,D-036,V-022,Denver-West,Downtown,mailroom,business,standard,1,clear,11/14/2025 04:45 PM MST,11/14/2025 04:45 PM MST,136.0,2025-09-30 16:24:00,564.0,5.0,15.103750000000002,15.103750000000002,3.458,29.35625,1.77,0.0,0.0,45.43,4.8,72.0,delivered,customer_not_home,89.0,check,denver-west,downtown,business,standard,delivered,2025-11-14 04:45:00,2025-11-14 04:45:00,4.0,0.0,428.0,Other,Other,Other,Other,Denver-West,Downtown,mailroom,business,standard,clear,Other,Other,Other,delivered,customer_not_home,check,denver-west,downtown,business,standard,delivered,1.0,9384.0,332.0091847871978,1.2791016451735329,1.89757286074494,1.89757286074494,2.63867048983592,2.174936732084451,1.2577848943378716,-0.0,0.0,25.686983480429017,1.1695452014626002,72.0,4049.5,3.618555125115471,0.0,258.8863179377542
S-00335,R-118,D-045,V-030,Denver-East,Industrial,garage,business,Standard,1,snow,25-Mar-2025 17:50,25-Mar-2025 17:50,120.0,2025-10-01 18:00:00,660.0,1.0,5.49,5.49,9.641375,29.35625,3.44,0.0,0.0,50.93,7.5,66.3,failed ,customer_not_home,62.81,check,denver-east,industrial,business,standard,failed,2025-03-25 17:50:00,2025-03-25 17:50:00,1.0,0.0,540.0,Other,Other,Other,Other,Denver-East,Industrial,garage,business,Other,snow,Other,Other,Other,Other,customer_not_home,check,denver-east,industrial,business,standard,failed,1.0,7320.0,382.5420704734238,0.6053542918620024,1.4313560031591743,1.4313560031591743,6.519421672746649,2.269540407200804,2.221878212513562,0.0,0.0,28.210809176108903,1.3140056594299647,66.3,2035.35805,0.962295536748461,0.0,319.2464872115681
S-00336,R-115,D-020,V-017,Boulder,Suburban,mailroom,business,expedited,1,clear,12/24/2025 11:10 AM MST,12/24/2025 11:10 AM MST,58.0,2025-10-02 10:53:00,233.0,3.0,6.65,6.65,1.077,21.7,0.67,0.0,0.0,52.31,5.8,91.1,delivered,customer_not_home,80.54,check,boulder,suburban,business,expedited,delivered,2025-12-24 11:10:00,2025-12-24 11:10:00,2.0,0.0,175.0,Other,Other,Other,Other,Boulder,Suburban,mailroom,business,expedited,clear,Other,Other,Other,delivered,customer_not_home,check,boulder,suburban,business,expedited,delivered,1.0,1740.0,149.56755336612133,1.0641270562537064,1.5229092645621325,1.5229092645621325,0.9543378457874392,2.0269489260314293,0.5692099476746609,0.0,0.0,28.83548098205505,1.2330350111526296,91.1,3323.8858000000005,1.875417088358097,0.0,115.49435024314043
S-00337,R-121,D-008,V-013,Fort-Collins,Campus,garage,business,same_day,0,clear,2025/12/30 08:30:00 MDT,2025/12/30 08:30:00 MDT,51.0,2025-10-03 08:24:00,84.0,1.0,3.27,3.27,1.148,6.47,0.69,0.0,0.0,46.83,12.5,49.5,delivered,customer_not_home,77.34,check,fort-collins,campus,business,same_day,delivered,2025-12-30 08:30:00,2025-12-30 08:30:00,1.0,0.0,33.0,Other,Other,Other,Other,Fort-Collins,Campus,garage,business,same_day,clear,Other,Other,Other,delivered,customer_not_home,check,fort-collins,campus,business,same_day,delivered,0.0,1351.5,59.45567425211121,0.6053542918620024,1.1768287636014465,1.1768287636014465,1.0110697428344477,1.5099307542892901,0.5838602601779352,0.0,0.0,26.334830373283214,1.4556689460481826,49.5,3068.0778000000005,0.962295536748461,0.0,25.44035555470139
S-00338,R-149,D-008,V-035,Fort-Collins,Rural,side_entrance,residential,standard,1,clear,2025-04-05 13:15 MST,2025-04-05 13:15 MST,124.0,2025-10-04 13:22:00,382.0,1.0,4.86,4.86,4.905,24.0,1.08,0.0,0.0,39.89,14.3,63.0,delivered,customer_not_home,79.14,check,fort-collins,rural,residential,standard,delivered,2025-04-05 13:15:00,2025-04-05 13:15:00,5.0,1.0,258.0,Other,Other,Other,Other,Fort-Collins,Rural,side_entrance,residential,standard,clear,Other,Other,Other,delivered,customer_not_home,check,fort-collins,rural,residential,standard,delivered,1.0,7812.0,233.65553039729286,0.6053542918620024,1.372189437649417,1.372189437649417,3.5231464309022655,2.064230707522748,0.8509298998381457,-0.0,0.0,23.083450774439203,1.4886900074350864,63.0,3210.7098,4.46194756940847,1.0,163.98136384553047
S-00339,R-113,D-045,V-012,Fort-Collins,Industrial,rear_loading_dock,residential,standard,0,clear,2025-11-02 16:40 MST,2025-11-02 16:40 MST,121.0,2025-10-05 16:39:00,579.0,2.0,6.22,6.22,3.095,11.39,1.2,0.0,0.0,40.61,4.1,47.2,delivered,customer_not_home,81.22,check,fort-collins,industrial,residential,standard,delivered,2025-11-02 16:40:00,2025-11-02 16:40:00,6.0,1.0,458.0,Other,Other,Other,Other,Fort-Collins,Industrial,Other,residential,standard,clear,Other,Other,Other,delivered,customer_not_home,check,fort-collins,industrial,residential,standard,delivered,0.0,7441.5,339.9582320006805,0.8890149625568643,1.4912147404112122,1.4912147404112122,2.403906781000901,1.7667361067100869,0.9269603605568231,0.0,0.0,23.425626367786645,1.1143851144599046,47.2,3379.5642,5.291331975501458,1.0,275.1939929659605
S-00340,R-118,D-014,V-031,Fort-Collins,Industrial,side_entrance,residential,standard,0,clear,03/26/2025 02:20 PM,03/26/2025 02:20 PM,103.0,2025-10-06 14:15:00,435.0,2.0,1.98,1.98,7.268,29.35625,2.24,1.13,0.0,51.3,10.2,74.7,delivered,customer_not_home,83.0,check,fort-collins,industrial,residential,standard,delivered,2025-03-26 02:20:00,2025-03-26 02:20:00,2.0,0.0,332.0,Other,Other,Other,Other,Fort-Collins,Industrial,side_entrance,residential,standard,clear,Other,Other,Other,delivered,customer_not_home,check,fort-collins,industrial,residential,standard,delivered,0.0,5407.5,262.70136544367296,0.8890149625568643,0.9311073172884108,0.9311073172884108,4.8387546015939735,2.169759839257221,1.5009029125949005,0.3897925896537283,0.0,28.378615913854482,1.402385695332803,74.7,3527.5,1.875417088358097,0.0,205.88267140086123
S-00341,R-149,D-047,V-038,Boulder,Suburban,front_desk,business,standard,0,rain,2025/05/10 13:30:00 MDT,2025/05/10 13:30:00 MDT,101.0,2025-10-07 13:33:00,393.0,6.0,8.66,8.66,3.569,18.47,1.45,0.0,118.12,32.94,7.3,69.7,delivered,customer_not_home,89.18,check,boulder,suburban,business,standard,delivered,2025-05-10 13:30:00,2025-05-10 13:30:00,5.0,1.0,292.0,Other,Other,Other,Other,Boulder,Suburban,front_desk,business,standard,rain,Other,Other,Other,delivered,customer_not_home,check,boulder,suburban,business,standard,delivered,0.0,5201.5,239.71528697413495,1.352108625101415,1.6452821630577432,1.6452821630577432,2.709297888923124,1.9653873144917082,1.077720771647694,0.0,118.12,19.714257402166574,1.3057898654993767,69.7,4065.7162000000008,4.46194756940847,1.0,183.36424138936084
S-00342,R-119,D-034,V-039,Dnvr-East,Suburban,mailroom,residential,standard,0,wind,2025/06/08 10:15:00 MST,2025/06/08 10:15:00 MST,123.0,2025-10-08 10:17:00,197.0,1.0,6.2,6.2,2.995,21.36,1.69,0.0,0.0,45.16,9.0,58.3,delivered,customer_not_home,74.18,check,denver-east,suburban,residential,standard,delivered,2025-06-08 10:15:00,2025-06-08 10:15:00,6.0,1.0,74.0,Other,Other,Other,Other,Other,Suburban,mailroom,residential,standard,wind,Other,Other,Other,delivered,customer_not_home,check,denver-east,suburban,residential,standard,delivered,0.0,7687.5,128.53400523368626,0.6053542918620024,1.489681131696128,1.489681131696128,2.3381517850053037,2.0210210148207133,1.2139916300986981,0.0,0.0,25.561595157363826,1.367544467966324,58.3,2825.5162000000005,5.291331975501458,1.0,53.00326148827009
S-00343,R-119,D-007,V-013,Colorado-Springs,Suburban,front_desk,Business,standard,1,fog,2025/07/22 14:15:00 MST,2025/07/22 14:15:00 MST,135.0,2025-10-09 14:16:00,436.0,3.0,2.48,2.48,1.993,14.55,0.67,0.0,0.0,46.87,18.9,73.3,delivered,customer_not_home,84.23,check,colorado-springs,suburban,business,standard,delivered,2025-07-22 14:15:00,2025-07-22 14:15:00,1.0,0.0,301.0,Other,Other,Other,Other,Colorado-Springs,Suburban,front_desk,Other,standard,fog,Other,Other,Other,delivered,customer_not_home,check,colorado-springs,suburban,business,standard,delivered,1.0,9247.5,263.24587008454057,1.0641270562537064,1.040328489791634,1.040328489791634,1.6487769315726397,1.869944868874115,0.5692099476746609,-0.0,0.0,26.353284079652255,1.5516641603377797,73.3,3631.5764500000005,0.962295536748461,0.0,188.45632626894798
S-00344,R-112,D-015,V-024,Colorado Springs,Suburban,call_on_arrival,Biz,standard,0,clear,2025/09/04 14:40:00 MST,2025/09/04 14:40:00 MST,110.0,2025-10-10 14:42:00,462.0,1.0,1.73,1.73,9.641375,5.2,3.4,4.225,0.0,43.37,3.7,54.2,delivered,customer_not_home,96.4,check,colorado-springs,suburban,business,standard,delivered,2025-09-04 14:40:00,2025-09-04 14:40:00,3.0,0.0,352.0,Other,Other,Other,Other,Other,Suburban,call_on_arrival,Other,standard,clear,Other,Other,Other,delivered,customer_not_home,check,colorado-springs,suburban,business,standard,delivered,0.0,6160.0,277.3601505553569,0.6053542918620024,0.8671239195523159,0.8671239195523159,6.519421672746649,1.4050926643464983,2.021901305659858,0.4874422658170941,0.0,24.726555082563202,1.077468791971115,54.2,4742.88,2.7580025035383304,0.0,217.0386417966705
S-00345,R-146,D-020,V-001,Denver-East,Industrial,leave_at_door,residential,expedited,1,clear,10/08/2025 12:40 PM ,10/08/2025 12:40 PM ,52.0,2025-10-11 12:51:00,351.0,4.0,7.62,7.62,4.345,20.94,2.05,0.0,0.0,43.96,6.1,50.8,delivered,customer_not_home,77.3,check,denver-east,industrial,residential,expedited,delivered,2025-10-08 12:40:00,2025-10-08 12:40:00,2.0,0.0,299.0,Other,Other,Other,Other,Denver-East,Industrial,leave_at_door,residential,expedited,clear,Other,Other,Other,delivered,customer_not_home,check,denver-east,industrial,residential,expedited,delivered,1.0,1404.0,216.48237376266275,1.1867360977981165,1.5866001710962594,1.5866001710962594,3.189550091727482,2.01353444473034,1.4053498444322063,-0.0,0.0,25.002523448337808,1.2494133749591985,50.8,3064.9449999999997,1.875417088358097,0.0,187.32607908411958
S-00346,R-118,D-035,V-009,Boulder,Suburban,leave_at_door,residential ,standard,1,clear,2025-05-08 20:50,2025-05-08 20:50,126.0,2025-10-12 20:48:00,828.0,2.0,6.92,6.92,4.966,12.13,1.69,1.0,0.0,56.44,17.3,65.8,delivered,customer_not_home,84.1,check,boulder,suburban,residential,standard,delivered,2025-05-08 20:50:00,2025-05-08 20:50:00,3.0,0.0,702.0,Other,Other,Other,Other,Boulder,Suburban,leave_at_door,Other,standard,clear,Other,Other,Other,delivered,customer_not_home,check,boulder,suburban,residential,standard,delivered,1.0,8064.0,469.27725072307226,0.8890149625568643,1.541650259883463,1.541650259883463,3.5588978584359947,1.793763731813123,1.2139916300986981,0.375,0.0,30.686076358336972,1.5324754177878157,65.8,3620.5049999999997,2.7580025035383304,0.0,404.4135621783105
S-00347,R-136,D-003,V-004,Boulder,Suburban,leave_at_door,residential,standard,0,rain,07-Jul-2025 11:50,07-Jul-2025 11:50,119.0,2025-10-13 11:59:00,299.0,1.0,2.41,2.41,6.024,5.73,3.04,0.0,0.0,65.04,7.8,96.1,delivered,customer_not_home,81.75,check,boulder,suburban,residential,standard,delivered,2025-07-07 11:50:00,2025-07-07 11:50:00,0.0,0.0,180.0,Other,Other,Other,Other,Boulder,Suburban,leave_at_door,residential,standard,rain,Other,Other,Other,delivered,customer_not_home,check,boulder,suburban,residential,standard,delivered,0.0,7199.5,187.32607908411958,0.6053542918620024,1.026307638410931,1.026307638410931,4.162706905756788,1.4519632837163212,1.8701118714911191,0.0,0.0,34.457189196170646,1.325800137536758,96.1,3423.28125,0.0,0.0,118.47154841883611
S-00348,R-141,D-019,V-009,Denver-East,Downtown,garage,residential,expedited,0,clear,20-Aug-2025 07:10,20-Aug-2025 07:10,54.0,2025-10-14 07:08:00,8.0,2.0,4.83,4.83,-2.3496249999999996,16.37,1.33,0.0,0.0,45.165,8.6,48.8,delivered,address_issue,82.82,check,denver-east,downtown,residential,expedited,delivered,2025-08-20 07:10:00,2025-08-20 07:10:00,2.0,0.0,0.0,Other,Other,Other,Other,Denver-East,Downtown,garage,residential,expedited,clear,Other,Other,Other,delivered,address_issue,check,denver-east,downtown,residential,expedited,delivered,0.0,1512.0,6.9163045064911985,0.8890149625568643,1.3691673795467338,1.3691673795467338,-1.0976083387537812,1.9177390512687114,1.0065689030876825,-0.0,0.0,25.563918468834125,1.3545027756320973,48.8,3512.396199999999,1.875417088358097,0.0,0.0
S-00349,R-107,D-056,V-032,Boulder,Suburban,garage,business ,standard,0,clear,16-Feb-2025 11:10,16-Feb-2025 11:10,120.0,2025-10-15 11:06:00,246.0,4.0,5.88,5.88,2.514,29.35625,0.86,0.0,0.0,45.37,3.9,63.4,failed,customer_not_home,62.34,check,boulder,suburban,business,standard,failed,2025-02-16 11:10:00,2025-02-16 11:10:00,6.0,1.0,126.0,Other,Other,Other,Other,Boulder,Suburban,garage,Other,standard,clear,Other,Other,Other,failed,customer_not_home,check,boulder,suburban,business,standard,failed,0.0,7320.0,157.08097327931767,1.1867360977981165,1.4643638346618075,1.4643638346618075,2.014636026752766,2.141810978601143,0.7043886615883215,-0.0,0.0,25.659132039969617,1.0964920970947487,63.4,2005.4778000000001,5.291331975501458,1.0,85.82112270386673
S-00350,R-137,D-056,V-001,Denver-East,Suburban,leave_at_door,business,standard,0,clear,2025/12/03 12:15:00 MDT,2025/12/03 12:15:00 MDT,117.0,2025-10-16 12:25:00,325.0,4.0,13.82,13.82,6.334,12.11,2.79,0.0,0.0,38.96,7.6,71.4,delivered,customer_not_home,90.73,check,denver-east,suburban,business,standard,delivered,2025-12-03 12:15:00,2025-12-03 12:15:00,2.0,0.0,208.0,Other,Other,Other,Other,Denver-East,Suburban,leave_at_door,business,standard,clear,Other,Other,Other,delivered,customer_not_home,check,denver-east,suburban,business,standard,delivered,0.0,6961.5,201.96242471343558,1.1867360977981165,1.8486826442686717,1.8486826442686717,4.3343220735476375,1.7930594991961142,1.7598635937063278,0.0,0.0,22.639683531284636,1.3180056605295265,71.4,4206.69645,1.875417088358097,0.0,134.998611235957
S-00351,R-131,D-019,V-031,Dnvr-East,Campus,call_on_arrival,business,expedited,0,clear,2024/12/26 12:50:00 MDT,2024/12/26 12:50:00 MDT,64.0,2025-10-17 12:37:00,337.0,4.0,15.103750000000002,15.103750000000002,1.491,7.39,0.84,0.0,0.0,66.79875,4.0,61.1,failed,customer_not_home,50.19,check,denver-east,campus,business,expedited,failed,2024-12-26 12:50:00,2024-12-26 12:50:00,3.0,0.0,273.0,Other,Other,Other,Other,Other,Campus,call_on_arrival,business,expedited,clear,Other,Other,Other,failed,customer_not_home,check,denver-east,campus,business,expedited,failed,0.0,2112.0,208.67779613939956,1.1867360977981165,1.9832099448641047,1.9832099448641047,1.2776514997709842,1.5723706332637197,0.690561628919346,-0.0,0.0,35.44004962440591,1.1055728090000843,61.1,1309.70805,2.7580025035383304,0.0,172.56216514322148
S-00352,R-112,D-029,V-022,Fort-Collins,Suburban,side_entrance,residential,expedited,0,clear,2025-10-04 09:45 MDT,2025-10-04 09:45 MDT,58.0,2025-10-18 09:38:00,158.0,2.0,3.58,3.58,2.091,5.53,1.07,0.0,0.0,62.19,2.4,51.7,failed,customer_not_home,55.85,check,fort-collins,suburban,residential,expedited,failed,2025-10-04 09:45:00,2025-10-04 09:45:00,5.0,1.0,100.0,Other,Other,Other,Other,Fort-Collins,Suburban,side_entrance,residential,expedited,clear,Other,Other,Other,failed,customer_not_home,check,fort-collins,suburban,residential,expedited,failed,0.0,1740.0,105.30684229104159,0.8890149625568643,1.2216971171384368,1.2216971171384368,1.718968611683394,1.4348587338599295,0.8444764856012952,0.0,0.0,33.21900105366629,1.0264754257495845,51.7,1615.46125,4.46194756940847,1.0,69.62590351432686
S-00353,R-156,D-004,V-017,Denver-West,Suburban,garage,residential,SAME_DAY,1,fog,2025-02-08 17:35 MST,2025-02-08 17:35 MST,41.0,2025-10-19 17:32:00,632.0,3.0,3.64,3.64,4.821,25.57,2.21,2.66,0.0,35.77,13.0,79.9,failed,customer_not_home,64.88,check,denver-west,suburban,residential,same_day,failed,2025-02-08 17:35:00,2025-02-08 17:35:00,5.0,1.0,591.0,Other,Other,Other,Other,Denver-West,Suburban,garage,residential,Other,fog,Other,Other,Other,failed,customer_not_home,check,denver-west,suburban,residential,same_day,failed,1.0,881.5,367.8841847397393,1.0641270562537064,1.229926157886041,1.229926157886041,3.473733027610219,2.0872092803459936,1.4860433876082588,0.46267431096778044,0.0,21.10140958083891,1.4654775161751512,79.9,2169.5871999999995,4.46194756940847,1.0,346.30265775154874
S-00354,R-153,D-031,V-008,Colorado-Springs,Downtown,side_entrance,res,standard,0,rain,07-Mar-2025 18:50 MDT,07-Mar-2025 18:50 MDT,128.0,2025-10-20 19:06:00,726.0,2.0,3.91,3.91,1.644,5.84,0.79,1.33,0.0,48.64,6.0,71.7,delivered ,customer_not_home,92.96,check,colorado-springs,downtown,residential,standard,delivered,2025-03-07 18:50:00,2025-03-07 18:50:00,4.0,0.0,598.0,Other,Other,Other,Other,Colorado-Springs,Downtown,side_entrance,Other,standard,rain,Other,Other,Other,Other,customer_not_home,check,colorado-springs,downtown,residential,standard,delivered,0.0,8320.0,416.85248807166647,0.8890149625568643,1.2653154137506746,1.2653154137506746,1.392960541756131,1.4610916298383585,0.6555947225045738,0.4079003112969478,0.0,27.166817050560116,1.2440710539815454,71.7,4413.7408,3.618555125115471,0.0,349.99762113091447
S-00355,R-132,D-005,V-026,Denver-East,Suburban,side_entrance,residential,standard,0,wind,2025-09-24 18:20 MDT,2025-09-24 18:20 MDT,109.0,2025-10-21 18:27:00,687.0,1.0,4.2,4.2,3.982,19.14,1.65,0.0,0.0,44.72,16.4,100.0,rescheduled,customer_not_home,58.19,check,denver-east,suburban,residential,standard,rescheduled,2025-09-24 18:20:00,2025-09-24 18:20:00,2.0,0.0,578.0,Other,Other,Other,Other,Denver-East,Suburban,side_entrance,residential,standard,wind,Other,Other,Other,rescheduled,customer_not_home,check,denver-east,suburban,residential,standard,rescheduled,0.0,6049.5,396.6177301778599,0.6053542918620024,1.3006124816537112,1.3006124816537112,2.9677006886691992,1.9792016319481818,1.1918016387204051,-0.0,0.0,25.356943683499104,1.5205366985146158,100.0,1751.22805,1.875417088358097,0.0,339.42894081478147
S-00356,R-141,D-005,V-037,Fort-Collins,Downtown,leave_at_door,residential,standard,0,wind,2025/05/12 13:00:00 MDT,2025/05/12 13:00:00 MDT,134.0,2025-10-22 13:01:00,361.0,2.0,7.11,7.11,3.706,12.42,1.41,0.0,0.0,41.38,12.2,46.1,delivered,customer_not_home,89.79,check,fort-collins,downtown,residential,standard,delivered,2025-05-12 13:00:00,2025-05-12 13:00:00,0.0,0.0,227.0,Other,Other,Other,Other,Fort-Collins,Downtown,leave_at_door,residential,standard,wind,Other,Other,Other,delivered,customer_not_home,check,fort-collins,downtown,residential,standard,delivered,0.0,9112.0,222.03802200319728,0.8890149625568643,1.554347502648916,1.554347502648916,2.7957631286381934,1.8038209745348268,1.0542406180061954,-0.0,0.0,23.790256595069764,1.4495181174368197,46.1,4120.912050000001,0.0,0.0,146.0858529823217
S-00357,R-110,D-044,V-004,Fort-Collins,Rural,front_desk,residential ,expedited,0,clear,12/12/2025 11:05 AM MST,12/12/2025 11:05 AM MST,64.0,2025-10-23 11:02:00,242.0,1.0,4.12,4.12,2.63,7.0,1.11,3.54,0.0,43.09,22.5,35.3,delivered,customer_not_home,81.43,check,fort-collins,rural,residential,expedited,delivered,2025-12-12 11:05:00,2025-12-12 11:05:00,4.0,0.0,178.0,Other,Other,Other,Other,Fort-Collins,Rural,front_desk,Other,expedited,clear,Other,Other,Other,delivered,customer_not_home,check,fort-collins,rural,residential,expedited,delivered,0.0,2112.0,154.77346157008807,0.6053542918620024,1.2911357544187922,1.2911357544187922,2.0938117424033895,1.5470442291061783,0.8701791758851377,0.4757418152884783,0.0,24.595330615543723,1.5874315014964826,35.3,3396.8524500000008,3.618555125115471,0.0,117.28166889524314
S-00358,R-120,D-010,V-037,Boulder,Campus,leave_at_door,business,standard,0,clear,2025-07-17 14:35 MDT,2025-07-17 14:35 MDT,116.0,2025-10-24 14:44:00,464.0,6.0,10.68,10.68,6.511,16.27,2.35,0.0,0.0,53.13,11.1,62.9,failed,customer_not_home,65.55,check,boulder,campus,business,standard,failed,2025-07-17 14:35:00,2025-07-17 14:35:00,3.0,0.0,348.0,Other,Other,Other,Other,Boulder,Campus,leave_at_door,business,standard,clear,Other,Other,Other,failed,customer_not_home,check,boulder,campus,business,standard,failed,0.0,6844.0,278.4425267564753,1.352108625101415,1.7387548762024718,1.7387548762024718,4.431331116000141,1.9152849665584522,1.5546925722658886,0.0,0.0,29.205128388587934,1.425040425423931,62.9,2213.9512499999996,2.7580025035383304,0.0,214.81261935589674
S-00359,R-108,D-006,V-016,Colorado-Springs,Suburban,leave_at_door,residential,standard,0,wind,02/17/2025 01:15 PM MST,02/17/2025 01:15 PM MST,125.0,2025-10-25 13:15:00,375.0,2.0,10.76,10.76,7.003,3.69,3.06,3.83,0.0,41.61,12.4,54.0,delivered,customer_not_home,94.49,check,colorado-springs,suburban,residential,standard,delivered,2025-02-17 01:15:00,2025-02-17 01:15:00,0.0,0.0,250.0,Other,Other,Other,Other,Colorado-Springs,Suburban,leave_at_door,residential,standard,wind,Other,Other,Other,delivered,customer_not_home,check,colorado-springs,suburban,residential,standard,delivered,0.0,7937.5,229.7902808387031,0.8890149625568643,1.742016896152528,1.742016896152528,4.697455927127858,1.23667872761422,1.8787527401790487,0.4785673563691387,0.0,23.89891426720103,1.4536416352918469,54.0,4558.67005,0.0,0.0,159.3847509804015
S-00360,R-139,D-036,V-027,Colorado-Springs,Downtown,front_desk,residential,standard,0,clear,2025-08-02 16:20 MST,2025-08-02 16:20 MST,106.0,2025-10-26 16:15:00,555.0,2.0,3.59,3.59,3.892,11.66,0.96,0.0,0.0,45.53,25.3,77.5,DELIVERED,customer_not_home,77.46,check,colorado-springs,downtown,residential,standard,delivered,2025-08-02 16:20:00,2025-08-02 16:20:00,5.0,1.0,449.0,Other,Other,Other,Other,Colorado-Springs,Downtown,front_desk,residential,standard,clear,Other,Other,Other,Other,customer_not_home,check,colorado-springs,downtown,residential,standard,delivered,0.0,5724.0,327.2296518261745,0.8890149625568643,1.223078325234594,1.223078325234594,2.9119556890754787,1.7768350946496798,0.7722195665196456,-0.0,0.0,25.733386559195985,1.6172204988245236,77.5,3077.4857999999995,4.46194756940847,1.0,270.3132054491561
S-00361,R-115,D-039,V-040,Boulder,Downtown,side_entrance,residential,expedited,0,snow,20-May-2025 15:15 MST,20-May-2025 15:15 MST,53.0,2025-10-27 15:21:00,501.0,2.0,11.92,11.92,3.917,14.22,1.51,2.4,0.0,50.35,25.3,48.4,delivered,customer_not_home,70.82,check,boulder,downtown,residential,expedited,delivered,2025-05-20 15:15:00,2025-05-20 15:15:00,1.0,0.0,448.0,Other,Other,Other,Other,Boulder,Downtown,side_entrance,residential,expedited,snow,Other,Other,Other,delivered,customer_not_home,check,boulder,downtown,residential,expedited,delivered,0.0,1457.5,298.38475756193475,0.8890149625568643,1.7862988607945025,1.7862988607945025,2.927471045984892,1.8604974736644002,1.1125136541670613,0.45674740484429066,0.0,27.947278428116423,1.6279673340978378,48.4,2578.5561999999995,0.962295536748461,0.0,269.77029645031655
S-00362,R-125,D-050,V-034,Fort-Collins,Campus,garage,residential,standard,0,clear,2025-07-31 12:50 MST,2025-07-31 12:50 MST,109.0,2025-10-28 12:45:00,345.0,2.0,6.39,6.39,0.938,12.71,0.62,3.03,0.0,45.7,4.9,56.5,delivered,customer_not_home,84.41,check,fort-collins,campus,residential,standard,delivered,2025-07-31 12:50:00,2025-07-31 12:50:00,3.0,0.0,236.0,Other,Other,Other,Other,Fort-Collins,Campus,garage,residential,standard,clear,Other,Other,Other,delivered,customer_not_home,check,fort-collins,campus,residential,standard,delivered,0.0,6049.5,213.14142899450383,0.8890149625568643,1.504031314109194,1.504031314109194,0.8415526799738345,1.8135995814910266,0.5321174128098967,0.4692135288069011,0.0,25.81222605558459,1.1766130304073816,56.5,3646.93405,2.7580025035383304,0.0,151.30504405775264
S-00363,R-120,D-029,V-029,Boulder ,Campus,side_entrance,business,standard,1,clear,2025-12-10 12:30 ,2025-12-10 12:30 ,125.0,2025-10-29 12:32:00,332.0,5.0,8.67,8.67,6.59,12.89,1.49,0.0,0.0,35.48,15.2,58.7,delivered,customer_not_home,93.63,check,boulder,campus,business,standard,delivered,2025-12-10 12:30:00,2025-12-10 12:30:00,2.0,0.0,207.0,Other,Other,Other,Other,Other,Campus,side_entrance,business,standard,clear,Other,Other,Other,delivered,customer_not_home,check,boulder,campus,business,standard,delivered,1.0,7937.5,205.88267140086123,1.2791016451735329,1.6458060500821967,1.6458060500821967,4.474407094378836,1.8195348298705354,1.1009720253730888,0.0,0.0,20.960271975836665,1.5030960050000468,58.7,4476.918449999999,1.875417088358097,0.0,134.41235234802937
S-00364,R-128,D-056,V-038,Fort-Collins,Downtown,front_desk,residential,expedited,0,rain,08/18/2025 02:10 PM MDT,08/18/2025 02:10 PM MDT,55.0,2025-10-30 14:10:00,430.0,1.0,5.51,5.51,1.166,9.81,0.6,0.0,0.0,36.39,6.5,31.8,delivered,customer_not_home,78.04,check,fort-collins,downtown,residential,expedited,delivered,2025-08-18 02:10:00,2025-08-18 02:10:00,0.0,0.0,375.0,Other,Other,Other,Other,Fort-Collins,Downtown,front_desk,residential,expedited,rain,Other,Other,Other,delivered,customer_not_home,check,fort-collins,downtown,residential,expedited,delivered,0.0,1567.5,259.97696238642743,0.6053542918620024,1.4331108658641427,1.4331108658641427,1.0253625637781154,1.7012924376938134,0.5170881682725815,0.0,0.0,21.402408515602282,1.2697032566597786,31.8,3123.1608000000006,0.0,0.0,229.7902808387031
S-00365,R-140,D-020,V-037,Boulder,Suburban,garage,residential,same_day,0,rain,22-Oct-2025 14:05 MDT,22-Oct-2025 14:05 MDT,48.0,2025-10-31 14:01:00,421.0,3.0,7.84,7.84,2.779,7.95,1.23,2.34,0.0,50.97,13.1,66.0,delivered,customer_not_home,83.76,check,boulder,suburban,residential,same_day,delivered,2025-10-22 14:05:00,2025-10-22 14:05:00,2.0,0.0,373.0,Other,Other,Other,Other,Boulder,Suburban,garage,residential,same_day,rain,Other,Other,Other,delivered,customer_not_home,check,boulder,suburban,residential,same_day,delivered,0.0,1200.0,255.0650400405971,1.0641270562537064,1.5997566152671379,1.5997566152671379,2.194407301158496,1.6061762633550842,0.9455769535102806,0.45517946143640864,0.0,28.228961945208297,1.4673763587086925,66.0,3591.6288000000004,1.875417088358097,0.0,228.68460727593126
S-00366,R-148,D-004,V-040,Boulder,Rural,call_on_arrival,business,expedited,0,rain,2025/10/12 11:55:00 ,2025/10/12 11:55:00 ,52.0,2025-11-01 11:59:00,299.0,3.0,11.8,11.8,2.054,14.36,0.91,0.0,0.0,44.15,8.2,64.1,delivered,customer_not_home,79.89,check,boulder,rural,business,expedited,delivered,2025-10-12 11:55:00,2025-10-12 11:55:00,6.0,1.0,247.0,Other,Other,Other,Other,Boulder,Rural,call_on_arrival,business,expedited,rain,Other,Other,Other,delivered,customer_not_home,check,boulder,rural,business,expedited,delivered,0.0,1404.0,187.32607908411958,1.0641270562537064,1.7819620278032757,1.7819620278032757,1.6925472509820914,1.8645376734458685,0.7385704998575942,-0.0,0.0,25.091240087139397,1.340619526604213,64.1,3271.09605,5.291331975501458,1.0,157.65726517496057
S-00367,R-141,D-007,V-014,Colorado-Springs,Downtown,garage,business,standard,0,clear,02/25/2025 09:40 AM,02/25/2025 09:40 AM,134.0,2025-11-02 09:45:00,165.0,2.0,3.94,3.94,5.711,4.34,2.05,3.34,0.0,48.78,5.7,85.3,delivered,customer_not_home,91.69,check,colorado-springs,downtown,business,standard,delivered,2025-02-25 09:40:00,2025-02-25 09:40:00,1.0,0.0,31.0,Other,Other,Other,Other,Colorado-Springs,Downtown,garage,business,standard,clear,Other,Other,Other,delivered,customer_not_home,check,colorado-springs,downtown,business,standard,delivered,0.0,9112.0,109.51426743176172,0.8890149625568643,1.2690910935557749,1.2690910935557749,3.9871089726901165,1.3167490961116823,1.4053498444322063,0.4734545222875831,0.0,27.230914288805657,1.2273325907137442,85.3,4295.2180499999995,0.962295536748461,0.0,24.030463331077264
S-00368,R-143,D-014,V-017,Boulder,Suburban,mailroom,residential,standard,0,rain,07/02/2025 09:50 AM,07/02/2025 09:50 AM,121.0,2025-11-03 09:42:00,162.0,2.0,8.67,8.67,2.97,7.94,1.64,0.0,0.0,43.29,11.1,90.9,delivered,customer_not_home,76.89,check,boulder,suburban,residential,standard,delivered,2025-07-02 09:50:00,2025-07-02 09:50:00,2.0,0.0,41.0,Other,Other,Other,Other,Boulder,Suburban,mailroom,residential,standard,rain,Other,Other,Other,delivered,customer_not_home,check,boulder,suburban,residential,standard,delivered,0.0,7441.5,107.71330220897006,0.8890149625568643,1.6458060500821967,1.6458060500821967,2.321636215598857,1.6055969072080392,1.1862227866919417,-0.0,0.0,24.68907932205652,1.425040425423931,90.9,3032.92605,1.875417088358097,0.0,31.001960807229775
S-00369,R-116,D-006,V-011,Fort-Collins,Suburban,garage,residential,standard,1,clear,29-Aug-2025 13:30 MDT,29-Aug-2025 13:30 MDT,120.0,2025-11-04 13:29:00,389.0,1.0,4.26,4.26,5.39,25.05,1.84,0.0,0.0,42.59,4.4,85.0,delivered,customer_not_home,83.13,check,fort-collins,suburban,residential,standard,delivered,2025-08-29 13:30:00,2025-08-29 13:30:00,4.0,0.0,269.0,Other,Other,Other,Other,Fort-Collins,Suburban,garage,residential,standard,clear,Other,Other,Other,delivered,customer_not_home,check,fort-collins,suburban,residential,standard,delivered,1.0,7320.0,237.513721570643,0.6053542918620024,1.3075965129367384,1.3075965129367384,3.8044505732113407,2.079798441361958,1.2954855705563366,-0.0,0.0,24.360585556372367,1.1393370341761297,85.0,3538.4284499999994,3.618555125115471,0.0,170.27865191699217
S-00370,R-105,D-012,V-036,Denver-East,Industrial,mailroom,residential,standard,1,clear,31-Oct-2025 12:40 MDT,31-Oct-2025 12:40 MDT,118.0,2025-11-05 12:43:00,343.0,1.0,3.76,3.76,4.375,12.91,2.03,3.22,118.12,36.75,14.4,93.5,delivered,customer_not_home,81.82,check,denver-east,industrial,residential,standard,delivered,2025-10-31 12:40:00,2025-10-31 12:40:00,4.0,0.0,225.0,Other,Other,Other,Other,Denver-East,Industrial,mailroom,residential,standard,clear,Other,Other,Other,delivered,customer_not_home,check,denver-east,industrial,residential,standard,delivered,1.0,7080.0,212.02649757830298,0.6053542918620024,1.2459766851562553,1.2459766851562553,3.207679016168652,1.8201881271766158,1.39508608185324,0.4719233620089396,118.12,21.576723475573637,1.4903528085623745,93.5,3429.0761999999995,3.618555125115471,0.0,144.9232603551406
S-00371,R-127,D-011,V-001,Fort-Collins,Suburban,building_super,business,standard,0,clear,11/07/2025 12:00 PM MST,11/07/2025 12:00 PM MST,136.0,2025-11-06 12:09:00,309.0,2.0,12.16,12.16,9.641375,9.54,3.44,0.0,0.0,45.55,9.8,55.7,delivered,customer_not_home,80.61,check,fort-collins,suburban,business,standard,delivered,2025-11-07 12:00:00,2025-11-07 12:00:00,4.0,0.0,173.0,Other,Other,Other,Other,Fort-Collins,Suburban,Other,business,standard,clear,Other,Other,Other,delivered,customer_not_home,check,fort-collins,suburban,business,standard,delivered,0.0,9384.0,192.9698861120183,0.8890149625568643,1.7948174701214072,1.7948174701214072,6.360118651496263,1.6888610351218643,2.221878212513562,-0.0,0.0,25.742664780362908,1.3914193805498154,55.7,3329.59605,3.618555125115471,0.0,114.30111395957849
S-00372,R-131,D-029,V-039,Denver-East,Suburban,front_desk,residential,standard,0,rain,02-Jun-2025 17:30 MST,02-Jun-2025 17:30 MST,124.0,2025-11-07 17:39:00,639.0,3.0,3.2,3.2,6.717,15.71,3.26,3.52,0.0,54.7,8.6,44.7,delivered,customer_not_home,98.43,check,denver-east,suburban,residential,standard,delivered,2025-06-02 17:30:00,2025-06-02 17:30:00,0.0,0.0,515.0,Other,Other,Other,Other,Denver-East,Suburban,front_desk,residential,standard,rain,Other,Other,Other,delivered,customer_not_home,check,denver-east,suburban,residential,standard,delivered,0.0,7812.0,371.5546273667413,1.0641270562537064,1.1661085513671565,1.1661085513671565,4.543375095361837,1.9011922271180608,1.9637909598263996,0.4755266661445689,0.0,29.909764676151788,1.3545027756320973,44.7,4942.662450000001,0.0,0.0,305.89160800116997
S-00373,R-115,D-019,V-003,Denver-East,Industrial,garage,residential,standard,0,rain,04-Jun-2025 12:45 MDT,04-Jun-2025 12:45 MDT,132.0,2025-11-08 12:39:00,339.0,4.0,11.17,11.17,4.385,29.35625,1.65,0.0,0.0,40.11,15.5,62.0,delivered,customer_not_home,79.79,check,denver-east,industrial,residential,standard,delivered,2025-06-04 12:45:00,2025-06-04 12:45:00,2.0,0.0,207.0,Other,Other,Other,Other,Denver-East,Industrial,garage,residential,standard,rain,Other,Other,Other,delivered,customer_not_home,check,denver-east,industrial,residential,standard,delivered,0.0,8844.0,209.79468534884356,1.1867360977981165,1.7582933909079652,1.7582933909079652,3.2137152400841305,2.1494664212260934,1.1918016387204051,-0.0,0.0,23.18813133377463,1.507634036082669,62.0,3263.0120500000007,1.875417088358097,0.0,134.41235234802937
S-00374,R-145,D-019,V-019,Denver-West,Rural,leave_at_door,business ,standard,0,clear,2025-07-29 17:50,2025-07-29 17:50,137.0,2025-11-09 17:42:00,642.0,2.0,7.12,7.12,2.522,6.37,1.08,0.0,0.0,46.49,13.8,74.7,delivered,customer_not_home,81.21,check,denver-west,rural,business,standard,delivered,2025-07-29 17:50:00,2025-07-29 17:50:00,1.0,0.0,505.0,Other,Other,Other,Other,Denver-West,Rural,leave_at_door,Other,standard,clear,Other,Other,Other,delivered,customer_not_home,check,denver-west,rural,business,standard,delivered,0.0,9521.5,373.12644310218906,0.8890149625568643,1.5550050469237289,1.5550050469237289,2.0201213379700156,1.5025434710523025,0.8509298998381457,-0.0,0.0,26.177848925371535,1.4801247550899637,74.7,3378.7420499999994,0.962295536748461,0.0,300.5316835005434
S-00375,R-105,D-056,V-030,Colorado-Springs,Downtown,garage,residential,standard,0,snow,2024/11/30 10:35:00,2024/11/30 10:35:00,108.0,2025-11-10 10:50:00,230.0,3.0,6.66,6.66,1.8,7.58,0.85,4.06,118.12,55.5,4.8,100.0,FAILED,package_damaged,54.07,check,colorado-springs,downtown,residential,standard,failed,2024-11-30 10:35:00,2024-11-30 10:35:00,5.0,1.0,122.0,Other,Other,Other,Other,Colorado-Springs,Downtown,garage,residential,standard,snow,Other,Other,Other,Other,package_damaged,check,colorado-springs,downtown,residential,standard,failed,0.0,5940.0,147.82783362963298,1.0641270562537064,1.5236186321464122,1.5236186321464122,1.5084869705801558,1.5841611633748607,0.6974863564225507,0.48047149619584745,118.12,30.26728299370899,1.1695452014626002,100.0,1515.85245,4.46194756940847,1.0,83.35297566823893
S-00376,R-160,D-044,V-015,Denver-West,Downtown,front_desk,residential,expedited,1,wind,17-Dec-2025 12:05 MDT,17-Dec-2025 12:05 MDT,65.0,2025-11-11 12:02:00,302.0,4.0,6.86,6.86,0.883,10.43,0.57,0.0,0.0,41.74,22.9,86.1,delivered,customer_not_home,82.33,check,denver-west,downtown,residential,expedited,delivered,2025-12-17 12:05:00,2025-12-17 12:05:00,2.0,0.0,237.0,Other,Other,Other,Other,Denver-West,Downtown,front_desk,residential,expedited,wind,Other,Other,Other,delivered,customer_not_home,check,denver-west,downtown,residential,expedited,delivered,1.0,2177.5,189.0211689215116,1.1867360977981165,1.537558084155126,1.537558084155126,0.796260374668242,1.7283708828289701,0.4943314350442247,-0.0,0.0,23.960277564313284,1.5908985251353869,86.1,3471.44445,1.875417088358097,0.0,151.88371766344872
S-00377,R-143,D-017,V-038,Colorado-Springs,Campus,rear_loading_dock,residential,standard,0,clear,09/12/2025 05:20 PM MDT ,09/12/2025 05:20 PM MDT ,125.0,2025-11-12 17:20:00,620.0,1.0,4.08,4.08,3.214,3.83,1.38,2.07,118.12,43.58,10.8,90.3,delivered,customer_not_home,87.4,check,colorado-springs,campus,residential,standard,delivered,2025-09-12 05:20:00,2025-09-12 05:20:00,4.0,0.0,495.0,Other,Other,Other,Other,Colorado-Springs,Campus,Other,residential,standard,clear,Other,Other,Other,delivered,customer_not_home,check,colorado-springs,campus,residential,standard,delivered,0.0,7937.5,361.5825210604601,0.6053542918620024,1.2863249013756601,1.2863249013756601,2.4815309784412496,1.2550985656081926,1.0364766218799306,0.4469490392471008,118.12,24.82486474394268,1.417777490260418,90.3,3906.7800000000007,3.618555125115471,0.0,295.16115506415895
S-00378,R-128,D-052,V-013,Denver East,Suburban,garage,business,expedited,1,clear,05/09/2025 03:45 PM,05/09/2025 03:45 PM,54.0,2025-11-13 15:40:00,520.0,5.0,15.103750000000002,15.103750000000002,1.435,18.84,0.56,0.0,118.12,36.07,13.1,50.0,failed,weather_delay,63.59,check,denver-east,suburban,business,expedited,failed,2025-05-09 03:45:00,2025-05-09 03:45:00,4.0,0.0,466.0,Other,Other,Other,Other,Other,Suburban,garage,business,expedited,clear,Other,Other,Other,failed,weather_delay,check,denver-east,suburban,business,expedited,failed,1.0,1512.0,308.56766471588355,1.2791016451735329,2.1877490816096623,2.1877490816096623,1.2349195851623012,1.9730911311005093,0.48668793796162635,0.0,118.12,21.24717993300701,1.4673763587086925,50.0,2085.4340500000003,3.618555125115471,0.0,279.5244375180375
S-00379,R-115,D-008,V-035,Fort-Collins,Downtown,rear_loading_dock,business ,standard,0,clear,02/14/2025 11:55 AM MDT ,02/14/2025 11:55 AM MDT ,120.0,2025-11-14 11:46:00,286.0,4.0,4.59,4.59,1.793,8.65,0.46,0.0,0.0,60.53,9.8,64.9,delivered,customer_not_home,79.35,check,fort-collins,downtown,business,standard,delivered,2025-02-14 11:55:00,2025-02-14 11:55:00,4.0,0.0,166.0,Other,Other,Other,Other,Fort-Collins,Downtown,Other,Other,standard,clear,Other,Other,Other,delivered,customer_not_home,check,fort-collins,downtown,business,standard,delivered,0.0,7320.0,179.96084681100237,1.1867360977981165,1.344239811728084,1.344239811728084,1.5033451888459954,1.644757570534528,0.40858092081228553,-0.0,0.0,32.49267780707262,1.3914193805498154,64.9,3227.5612499999997,3.618555125115471,0.0,110.11386332280252
S-00380,R-159,D-042,V-010,Boulder,Suburban,garage,residential,Standard,1,clear,21-Dec-2024 14:45,21-Dec-2024 14:45,128.0,2025-11-15 14:29:00,449.0,2.0,3.15,3.15,2.186,19.49,0.79,0.0,0.0,59.91,18.0,60.4,delivered,customer_not_home,83.27,check,boulder,suburban,residential,standard,delivered,2024-12-21 14:45:00,2024-12-21 14:45:00,5.0,1.0,321.0,Other,Other,Other,Other,Boulder,Suburban,garage,residential,Other,clear,Other,Other,Other,delivered,customer_not_home,check,boulder,suburban,residential,standard,delivered,1.0,8320.0,270.3132054491561,0.8890149625568643,1.158308017246299,1.158308017246299,1.786376920587914,1.9861827057663748,0.6555947225045738,-0.0,0.0,32.22039923152652,1.5411685322588764,60.4,3550.2164499999994,4.46194756940847,1.0,199.71851285499002
S-00381,R-105,D-018,V-010,Denver-West,Suburban,side_entrance,residential,expedited,0,fog,2025/11/16 12:00:00 MST,2025/11/16 12:00:00 MST,70.0,2025-11-16 12:01:00,301.0,1.0,6.96,6.96,1.426,5.07,0.86,0.0,0.0,45.165,6.2,76.8,FAILED,weather_delay,58.74,check,denver-west,suburban,residential,expedited,failed,2025-11-16 12:00:00,2025-11-16 12:00:00,6.0,1.0,231.0,Other,Other,Other,Other,Denver-West,Suburban,side_entrance,residential,expedited,fog,Other,Other,Other,Other,weather_delay,check,denver-west,suburban,residential,expedited,failed,0.0,2520.0,188.45632626894798,0.6053542918620024,1.5443560537708843,1.5443560537708843,1.2280245907496168,1.3927953942902547,0.7043886615883215,0.0,0.0,25.563918468834125,1.2546440075000702,76.8,1783.9338,5.291331975501458,1.0,148.40798982935692
S-00382,R-151,D-004,V-011,Denver-East,Downtown,side_entrance,residential,expedited,0,clear,05/02/2025 04:20 PM MDT,05/02/2025 04:20 PM MDT,80.0,2025-11-17 16:07:00,547.0,6.0,15.103750000000002,15.103750000000002,2.088,21.38,1.02,0.0,118.12,27.37,10.6,64.6,failed,security_access,66.21,check,denver-east,downtown,residential,expedited,failed,2025-05-02 04:20:00,2025-05-02 04:20:00,4.0,0.0,467.0,Other,Other,Other,Other,Denver-East,Downtown,side_entrance,residential,expedited,clear,Other,Other,Other,failed,security_access,check,denver-east,downtown,residential,expedited,failed,0.0,3280.0,322.9746818760456,1.352108625101415,2.0155131125117145,2.0155131125117145,1.7168298873950558,2.021372951279315,0.8119254805614244,-0.0,118.12,16.91341398677549,1.4127797804852964,64.6,2258.0920499999997,3.618555125115471,0.0,280.0652190448151
S-00383,R-148,D-020,V-039,Colorado-Springs,Downtown,call_on_arrival,business,same_day,0,rain,09-Jan-2025 11:45 MDT,09-Jan-2025 11:45 MDT,45.0,2025-11-18 11:43:00,283.0,1.0,3.94,3.94,0.772,9.52,0.85,0.0,0.0,32.95,9.7,62.1,delivered,customer_not_home,87.43,check,colorado-springs,downtown,business,same_day,delivered,2025-01-09 11:45:00,2025-01-09 11:45:00,3.0,0.0,238.0,Other,Other,Other,Other,Colorado-Springs,Downtown,call_on_arrival,business,same_day,rain,Other,Other,Other,delivered,customer_not_home,check,colorado-springs,downtown,business,same_day,delivered,0.0,1057.5,178.25648865488824,0.6053542918620024,1.2690910935557749,1.2690910935557749,0.7036218122213982,1.6879237465791381,0.6974863564225507,-0.0,0.0,19.719198743307206,1.388582159484257,62.1,3909.4324500000007,2.7580025035383304,0.0,152.46214817929618
S-00384,R-159,D-053,V-037,Boulder,Suburban,mailroom,residential,standard,1,wind,2025/08/16 18:00:00 MST,2025/08/16 18:00:00 MST,123.0,2025-11-19 18:08:00,668.0,1.0,3.81,3.81,1.036,11.29,0.43,2.0,0.0,46.36,14.7,73.5,delivered,customer_not_home,80.88,check,boulder,suburban,residential,standard,delivered,2025-08-16 18:00:00,2025-08-16 18:00:00,5.0,1.0,545.0,Other,Other,Other,Other,Boulder,Suburban,mailroom,residential,standard,wind,Other,Other,Other,delivered,customer_not_home,check,boulder,suburban,residential,standard,delivered,1.0,7687.5,386.71852839840716,0.6053542918620024,1.2525099368149217,1.2525099368149217,0.9213124487291814,1.7629228692954337,0.3845257727420983,0.4444444444444444,0.0,26.117767266240882,1.4952455348749312,73.5,3351.6671999999994,4.46194756940847,1.0,321.9099719825389
S-00385,R-108,D-019,V-029,Denver-East,Downtown,garage,business,standard,1,snow,2025/10/24 10:45:00,2025/10/24 10:45:00,121.0,2025-11-20 10:48:00,228.0,5.0,14.72,14.72,2.711,16.63,0.76,2.54,0.0,41.37,16.5,66.6,delivered,vehicle_issue,80.0,check,denver-east,downtown,business,standard,delivered,2025-10-24 10:45:00,2025-10-24 10:45:00,4.0,0.0,107.0,Other,Other,Other,Other,Denver-East,Downtown,garage,business,standard,snow,Other,Other,Other,delivered,vehicle_issue,check,denver-east,downtown,business,standard,delivered,1.0,7441.5,146.66676641331082,1.2791016451735329,1.8747105838711187,1.8747105838711187,2.148648388827216,1.924034632442846,0.6343325712746539,0.46010086501324654,0.0,23.785529677183657,1.5219085562662427,66.6,3280.0,3.618555125115471,0.0,74.02329717243397
S-00386,R-145,D-030,V-020,Boulder ,Downtown,garage,residential,expedited,0,rain,2025-08-14 18:55 MST,2025-08-14 18:55 MST,69.0,2025-11-21 19:05:00,725.0,2.0,10.77,10.77,0.677,7.69,0.63,4.225,0.0,46.34,6.0,37.0,delivered,customer_not_home,72.56,check,boulder,downtown,residential,expedited,delivered,2025-08-14 18:55:00,2025-08-14 18:55:00,3.0,0.0,656.0,Other,Other,Other,Other,Other,Downtown,garage,residential,expedited,rain,Other,Other,Other,delivered,customer_not_home,check,boulder,downtown,residential,expedited,delivered,0.0,2449.5,416.3350284794772,0.8890149625568643,1.7424226199933524,1.7424226199933524,0.6229454943780381,1.5908332307171504,0.539590303655388,0.4887274662049437,0.0,26.108521008404765,1.2440710539815454,37.0,2705.0368000000003,2.7580025035383304,0.0,380.45194901883525
S-00387,R-133,D-026,V-018,Denver-East,Downtown,mailroom,residential,expedited,0,clear,17-Jul-2025 10:35 MDT,17-Jul-2025 10:35 MDT,66.0,2025-11-22 10:30:00,210.0,3.0,5.52,5.52,1.851,7.75,1.08,3.39,0.0,48.5,8.4,47.1,delivered,customer_not_home,81.86,check,denver-east,downtown,residential,expedited,delivered,2025-07-17 10:35:00,2025-07-17 10:35:00,3.0,0.0,144.0,Other,Other,Other,Other,Denver-East,Downtown,mailroom,residential,expedited,clear,Other,Other,Other,delivered,customer_not_home,check,denver-east,downtown,residential,expedited,delivered,0.0,2244.0,136.1702891584324,1.0641270562537064,1.43398567111553,1.43398567111553,1.5458329524406211,1.5944264389129605,0.8509298998381457,0.47405575936197925,0.0,27.102683647295407,1.3476719269465578,47.1,3432.3898,2.7580025035383304,0.0,96.8353372319974
S-00388,R-129,D-035,V-032,Colorado-Springs,Suburban,leave_at_door,business ,standard,0,clear,12-Dec-2025 17:50 MST,12-Dec-2025 17:50 MST,128.0,2025-11-23 17:50:00,650.0,1.0,1.23,1.23,3.497,8.47,0.82,0.0,118.12,61.91,9.8,56.7,failed,customer_not_home,52.54,check,colorado-springs,suburban,business,standard,failed,2025-12-12 17:50:00,2025-12-12 17:50:00,4.0,0.0,522.0,Other,Other,Other,Other,Colorado-Springs,Suburban,leave_at_door,Other,standard,clear,Other,Other,Other,failed,customer_not_home,check,colorado-springs,suburban,business,standard,failed,0.0,8320.0,377.31437743471054,0.6053542918620024,0.7128144933793783,0.7128144933793783,2.6635449958099073,1.6351923182951702,0.6766441229332887,-0.0,118.12,33.096758870136384,1.3914193805498154,56.7,1432.7658,3.618555125115471,0.0,309.6373671266949
S-00389,R-103,D-006,V-039,Denver-East,Industrial,call_on_arrival,business,standard,0,clear,2025/09/15 11:05:00 MST,2025/09/15 11:05:00 MST,118.0,2025-11-24 11:15:00,255.0,2.0,2.08,2.08,5.97,8.77,2.76,1.38,0.0,41.1,15.7,61.2,delivered,customer_not_home,93.28,check,denver-east,industrial,business,standard,delivered,2025-09-15 11:05:00,2025-09-15 11:05:00,0.0,0.0,137.0,Other,Other,Other,Other,Denver-East,Industrial,call_on_arrival,business,standard,clear,Other,Other,Other,delivered,customer_not_home,check,denver-east,industrial,business,standard,delivered,0.0,7080.0,162.25932159957858,0.8890149625568643,0.9547765142377704,0.9547765142377704,4.132582352299378,1.651006484003811,1.7463437342102075,0.4117293976414095,0.0,23.65781834299863,1.5105912157676036,61.2,4443.8592,0.0,0.0,92.56927419644403
S-00390,R-148,D-057,V-028,Dnvr-East,Suburban,package_room_3F,residential,Standard,0,clear,2025-10-26 07:40 MDT,2025-10-26 07:40 MDT,127.0,07/32/2025 10:10 PM,41.0,1.0,3.61,3.61,6.595,18.41,1.39,2.0,0.0,42.39,25.3,50.1,delivered,customer_not_home,89.15,check,denver-east,suburban,residential,standard,delivered,2025-10-26 07:40:00,2025-10-26 07:40:00,6.0,1.0,0.0,Other,Other,Other,Other,Other,Suburban,Other,residential,Other,clear,Other,Other,Other,delivered,customer_not_home,check,denver-east,suburban,residential,standard,delivered,0.0,8191.5,31.001960807229775,0.6053542918620024,1.2258290417645523,1.2258290417645523,4.4771288840848875,1.96412011022354,1.0424128048049404,0.4444444444444444,0.0,24.266536984325946,1.6213587771686235,50.1,4063.0112500000005,5.291331975501458,1.0,0.0
S-00391,R-117,D-021,V-039,Fort-Collins,Campus,leave_at_door,residential,expedited,0,clear,2025-10-07 19:15 MDT,2025-10-07 19:15 MDT,62.0,2025-11-26 19:01:00,721.0,2.0,8.21,8.21,2.186,3.33,1.18,0.0,0.0,36.29,6.6,70.4,delivered,customer_not_home,93.01,check,fort-collins,campus,residential,expedited,delivered,2025-10-07 19:15:00,2025-10-07 19:15:00,1.0,0.0,659.0,Other,Other,Other,Other,Fort-Collins,Campus,leave_at_door,residential,expedited,clear,Other,Other,Other,delivered,customer_not_home,check,fort-collins,campus,residential,expedited,delivered,0.0,1984.0,414.2644762239937,0.8890149625568643,1.620950536090756,1.620950536090756,1.786376920587914,1.185837270029351,0.914464534372094,-0.0,0.0,21.353928230135388,1.2745237498899882,70.4,4418.44005,0.962295536748461,0.0,382.0196589809521
S-00392,R-115,D-002,V-006,Denver-West,Rural,mailroom,residential,standard,1,snow,2025/11/28 14:50:00 MDT,2025/11/28 14:50:00 MDT,110.0,2025-11-27 15:04:00,484.0,2.0,9.33,9.33,9.641375,27.52,3.44,0.0,0.0,45.165,3.9,54.6,failed,security_access,60.13,check,denver-west,rural,residential,standard,failed,2025-11-28 14:50:00,2025-11-28 14:50:00,4.0,0.0,374.0,Other,Other,Other,Other,Denver-West,Rural,mailroom,residential,standard,snow,Other,Other,Other,failed,security_access,check,denver-west,rural,residential,standard,failed,1.0,6160.0,289.2410449440994,0.8890149625568643,1.6789023725118704,1.6789023725118704,6.519421672746649,2.1134062055182024,2.221878212513562,-0.0,0.0,25.563918468834125,1.0964920970947487,54.6,1867.93845,3.618555125115471,0.0,229.23751776897933
S-00393,R-138,D-044,V-037,Denver-West,Suburban,mailroom,business,standard,0,clear,13-Feb-2025 15:10 ,13-Feb-2025 15:10 ,128.0,2025-11-28 15:09:00,489.0,6.0,6.1,6.1,1.401,14.17,0.62,0.0,0.0,46.8,11.9,44.4,delivered,customer_not_home,92.52,check,denver-west,suburban,business,standard,delivered,2025-02-13 15:10:00,2025-02-13 15:10:00,3.0,0.0,361.0,Other,Other,Other,Other,Denver-West,Suburban,mailroom,business,standard,clear,Other,Other,Other,delivered,customer_not_home,check,denver-west,suburban,business,standard,delivered,0.0,8320.0,291.93365058771485,1.352108625101415,1.4819291501629175,1.4819291501629175,1.2088314267180003,1.8590428197684783,0.5321174128098967,-0.0,0.0,26.32098806795829,1.4431539536102955,44.4,4372.495199999999,2.7580025035383304,0.0,222.03802200319728
S-00394,R-137,D-002,V-018,Boulder,Suburban,front_desk,residential,expedited,1,clear,2024/11/03 13:40:00,2024/11/03 13:40:00,60.0,2025-11-29 13:38:00,398.0,1.0,3.36,3.36,2.455,8.07,1.01,0.0,118.12,33.21,11.9,65.9,failed,vehicle_issue,65.93,check,boulder,suburban,residential,expedited,failed,2024-11-03 13:40:00,2024-11-03 13:40:00,6.0,1.0,338.0,Other,Other,Other,Other,Boulder,Suburban,front_desk,residential,expedited,clear,Other,Other,Other,failed,vehicle_issue,check,boulder,suburban,residential,expedited,failed,1.0,1860.0,242.46410507331848,0.6053542918620024,1.1902808921397268,1.1902808921397268,1.974065383426746,1.6130635572473875,0.8053574464814671,-0.0,118.12,19.847571741238987,1.4431539536102955,65.9,2239.3124500000004,5.291331975501458,1.0,209.23632311070727
S-00395,R-131,D-003,V-012,Boulder,Suburban,mailroom,residential,standard,0,clear,2025/02/11 12:00:00,2025/02/11 12:00:00,132.0,2025-11-30 11:55:00,295.0,3.0,4.06,4.06,4.818,6.31,1.87,0.0,0.0,58.21,17.1,57.2,delivered,customer_not_home,70.76,check,boulder,suburban,residential,standard,delivered,2025-02-11 12:00:00,2025-02-11 12:00:00,1.0,0.0,163.0,Other,Other,Other,Other,Boulder,Suburban,mailroom,residential,standard,clear,Other,Other,Other,delivered,customer_not_home,check,boulder,suburban,residential,standard,delivered,0.0,8844.0,185.06331788224705,1.0641270562537064,1.2839009690500396,1.2839009690500396,3.471964321994043,1.4980482610244474,1.3114722955900453,-0.0,0.0,31.470961877912107,1.5298995052777316,57.2,2574.2488000000003,0.962295536748461,0.0,108.31398929979314
S-00396,R-159,D-034,V-029,Denver-East,Suburban,side_entrance,business,expedited,1,clear,2025/03/23 15:15:00 MST,2025/03/23 15:15:00 MST,59.0,2025-12-01 15:16:00,496.0,5.0,3.11,3.11,1.179,14.99,0.62,0.0,0.0,56.89,4.8,42.6,failed,vehicle_issue,54.72,check,denver-east,suburban,business,expedited,failed,2025-03-23 15:15:00,2025-03-23 15:15:00,6.0,1.0,437.0,Other,Other,Other,Other,Denver-East,Suburban,side_entrance,business,expedited,clear,Other,Other,Other,failed,vehicle_issue,check,denver-east,suburban,business,expedited,failed,1.0,1799.5,295.69869171711673,1.2791016451735329,1.1519790915118846,1.1519790915118846,1.0356630012350303,1.8821435702166645,0.5321174128098967,-0.0,0.0,30.886076507229067,1.1695452014626002,42.6,1551.8591999999999,5.291331975501458,1.0,263.79025013894505
S-00397,R-138,D-018,V-012,Denver-East,Campus,call_on_arrival,residential,same_day,1,wind,06-Jan-2025 12:50 MST,06-Jan-2025 12:50 MST,49.0,2025-12-02 12:54:00,354.0,2.0,3.97,3.97,4.097,12.37,1.63,1.89,0.0,55.16,5.0,86.4,delivered,customer_not_home,82.74,check,denver-east,campus,residential,same_day,delivered,2025-01-06 12:50:00,2025-01-06 12:50:00,0.0,0.0,305.0,Other,Other,Other,Other,Denver-East,Campus,call_on_arrival,residential,same_day,wind,Other,Other,Other,delivered,customer_not_home,check,denver-east,campus,residential,same_day,delivered,1.0,1249.5,218.15070567146847,0.8890149625568643,1.2728370824165964,1.2728370824165964,3.038492867741938,1.802107233385465,1.1806312409957027,0.44013481639348184,0.0,30.115462246334115,1.183503419072274,86.4,3505.6937999999996,0.0,0.0,190.71458125394034
S-00398,R-106,D-028,V-032,Denver-East,Downtown,side_entrance,residential,expedited,0,clear,09-Apr-2025 09:20 MDT,09-Apr-2025 09:20 MDT,71.0,2025-12-03 09:23:00,143.0,3.0,1.75,1.75,2.941,7.63,0.69,0.0,0.0,37.9,9.3,52.1,delivered,customer_not_home,76.72,check,denver-east,downtown,residential,expedited,delivered,2025-04-09 09:20:00,2025-04-09 09:20:00,2.0,0.0,72.0,Other,Other,Other,Other,Denver-East,Downtown,side_entrance,residential,expedited,clear,Other,Other,Other,delivered,customer_not_home,check,denver-east,downtown,residential,expedited,delivered,0.0,2591.5,96.22718359180193,1.0641270562537064,0.8725184934509106,0.8725184934509106,2.3024390124553484,1.5872076248748255,0.5838602601779352,-0.0,0.0,22.131355980418306,1.376823047150244,52.1,3019.6992,1.875417088358097,0.0,51.70276771313887
S-00399,R-127,D-031,V-023,Denver-East,Rural,rear_loading_dock,residential,same_day,0,clear,10/02/2025 06:50 PM MDT,10/02/2025 06:50 PM MDT,48.0,2025-12-04 18:52:00,712.0,3.0,8.58,8.58,4.144,12.86,1.72,1.35,0.0,46.63,11.1,92.2,rescheduled,customer_not_home,59.57,check,denver-east,rural,residential,same_day,rescheduled,2025-10-02 06:50:00,2025-10-02 06:50:00,3.0,0.0,664.0,Other,Other,Other,Other,Denver-East,Rural,Other,residential,same_day,clear,Other,Other,Other,rescheduled,customer_not_home,check,denver-east,rural,residential,same_day,rescheduled,0.0,1200.0,409.6015275824558,1.0641270562537064,1.6410655268359728,1.6410655268359728,3.067287049476469,1.8185525876036572,1.2305045178914826,0.40946129470348575,0.0,26.24251547722266,1.425040425423931,92.2,1833.86245,2.7580025035383304,0.0,384.6309274786588
S-00400,R-143,D-022,V-021,Denver-East,Downtown,rear_loading_dock,business,same_day,0,clear,2024/12/06 10:10:00 MST,2024/12/06 10:10:00 MST,45.0,2025-12-05 10:16:00,196.0,3.0,13.65,13.65,1.67,13.07,0.87,0.0,0.0,32.29,12.4,61.6,failed,vehicle_issue,64.87,check,denver-east,downtown,business,same_day,failed,2024-12-06 10:10:00,2024-12-06 10:10:00,4.0,0.0,151.0,Other,Other,Other,Other,Denver-East,Downtown,Other,business,same_day,clear,Other,Other,Other,failed,vehicle_issue,check,denver-east,downtown,business,same_day,failed,0.0,1057.5,127.94456016187281,1.0641270562537064,1.8435350899152918,1.8435350899152918,1.4123540579622558,1.8253709221742092,0.7112687369880748,-0.0,0.0,19.39244086498466,1.4536416352918469,61.6,2168.9284500000003,3.618555125115471,0.0,101.08084674494162
S-00401,R-122,D-007,V-011,Denver East,Downtown,garage,residential,standard,0,clear,2025-06-20 19:30,2025-06-20 19:30,119.0,2025-12-06 19:20:00,740.0,1.0,1.92,1.92,2.675,29.35625,1.14,0.0,0.0,41.75,13.6,82.9,Delivered,customer_not_home,80.7,check,denver-east,downtown,residential,standard,delivered,2025-06-20 19:30:00,2025-06-20 19:30:00,4.0,0.0,621.0,Other,Other,Other,Other,Other,Downtown,garage,residential,standard,clear,Other,Other,Other,Other,customer_not_home,check,denver-east,downtown,residential,standard,delivered,0.0,7199.5,424.08949775723437,0.6053542918620024,0.9164043492594955,0.9164043492594955,2.124321342672438,2.1679766885026868,0.8892649314086657,-0.0,0.0,23.964996270493433,1.4765760774097862,82.9,3336.945,3.618555125115471,0.0,362.10812170830593
S-00402,R-119,D-027,V-032,Boulder ,Rural,garage,residential,standard,0,clear,2025-08-09 10:10 MDT,2025-08-09 10:10 MDT,116.0,2025-12-07 10:17:00,197.0,3.0,3.91,3.91,9.641375,18.89,2.56,0.0,0.0,47.24,18.9,65.4,DELIVERED,customer_not_home,71.94,check,boulder,rural,residential,standard,delivered,2025-08-09 10:10:00,2025-08-09 10:10:00,5.0,1.0,81.0,Other,Other,Other,Other,Other,Rural,garage,residential,standard,clear,Other,Other,Other,Other,customer_not_home,check,boulder,rural,residential,standard,delivered,0.0,6844.0,128.53400523368626,1.0641270562537064,1.2653154137506746,1.2653154137506746,6.519421672746649,1.9741178586301182,1.6545119055545467,-0.0,0.0,26.5238350777046,1.5516641603377797,65.4,2659.6218,4.46194756940847,1.0,57.52834826677707
S-00403,R-153,D-043,V-026,Fort Collins,Campus,rear_loading_dock,residential,standard,0,rain,2025/05/09 12:30:00,2025/05/09 12:30:00,121.0,2025-12-08 12:30:00,330.0,1.0,4.07,4.07,7.671,7.32,2.57,0.0,0.0,36.61,15.7,67.1,failed,customer_not_home,54.38,check,fort-collins,campus,residential,standard,failed,2025-05-09 12:30:00,2025-05-09 12:30:00,4.0,0.0,209.0,Other,Other,Other,Other,Other,Campus,Other,residential,standard,rain,Other,Other,Other,failed,customer_not_home,check,fort-collins,campus,residential,standard,failed,0.0,7441.5,204.7634493461055,0.6053542918620024,1.2851144890164339,1.2851144890164339,5.051061299655937,1.5679389221006892,1.6591759686419085,-0.0,0.0,21.50897400327922,1.5105912157676036,67.1,1532.9722000000002,3.618555125115471,0.0,135.58458968321256
S-00404,R-103,D-049,V-036,Fort-Collins,Campus,call_on_arrival,residential,standard,0,clear,2025-07-09 12:05,2025-07-09 12:05,131.0,2025-12-09 12:04:00,304.0,2.0,1.79,1.79,0.904,11.17,0.9,4.225,0.0,41.99,8.5,27.6,delivered,customer_not_home,90.75,check,fort-collins,campus,residential,standard,delivered,2025-07-09 12:05:00,2025-07-09 12:05:00,2.0,0.0,173.0,Other,Other,Other,Other,Fort-Collins,Campus,call_on_arrival,residential,standard,clear,Other,Other,Other,delivered,customer_not_home,check,fort-collins,campus,residential,standard,delivered,0.0,8711.5,190.1502957420131,0.8890149625568643,0.8831561894322391,0.8831561894322391,0.8136000343679706,1.7582933909079652,0.7317774705126872,0.4912284548923293,0.0,24.07817913499306,1.3511143154769498,27.6,4208.53125,1.875417088358097,0.0,114.30111395957849
S-00405,R-121,D-030,V-006,Boulder,Rural,locker_pickup,residential,expedited,0,clear,2025/11/18 15:50:00 MST,2025/11/18 15:50:00 MST,50.0,2025-12-10 15:38:00,518.0,4.0,10.47,10.47,1.647,14.5,1.11,0.0,0.0,46.31,11.5,52.7,FAILED,vehicle_issue,62.07,check,boulder,rural,residential,expedited,failed,2025-11-18 15:50:00,2025-11-18 15:50:00,1.0,0.0,468.0,Other,Other,Other,Other,Boulder,Rural,Other,residential,expedited,clear,Other,Other,Other,Other,vehicle_issue,check,boulder,rural,residential,expedited,failed,0.0,1300.0,307.49755159086345,1.1867360977981165,1.7300520601352867,1.7300520601352867,1.3952011655008225,1.8685302824883503,0.8701791758851377,-0.0,0.0,26.094650156595073,1.434314575050762,52.7,1988.41245,0.962295536748461,0.0,280.6058850322365
S-00406,R-108,D-017,V-021,Denver-East ,Suburban,front_desk,residential,standard,0,clear,2025-02-04 14:40 MST,2025-02-04 14:40 MST,126.0,2025-12-11 14:51:00,471.0,1.0,2.45,2.45,3.766,6.28,1.82,0.0,0.0,50.89,7.4,69.7,failed,address_issue,64.71,check,denver-east,suburban,residential,standard,failed,2025-02-04 14:40:00,2025-02-04 14:40:00,1.0,0.0,345.0,Other,Other,Other,Other,Other,Suburban,front_desk,residential,standard,clear,Other,Other,Other,failed,address_issue,check,denver-east,suburban,residential,standard,failed,0.0,8064.0,282.2271924619121,0.6053542918620024,1.0343648541730823,1.0343648541730823,2.8333926656613917,1.4957826294700376,1.2847713889858263,0.0,0.0,28.19265361029556,1.3099344406576456,69.7,2158.4020499999997,0.962295536748461,0.0,213.14142899450383
S-00407,R-156,D-050,V-026,Denver-East,Suburban,call_on_arrival,business,expedited,0,rain,11/04/2025 03:30 PM MDT,11/04/2025 03:30 PM MDT,58.0,2025-12-12 15:29:00,509.0,3.0,5.71,5.71,5.844,8.98,2.03,0.0,0.0,52.95,5.8,68.9,Failed,customer_not_home,59.83,check,denver-east,suburban,business,expedited,failed,2025-11-04 03:30:00,2025-11-04 03:30:00,1.0,0.0,451.0,Other,Other,Other,Other,Denver-East,Suburban,call_on_arrival,business,expedited,rain,Other,Other,Other,Other,customer_not_home,check,denver-east,suburban,business,expedited,failed,0.0,1740.0,302.67691291659423,1.0641270562537064,1.4502827376565466,1.4502827376565466,4.062017886689886,1.661705541686995,1.39508608185324,-0.0,0.0,29.124082780484393,1.2330350111526296,68.9,1849.64445,0.962295536748461,0.0,271.39866184159746
S-00408,R-143,D-033,V-001,Denver-East,Rural,mailroom,residential,standard,0,clear,05/15/2025 04:00 PM MDT,05/15/2025 04:00 PM MDT,120.0,2025-12-13 16:00:00,540.0,1.0,4.17,4.17,4.488,20.76,2.12,0.0,0.0,45.85,13.1,37.8,delivered,customer_not_home,71.53,check,denver-east,rural,residential,standard,delivered,2025-05-15 04:00:00,2025-05-15 04:00:00,3.0,0.0,420.0,Other,Other,Other,Other,Denver-East,Rural,mailroom,residential,standard,clear,Other,Other,Other,delivered,customer_not_home,check,denver-east,rural,residential,standard,delivered,0.0,7320.0,319.2464872115681,0.6053542918620024,1.2970810591753352,1.2970810591753352,3.2756941509548234,2.010268646846442,1.440958361150349,-0.0,0.0,25.881742659027807,1.4673763587086925,37.8,2629.80045,2.7580025035383304,0.0,254.51862800940356
S-00409,R-130,D-056,V-035,Denver-West,Rural,leave_at_door,business,standard,0,clear,23-Nov-2025 12:10,23-Nov-2025 12:10,113.0,2025-12-14 12:24:00,324.0,3.0,6.6,6.6,9.641375,26.28,2.13,0.0,0.0,46.96,8.7,31.3,delivered,customer_not_home,85.37,check,denver-west,rural,business,standard,delivered,2025-11-23 12:10:00,2025-11-23 12:10:00,6.0,1.0,211.0,Other,Other,Other,Other,Denver-West,Rural,leave_at_door,business,standard,clear,Other,Other,Other,delivered,customer_not_home,check,denver-west,rural,business,standard,delivered,0.0,6497.5,201.40170616912758,1.0641270562537064,1.5193442564006623,1.5193442564006623,6.519421672746649,2.097028874729743,1.446006021973714,0.0,0.0,26.394793648863182,1.3578387009320645,31.3,3729.3884500000004,5.291331975501458,1.0,136.75571111563949
S-00410,R-113,D-027,V-004,Fort-Collins,Rural,building_super,residential,standard,0,wind,16-Mar-2025 08:05,16-Mar-2025 08:05,120.0,2025-12-15 08:12:00,72.0,2.0,2.89,2.89,2.636,11.12,1.3,3.84,0.0,36.23,6.9,82.4,failed,vehicle_issue,45.65,check,fort-collins,rural,residential,standard,failed,2025-03-16 08:05:00,2025-03-16 08:05:00,6.0,1.0,0.0,Other,Other,Other,Other,Fort-Collins,Rural,Other,residential,standard,wind,Other,Other,Other,failed,vehicle_issue,check,fort-collins,rural,residential,standard,failed,0.0,7320.0,51.70276771313887,0.8890149625568643,1.1156789415392487,1.1156789415392487,2.097886217336331,1.7563468920802627,0.9884390796390998,0.47865582951984154,0.0,21.324827580006747,1.2884319330351799,82.4,1087.61125,5.291331975501458,1.0,0.0
S-00411,R-140,D-034,V-024,Denver-East,Suburban,side_entrance,residential ,expedited,0,snow,13-Feb-2025 11:10 MST,13-Feb-2025 11:10 MST,49.0,2025-12-16 11:18:00,258.0,3.0,15.103750000000002,15.103750000000002,2.686,18.73,1.28,0.0,0.0,36.68,21.3,72.7,failed,address_issue,69.33,check,denver-east,suburban,residential,expedited,failed,2025-02-13 11:10:00,2025-02-13 11:10:00,3.0,0.0,209.0,Other,Other,Other,Other,Denver-East,Suburban,side_entrance,Other,expedited,snow,Other,Other,Other,failed,address_issue,check,denver-east,suburban,residential,expedited,failed,0.0,1249.5,163.98136384553047,1.0641270562537064,2.1242305863709023,2.1242305863709023,2.131762161008453,1.9708204429864262,0.9762735777270106,0.0,0.0,21.54285503250765,1.5764764501123734,72.7,2472.65445,2.7580025035383304,0.0,135.58458968321256
S-00412,R-141,D-049,V-032,Fort-Collins,Suburban,side_entrance,residential,expedited,0,clear,2025-03-09 11:05 MST,2025-03-09 11:05 MST,60.0,2025-12-17 11:14:00,254.0,1.0,5.89,5.89,5.072,7.7,1.04,0.0,0.0,47.71,5.3,62.1,delivered,customer_not_home,84.99,check,fort-collins,suburban,residential,expedited,delivered,2025-03-09 11:05:00,2025-03-09 11:05:00,6.0,1.0,194.0,Other,Other,Other,Other,Fort-Collins,Suburban,side_entrance,residential,expedited,clear,Other,Other,Other,delivered,customer_not_home,check,fort-collins,suburban,residential,expedited,delivered,0.0,1860.0,161.68486008350501,0.6053542918620024,1.465178023203561,1.465178023203561,3.6207636752232113,1.5914343347052031,0.8250032615233186,-0.0,0.0,26.74010429209894,1.2031809271104041,62.1,3696.6400499999995,5.291331975501458,1.0,126.76477047412247
S-00413,R-114,D-029,V-004,Denver-West,Suburban,leave_at_door,residential,STANDARD,0,rain,11/09/2025 04:55 PM,11/09/2025 04:55 PM,119.0,2025-12-18 17:02:00,602.0,1.0,6.11,6.11,5.274,4.93,2.49,0.0,0.0,40.98,4.9,71.3,delivered,customer_not_home,87.98,check,denver-west,suburban,residential,standard,delivered,2025-11-09 04:55:00,2025-11-09 04:55:00,6.0,1.0,483.0,Other,Other,Other,Other,Denver-West,Suburban,leave_at_door,residential,Other,rain,Other,Other,Other,delivered,customer_not_home,check,denver-west,suburban,residential,standard,delivered,0.0,7199.5,352.1070876283361,0.6053542918620024,1.4827107182180357,1.4827107182180357,3.737770190171628,1.379163353728453,1.6216411703406506,-0.0,0.0,23.601005209926598,1.1766130304073816,71.3,3958.2202,5.291331975501458,1.0,288.7021915405335
S-00414,R-109,D-018,V-036,Denver-East,Industrial,garage,residential,standard,0,rain,2025/12/04 10:50:00 MDT,2025/12/04 10:50:00 MDT,126.0,2025-12-19 10:48:00,228.0,1.0,1.93,1.93,3.114,4.26,1.71,0.0,0.0,46.75,22.3,100.0,delivered,customer_not_home,74.16,check,denver-east,industrial,residential,standard,delivered,2025-12-04 10:50:00,2025-12-04 10:50:00,3.0,0.0,102.0,Other,Other,Other,Other,Denver-East,Industrial,garage,residential,standard,rain,Other,Other,Other,delivered,customer_not_home,check,denver-east,industrial,residential,standard,delivered,0.0,8064.0,146.66676641331082,0.6053542918620024,0.9188819823965941,0.9188819823965941,2.416345500495986,1.3075965129367384,1.2250124191680063,-0.0,0.0,26.297913697021126,1.5856646047674792,100.0,2824.0128,2.7580025035383304,0.0,70.88532397263417
S-00415,R-129,D-060,V-019,Fort-Collins,Suburban,garage,residential,standard,0,fog,30-Nov-2024 10:35 MDT,30-Nov-2024 10:35 MDT,125.0,2025-12-20 10:33:00,213.0,1.0,14.88,14.88,2.415,20.09,1.2,0.0,0.0,52.72,6.9,58.4,delivered,customer_not_home,81.72,check,fort-collins,suburban,residential,standard,delivered,2024-11-30 10:35:00,2024-11-30 10:35:00,5.0,1.0,88.0,Other,Other,Other,Other,Fort-Collins,Suburban,garage,residential,standard,fog,Other,Other,Other,delivered,customer_not_home,check,fort-collins,suburban,residential,standard,delivered,0.0,7937.5,137.92572822031744,0.6053542918620024,1.8791351563952274,1.8791351563952274,1.946441614918089,1.9977968036890557,0.9269603605568231,-0.0,0.0,29.020445747333564,1.2884319330351799,58.4,3420.7992,4.46194756940847,1.0,62.01492167417758
S-00416,R-108,D-057,V-032,Denver-East,Rural,call_on_arrival,business,Standard,0,fog,05/31/2025 03:05 PM MST,05/31/2025 03:05 PM MST,126.0,2025-12-21 15:08:00,488.0,1.0,1.78,1.78,8.984,16.45,1.83,0.0,0.0,42.32,13.6,66.9,failed,vehicle_issue,65.24,check,denver-east,rural,business,standard,failed,2025-05-31 03:05:00,2025-05-31 03:05:00,5.0,1.0,362.0,Other,Other,Other,Other,Denver-East,Rural,call_on_arrival,business,Other,fog,Other,Other,Other,failed,vehicle_issue,check,denver-east,rural,business,standard,failed,0.0,8064.0,291.39535014289237,0.6053542918620024,0.8805154354813599,0.8805154354813599,5.723225273042717,1.9196891326102024,1.290134158679143,-0.0,0.0,24.233599516128713,1.4765760774097862,66.9,2193.3687999999997,4.46194756940847,1.0,222.59273611459565
S-00417,R-152,D-002,V-039,Fort-Collins,Industrial,side_entrance,residential,same_day,0,clear,2025-09-08 16:50 MDT,2025-09-08 16:50 MDT,49.0,2025-12-22 16:48:00,588.0,1.0,3.83,3.83,1.039,12.78,1.15,0.0,0.0,47.68,20.6,58.4,rescheduled,customer_not_home,56.35,check,fort-collins,industrial,residential,same_day,rescheduled,2025-09-08 16:50:00,2025-09-08 16:50:00,0.0,0.0,539.0,Other,Other,Other,Other,Fort-Collins,Industrial,side_entrance,residential,same_day,clear,Other,Other,Other,rescheduled,customer_not_home,check,fort-collins,industrial,residential,same_day,rescheduled,0.0,1249.5,344.7177670556005,0.6053542918620024,1.2550985656081926,1.2550985656081926,0.9237356639307535,1.8159197059147996,0.8955911471672549,-0.0,0.0,26.726312383119584,1.5696685170880649,58.4,1644.01125,0.0,0.0,318.7134955226804
S-00418,R-120,D-016,V-011,Denver-East,Downtown,leave_at_door,Residential,standard,0,clear,2025-09-16 11:40,2025-09-16 11:40,106.0,2025-12-23 11:44:00,284.0,1.0,2.35,2.35,2.945,9.07,1.14,4.225,0.0,39.83,7.7,71.3,delivered,customer_not_home,96.26,check,denver-east,downtown,residential,standard,delivered,2025-09-16 11:40:00,2025-09-16 11:40:00,1.0,0.0,178.0,Other,Other,Other,Other,Denver-East,Downtown,leave_at_door,Other,standard,clear,Other,Other,Other,delivered,customer_not_home,check,denver-east,downtown,residential,standard,delivered,0.0,5724.0,178.82480716014487,0.6053542918620024,1.0139886062163923,1.0139886062163923,2.305089415766683,1.6662016542397569,0.8892649314086657,0.4937996339303872,0.0,23.054882001503938,1.3219364963791898,71.3,4729.2538,0.962295536748461,0.0,117.28166889524314
S-00419,R-136,D-036,V-001,Colorado-Springs,Industrial,front_desk,residential,same_day,0,clear,02/19/2025 06:45 PM MST,02/19/2025 06:45 PM MST,51.0,2025-12-24 18:40:00,700.0,1.0,2.36,2.36,2.993,6.83,1.55,0.0,0.0,49.73,9.2,75.7,delivered,customer_not_home,87.72,check,colorado-springs,industrial,residential,same_day,delivered,2025-02-19 06:45:00,2025-02-19 06:45:00,2.0,0.0,649.0,Other,Other,Other,Other,Colorado-Springs,Industrial,front_desk,residential,same_day,clear,Other,Other,Other,delivered,customer_not_home,check,colorado-springs,industrial,residential,same_day,delivered,0.0,1351.5,403.3750865692472,0.6053542918620024,1.0160616104967382,1.0160616104967382,2.336831682730991,1.535496736642091,1.135432461887299,-0.0,0.0,27.664913861386445,1.3737757089148506,75.7,3935.1192,1.875417088358097,0.0,376.7911683519449
S-00420,R-115,D-027,V-006,Colorado-Springs,Downtown,mailroom,business,Standard,1,wind,2025-01-16 13:45,2025-01-16 13:45,130.0,2025-12-25 13:48:00,408.0,4.0,3.14,3.14,2.687,20.04,1.36,3.17,0.0,40.63,7.5,46.7,delivered,customer_not_home,79.15,check,colorado-springs,downtown,business,standard,delivered,2025-01-16 13:45:00,2025-01-16 13:45:00,3.0,0.0,278.0,Other,Other,Other,Other,Colorado-Springs,Downtown,mailroom,business,Other,wind,Other,Other,Other,delivered,customer_not_home,check,colorado-springs,downtown,business,standard,delivered,1.0,8580.0,247.95146039768568,1.1867360977981165,1.1567332425801147,1.1567332425801147,2.1324382684703034,1.9968454535047153,1.024559202430816,0.4712460247629235,0.0,23.43511425648751,1.3140056594299647,46.7,3211.5112500000005,2.7580025035383304,0.0,175.411878261992
S-00421,R-130,D-054,V-008,Denver-East,Downtown,garage,residential,standard,0,rain,03/09/2025 01:35 PM MDT,03/09/2025 01:35 PM MDT,108.0,2025-12-26 13:40:00,400.0,4.0,8.86,8.86,4.224,11.81,1.59,0.0,0.0,45.74,7.3,76.6,delivered,customer_not_home,78.8,check,denver-east,downtown,residential,standard,delivered,2025-03-09 01:35:00,2025-03-09 01:35:00,6.0,1.0,292.0,Other,Other,Other,Other,Denver-East,Downtown,garage,residential,standard,rain,Other,Other,Other,delivered,customer_not_home,check,denver-east,downtown,residential,standard,delivered,0.0,5940.0,243.5626657425016,1.1867360977981165,1.655628055369154,1.655628055369154,3.1161176617546693,1.7823254459215605,1.1581365637003334,-0.0,0.0,25.83076817730497,1.3057898654993767,76.6,3183.52,5.291331975501458,1.0,183.36424138936084
S-00422,R-132,D-008,V-010,Denver-West,Suburban,garage,residential,standard,0,rain,2025/08/19 15:45:00,2025/08/19 15:45:00,125.0,2025-12-27 15:44:00,524.0,3.0,8.45,8.45,5.493,19.58,1.97,0.0,0.0,46.6,9.6,47.2,delivered,customer_not_home,91.68,check,denver-west,suburban,residential,standard,delivered,2025-08-19 15:45:00,2025-08-19 15:45:00,1.0,0.0,399.0,Other,Other,Other,Other,Denver-West,Suburban,garage,residential,standard,rain,Other,Other,Other,delivered,customer_not_home,check,denver-west,suburban,residential,standard,delivered,0.0,7937.5,310.7066605506453,1.0641270562537064,1.6341149312226464,1.6341149312226464,3.8633543207149184,1.9879528164748226,1.3640486737611073,0.0,0.0,26.228661562860864,1.3857048831660488,47.2,4294.291200000001,0.962295536748461,0.0,243.0134540680266
S-00423,R-133,D-060,V-019,Denver-East,Downtown,garage,Biz,same_day,1,clear,2025-06-08 11:15 MDT,2025-06-08 11:15 MDT,54.0,2025-12-28 11:21:00,261.0,2.0,3.78,3.78,2.134,11.49,0.86,0.0,118.12,45.45,14.6,100.0,failed,customer_not_home,64.35,check,denver-east,downtown,business,same_day,failed,2025-06-08 11:15:00,2025-06-08 11:15:00,6.0,1.0,207.0,Other,Other,Other,Other,Denver-East,Downtown,garage,Other,same_day,clear,Other,Other,Other,failed,customer_not_home,check,denver-east,downtown,business,same_day,failed,1.0,1512.0,165.70141255592645,0.8890149625568643,1.2486006442124742,1.2486006442124742,1.7495556195325583,1.770509542826151,0.7043886615883215,-0.0,118.12,25.6962656939474,1.4936303164581668,100.0,2134.8112499999997,5.291331975501458,1.0,134.41235234802937
S-00424,R-127,D-046,V-018,Boulder,Downtown,garage,Biz,standard,1,rain,17-Apr-2025 15:35,17-Apr-2025 15:35,126.0,2025-12-29 15:41:00,521.0,1.0,4.45,4.45,0.777,10.25,0.46,0.0,0.0,38.63,4.4,63.5,delivered,customer_not_home,83.14,check,boulder,downtown,business,standard,delivered,2025-04-17 15:35:00,2025-04-17 15:35:00,3.0,0.0,395.0,Other,Other,Other,Other,Boulder,Downtown,garage,Other,standard,rain,Other,Other,Other,delivered,customer_not_home,check,boulder,downtown,business,standard,delivered,1.0,8064.0,309.1025671522804,0.6053542918620024,1.3290468641045337,1.3290468641045337,0.7078314745332608,1.7207098174836168,0.40858092081228553,-0.0,0.0,22.481723017842743,1.1393370341761297,63.5,3539.2698,2.7580025035383304,0.0,240.81523037153642
S-00425,R-131,D-054,V-031,Colorado-Springs,Industrial,side_entrance,residential,standard,1,rain,2025/11/12 12:00:00 MDT,2025/11/12 12:00:00 MDT,130.0,2025-12-30 12:05:00,305.0,1.0,2.17,2.17,3.832,11.52,1.69,0.0,0.0,61.24,13.3,75.9,delivered,customer_not_home,78.68,check,colorado-springs,industrial,residential,standard,delivered,2025-11-12 12:00:00,2025-11-12 12:00:00,2.0,0.0,175.0,Other,Other,Other,Other,Colorado-Springs,Industrial,side_entrance,residential,standard,rain,Other,Other,Other,delivered,customer_not_home,check,colorado-springs,industrial,residential,standard,delivered,1.0,8580.0,190.71458125394034,0.6053542918620024,0.9752401295512142,0.9752401295512142,2.8746214040444,1.771633921918139,1.2139916300986981,-0.0,0.0,32.80380777292747,1.471114114652055,75.9,3173.9512000000004,1.875417088358097,0.0,115.49435024314043
S-00426,R-136,D-016,V-030,Boulder,Campus,call_on_arrival,residential,standard,0,fog,09/06/2025 04:10 PM MST,09/06/2025 04:10 PM MST,103.0,2024-11-01 16:13:00,553.0,3.0,1.9,1.9,4.709,7.7,1.63,0.0,0.0,42.62,7.1,33.6,delivered,customer_not_home,83.46,check,boulder,campus,residential,standard,delivered,2025-09-06 04:10:00,2025-09-06 04:10:00,5.0,1.0,450.0,Other,Other,Other,Other,Boulder,Campus,call_on_arrival,residential,standard,fog,Other,Other,Other,delivered,customer_not_home,check,boulder,campus,residential,standard,delivered,0.0,5407.5,326.166486698257,1.0641270562537064,0.9114158298566538,0.9114158298566538,3.4075142906445355,1.5914343347052031,1.1806312409957027,0.0,0.0,24.374685390338446,1.2972716310736936,33.6,3566.2457999999997,4.46194756940847,1.0,270.8559938148514
S-00427,R-113,D-010,V-025,Denver-East,Industrial,side_entrance,res,standard,0,clear,2025-08-02 14:55,2025-08-02 14:55,129.0,2024-11-02 14:46:00,466.0,2.0,3.82,3.82,1.38,6.74,0.85,0.0,118.12,40.34,17.8,79.0,delivered,customer_not_home,78.27,check,denver-east,industrial,residential,standard,delivered,2025-08-02 14:55:00,2025-08-02 14:55:00,5.0,1.0,337.0,Other,Other,Other,Other,Denver-East,Industrial,side_entrance,Other,standard,clear,Other,Other,Other,delivered,customer_not_home,check,denver-east,industrial,residential,standard,delivered,0.0,8449.5,279.5244375180375,0.8890149625568643,1.2538059966572908,1.2538059966572908,1.1926627970113832,1.529250570400271,0.6974863564225507,0.0,118.12,23.2974503811034,1.5387343959855575,79.0,3141.3664499999995,4.46194756940847,1.0,208.67779613939956
S-00428,R-133,D-059,V-039,Denver-West,Rural,call_on_arrival,residential,standard,0,clear,2025/02/20 09:30:00,2025/02/20 09:30:00,125.0,2024-11-03 09:44:00,164.0,1.0,3.27,3.27,9.641375,5.39,3.44,2.86,0.0,46.55,5.9,52.8,delivered ,customer_not_home,95.38,check,denver-west,rural,residential,standard,delivered,2025-02-20 09:30:00,2025-02-20 09:30:00,3.0,0.0,39.0,Other,Other,Other,Other,Denver-West,Rural,call_on_arrival,residential,standard,clear,Other,Other,Other,Other,customer_not_home,check,denver-west,rural,residential,standard,delivered,0.0,7937.5,108.91431022726388,0.6053542918620024,1.1768287636014465,1.1768287636014465,6.519421672746649,1.4224750123902252,2.221878212513562,0.4664420521356278,0.0,26.205567824045428,1.238613012373119,52.8,4644.052199999999,2.7580025035383304,0.0,29.622350763610658
S-00429,R-156,D-048,V-009,Boulder,Suburban,leave_at_door,Residential,expedited,1,clear,2025-08-06 18:05,2025-08-06 18:05,61.0,2024-11-04 18:04:00,664.0,5.0,4.29,4.29,5.011,14.2,1.98,0.0,118.12,54.98,10.7,89.7,failed,vehicle_issue,69.08,check,boulder,suburban,residential,expedited,failed,2025-08-06 18:05:00,2025-08-06 18:05:00,2.0,0.0,603.0,Other,Other,Other,Other,Boulder,Suburban,leave_at_door,Other,expedited,clear,Other,Other,Other,failed,vehicle_issue,check,boulder,suburban,residential,expedited,failed,1.0,1921.5,384.6309274786588,1.2791016451735329,1.3110498089048699,1.3110498089048699,3.585201598013373,1.859916358630736,1.3692475324653324,-0.0,118.12,30.035012174051097,1.4152946537953137,89.7,2455.1032,1.875417088358097,0.0,352.63423528225485
S-00430,R-150,D-005,V-018,Denver-East,Downtown,front_desk,residential,expedited,1,clear,04-Nov-2024 10:55 MST,04-Nov-2024 10:55 MST,71.0,2024-11-05 10:46:00,226.0,1.0,3.41,3.41,1.981,20.93,0.77,0.0,0.0,48.45,9.8,99.6,Rescheduled,customer_not_home,74.64,check,denver-east,downtown,residential,expedited,rescheduled,2024-11-04 10:55:00,2024-11-04 10:55:00,0.0,0.0,155.0,Other,Other,Other,Other,Denver-East,Downtown,front_desk,residential,expedited,clear,Other,Other,Other,Other,customer_not_home,check,denver-east,downtown,residential,expedited,rescheduled,1.0,2591.5,145.50468470799953,0.6053542918620024,1.1975992992036633,1.1975992992036633,1.6401350005979491,2.0133539264943896,0.6414439487499346,-0.0,0.0,27.079770072578228,1.3914193805498154,99.6,2860.2048,0.0,0.0,103.49802824783464
S-00431,R-122,D-051,V-027,Colorado-Springs,Rural,leave_at_door,business,STANDARD,1,clear,14-Feb-2025 17:50 ,14-Feb-2025 17:50 ,115.0,2024-11-06 17:54:00,654.0,1.0,4.37,4.37,9.641375,9.83,2.71,0.0,0.0,44.02,4.2,79.9,delivered ,customer_not_home,86.02,check,colorado-springs,rural,business,standard,delivered,2025-02-14 17:50:00,2025-02-14 17:50:00,4.0,0.0,539.0,Other,Other,Other,Other,Colorado-Springs,Rural,leave_at_door,business,Other,clear,Other,Other,Other,Other,customer_not_home,check,colorado-springs,rural,business,standard,delivered,1.0,6727.5,379.40641148013054,0.6053542918620024,1.3201354756797061,1.3201354756797061,6.519421672746649,1.7021972005054455,1.7236660473641159,-0.0,0.0,25.030547315099195,1.1229419806929708,79.9,3785.7401999999997,3.618555125115471,0.0,318.7134955226804
S-00432,R-118,D-060,V-033,Denver-East,Industrial,side_entrance,business,standard,0,clear,2025/05/31 11:40:00,2025/05/31 11:40:00,136.0,2024-11-07 11:34:00,274.0,5.0,15.103750000000002,15.103750000000002,2.593,5.57,1.04,0.0,0.0,41.17,11.1,38.8,rescheduled,customer_not_home,68.24,check,denver-east,industrial,business,standard,rescheduled,2025-05-31 11:40:00,2025-05-31 11:40:00,5.0,1.0,138.0,Other,Other,Other,Other,Denver-East,Industrial,side_entrance,business,standard,clear,Other,Other,Other,rescheduled,customer_not_home,check,denver-east,industrial,business,standard,rescheduled,0.0,9384.0,173.13252085030922,1.2791016451735329,2.1346507111189372,2.1346507111189372,2.0686409910783197,1.4383336819325925,0.8250032615233186,-0.0,0.0,23.69094437769067,1.425040425423931,38.8,2396.5887999999995,4.46194756940847,1.0,93.1800124550217
S-00433,R-119,D-053,V-001,Boulder,Suburban,side_entrance,residential,expedited,0,rain,11/29/2025 12:15 PM,11/29/2025 12:15 PM,41.0,2024-11-08 12:24:00,324.0,5.0,8.17,8.17,3.273,13.01,1.63,4.225,0.0,36.87,4.6,67.1,failed,weather_delay,55.74,check,boulder,suburban,residential,expedited,failed,2025-11-29 12:15:00,2025-11-29 12:15:00,5.0,1.0,283.0,Other,Other,Other,Other,Boulder,Suburban,side_entrance,residential,expedited,rain,Other,Other,Other,failed,weather_delay,check,boulder,suburban,residential,expedited,failed,0.0,881.5,201.40170616912758,1.2791016451735329,1.6187130989057292,1.6187130989057292,2.519772583673269,1.823436394270515,1.1806312409957027,0.4834108048745691,0.0,21.63475446219223,1.1548457452714835,67.1,1609.2138000000002,4.46194756940847,1.0,178.25648865488824
S-00434,R-154,D-047,V-020,Denver-West,Suburban,front_desk,business,standard,0,snow,2025-12-11 10:55 MDT,2025-12-11 10:55 MDT,134.0,2024-11-09 11:06:00,246.0,2.0,7.12,7.12,4.367,7.8,1.68,3.91,0.0,59.59,3.6,66.1,delivered,customer_not_home,81.97,check,denver-west,suburban,business,standard,delivered,2025-12-11 10:55:00,2025-12-11 10:55:00,3.0,0.0,112.0,Other,Other,Other,Other,Denver-West,Suburban,front_desk,business,standard,snow,Other,Other,Other,delivered,customer_not_home,check,denver-west,suburban,business,standard,delivered,0.0,9112.0,157.08097327931767,0.8890149625568643,1.5550050469237289,1.5550050469237289,3.2028476110294055,1.597396398216374,1.2084627946187931,0.4792600827107901,0.0,32.07965168199156,1.0674951917596862,66.1,3441.5104499999998,2.7580025035383304,0.0,77.14677086673682
S-00435,R-143,D-038,V-038,Boulder,Suburban,call_on_arrival,residential,expedited,0,clear,11/17/2025 12:20 PM MST ,11/17/2025 12:20 PM MST ,56.0,2024-11-10 12:25:00,325.0,1.0,1.58,1.58,3.461,8.63,1.27,2.05,0.0,46.81,25.3,68.0,delivered,customer_not_home,83.33,check,boulder,suburban,residential,expedited,delivered,2025-11-17 12:20:00,2025-11-17 12:20:00,0.0,0.0,269.0,Other,Other,Other,Other,Boulder,Suburban,call_on_arrival,residential,expedited,clear,Other,Other,Other,delivered,customer_not_home,check,boulder,suburban,residential,expedited,delivered,0.0,1624.0,201.96242471343558,0.6053542918620024,0.8249561973975992,0.8249561973975992,2.640586224719786,1.643706262255515,0.9701668086883677,0.4462510077936039,0.0,26.325602362739428,1.637261874944994,68.0,3555.27445,0.0,0.0,170.27865191699217
S-00436,R-129,D-032,V-010,Denver-East,Suburban,garage,residential,standard,0,clear,10-Jan-2025 13:05 MDT,10-Jan-2025 13:05 MDT,111.0,2024-11-11 13:02:00,362.0,1.0,9.07,9.07,1.433,11.1,0.83,2.92,0.0,45.165,4.1,100.0,delivered,vehicle_issue,84.66,check,denver-east,suburban,residential,standard,delivered,2025-01-10 13:05:00,2025-01-10 13:05:00,4.0,0.0,251.0,Other,Other,Other,Other,Denver-East,Suburban,garage,residential,standard,clear,Other,Other,Other,delivered,vehicle_issue,check,denver-east,suburban,residential,standard,delivered,0.0,6271.5,222.59273611459565,0.6053542918620024,1.6662016542397569,1.6662016542397569,1.2333880258218495,1.7555653672925289,0.6836142837816972,0.46746147438567265,0.0,25.563918468834125,1.1143851144599046,100.0,3668.3178,3.618555125115471,0.0,159.96011968028228
S-00437,R-123,D-035,V-031,Colorado-Springs,Campus,leave_at_door,residential,expedited,1,fog,01/03/2025 07:10 AM MDT,01/03/2025 07:10 AM MDT,57.0,2024-11-12 07:19:00,19.0,1.0,2.06,2.06,3.19,21.3,1.39,2.04,0.0,42.52,17.7,78.8,delivered,customer_not_home,84.17,check,colorado-springs,campus,residential,expedited,delivered,2025-01-03 07:10:00,2025-01-03 07:10:00,4.0,0.0,0.0,Other,Other,Other,Other,Colorado-Springs,Campus,leave_at_door,residential,expedited,fog,Other,Other,Other,delivered,customer_not_home,check,colorado-springs,campus,residential,expedited,delivered,1.0,1681.5,15.358543313487738,0.6053542918620024,0.9501233069045406,0.9501233069045406,2.465929180196213,2.0199627452686624,1.0424128048049404,0.44589681440443213,0.0,24.327678392977923,1.5375027099371197,78.8,3626.46445,3.618555125115471,0.0,0.0
S-00438,R-149,D-022,V-036,Denver-East,Suburban,front_desk,residential,standard,0,wind,04/05/2025 07:50 AM MST,04/05/2025 07:50 AM MST,120.0,2024-11-13 07:52:00,52.0,1.0,5.53,5.53,1.862,13.76,0.93,0.0,0.0,50.11,6.8,54.2,delivered,customer_not_home,74.26,check,denver-east,suburban,residential,standard,delivered,2025-04-05 07:50:00,2025-04-05 07:50:00,5.0,1.0,0.0,Other,Other,Other,Other,Denver-East,Suburban,front_desk,residential,standard,wind,Other,Other,Other,delivered,customer_not_home,check,denver-east,suburban,residential,standard,delivered,0.0,7320.0,38.48073686402314,0.6053542918620024,1.4348587338599295,1.4348587338599295,1.5538616023582852,1.846874664715486,0.7520928178120305,-0.0,0.0,27.838057348307828,1.283885125960567,54.2,2831.5338000000006,4.46194756940847,1.0,0.0
S-00439,R-130,D-035,V-025,Denver-East,Suburban,mailroom,Residential,standard,1,clear,2025/08/13 08:00:00,2025/08/13 08:00:00,110.0,2024-11-14 07:55:00,55.0,1.0,1.65,1.65,3.093,12.93,1.63,0.0,0.0,36.09,9.0,45.1,rescheduled,customer_not_home,57.34,check,denver-east,suburban,residential,standard,rescheduled,2025-08-13 08:00:00,2025-08-13 08:00:00,2.0,0.0,0.0,Other,Other,Other,Other,Denver-East,Suburban,mailroom,Other,standard,clear,Other,Other,Other,rescheduled,customer_not_home,check,denver-east,suburban,residential,standard,rescheduled,1.0,6160.0,40.49208680597269,0.6053542918620024,0.8450204788904712,0.8450204788904712,2.4025964360311076,1.8208402045060634,1.1806312409957027,-0.0,0.0,21.256889548945466,1.367544467966324,45.1,1701.2778000000003,1.875417088358097,0.0,0.0
S-00440,R-156,D-060,V-021,Denver-East ,Rural,front_desk,residential,standard,0,rain,2025-02-08 14:35,2025-02-08 14:35,112.0,2024-11-15 14:36:00,456.0,2.0,15.103750000000002,15.103750000000002,6.081,5.74,1.98,1.49,0.0,35.29,25.3,61.8,delivered ,customer_not_home,81.28,check,denver-east,rural,residential,standard,delivered,2025-02-08 14:35:00,2025-02-08 14:35:00,5.0,1.0,344.0,Other,Other,Other,Other,Other,Rural,front_desk,residential,standard,rain,Other,Other,Other,Other,customer_not_home,check,denver-east,rural,residential,standard,delivered,0.0,6384.0,274.11020709276943,0.8890149625568643,1.978393757567725,1.978393757567725,4.194429769675456,1.4528011240031504,1.3692475324653324,0.4193561394171062,0.0,20.867680875858422,1.6453365489340457,61.8,3384.4992,4.46194756940847,1.0,212.58404407865325
S-00441,R-137,D-013,V-016,Boulder,Rural,leave_at_door,residential,Standard,0,clear,04/25/2025 02:15 PM,04/25/2025 02:15 PM,121.0,2024-11-16 14:20:00,440.0,1.0,15.103750000000002,15.103750000000002,9.585,7.98,3.44,3.08,0.0,53.14,8.6,64.1,failed,vehicle_issue,48.49,check,boulder,rural,residential,standard,failed,2025-04-25 02:15:00,2025-04-25 02:15:00,4.0,0.0,319.0,Other,Other,Other,Other,Boulder,Rural,leave_at_door,residential,Other,clear,Other,Other,Other,failed,vehicle_issue,check,boulder,rural,residential,standard,failed,0.0,7441.5,265.42264590443983,0.6053542918620024,2.013173301216355,2.013173301216355,6.021931051820646,1.6079092949424947,2.221878212513562,0.46996347558631296,0.0,29.209629340489023,1.3545027756320973,64.1,1224.1300500000002,3.618555125115471,0.0,198.59551333741513
S-00442,R-155,D-025,V-015,Denver-East,Suburban,call_on_arrival,residential,expedited,0,clear,2024/12/20 10:40:00 MST ,2024/12/20 10:40:00 MST ,74.0,2024-11-17 10:48:00,228.0,3.0,13.32,13.32,3.967,9.05,1.72,4.225,0.0,44.92,5.4,41.8,Delivered,customer_not_home,81.59,check,denver-east,suburban,residential,expedited,delivered,2024-12-20 10:40:00,2024-12-20 10:40:00,4.0,0.0,154.0,Other,Other,Other,Other,Denver-East,Suburban,call_on_arrival,residential,expedited,clear,Other,Other,Other,Other,customer_not_home,check,denver-east,suburban,residential,expedited,delivered,0.0,2812.0,146.66676641331082,1.0641270562537064,1.8333175116128593,1.8333175116128593,2.9584309713038204,1.6652070442095737,1.2305045178914826,0.4847713726171005,0.0,25.45001568670999,1.2094305849579052,41.8,3410.05405,3.618555125115471,0.0,102.89432009205392
S-00443,R-103,D-050,V-027,Boulder ,Downtown,garage,residential,expedited,0,rain,2025/07/09 16:05:00 MST,2025/07/09 16:05:00 MST,53.0,07/32/2025 10:10 PM,543.0,1.0,1.66,1.66,1.284,10.17,0.49,1.72,0.0,42.87,18.8,73.4,failed,customer_not_home,68.68,check,boulder,downtown,residential,expedited,failed,2025-07-09 16:05:00,2025-07-09 16:05:00,2.0,0.0,490.0,Other,Other,Other,Other,Other,Downtown,garage,residential,expedited,rain,Other,Other,Other,failed,customer_not_home,check,boulder,downtown,residential,expedited,failed,0.0,1457.5,320.8448720130541,0.6053542918620024,0.8478305472471745,0.8478305472471745,1.118195664524025,1.7172535651154954,0.4323412924435917,0.43241782006920415,0.0,24.492108740346037,1.5505334250245053,73.4,2427.1512000000007,1.875417088358097,0.0,292.4718411864328
S-00444,R-146,D-021,V-031,Denver-West,Suburban,mailroom,business,STANDARD,1,snow,05/18/2025 08:50 AM,05/18/2025 08:50 AM,117.0,2024-11-19 08:52:00,112.0,4.0,6.73,6.73,4.435,15.15,1.79,0.0,0.0,52.74,10.4,46.7,delivered,customer_not_home,78.0,check,denver-west,suburban,business,standard,delivered,2025-05-18 08:50:00,2025-05-18 08:50:00,6.0,1.0,0.0,Other,Other,Other,Other,Denver-West,Suburban,mailroom,business,Other,snow,Other,Other,Other,delivered,customer_not_home,check,denver-west,suburban,business,standard,delivered,1.0,6961.5,77.14677086673682,1.1867360977981165,1.5285507257018909,1.5285507257018909,3.2438460931508883,1.8864717441633043,1.2686142849099402,0.0,0.0,29.029461181121793,1.4076511222409076,46.7,3120.0,5.291331975501458,1.0,0.0
S-00445,R-125,D-059,V-025,Denver-East,Rural,leave_at_door,residential,same_day,0,wind,29-Oct-2025 18:00 MDT,29-Oct-2025 18:00 MDT,36.0,2024-11-20 18:03:00,663.0,6.0,4.69,4.69,4.136,13.97,2.01,0.0,0.0,56.62,7.1,30.2,failed,package_damaged,46.57,check,denver-east,rural,residential,same_day,failed,2025-10-29 18:00:00,2025-10-29 18:00:00,2.0,0.0,627.0,Other,Other,Other,Other,Denver-East,Rural,leave_at_door,residential,same_day,wind,Other,Other,Other,failed,package_damaged,check,denver-east,rural,residential,same_day,failed,0.0,684.0,384.10883131026867,1.352108625101415,1.354792282908117,1.354792282908117,3.062391504235023,1.8531612629410643,1.3847815897257825,-0.0,0.0,30.76611388745177,1.2972716310736936,30.2,1130.95245,1.875417088358097,0.0,365.2599564049348
S-00446,R-132,D-043,V-010,Denver-East,Suburban,call_on_arrival,residential,Standard,0,fog,2025-04-25 07:10,2025-04-25 07:10,135.0,2024-11-21 07:05:00,5.0,1.0,2.77,2.77,3.739,2.81,1.46,0.0,0.0,45.165,4.7,92.5,failed,weather_delay,56.36,check,denver-east,suburban,residential,standard,failed,2025-04-25 07:10:00,2025-04-25 07:10:00,4.0,0.0,0.0,Other,Other,Other,Other,Denver-East,Suburban,call_on_arrival,residential,Other,fog,Other,Other,Other,failed,weather_delay,check,denver-east,suburban,residential,standard,failed,0.0,9247.5,4.46194756940847,0.6053542918620024,1.0947341539705204,1.0947341539705204,2.8164770677115225,1.1382307480670901,1.083554811485177,-0.0,0.0,25.563918468834125,1.162292183416609,92.5,1644.5847999999999,3.618555125115471,0.0,0.0
S-00447,R-133,D-003,V-009,Denver-West,Downtown,front_desk,business,EXPEDITED,1,clear,12-Sep-2025 19:00 MDT,12-Sep-2025 19:00 MDT,42.0,2024-11-22 18:59:00,719.0,5.0,6.69,6.69,2.621,29.35625,0.99,0.0,0.0,35.52,9.4,57.0,delivered,customer_not_home,89.55,check,denver-west,downtown,business,expedited,delivered,2025-09-12 19:00:00,2025-09-12 19:00:00,4.0,0.0,677.0,Other,Other,Other,Other,Denver-West,Downtown,front_desk,business,Other,clear,Other,Other,Other,delivered,customer_not_home,check,denver-west,downtown,business,expedited,delivered,1.0,924.0,413.22877024230564,1.2791016451735329,1.525739532097037,1.525739532097037,2.0876962394521654,2.1576795754969047,0.7921623145928041,-0.0,0.0,20.979752535228318,1.3798263270539577,57.0,4099.15125,3.618555125115471,0.0,391.411080517039
S-00448,R-156,D-038,V-022,Denver-East,Downtown,call_on_arrival,business,standard,1,snow,2025-07-04 17:55 MDT,2025-07-04 17:55 MDT,113.0,2024-11-23 18:11:00,671.0,1.0,13.55,13.55,9.641375,16.98,3.44,0.0,0.0,47.05,12.4,59.5,failed,customer_not_home,53.71,check,denver-east,downtown,business,standard,failed,2025-07-04 17:55:00,2025-07-04 17:55:00,4.0,0.0,558.0,Other,Other,Other,Other,Denver-East,Downtown,call_on_arrival,business,standard,snow,Other,Other,Other,failed,customer_not_home,check,denver-east,downtown,business,standard,failed,1.0,6497.5,388.28340975424237,0.6053542918620024,1.840470701401797,1.840470701401797,6.355767292818538,1.932321385192894,2.221878212513562,-0.0,0.0,26.436287641916184,1.4536416352918469,59.5,1496.09205,3.618555125115471,0.0,328.82368305403435
S-00449,R-107,D-007,V-029,Denver-East,Industrial,call_on_arrival,residential,expedited,0,wind,11-May-2025 12:45,11-May-2025 12:45,56.0,2024-11-24 12:40:00,340.0,1.0,3.4,3.4,5.823,9.97,1.38,0.0,0.0,51.44,5.0,58.3,DELIVERED,customer_not_home,84.6,check,denver-east,industrial,residential,expedited,delivered,2025-05-11 12:45:00,2025-05-11 12:45:00,6.0,1.0,284.0,Other,Other,Other,Other,Denver-East,Industrial,call_on_arrival,residential,expedited,wind,Other,Other,Other,Other,customer_not_home,check,denver-east,industrial,residential,expedited,delivered,0.0,1624.0,210.35288338669184,0.6053542918620024,1.1961442737449923,1.1961442737449923,4.050219397424002,1.708470304890928,1.0364766218799306,0.0,0.0,28.442048373512687,1.183503419072274,58.3,3663.1799999999994,5.291331975501458,1.0,178.82480716014487
S-00450,R-101,D-034,V-030,Denver-East,Suburban,garage,residential,expedited,0,snow,08/31/2025 03:30 PM MDT ,08/31/2025 03:30 PM MDT ,50.0,2024-11-25 15:31:00,511.0,3.0,13.13,13.13,1.789,8.88,0.95,0.0,0.0,35.57,4.6,21.3,delivered ,customer_not_home,81.55,check,denver-east,suburban,residential,expedited,delivered,2025-08-31 03:30:00,2025-08-31 03:30:00,6.0,1.0,461.0,Other,Other,Other,Other,Denver-East,Suburban,garage,residential,expedited,snow,Other,Other,Other,Other,customer_not_home,check,denver-east,suburban,residential,expedited,delivered,0.0,1300.0,303.74889601032396,1.0641270562537064,1.827294755234638,1.827294755234638,1.5004052922534412,1.656647627414249,0.7655313180710959,-0.0,0.0,21.004097234786727,1.1548457452714835,21.3,3406.75125,5.291331975501458,1.0,276.8187872244724
S-00451,R-127,D-047,V-010,Fort Collins,Suburban,leave_at_door,residential,standard,0,rain,2025/08/03 18:40:00 MST,2025/08/03 18:40:00 MST,112.0,2024-11-26 18:46:00,706.0,3.0,8.91,8.91,2.83,27.36,1.14,3.28,118.12,42.68,9.1,58.4,failed,weather_delay,55.39,check,fort-collins,suburban,residential,standard,failed,2025-08-03 18:40:00,2025-08-03 18:40:00,6.0,1.0,594.0,Other,Other,Other,Other,Other,Suburban,leave_at_door,residential,standard,rain,Other,Other,Other,failed,weather_delay,check,fort-collins,suburban,residential,standard,failed,0.0,6384.0,406.48962811951174,1.0641270562537064,1.6581719651956803,1.6581719651956803,2.228564493696421,2.1113455128521106,0.8892649314086657,0.4727050397414621,118.12,24.402879241906188,1.3706832244724474,58.4,1589.41605,5.291331975501458,1.0,347.88674549328806
S-00452,R-105,D-056,V-010,Denver-West,Campus,side_entrance,residential,standard,0,clear,2025-06-30 13:50,2025-06-30 13:50,137.0,2024-11-27 13:55:00,415.0,4.0,9.97,9.97,4.528,11.93,1.6,0.0,118.12,66.79875,9.3,39.6,Failed,vehicle_issue,57.32,check,denver-west,campus,residential,standard,failed,2025-06-30 13:50:00,2025-06-30 13:50:00,0.0,0.0,278.0,Other,Other,Other,Other,Denver-West,Campus,side_entrance,residential,standard,clear,Other,Other,Other,Other,vehicle_issue,check,denver-west,campus,residential,standard,failed,0.0,9521.5,251.78461395831107,1.1867360977981165,1.708470304890928,1.708470304890928,3.2996693479365735,1.7866578987110515,1.163779664925576,0.0,118.12,35.59278668637036,1.376823047150244,39.6,1700.1112,0.0,0.0,175.411878261992
S-00453,R-122,D-031,V-017,Denver-West,Suburban,call_on_arrival,Residential,expedited,1,rain,2025/11/12 08:50:00 MST,2025/11/12 08:50:00 MST,64.0,2024-11-28 09:06:00,126.0,1.0,1.07,1.07,9.641375,17.96,3.44,0.0,0.0,38.07,5.2,37.0,rescheduled,customer_not_home,67.46,check,denver-west,suburban,residential,expedited,rescheduled,2025-11-12 08:50:00,2025-11-12 08:50:00,2.0,0.0,62.0,Other,Other,Other,Other,Denver-West,Suburban,call_on_arrival,Other,expedited,rain,Other,Other,Other,rescheduled,customer_not_home,check,denver-west,suburban,residential,expedited,rescheduled,1.0,2112.0,85.82112270386673,0.6053542918620024,0.6536242915164703,0.6536242915164703,6.519421672746649,1.9544508791556607,2.221878212513562,0.0,0.0,22.213064905322334,1.196780671097501,37.0,2342.8857999999996,1.875417088358097,0.0,45.14445335074421
S-00454,R-142,D-040,V-026,Fort-Collins,Suburban,front_desk,business,expedited,0,clear,2025-08-05 17:20,2025-08-05 17:20,59.0,2024-11-29 17:16:00,616.0,6.0,15.103750000000002,15.103750000000002,0.657,14.53,0.59,0.0,0.0,40.65,7.2,52.1,failed,vehicle_issue,70.82,check,fort-collins,suburban,business,expedited,failed,2025-08-05 17:20:00,2025-08-05 17:20:00,1.0,0.0,557.0,Other,Other,Other,Other,Fort-Collins,Suburban,front_desk,business,expedited,clear,Other,Other,Other,failed,vehicle_issue,check,fort-collins,suburban,business,expedited,failed,0.0,1799.5,359.47927051825553,1.352108625101415,2.0468211588882803,2.0468211588882803,0.6057881396033723,1.8693797448546872,0.5095312579167284,0.0,0.0,23.444601233592564,1.3015697042304217,52.1,2578.5561999999995,0.962295536748461,0.0,328.29243458850186
S-00455,R-155,D-006,V-022,Colorado Springs,Industrial,building_super,residential,standard,1,clear,2025/01/07 09:00:00 MDT,2025/01/07 09:00:00 MDT,131.0,2024-11-30 09:06:00,126.0,2.0,4.64,4.64,3.385,13.34,1.61,0.0,0.0,23.62,7.7,60.9,rescheduled,customer_not_home,64.01,check,colorado-springs,industrial,residential,standard,rescheduled,2025-01-07 09:00:00,2025-01-07 09:00:00,1.0,0.0,0.0,Other,Other,Other,Other,Other,Industrial,Other,residential,standard,clear,Other,Other,Other,rescheduled,customer_not_home,check,colorado-springs,industrial,residential,standard,rescheduled,1.0,8711.5,85.82112270386673,0.8890149625568643,1.3495464514785414,1.3495464514785414,2.5919342363555313,1.8339454399083666,1.1694097585823444,-0.0,0.0,15.465450381977988,1.3219364963791898,60.9,2112.65005,0.962295536748461,0.0,0.0
S-00456,R-125,D-044,V-035,Denver East,Suburban,garage,residential,standard,0,snow,2025-08-21 07:55 MDT ,2025-08-21 07:55 MDT ,121.0,2025-13-40 25:61:00,59.0,1.0,1.42,1.42,2.843,13.93,0.92,4.225,0.0,66.79875,23.3,50.4,FAILED,customer_not_home,56.61,check,denver-east,suburban,residential,standard,failed,2025-08-21 07:55:00,2025-08-21 07:55:00,3.0,0.0,0.0,Other,Other,Other,Other,Other,Suburban,garage,residential,standard,snow,Other,Other,Other,Other,customer_not_home,check,denver-east,suburban,residential,standard,failed,0.0,7441.5,43.15726752600845,0.6053542918620024,0.7763132711187805,0.7763132711187805,2.2372493547076564,1.8519726872925684,0.745342223199209,0.4936305407925645,0.0,35.59278668637036,1.5942795870332103,50.4,1658.95605,2.7580025035383304,0.0,0.0
S-00457,R-156,D-021,V-032,Colorado-Springs,Downtown,call_on_arrival,residential,standard,0,clear,2025-03-23 09:45 MST,2025-03-23 09:45 MST,123.0,2024-12-02 09:41:00,161.0,4.0,5.09,5.09,3.82,14.07,0.87,0.0,0.0,42.05,9.8,64.4,failed,customer_not_home,68.28,check,colorado-springs,downtown,residential,standard,failed,2025-03-23 09:45:00,2025-03-23 09:45:00,6.0,1.0,38.0,Other,Other,Other,Other,Colorado-Springs,Downtown,call_on_arrival,residential,standard,clear,Other,Other,Other,failed,customer_not_home,check,colorado-springs,downtown,residential,standard,failed,0.0,7687.5,107.11224648296458,1.1867360977981165,1.3947094559676485,1.3947094559676485,2.8671378983336546,1.8561147256099915,0.7112687369880748,0.0,0.0,24.106455083208363,1.3914193805498154,64.4,2399.3592,5.291331975501458,1.0,28.929975463708022
S-00458,R-140,D-035,V-003,Colorado-Springs,Industrial,front_desk,residential,standard,0,clear,13-Apr-2025 13:35,13-Apr-2025 13:35,105.0,2024-12-03 13:28:00,388.0,2.0,10.18,10.18,3.437,11.22,1.24,0.0,0.0,45.48,17.0,65.5,failed,address_issue,52.36,check,colorado-springs,industrial,residential,standard,failed,2025-04-13 13:35:00,2025-04-13 13:35:00,6.0,1.0,283.0,Other,Other,Other,Other,Colorado-Springs,Industrial,front_desk,residential,standard,clear,Other,Other,Other,failed,address_issue,check,colorado-springs,industrial,residential,standard,failed,0.0,5617.5,236.96297821431136,0.8890149625568643,1.7176873538328064,1.7176873538328064,2.625249496366118,1.7602295211464802,0.9517490659800822,-0.0,0.0,25.71018751567569,1.5285954792089682,65.5,1423.1448,5.291331975501458,1.0,178.25648865488824
S-00459,R-141,D-005,V-016,Boulder,Campus,package_room_3F,residential,standard,0,clear,2025/12/09 11:40:00 MDT,2025/12/09 11:40:00 MDT,126.0,2024-12-04 11:28:00,268.0,1.0,15.103750000000002,15.103750000000002,-2.3496249999999996,9.31,2.41,0.0,0.0,54.1,7.8,89.6,delivered,customer_not_home,84.68,check,boulder,campus,residential,standard,delivered,2025-12-09 11:40:00,2025-12-09 11:40:00,1.0,0.0,142.0,Other,Other,Other,Other,Boulder,Campus,Other,residential,standard,clear,Other,Other,Other,delivered,customer_not_home,check,boulder,campus,residential,standard,delivered,0.0,8064.0,169.70724676679467,0.6053542918620024,2.0194322214062104,2.0194322214062104,-1.0976083387537812,1.6779402140750206,1.5835865081329512,-0.0,0.0,29.640951961399455,1.325800137536758,89.6,3670.031200000001,0.962295536748461,0.0,95.61860747244698
S-00460,R-115,D-044,V-019,Fort Collins,Industrial,front_desk,Biz,expedited,1,clear,2025/11/11 18:40:00 MST,2025/11/11 18:40:00 MST,63.0,2024-12-05 18:45:00,705.0,1.0,11.09,11.09,7.553,12.9,2.57,0.0,0.0,53.56,18.3,100.0,delivered,customer_not_home,87.79,check,fort-collins,industrial,business,expedited,delivered,2025-11-11 18:40:00,2025-11-11 18:40:00,1.0,0.0,642.0,Other,Other,Other,Other,Other,Industrial,front_desk,Other,expedited,clear,Other,Other,Other,delivered,customer_not_home,check,fort-collins,industrial,business,expedited,delivered,1.0,2047.5,405.9707220060147,0.6053542918620024,1.7551739748797848,1.7551739748797848,4.989209530560118,1.819861631272956,1.6591759686419085,-0.0,0.0,29.398519633400085,1.5447485463940147,100.0,3941.3320500000004,0.962295536748461,0.0,373.12644310218906
S-00461,R-128,D-048,V-006,Denver-East,Campus,garage,residential,standard,0,clear,08/26/2025 04:45 PM MST,08/26/2025 04:45 PM MST,116.0,2024-12-06 16:50:00,590.0,4.0,15.103750000000002,15.103750000000002,3.272,26.29,1.63,0.0,0.0,45.165,17.1,62.1,rescheduled,customer_not_home,70.48,check,denver-east,campus,residential,standard,rescheduled,2025-08-26 04:45:00,2025-08-26 04:45:00,1.0,0.0,474.0,Other,Other,Other,Other,Denver-East,Campus,garage,residential,standard,clear,Other,Other,Other,rescheduled,customer_not_home,check,denver-east,campus,residential,standard,rescheduled,0.0,6844.0,345.77445029126415,1.1867360977981165,1.9693668730140295,1.9693668730140295,2.5191257458916936,2.0971647995795255,1.1806312409957027,-0.0,0.0,25.563918468834125,1.5298995052777316,62.1,2554.1952,0.962295536748461,0.0,283.8474697197142
S-00462,R-129,D-007,V-007,Denver-West,Suburban,call_on_arrival,residential,expedited,0,fog,2025-06-13 15:45,2025-06-13 15:45,58.0,2024-12-07 15:43:00,523.0,1.0,7.78,7.78,6.277,14.8,2.91,0.0,0.0,45.165,7.7,56.2,delivered,customer_not_home,81.0,check,denver-west,suburban,residential,expedited,delivered,2025-06-13 15:45:00,2025-06-13 15:45:00,4.0,0.0,465.0,Other,Other,Other,Other,Denver-West,Suburban,call_on_arrival,residential,expedited,fog,Other,Other,Other,delivered,customer_not_home,check,denver-west,suburban,residential,expedited,delivered,0.0,1740.0,310.17206485461014,0.6053542918620024,1.5962110533089882,1.5962110533089882,4.302932869603941,1.8769301511003456,1.8133103910694666,-0.0,0.0,25.563918468834125,1.3219364963791898,56.2,3361.5,3.618555125115471,0.0,278.98354017972576
S-00463,R-158,D-011,V-020,Denver-East,Suburban,garage,business,expedited,0,clear,2025-06-16 08:15,2025-06-16 08:15,71.0,2024-12-08 08:21:00,81.0,1.0,1.51,1.51,4.445,12.78,1.59,0.0,0.0,56.12,12.5,54.4,delivered,customer_not_home,83.14,check,denver-east,suburban,business,expedited,delivered,2025-06-16 08:15:00,2025-06-16 08:15:00,0.0,0.0,10.0,Other,Other,Other,Other,Denver-East,Suburban,garage,business,expedited,clear,Other,Other,Other,delivered,customer_not_home,check,denver-east,suburban,business,expedited,delivered,0.0,2591.5,57.52834826677707,0.6053542918620024,0.8041714451044444,0.8041714451044444,3.2498622666728587,1.8159197059147996,1.1581365637003334,0.0,0.0,30.543663398722675,1.4556689460481826,54.4,3539.2698,0.0,0.0,8.505253182404998
S-00464,R-121,D-002,V-003,Denver-West,Downtown,call_on_arrival,residential,standard,0,snow,28-Apr-2025 15:15,28-Apr-2025 15:15,126.0,2024-12-09 15:20:00,500.0,2.0,4.22,4.22,1.995,12.52,1.04,0.0,0.0,50.71,5.0,73.1,failed,vehicle_issue,52.73,check,denver-west,downtown,residential,standard,failed,2025-04-28 15:15:00,2025-04-28 15:15:00,0.0,0.0,374.0,Other,Other,Other,Other,Denver-West,Downtown,call_on_arrival,residential,standard,snow,Other,Other,Other,failed,vehicle_issue,check,denver-west,downtown,residential,standard,failed,0.0,8064.0,297.8477592578012,0.8890149625568643,1.3029520824078962,1.3029520824078962,1.6502162419611492,1.8072236858681825,0.8250032615233186,-0.0,0.0,28.110918885326537,1.183503419072274,73.1,1442.95645,0.0,0.0,229.23751776897933
S-00465,R-119,D-051,V-004,Denver-East,Suburban,front_desk,residential,standard,0,rain,2025-07-16 16:50,2025-07-16 16:50,120.0,2024-12-10 17:00:00,600.0,1.0,2.61,2.61,7.851,5.05,3.44,0.0,0.0,39.37,5.4,70.5,delivered,customer_not_home,75.28,check,denver-east,suburban,residential,standard,delivered,2025-07-16 16:50:00,2025-07-16 16:50:00,2.0,0.0,480.0,Other,Other,Other,Other,Denver-East,Suburban,front_desk,residential,standard,rain,Other,Other,Other,delivered,customer_not_home,check,denver-east,suburban,residential,standard,delivered,0.0,7320.0,351.05252987634464,0.6053542918620024,1.0654193189384653,1.0654193189384653,5.144927530678797,1.3908731163876251,2.174241719163316,0.0,0.0,22.835574653854614,1.2094305849579052,70.5,2908.8192,1.875417088358097,0.0,287.08496224470275
S-00466,R-128,D-023,V-024,Dnvr-East,Suburban,side_entrance,residential,standard,1,wind,2025/06/20 20:30:00 MDT,2025/06/20 20:30:00 MDT,126.0,2024-12-11 20:29:00,809.0,1.0,8.11,8.11,3.189,12.0,1.17,3.34,0.0,54.06,25.3,34.9,delivered,customer_not_home,81.39,check,denver-east,suburban,residential,standard,delivered,2025-06-20 20:30:00,2025-06-20 20:30:00,4.0,0.0,683.0,Other,Other,Other,Other,Other,Suburban,side_entrance,residential,standard,wind,Other,Other,Other,delivered,customer_not_home,check,denver-east,suburban,residential,standard,delivered,1.0,8064.0,459.56321323428693,0.6053542918620024,1.615333045770497,1.615333045770497,2.4652785243415316,1.7891610974987766,0.9081908190166585,0.4734545222875831,0.0,29.62301035986032,1.6129435001419083,34.9,3393.55605,3.618555125115471,0.0,394.53598461605316
S-00467,R-134,D-010,V-016,Denver-East,Industrial,leave_at_door,business,expedited,0,clear,15-Sep-2025 19:05 MDT,15-Sep-2025 19:05 MDT,69.0,2024-12-12 19:06:00,726.0,2.0,7.46,7.46,4.264,29.35625,1.91,0.0,0.0,41.0,9.3,66.5,delivered,customer_not_home,87.44,check,denver-east,industrial,business,expedited,delivered,2025-09-15 19:05:00,2025-09-15 19:05:00,0.0,0.0,657.0,Other,Other,Other,Other,Denver-East,Industrial,leave_at_door,business,expedited,clear,Other,Other,Other,delivered,customer_not_home,check,denver-east,industrial,business,expedited,delivered,0.0,2449.5,416.85248807166647,0.8890149625568643,1.5767545358247634,1.5767545358247634,3.1404487535398236,2.2308843512553382,1.3326327316753739,0.0,0.0,23.610476318641417,1.376823047150244,66.5,3910.3167999999996,0.0,0.0,380.9745983860111
S-00468,R-144,D-027,V-037,Denver-East,Suburban,front_desk,residential,Standard,0,clear,2025/08/08 10:40:00 MST,2025/08/08 10:40:00 MST,119.0,07/32/2025 10:10 PM,225.0,4.0,3.34,3.34,6.257,14.12,2.23,2.44,0.0,43.66,7.2,55.2,delivered,customer_not_home,87.95,check,denver-east,suburban,residential,standard,delivered,2025-08-08 10:40:00,2025-08-08 10:40:00,4.0,0.0,106.0,Other,Other,Other,Other,Denver-East,Suburban,front_desk,residential,Other,clear,Other,Other,Other,delivered,customer_not_home,check,denver-east,suburban,residential,standard,delivered,0.0,7199.5,144.9232603551406,1.1867360977981165,1.1873229130107388,1.1873229130107388,4.291901650744955,1.8575819196204442,1.495958945233669,0.45774743104380744,0.0,24.862291663846253,1.3015697042304217,55.2,3955.5512500000004,3.618555125115471,0.0,73.3968862440626
S-00469,R-111,D-051,V-012,Colorado Springs,Downtown,leave_at_door,Biz,standard,0,clear,2025/09/27 13:20:00,2025/09/27 13:20:00,126.0,2024-12-14 13:27:00,387.0,5.0,4.12,4.12,0.588,21.96,0.53,4.225,0.0,54.62,9.5,67.8,delivered ,customer_not_home,74.67,check,colorado-springs,downtown,business,standard,delivered,2025-09-27 13:20:00,2025-09-27 13:20:00,5.0,1.0,261.0,Other,Other,Other,Other,Other,Downtown,leave_at_door,Other,standard,clear,Other,Other,Other,Other,customer_not_home,check,colorado-springs,downtown,business,standard,delivered,0.0,8064.0,236.41209326034755,1.2791016451735329,1.2911357544187922,1.2911357544187922,0.5461112135661664,2.0314046951640115,0.46357949336822263,0.48328927271572714,0.0,29.873956569730854,1.3827866001516322,67.8,2862.47445,4.46194756940847,1.0,165.70141255592645
S-00470,R-140,D-012,V-006,Boulder,Suburban,call_on_arrival,residential,expedited,0,rain,12/16/2024 04:40 PM MST,12/16/2024 04:40 PM MST,53.0,2024-12-15 16:51:00,591.0,3.0,2.34,2.34,2.417,11.24,1.34,4.225,0.0,45.41,14.6,54.5,delivered,vehicle_issue,89.59,check,boulder,suburban,residential,expedited,delivered,2024-12-16 04:40:00,2024-12-16 04:40:00,0.0,0.0,538.0,Other,Other,Other,Other,Boulder,Suburban,call_on_arrival,residential,expedited,rain,Other,Other,Other,delivered,vehicle_issue,check,boulder,suburban,residential,expedited,delivered,0.0,1457.5,346.30265775154874,1.0641270562537064,1.0119075417931043,1.0119075417931043,1.9478251005063927,1.7610010918802983,1.012581030664142,0.4920087073125123,0.0,25.677700467202374,1.4936303164581668,54.5,4102.77405,0.0,0.0,318.1804051224292
S-00471,R-140,D-056,V-025,Denver-East,Downtown,package_room_3F,Business,standard,0,rain,2025-03-30 09:00 MST,2025-03-30 09:00 MST,116.0,2024-12-16 09:21:00,141.0,2.0,3.77,3.77,5.058,7.06,2.43,2.19,0.0,52.22,6.5,69.3,delivered,customer_not_home,86.65,check,denver-east,downtown,business,standard,delivered,2025-03-30 09:00:00,2025-03-30 09:00:00,6.0,1.0,25.0,Other,Other,Other,Other,Denver-East,Downtown,Other,Other,standard,rain,Other,Other,Other,delivered,customer_not_home,check,denver-east,downtown,business,standard,delivered,0.0,6844.0,95.00960562290341,0.8890149625568643,1.2472904524981931,1.2472904524981931,3.61261140002692,1.551043898201261,1.5931499654990358,0.4508652627234402,0.0,28.794840941228202,1.2697032566597786,69.3,3840.7612500000005,5.291331975501458,1.0,19.745008253248212
S-00472,R-132,D-044,V-016,Boulder,Suburban,mailroom,business,standard,0,wind,2025-05-17 18:35 MDT,2025-05-17 18:35 MDT,106.0,2024-12-17 18:42:00,702.0,3.0,6.13,6.13,5.781,9.98,2.52,0.0,118.12,47.69,7.0,72.3,rescheduled,customer_not_home,75.09,check,boulder,suburban,business,standard,rescheduled,2025-05-17 18:35:00,2025-05-17 18:35:00,5.0,1.0,596.0,Other,Other,Other,Other,Boulder,Suburban,mailroom,business,standard,wind,Other,Other,Other,rescheduled,customer_not_home,check,boulder,suburban,business,standard,rescheduled,0.0,5724.0,404.4135621783105,1.0641270562537064,1.4842695757684912,1.4842695757684912,4.02658967765844,1.7089143981257644,1.6357766227900523,-0.0,118.12,26.730909874940792,1.2928932188134525,72.3,2894.34405,4.46194756940847,1.0,348.94236010270123
S-00473,R-110,D-059,V-038,Denver-West,Rural,call_on_arrival,residential,standard,0,snow,03/08/2025 11:35 AM,03/08/2025 11:35 AM,106.0,2024-12-18 11:54:00,294.0,3.0,6.84,6.84,9.641375,11.98,3.44,0.0,0.0,36.61,14.5,50.5,delivered,customer_not_home,87.15,check,denver-west,rural,residential,standard,delivered,2025-03-08 11:35:00,2025-03-08 11:35:00,5.0,1.0,188.0,Other,Other,Other,Other,Denver-West,Rural,call_on_arrival,residential,standard,snow,Other,Other,Other,delivered,customer_not_home,check,denver-west,rural,residential,standard,delivered,0.0,5724.0,184.49715124453763,1.0641270562537064,1.536184991661069,1.536184991661069,6.519421672746649,1.7884476890841379,2.221878212513562,-0.0,0.0,21.50897400327922,1.491999491999238,50.5,3884.7112500000003,4.46194756940847,1.0,123.2180817718159
S-00474,R-141,D-015,V-030,Denver-East,Downtown,call_on_arrival,business,EXPEDITED,1,rain,27-Feb-2025 09:50 MST,27-Feb-2025 09:50 MST,62.0,2024-12-19 09:55:00,175.0,3.0,7.19,7.19,1.996,13.97,0.97,3.98,0.0,53.59,9.8,81.6,delivered,customer_not_home,83.67,check,denver-east,downtown,business,expedited,delivered,2025-02-27 09:50:00,2025-02-27 09:50:00,3.0,0.0,113.0,Other,Other,Other,Other,Denver-East,Downtown,call_on_arrival,business,Other,rain,Other,Other,Other,delivered,customer_not_home,check,denver-east,downtown,business,expedited,delivered,1.0,1984.0,115.49435024314043,1.0641270562537064,1.5595785699668498,1.5595785699668498,1.6509357890220915,1.8531612629410643,0.7788873719292809,0.47983903485427654,0.0,29.412000645768742,1.3914193805498154,81.6,3584.0044500000004,2.7580025035383304,0.0,77.76978882951333
S-00475,R-117,D-017,V-030,Denver-West,Downtown,mailroom,residential,same_day,1,clear,2025-11-02 14:15 MST,2025-11-02 14:15 MST,44.0,2024-12-20 14:20:00,440.0,4.0,14.75,14.75,8.385,10.51,2.82,1.33,0.0,34.75,6.6,73.9,delivered,customer_not_home,100.0,check,denver-west,downtown,residential,same_day,delivered,2025-11-02 14:15:00,2025-11-02 14:15:00,6.0,1.0,396.0,Other,Other,Other,Other,Denver-West,Downtown,mailroom,residential,same_day,clear,Other,Other,Other,delivered,customer_not_home,check,denver-west,downtown,residential,same_day,delivered,1.0,1012.0,265.42264590443983,1.1867360977981165,1.8755446388514447,1.8755446388514447,5.420094052178172,1.7317256329389719,1.7733193941578218,0.4079003112969478,0.0,20.60399553036946,1.2745237498899882,73.9,5100.0,5.291331975501458,1.0,241.36499360670354
S-00476,R-158,D-043,V-001,Colorado-Springs,Downtown,leave_at_door,residential,standard,0,clear,2025/12/23 13:05:00 MDT,2025/12/23 13:05:00 MDT,102.0,2024-12-21 13:05:00,365.0,3.0,4.86,4.86,3.617,7.66,1.77,0.0,0.0,57.45,17.1,65.2,rescheduled,customer_not_home,68.94,check,colorado-springs,downtown,residential,standard,rescheduled,2025-12-23 13:05:00,2025-12-23 13:05:00,1.0,0.0,263.0,Other,Other,Other,Other,Colorado-Springs,Downtown,leave_at_door,residential,standard,clear,Other,Other,Other,rescheduled,customer_not_home,check,colorado-springs,downtown,residential,standard,rescheduled,0.0,5304.0,224.25596353506842,1.0641270562537064,1.372189437649417,1.372189437649417,2.739679659123954,1.5890245097490916,1.2577848943378716,-0.0,0.0,31.134532008193137,1.5298995052777316,65.2,2445.3017999999997,0.962295536748461,0.0,166.84701659436885
S-00477,R-158,D-052,V-030,Denver-East,Industrial,call_on_arrival,business,STANDARD,0,wind,01/22/2025 12:05 PM ,01/22/2025 12:05 PM ,106.0,2024-12-22 19:55:00,775.0,3.0,11.54,11.54,1.6149318982642924,29.35625,1.31,0.0,0.0,49.18,25.3,46.1,delivered,customer_not_home,80.46,check,denver-east,industrial,business,standard,delivered,2025-01-22 12:05:00,2025-01-22 12:05:00,2.0,0.0,669.0,Other,Other,Other,Other,Denver-East,Industrial,call_on_arrival,business,Other,wind,Other,Other,Other,delivered,customer_not_home,check,denver-east,industrial,business,standard,delivered,0.0,5724.0,442.1228607571101,1.0641270562537064,1.7723815640053031,1.7723815640053031,1.371210641551246,2.1431979048093766,0.9944980352269758,0.0,0.0,27.413851064025224,1.77131393174903,46.1,3317.3657999999996,1.875417088358097,0.0,387.2402333351034
S-00478,R-111,D-019,V-035,Denver-East ,Suburban,garage,business,STANDARD,1,rain,11/23/2024 05:45 PM,11/23/2024 05:45 PM,118.0,2024-12-23 17:42:00,642.0,1.0,2.98,2.98,3.523,21.62,1.0,0.0,0.0,49.48,9.5,35.4,delivered,customer_not_home,90.19,check,denver-east,suburban,business,standard,delivered,2024-11-23 05:45:00,2024-11-23 05:45:00,5.0,1.0,524.0,Other,Other,Other,Other,Other,Suburban,garage,business,Other,rain,Other,Other,Other,delivered,customer_not_home,check,denver-east,suburban,business,standard,delivered,1.0,7080.0,373.12644310218906,0.6053542918620024,1.1308439499990375,1.1308439499990375,2.6800920473625816,2.0255645541034073,0.7987697769322359,-0.0,0.0,27.55086224915715,1.3827866001516322,35.4,4157.30805,4.46194756940847,1.0,310.7066605506453
S-00479,R-123,D-005,V-029,Denver-West,Suburban,call_on_arrival,residential,standard,0,rain,2025/01/12 16:00:00,2025/01/12 16:00:00,115.0,2024-12-24 15:56:00,536.0,3.0,7.06,7.06,3.251,29.35625,0.82,4.225,0.0,53.43,15.4,56.7,delivered,customer_not_home,97.55,check,denver-west,suburban,residential,standard,delivered,2025-01-12 16:00:00,2025-01-12 16:00:00,6.0,1.0,421.0,Other,Other,Other,Other,Denver-West,Suburban,call_on_arrival,residential,standard,rain,Other,Other,Other,delivered,customer_not_home,check,denver-west,suburban,residential,standard,delivered,0.0,6727.5,317.11392738116706,1.0641270562537064,1.551043898201261,1.551043898201261,2.5055316378174037,2.3918588838846864,0.6766441229332887,0.4880556796437726,0.0,29.340084768319898,1.5061352016752052,56.7,4855.5512499999995,5.291331975501458,1.0,255.0650400405971
S-00480,R-141,D-038,V-020,Fort-Collins,Downtown,call_on_arrival,residential,standard,1,clear,2025/10/23 15:45:00 MDT,2025/10/23 15:45:00 MDT,104.0,2024-12-25 15:45:00,525.0,1.0,4.22,4.22,2.367,15.96,0.93,4.225,0.0,57.25,4.9,62.1,delivered,customer_not_home,80.01,check,fort-collins,downtown,residential,standard,delivered,2025-10-23 15:45:00,2025-10-23 15:45:00,3.0,0.0,421.0,Other,Other,Other,Other,Fort-Collins,Downtown,call_on_arrival,residential,standard,clear,Other,Other,Other,delivered,customer_not_home,check,fort-collins,downtown,residential,standard,delivered,1.0,5512.0,311.2411544285615,0.6053542918620024,1.3029520824078962,1.3029520824078962,1.9131646035928775,1.9075583480400153,0.7520928178120305,0.48335020512547283,0.0,31.045852786131707,1.1766130304073816,62.1,3280.8100500000005,2.7580025035383304,0.0,255.0650400405971
S-00481,R-130,D-028,V-017,Denver-East,Suburban,package_room_3F,Biz,standard,0,rain,2025-09-23 08:10 MST,2025-09-23 08:10 MST,119.0,2024-12-26 08:19:00,79.0,1.0,2.1,2.1,3.297,13.3,1.67,0.0,0.0,48.16,3.9,69.8,failed,address_issue,55.29,check,denver-east,suburban,business,standard,failed,2025-09-23 08:10:00,2025-09-23 08:10:00,1.0,0.0,0.0,Other,Other,Other,Other,Denver-East,Suburban,Other,Other,standard,rain,Other,Other,Other,failed,address_issue,check,denver-east,suburban,business,standard,failed,0.0,7199.5,56.239556635397044,0.6053542918620024,0.9593906061257271,0.9593906061257271,2.5352830985721857,1.832688442187838,1.2029215672452793,0.0,0.0,26.946779775697646,1.0964920970947487,69.8,1583.78205,0.962295536748461,0.0,0.0
S-00482,R-113,D-055,V-020,Fort-Collins,Suburban,call_on_arrival,business,standard,0,clear,12/12/2025 12:00 PM,12/12/2025 12:00 PM,110.0,2024-12-27 12:03:00,303.0,3.0,15.103750000000002,15.103750000000002,5.772,5.76,1.86,0.0,0.0,53.39,4.5,60.7,delivered,customer_not_home,85.84,check,fort-collins,suburban,business,standard,delivered,2025-12-12 12:00:00,2025-12-12 12:00:00,4.0,0.0,193.0,Other,Other,Other,Other,Fort-Collins,Suburban,call_on_arrival,business,standard,clear,Other,Other,Other,delivered,customer_not_home,check,fort-collins,suburban,business,standard,delivered,0.0,6160.0,189.5858251877614,1.0641270562537064,2.20985377215309,2.20985377215309,4.021520460583158,1.4544719667048331,1.306154575961495,0.0,0.0,29.32209919656278,1.1471971345775582,60.7,3770.0928000000004,3.618555125115471,0.0,126.17442247984577
S-00483,R-107,D-025,V-031,Denver-East,Suburban,call_on_arrival,residential,standard,0,rain,2025-11-09 17:00 MDT,2025-11-09 17:00 MDT,125.0,2024-12-28 17:02:00,602.0,1.0,2.59,2.59,2.089,10.68,0.8,0.0,0.0,43.04,6.3,55.5,delivered,customer_not_home,91.58,check,denver-east,suburban,residential,standard,delivered,2025-11-09 17:00:00,2025-11-09 17:00:00,6.0,1.0,477.0,Other,Other,Other,Other,Denver-East,Suburban,call_on_arrival,residential,standard,rain,Other,Other,Other,delivered,customer_not_home,check,denver-east,suburban,residential,standard,delivered,0.0,7937.5,352.1070876283361,0.6053542918620024,1.0616363008784533,1.0616363008784533,1.7175428647216064,1.7387548762024718,0.6626345475706247,-0.0,0.0,24.571880161544964,1.2597667898023948,55.5,4285.0282,5.291331975501458,1.0,285.466723960462
S-00484,R-137,D-016,V-025,Boulder,Campus,garage,residential,standard,1,rain,06/17/2025 03:50 PM MDT,06/17/2025 03:50 PM MDT,128.0,2024-12-29 15:47:00,527.0,1.0,2.74,2.74,2.936,24.78,1.64,0.0,0.0,48.37,4.4,70.1,delivered,customer_not_home,89.99,check,boulder,campus,residential,standard,delivered,2025-06-17 03:50:00,2025-06-17 03:50:00,1.0,0.0,399.0,Other,Other,Other,Other,Boulder,Campus,garage,residential,standard,rain,Other,Other,Other,delivered,customer_not_home,check,boulder,campus,residential,standard,delivered,1.0,8320.0,312.30983758081913,0.6053542918620024,1.0893622061625121,1.0893622061625121,2.29912487313991,2.0758742239518018,1.1862227866919417,0.0,0.0,27.04309871164735,1.1393370341761297,70.1,4139.09005,0.962295536748461,0.0,243.0134540680266
S-00485,R-119,D-023,V-037,Denver-East,Rural,mailroom,residential,standard,0,clear,2025-06-07 14:50,2025-06-07 14:50,121.0,2024-12-30 14:54:00,474.0,1.0,2.76,2.76,4.878,29.35625,1.69,0.0,0.0,37.72,14.0,41.9,DELIVERED,customer_not_home,87.84,check,denver-east,rural,residential,standard,delivered,2025-06-07 14:50:00,2025-06-07 14:50:00,5.0,1.0,353.0,Other,Other,Other,Other,Denver-East,Rural,mailroom,residential,standard,clear,Other,Other,Other,Other,customer_not_home,check,denver-east,rural,residential,standard,delivered,0.0,7441.5,283.8474697197142,0.6053542918620024,1.092949697711113,1.092949697711113,3.507286687818842,2.2147466021508846,1.2139916300986981,-0.0,0.0,22.044762764279273,1.4836022205056776,41.9,3945.7728,4.46194756940847,1.0,217.59475226976303
S-00486,R-102,D-045,V-019,Fort-Collins,Downtown,mailroom,Biz,standard,0,wind,2025/12/18 10:05:00 MST,2025/12/18 10:05:00 MST,124.0,2024-12-31 09:51:00,171.0,2.0,4.24,4.24,0.662,6.94,0.73,0.0,0.0,52.09,9.1,41.7,delivered,customer_not_home,85.91,check,fort-collins,downtown,business,standard,delivered,2025-12-18 10:05:00,2025-12-18 10:05:00,3.0,0.0,47.0,Other,Other,Other,Other,Fort-Collins,Downtown,mailroom,Other,standard,wind,Other,Other,Other,delivered,customer_not_home,check,fort-collins,downtown,business,standard,delivered,0.0,7812.0,113.1065053197683,0.8890149625568643,1.3052800589046538,1.3052800589046538,0.6100832753226226,1.543005371899622,0.612851836613208,-0.0,0.0,28.736114382353804,1.3706832244724474,41.7,3776.1740499999996,2.7580025035383304,0.0,35.10273103517651
S-00487,R-118,D-054,V-026,Fort Collins,Rural,mailroom,Residential,standard,0,clear,25-Dec-2024 14:20,25-Dec-2024 14:20,126.0,2025-01-01 14:08:00,428.0,1.0,7.37,7.37,1.954,13.48,0.73,1.73,0.0,55.78,6.6,45.5,delivered,customer_not_home,91.29,check,fort-collins,rural,residential,standard,delivered,2024-12-25 14:20:00,2024-12-25 14:20:00,2.0,0.0,302.0,Other,Other,Other,Other,Other,Rural,mailroom,Other,standard,clear,Other,Other,Other,delivered,customer_not_home,check,fort-collins,rural,residential,standard,delivered,0.0,8064.0,258.8863179377542,0.6053542918620024,1.5711093487029073,1.5711093487029073,1.620652390905966,1.838309291452978,0.612851836613208,0.43291202082410873,0.0,30.392174668220342,1.2745237498899882,45.5,4258.22205,1.875417088358097,0.0,189.0211689215116
S-00488,R-156,D-001,V-037,Boulder,Downtown,front_desk,residential,standard,0,clear,03-Nov-2025 18:05,03-Nov-2025 18:05,121.0,2025-01-02 18:03:00,663.0,1.0,3.49,3.49,2.605,9.84,1.09,1.74,0.0,45.61,25.3,41.3,delivered,customer_not_home,80.85,check,boulder,downtown,residential,standard,delivered,2025-11-03 18:05:00,2025-11-03 18:05:00,0.0,0.0,542.0,Other,Other,Other,Other,Boulder,Downtown,front_desk,residential,standard,clear,Other,Other,Other,delivered,customer_not_home,check,boulder,downtown,residential,standard,delivered,0.0,7441.5,384.10883131026867,0.6053542918620024,1.209087167817428,1.209087167817428,2.07681296120775,1.7026487677748159,0.8573647251876968,0.43340082050189144,0.0,25.770494662096382,1.6967607825684388,41.3,3349.2112499999994,0.0,0.0,320.3121752572303
S-00489,R-159,D-044,V-004,Denver-East,Industrial,call_on_arrival,residential,expedited,1,clear,28-May-2025 17:05 MDT,28-May-2025 17:05 MDT,68.0,2025-01-03 17:00:00,600.0,2.0,15.103750000000002,15.103750000000002,3.784,11.2,1.82,0.0,0.0,37.45,6.0,72.3,delivered,customer_not_home,90.06,check,denver-east,industrial,residential,expedited,delivered,2025-05-28 17:05:00,2025-05-28 17:05:00,2.0,0.0,532.0,Other,Other,Other,Other,Denver-East,Industrial,call_on_arrival,residential,expedited,clear,Other,Other,Other,delivered,customer_not_home,check,denver-east,industrial,residential,expedited,delivered,1.0,2380.0,351.05252987634464,0.8890149625568643,2.011542838226596,2.011542838226596,2.8446537598928936,1.7594563070239257,1.2847713889858263,0.0,0.0,21.9147217716492,1.2440710539815454,72.3,4145.4618,1.875417088358097,0.0,314.97977844462093
S-00490,R-154,D-039,V-032,Denver East,Rural,hand_to_security,residential,standard,1,snow,2025-10-30 09:45,2025-10-30 09:45,117.0,2025-01-04 09:42:00,162.0,2.0,4.26,4.26,4.57,10.66,1.1,4.225,0.0,58.17,9.1,79.1,Rescheduled,customer_not_home,63.94,check,denver-east,rural,residential,standard,rescheduled,2025-10-30 09:45:00,2025-10-30 09:45:00,3.0,0.0,45.0,Other,Other,Other,Other,Other,Rural,Other,residential,standard,snow,Other,Other,Other,Other,customer_not_home,check,denver-east,rural,residential,standard,rescheduled,1.0,6961.5,107.71330220897006,0.8890149625568643,1.3075965129367384,1.3075965129367384,3.3247873607274325,1.7379348305288373,0.8637811037542307,0.4901092140583675,0.0,31.453276663669723,1.3706832244724474,79.1,2108.1018,2.7580025035383304,0.0,33.74183855361807
S-00491,R-150,D-058,V-019,Colorado-Springs,Suburban,leave_at_door,business,expedited,0,clear,08-Aug-2025 16:45 MST,08-Aug-2025 16:45 MST,54.0,2025-01-05 16:49:00,589.0,4.0,5.32,5.32,2.937,16.0,1.32,0.0,0.0,40.75,10.8,79.1,delivered,customer_not_home,93.93,check,colorado-springs,suburban,business,expedited,delivered,2025-08-08 16:45:00,2025-08-08 16:45:00,4.0,0.0,535.0,Other,Other,Other,Other,Colorado-Springs,Suburban,leave_at_door,business,expedited,clear,Other,Other,Other,delivered,customer_not_home,check,colorado-springs,suburban,business,expedited,delivered,0.0,1512.0,345.2461534481681,1.1867360977981165,1.416150101906074,1.416150101906074,2.29978780199637,1.9085656073724688,1.0005412736248234,-0.0,0.0,23.4920224635457,1.417777490260418,79.1,4505.35245,3.618555125115471,0.0,316.58053963485077
S-00492,R-139,D-052,V-015,Denver-East,Suburban,garage,residential,standard,0,wind,24-Sep-2025 14:15 MDT,24-Sep-2025 14:15 MDT,126.0,2025-01-06 14:11:00,431.0,1.0,2.08,2.08,1.352,7.05,0.8,0.0,0.0,48.48,17.7,69.0,rescheduled,customer_not_home,67.33,check,denver-east,suburban,residential,standard,rescheduled,2025-09-24 14:15:00,2025-09-24 14:15:00,2.0,0.0,305.0,Other,Other,Other,Other,Denver-East,Suburban,garage,residential,standard,wind,Other,Other,Other,rescheduled,customer_not_home,check,denver-east,suburban,residential,standard,rescheduled,0.0,8064.0,260.5220947055336,0.6053542918620024,0.9547765142377704,0.9547765142377704,1.1710378726220099,1.550379979540997,0.6626345475706247,-0.0,0.0,27.093518773147384,1.5375027099371197,69.0,2333.9944499999997,1.875417088358097,0.0,190.71458125394034
S-00493,R-115,D-052,V-023,Dnvr-East,Suburban,front_desk,business,expedited,1,clear,2025-01-29 07:15 MST,2025-01-29 07:15 MST,79.0,2025-01-07 07:31:00,31.0,2.0,5.46,5.46,4.94,9.44,1.89,0.0,0.0,39.84,10.1,52.6,failed,package_damaged,65.27,check,denver-east,suburban,business,expedited,failed,2025-01-29 07:15:00,2025-01-29 07:15:00,2.0,0.0,0.0,Other,Other,Other,Other,Other,Suburban,front_desk,business,expedited,clear,Other,Other,Other,failed,package_damaged,check,denver-east,suburban,business,expedited,failed,1.0,3199.5,24.030463331077264,0.8890149625568643,1.4287104852151522,1.4287104852151522,3.543673019117501,1.684151296752376,1.3220744796796928,-0.0,0.0,23.059644046429657,1.3996997748123357,52.6,2195.3564499999998,1.875417088358097,0.0,0.0
S-00494,R-140,D-041,V-013,Fort-Collins,Downtown,side_entrance,business,Standard,0,clear,2025-04-30 18:05 MST,2025-04-30 18:05 MST,104.0,2025-01-08 17:48:00,648.0,4.0,8.78,8.78,1.558,20.88,0.53,0.0,0.0,58.43,2.7,77.6,delivered,customer_not_home,92.82,check,fort-collins,downtown,business,standard,delivered,2025-04-30 18:05:00,2025-04-30 18:05:00,2.0,0.0,544.0,Other,Other,Other,Other,Fort-Collins,Downtown,side_entrance,business,Other,clear,Other,Other,Other,delivered,customer_not_home,check,fort-collins,downtown,business,standard,delivered,0.0,5512.0,376.2678787692488,1.1867360977981165,1.6515227199725604,1.6515227199725604,1.3284004614941245,2.012449727433846,0.46357949336822263,-0.0,0.0,31.56818789881898,1.0264754257495845,77.6,4400.596199999999,1.875417088358097,0.0,321.3774708556219
S-00495,R-141,D-017,V-009,Colorado-Springs,Suburban,front_desk,business,expedited,0,clear,2025/09/14 13:45:00 MDT,2025/09/14 13:45:00 MDT,49.0,2025-01-09 13:43:00,403.0,5.0,5.22,5.22,6.022,15.79,1.97,4.16,0.0,47.77,8.3,62.1,failed,dog_on_premises,70.57,check,colorado-springs,suburban,business,expedited,failed,2025-09-14 13:45:00,2025-09-14 13:45:00,6.0,1.0,354.0,Other,Other,Other,Other,Colorado-Springs,Suburban,front_desk,business,expedited,clear,Other,Other,Other,failed,Other,check,colorado-springs,suburban,business,expedited,failed,0.0,1249.5,245.20948060113378,1.2791016451735329,1.4069548006912123,1.4069548006912123,4.161592423404889,1.9032427846866335,1.3640486737611073,0.48122108046391443,0.0,26.76768301504686,1.3441741642160472,62.1,2560.6324499999996,5.291331975501458,1.0,218.15070567146847
S-00496,R-120,D-007,V-003,Denver-East,Industrial,call_on_arrival,residential,standard,0,wind,07-Nov-2024 15:50,07-Nov-2024 15:50,120.0,2025-01-10 15:56:00,536.0,3.0,5.73,5.73,2.713,5.98,1.1,0.0,0.0,54.12,13.8,38.4,delivered,customer_not_home,83.86,check,denver-east,industrial,residential,standard,delivered,2024-11-07 15:50:00,2024-11-07 15:50:00,3.0,0.0,416.0,Other,Other,Other,Other,Denver-East,Industrial,call_on_arrival,residential,standard,wind,Other,Other,Other,delivered,customer_not_home,check,denver-east,industrial,residential,standard,delivered,0.0,7320.0,317.11392738116706,1.0641270562537064,1.4519632837163212,1.4519632837163212,2.149997810271496,1.4724372642411068,0.8637811037542307,-0.0,0.0,29.649921785241336,1.4801247550899637,38.4,3600.1098,2.7580025035383304,0.0,252.33167842979105
S-00497,R-103,D-051,V-029,Denver-West,Rural,side_entrance,residential,same_day,0,clear,2025/03/21 09:40:00 MDT,2025/03/21 09:40:00 MDT,33.0,2025-01-11 09:41:00,161.0,2.0,4.4,4.4,5.594,8.16,1.26,0.0,0.0,51.4,13.4,65.9,Delivered,customer_not_home,84.19,check,denver-west,rural,residential,same_day,delivered,2025-03-21 09:40:00,2025-03-21 09:40:00,4.0,0.0,128.0,Other,Other,Other,Other,Denver-West,Rural,side_entrance,residential,same_day,clear,Other,Other,Other,Other,customer_not_home,check,denver-west,rural,residential,same_day,delivered,0.0,577.5,107.11224648296458,0.8890149625568643,1.323497350311432,1.323497350311432,3.9208426944379235,1.618151756496415,0.9640438769910822,-0.0,0.0,28.42392827349467,1.47295372330527,65.9,3628.1680499999998,3.618555125115471,0.0,87.05226849486236
S-00498,R-147,D-038,V-024,Fort Collins,Suburban,leave_at_door,residential,standard,0,snow,08/11/2025 06:45 PM MST,08/11/2025 06:45 PM MST,123.0,2025-01-12 18:58:00,718.0,3.0,9.67,9.67,2.459,5.72,1.34,1.93,0.0,35.75,5.4,68.6,delivered,customer_not_home,91.19,check,fort-collins,suburban,residential,standard,delivered,2025-08-11 06:45:00,2025-08-11 06:45:00,0.0,0.0,595.0,Other,Other,Other,Other,Other,Suburban,leave_at_door,residential,standard,snow,Other,Other,Other,delivered,customer_not_home,check,fort-collins,suburban,residential,standard,delivered,0.0,7687.5,412.7108094052804,1.0641270562537064,1.694897568524364,1.694897568524364,1.976822468626399,1.4511238234507666,1.012581030664142,0.4417582033570572,0.0,21.091683118793963,1.2094305849579052,68.6,4248.99805,0.0,0.0,348.4145970771527
S-00499,R-159,D-009,V-006,Denver-East,Suburban,front_desk,residential,standard,1,rain,11/21/2024 02:40 PM MST,11/21/2024 02:40 PM MST,122.0,2025-01-13 14:45:00,465.0,2.0,3.37,3.37,6.27,12.28,2.87,0.0,0.0,34.67,25.3,56.8,delivered,customer_not_home,93.01,check,denver-east,suburban,residential,standard,delivered,2024-11-21 02:40:00,2024-11-21 02:40:00,3.0,0.0,343.0,Other,Other,Other,Other,Denver-East,Suburban,front_desk,residential,standard,rain,Other,Other,Other,delivered,customer_not_home,check,denver-east,suburban,residential,standard,delivered,1.0,7564.0,278.98354017972576,0.8890149625568643,1.1917532750279807,1.1917532750279807,4.299072978845182,1.7990014039995823,1.7956055485824525,0.0,0.0,20.56486353091944,1.6311444432183413,56.8,4418.44005,2.7580025035383304,0.0,212.02649757830298
S-00500,R-148,D-019,V-021,Denver-West,Suburban,garage,residential,standard,0,wind,2024-12-18 07:05 MDT,2024-12-18 07:05 MDT,108.0,2025-01-14 07:12:00,12.0,2.0,4.53,4.53,4.923,10.57,1.81,0.0,0.0,55.93,15.0,71.8,delivered,customer_not_home,91.41,check,denver-west,suburban,residential,standard,delivered,2024-12-18 07:05:00,2024-12-18 07:05:00,2.0,0.0,0.0,Other,Other,Other,Other,Denver-West,Suburban,garage,residential,standard,wind,Other,Other,Other,delivered,customer_not_home,check,denver-west,suburban,residential,standard,delivered,0.0,5940.0,10.0654065219937,0.8890149625568643,1.337789802704236,1.337789802704236,3.5337075070604165,1.7342218661764996,1.2793971969660034,-0.0,0.0,30.459030232159357,1.5,71.8,4269.30405,1.875417088358097,0.0,0.0
S-00501,R-113,D-027,V-012,Denver-East,Rural,building_super,residential ,same_day,0,clear,2025-10-17 13:00,2025-10-17 13:00,64.0,2025-01-15 12:53:00,353.0,5.0,10.36,10.36,3.231,14.05,1.21,3.03,0.0,36.81,21.8,65.2,delivered,customer_not_home,88.04,check,denver-east,rural,residential,same_day,delivered,2025-10-17 13:00:00,2025-10-17 13:00:00,4.0,0.0,289.0,Other,Other,Other,Other,Denver-East,Rural,Other,Other,same_day,clear,Other,Other,Other,delivered,customer_not_home,check,denver-east,rural,residential,same_day,delivered,0.0,2112.0,217.59475226976303,1.2791016451735329,1.7254103392827294,1.7254103392827294,2.492566125834914,1.8555260749603286,0.9331827215172315,0.4692135288069011,0.0,21.60574357330078,1.5811460917083044,65.2,3963.5608000000007,3.618555125115471,0.0,181.66342430484076
S-00502,R-157,D-009,V-035,Boulder,Rural,front_desk,business,standard,0,fog,2025-02-01 14:00,2025-02-01 14:00,128.0,2025-01-16 14:07:00,427.0,4.0,7.19,7.19,5.552,8.19,1.22,4.225,0.0,41.21,8.0,76.7,delivered,customer_not_home,87.69,check,boulder,rural,business,standard,delivered,2025-02-01 14:00:00,2025-02-01 14:00:00,5.0,1.0,299.0,Other,Other,Other,Other,Boulder,Rural,front_desk,business,standard,fog,Other,Other,Other,delivered,customer_not_home,check,boulder,rural,business,standard,delivered,0.0,8320.0,258.3408051593394,1.1867360977981165,1.5595785699668498,1.5595785699668498,3.896968952841452,1.6198334000173877,0.9393882120265514,0.4922069946898462,0.0,23.70986860213266,1.3333333333333335,76.7,3932.4580499999997,4.46194756940847,1.0,187.32607908411958
S-00503,R-133,D-024,V-034,Denver-West,Downtown,call_on_arrival,business,expedited,0,snow,2025-02-28 14:40,2025-02-28 14:40,60.0,2025-01-17 14:43:00,463.0,1.0,5.89,5.89,1.154,16.85,0.54,4.225,0.0,40.16,14.1,46.1,delivered,customer_not_home,78.91,check,denver-west,downtown,business,expedited,delivered,2025-02-28 14:40:00,2025-02-28 14:40:00,4.0,0.0,403.0,Other,Other,Other,Other,Denver-West,Downtown,call_on_arrival,business,expedited,snow,Other,Other,Other,delivered,customer_not_home,check,denver-west,downtown,business,expedited,delivered,0.0,1860.0,277.9013969736465,0.6053542918620024,1.465178023203561,1.465178023203561,1.0158379946430707,1.929268121277428,0.47131227434478185,0.4868659194250425,0.0,23.21190672710309,1.485314987345021,46.1,3192.3040499999997,3.618555125115471,0.0,245.20948060113378
S-00504,R-154,D-059,V-018,Denver-East,Suburban,call_on_arrival,res,standard,0,clear,2025-07-18 10:35 MST,2025-07-18 10:35 MST,121.0,2025-01-18 15:42:00,522.0,6.0,6.74,6.74,1.099229629683975,8.26,1.28,0.0,0.0,51.49,25.3,50.5,delivered ,weather_delay,57.0,check,denver-east,suburban,residential,standard,delivered,2025-07-18 10:35:00,2025-07-18 10:35:00,4.0,0.0,401.0,Other,Other,Other,Other,Denver-East,Suburban,call_on_arrival,Other,standard,clear,Other,Other,Other,Other,weather_delay,check,denver-east,suburban,residential,standard,delivered,0.0,7441.5,309.6373671266949,1.352108625101415,1.529250570400271,1.529250570400271,0.9721619090706004,1.6237296325484483,0.9762735777270106,-0.0,0.0,28.4646946118064,1.77131393174903,50.5,1681.5,3.618555125115471,0.0,244.1117404733862
S-00505,R-159,D-011,V-017,Dnvr-East,Industrial,side_entrance,residential,Standard,0,clear,10-Jun-2025 16:10 MST,10-Jun-2025 16:10 MST,117.0,2025-01-19 16:24:00,564.0,3.0,3.37,3.37,5.678,16.38,2.62,0.0,0.0,29.16,7.9,79.1,delivered,customer_not_home,86.01,check,denver-east,industrial,residential,standard,delivered,2025-06-10 16:10:00,2025-06-10 16:10:00,1.0,0.0,447.0,Other,Other,Other,Other,Other,Industrial,side_entrance,residential,Other,clear,Other,Other,Other,delivered,customer_not_home,check,denver-east,industrial,residential,standard,delivered,0.0,6961.5,332.0091847871978,1.0641270562537064,1.1917532750279807,1.1917532750279807,3.9684538260327114,1.9179834493323527,1.6823794969277912,-0.0,0.0,17.824584334632515,1.3295984768460092,79.1,3784.8700500000004,0.962295536748461,0.0,269.2272665227616
S-00506,R-152,D-053,V-031,Denver-West,Campus,call_on_arrival,residential,standard,1,wind,10/14/2025 01:15 PM,10/14/2025 01:15 PM,112.0,2025-01-20 13:18:00,378.0,3.0,6.32,6.32,1.736,13.3,0.95,0.0,0.0,37.73,9.8,61.2,failed,weather_delay,53.23,check,denver-west,campus,residential,standard,failed,2025-10-14 01:15:00,2025-10-14 01:15:00,1.0,0.0,266.0,Other,Other,Other,Other,Denver-West,Campus,call_on_arrival,residential,standard,wind,Other,Other,Other,failed,weather_delay,check,denver-west,campus,residential,standard,failed,1.0,6384.0,231.44768980829247,1.0641270562537064,1.4988007869585767,1.4988007869585767,1.4613313004242585,1.832688442187838,0.7655313180710959,-0.0,0.0,22.049575607503545,1.3914193805498154,61.2,1469.94645,0.962295536748461,0.0,168.5637982193831
S-00507,R-152,D-019,V-022,Dnvr-East,Suburban,call_on_arrival,business ,expedited,0,rain,2025-04-22 11:30 MDT,2025-04-22 11:30 MDT,50.0,2025-01-21 11:26:00,266.0,1.0,2.75,2.75,1.575,12.86,1.12,0.0,0.0,52.77,7.4,76.1,delivered,customer_not_home,87.29,check,denver-east,suburban,business,expedited,delivered,2025-04-22 11:30:00,2025-04-22 11:30:00,1.0,0.0,216.0,Other,Other,Other,Other,Other,Suburban,call_on_arrival,Other,expedited,rain,Other,Other,Other,delivered,customer_not_home,check,denver-east,suburban,business,expedited,delivered,0.0,1300.0,168.5637982193831,0.6053542918620024,1.0911590610991209,1.0911590610991209,1.3412133441992293,1.8185525876036572,0.8765590802008469,0.0,0.0,29.042983073742942,1.3099344406576456,76.1,3897.0620500000005,0.962295536748461,0.0,139.67870802591997
S-00508,R-105,D-008,V-030,Denver-East,Downtown,leave_at_door,business ,standard,0,clear,2025/04/25 14:10:00,2025/04/25 14:10:00,117.0,2025-01-22 14:06:00,426.0,4.0,7.03,7.03,1.46,9.87,0.75,0.0,0.0,40.73,20.8,48.0,delivered ,customer_not_home,83.34,check,denver-east,downtown,business,standard,delivered,2025-04-25 14:10:00,2025-04-25 14:10:00,4.0,0.0,309.0,Other,Other,Other,Other,Denver-East,Downtown,leave_at_door,Other,standard,clear,Other,Other,Other,Other,customer_not_home,check,denver-east,downtown,business,standard,delivered,0.0,6961.5,257.7951649096553,1.1867360977981165,1.5490489200480788,1.5490489200480788,1.254032368420505,1.7040002268279244,0.6271969089260543,0.0,0.0,23.48254003655176,1.5716470631218806,48.0,3556.1178000000004,3.618555125115471,0.0,192.9698861120183
S-00509,R-156,D-010,V-015,Denver-East,Suburban,leave_at_door,business,standard,1,clear,14-Dec-2025 17:55,14-Dec-2025 17:55,101.0,2025-01-23 17:52:00,652.0,5.0,13.0,13.0,3.042,15.7,1.84,0.0,0.0,44.59,7.4,52.4,delivered,customer_not_home,92.5,check,denver-east,suburban,business,standard,delivered,2025-12-14 17:55:00,2025-12-14 17:55:00,6.0,1.0,551.0,Other,Other,Other,Other,Denver-East,Suburban,leave_at_door,business,standard,clear,Other,Other,Other,delivered,customer_not_home,check,denver-east,suburban,business,standard,delivered,1.0,5201.5,378.3605546440563,1.2791016451735329,1.823112925781042,1.823112925781042,2.3691173944226716,1.9009350101614104,1.2954855705563366,-0.0,0.0,25.296403223276652,1.3099344406576456,52.4,4370.625,5.291331975501458,1.0,325.10293768604936
S-00510,R-155,D-044,V-026,Fort-Collins,Suburban,package_room_3F,residential,standard,1,clear,2025/01/06 18:45:00 MDT,2025/01/06 18:45:00 MDT,109.0,2025-01-24 18:57:00,717.0,1.0,2.67,2.67,2.783,20.92,1.24,0.0,0.0,46.87,9.8,50.4,failed,customer_not_home,54.13,check,fort-collins,suburban,residential,standard,failed,2025-01-06 18:45:00,2025-01-06 18:45:00,0.0,0.0,608.0,Other,Other,Other,Other,Fort-Collins,Suburban,Other,residential,standard,clear,Other,Other,Other,failed,customer_not_home,check,fort-collins,suburban,residential,standard,failed,1.0,6049.5,412.19277652416145,0.6053542918620024,1.076606847395193,1.076606847395193,2.1970912732523544,2.013173301216355,0.9517490659800822,0.0,0.0,26.353284079652255,1.3914193805498154,50.4,1519.1584500000001,0.0,0.0,355.2686676829888
S-00511,R-124,D-052,V-036,Denver-East,Suburban,garage,residential,same_day,0,clear,01-Oct-2025 15:45 MST,01-Oct-2025 15:45 MST,53.0,2025-01-25 15:33:00,513.0,1.0,3.0,3.0,1.504,6.72,0.91,0.0,0.0,37.27,9.1,66.6,delivered,customer_not_home,83.6,check,denver-east,suburban,residential,same_day,delivered,2025-10-01 15:45:00,2025-10-01 15:45:00,2.0,0.0,460.0,Other,Other,Other,Other,Denver-East,Suburban,garage,residential,same_day,clear,Other,Other,Other,delivered,customer_not_home,check,denver-east,suburban,residential,same_day,delivered,0.0,1457.5,304.8204604413151,0.6053542918620024,1.1341534820451762,1.1341534820451762,1.287530020021033,1.5278497030423375,0.7385704998575942,-0.0,0.0,21.82792633726066,1.3706832244724474,66.6,3578.0799999999995,1.875417088358097,0.0,276.2773067025991
S-00512,R-101,D-006,V-026,Denver-East,Downtown,mailroom,business ,expedited,0,clear,2024-11-25 11:40 MDT,2024-11-25 11:40 MDT,73.0,2025-01-26 11:36:00,276.0,1.0,6.94,6.94,4.42,7.53,1.5,0.0,0.0,53.46,11.5,56.3,failed,customer_not_home,64.62,check,denver-east,downtown,business,expedited,failed,2024-11-25 11:40:00,2024-11-25 11:40:00,0.0,0.0,203.0,Other,Other,Other,Other,Denver-East,Downtown,mailroom,Other,expedited,clear,Other,Other,Other,failed,customer_not_home,check,denver-east,downtown,business,expedited,failed,0.0,2737.5,174.27261099624226,0.6053542918620024,1.543005371899622,1.543005371899622,3.234815602167765,1.5810915347613332,1.1067497647680342,0.0,0.0,29.35357221235437,1.434314575050762,56.3,2152.4922,0.0,0.0,132.06448249307832
S-00513,R-108,D-017,V-035,Denver-East,Downtown,mailroom,residential ,standard,0,clear,16-Nov-2025 13:55,16-Nov-2025 13:55,105.0,2025-01-27 13:53:00,413.0,1.0,15.103750000000002,15.103750000000002,2.519,5.68,0.66,2.9,0.0,50.07,21.4,56.9,delivered,customer_not_home,85.99,check,denver-east,downtown,residential,standard,delivered,2025-11-16 13:55:00,2025-11-16 13:55:00,6.0,1.0,308.0,Other,Other,Other,Other,Denver-East,Downtown,mailroom,Other,standard,clear,Other,Other,Other,delivered,customer_not_home,check,denver-east,downtown,residential,standard,delivered,0.0,5617.5,250.69009010122778,0.6053542918620024,1.9424463027938563,1.9424463027938563,2.0180647847382915,1.4477496711916118,0.5618452981526091,0.46712689020381326,0.0,27.819843873329205,1.5774228726357418,56.9,3783.1300499999998,5.291331975501458,1.0,192.40633416386245
S-00514,R-144,D-030,V-024,Colorado-Springs,Industrial,call_on_arrival,res,STANDARD,0,rain,2025-07-19 17:30,2025-07-19 17:30,122.0,2025-01-28 17:30:00,630.0,1.0,1.99,1.99,5.14,9.94,1.82,0.0,0.0,44.31,9.5,75.8,delivered,customer_not_home,71.28,check,colorado-springs,industrial,residential,standard,delivered,2025-07-19 17:30:00,2025-07-19 17:30:00,5.0,1.0,508.0,Other,Other,Other,Other,Colorado-Springs,Industrial,call_on_arrival,Other,Other,rain,Other,Other,Other,delivered,customer_not_home,check,colorado-springs,industrial,residential,standard,delivered,0.0,7564.0,366.8347430622276,0.6053542918620024,0.9335204042392022,0.9335204042392022,3.6602805643078367,1.707134861251291,1.2847713889858263,-0.0,0.0,25.165890930665885,1.3827866001516322,75.8,2611.6992,4.46194756940847,1.0,302.14076380729637
S-00515,R-138,D-048,V-017,Fort-Collins,Rural,front_desk,residential,standard,0,clear,08/07/2025 05:20 PM MDT,08/07/2025 05:20 PM MDT,115.0,2025-01-29 17:19:00,619.0,3.0,4.77,4.77,3.85,7.19,1.71,4.225,0.0,37.43,25.3,88.6,failed,address_issue,69.02,check,fort-collins,rural,residential,standard,failed,2025-08-07 05:20:00,2025-08-07 05:20:00,3.0,0.0,504.0,Other,Other,Other,Other,Fort-Collins,Rural,front_desk,residential,standard,clear,Other,Other,Other,failed,address_issue,check,fort-collins,rural,residential,standard,failed,0.0,6727.5,361.05683576797543,1.0641270562537064,1.363062168955107,1.363062168955107,2.885836218115801,1.5595785699668498,1.2250124191680063,0.4865185868243453,0.0,21.90508185406296,1.77131393174903,88.6,2450.9001999999996,2.7580025035383304,0.0,299.9951116417489
S-00516,R-107,D-025,V-024,Denver-West,Suburban,mailroom,residential,standard,0,clear,2025-08-20 18:15 MST,2025-08-20 18:15 MST,101.0,2025-01-30 18:20:00,680.0,1.0,3.69,3.69,3.264,15.65,1.29,2.63,0.0,41.57,6.8,66.0,failed,customer_not_home,61.51,check,denver-west,suburban,residential,standard,failed,2025-08-20 18:15:00,2025-08-20 18:15:00,2.0,0.0,579.0,Other,Other,Other,Other,Denver-West,Suburban,mailroom,residential,standard,clear,Other,Other,Other,failed,customer_not_home,check,denver-west,suburban,residential,standard,failed,0.0,5201.5,392.97387672014315,0.6053542918620024,1.23667872761422,1.23667872761422,2.5139494071551853,1.8996459152459333,0.9823642973807952,0.4620548080352739,0.0,23.88002572385413,1.283885125960567,66.0,1953.2500499999999,1.875417088358097,0.0,339.9582320006805
S-00517,R-131,D-044,V-015,Denver-West,Rural,mailroom,residential,standard,0,clear,2025-11-21 14:20 MST,2025-11-21 14:20 MST,124.0,2025-01-31 14:22:00,442.0,1.0,1.59,1.59,8.609,6.65,3.44,4.225,0.0,50.78,25.3,62.1,delivered,customer_not_home,100.0,check,denver-west,rural,residential,standard,delivered,2025-11-21 14:20:00,2025-11-21 14:20:00,4.0,0.0,318.0,Other,Other,Other,Other,Denver-West,Rural,mailroom,residential,standard,clear,Other,Other,Other,delivered,customer_not_home,check,denver-west,rural,residential,standard,delivered,0.0,7812.0,266.5102925117283,0.6053542918620024,0.8278655884444887,0.8278655884444887,5.534112733325374,1.5229092645621325,2.130914480334298,0.4931762599353655,0.0,28.142711362614396,1.77131393174903,62.1,5100.0,3.618555125115471,0.0,198.03375059372786
S-00518,R-157,D-002,V-040,Denver-East,Campus,mailroom,residential,standard,0,clear,28-Nov-2025 12:05 MST,28-Nov-2025 12:05 MST,115.0,2025-02-01 12:00:00,300.0,3.0,7.63,7.63,3.319,17.13,1.04,0.0,0.0,36.04,12.5,81.8,rescheduled,customer_not_home,66.98,check,denver-east,campus,residential,standard,rescheduled,2025-11-28 12:05:00,2025-11-28 12:05:00,4.0,0.0,185.0,Other,Other,Other,Other,Denver-East,Campus,mailroom,residential,standard,clear,Other,Other,Other,rescheduled,customer_not_home,check,denver-east,campus,residential,standard,rescheduled,0.0,6727.5,187.89129655106515,1.0641270562537064,1.5872076248748255,1.5872076248748255,2.5494782541421865,1.9358089176088673,0.8250032615233186,0.0,0.0,21.232613544332285,1.4556689460481826,81.8,2310.1402000000003,3.618555125115471,0.0,121.44053254364695
S-00519,R-159,D-036,V-021,Boulder,Suburban,mailroom,residential,standard,0,snow,12-Feb-2025 13:45,12-Feb-2025 13:45,105.0,2025-02-02 13:39:00,399.0,2.0,8.99,8.99,2.036,5.15,1.03,4.225,0.0,36.41,16.1,45.4,delivered,customer_not_home,86.51,check,boulder,suburban,residential,standard,delivered,2025-02-12 13:45:00,2025-02-12 13:45:00,2.0,0.0,294.0,Other,Other,Other,Other,Boulder,Suburban,mailroom,residential,standard,snow,Other,Other,Other,delivered,customer_not_home,check,boulder,suburban,residential,standard,delivered,0.0,5617.5,243.0134540680266,0.8890149625568643,1.6622077079871325,1.6622077079871325,1.679658923500143,1.4004029596010452,0.818474034471092,0.486562751948401,0.0,21.41210145899551,1.5163491665933255,45.4,3828.5000500000006,1.875417088358097,0.0,184.49715124453763
S-00520,R-142,D-040,V-015,Denver-East,Downtown,side_entrance,business,standard,0,rain,2025/10/26 17:10:00,2025/10/26 17:10:00,110.0,2025-02-03 17:13:00,613.0,5.0,7.49,7.49,1.988,10.66,1.29,0.0,0.0,51.88,9.0,46.0,delivered,customer_not_home,83.38,check,denver-east,downtown,business,standard,delivered,2025-10-26 17:10:00,2025-10-26 17:10:00,6.0,1.0,503.0,Other,Other,Other,Other,Denver-East,Downtown,side_entrance,business,standard,rain,Other,Other,Other,delivered,customer_not_home,check,denver-east,downtown,business,standard,delivered,0.0,6160.0,357.9009380292974,1.2791016451735329,1.578618941059957,1.578618941059957,1.645177392583788,1.7379348305288373,0.9823642973807952,0.0,0.0,28.641187596725736,1.367544467966324,46.0,3559.4921999999997,5.291331975501458,1.0,299.4584335205076
S-00521,R-159,D-005,V-030,Colorado-Springs,Suburban,mailroom,Business,Standard,0,rain,06-May-2025 11:00,06-May-2025 11:00,116.0,2025-02-04 10:54:00,234.0,3.0,6.27,6.27,4.428,11.64,1.7,0.0,0.0,37.12,12.6,71.5,failed,vehicle_issue,62.43,check,colorado-springs,suburban,business,standard,failed,2025-05-06 11:00:00,2025-05-06 11:00:00,1.0,0.0,118.0,Other,Other,Other,Other,Colorado-Springs,Suburban,mailroom,Other,Other,rain,Other,Other,Other,failed,vehicle_issue,check,colorado-springs,suburban,business,standard,failed,0.0,6844.0,150.14696305273114,1.0641270562537064,1.4950247202239222,1.4950247202239222,3.2396327957389013,1.776096659352551,1.2195081473096236,0.0,0.0,21.755534429279574,1.4576738554533595,71.5,2011.18245,0.962295536748461,0.0,80.87678758181751
S-00522,R-142,D-045,V-020,Boulder,Suburban,side_entrance,business ,standard,0,rain,22-Jun-2025 10:15 MDT,22-Jun-2025 10:15 MDT,137.0,2025-02-05 10:11:00,191.0,1.0,5.99,5.99,5.953,10.08,2.23,0.0,0.0,47.67,6.8,47.2,delivered,customer_not_home,80.17,check,boulder,suburban,business,standard,delivered,2025-06-22 10:15:00,2025-06-22 10:15:00,6.0,1.0,54.0,Other,Other,Other,Other,Boulder,Suburban,side_entrance,Other,standard,rain,Other,Other,Other,delivered,customer_not_home,check,boulder,suburban,business,standard,delivered,0.0,9521.5,124.9928116071594,0.6053542918620024,1.4732363323116417,1.4732363323116417,4.12308422217281,1.7133266092082178,1.495958945233669,-0.0,0.0,26.721714702408228,1.283885125960567,47.2,3293.78445,5.291331975501458,1.0,39.82286305175713
S-00523,R-109,D-027,V-008,Denver-East,Industrial,package_room_3F,business,standard,1,rain,13-Jun-2025 09:05 MDT ,13-Jun-2025 09:05 MDT ,115.0,2025-02-06 09:13:00,133.0,5.0,14.1,14.1,5.816,19.11,2.07,0.0,0.0,30.11,11.8,61.7,delivered,customer_not_home,96.32,check,denver-east,industrial,business,standard,delivered,2025-06-13 09:05:00,2025-06-13 09:05:00,4.0,0.0,18.0,Other,Other,Other,Other,Denver-East,Industrial,Other,business,standard,rain,Other,Other,Other,delivered,customer_not_home,check,denver-east,industrial,business,standard,delivered,1.0,6727.5,90.12185804093357,1.2791016451735329,1.856995799963404,1.856995799963404,4.046284147788765,1.9785959219823945,1.4155733039556715,-0.0,0.0,18.3037483603791,1.4409830056250525,61.7,4735.091199999999,3.618555125115471,0.0,14.615521139296185
S-00524,R-120,D-003,V-003,Fort-Collins,Campus,front_desk,Biz,standard,0,clear,07/11/2025 11:40 AM MST,07/11/2025 11:40 AM MST,109.0,2025-02-07 11:33:00,273.0,2.0,1.7,1.7,1.821,18.04,0.83,0.0,0.0,45.12,11.1,57.6,delivered,customer_not_home,87.39,check,fort-collins,campus,business,standard,delivered,2025-07-11 11:40:00,2025-07-11 11:40:00,4.0,0.0,164.0,Other,Other,Other,Other,Fort-Collins,Campus,front_desk,Other,standard,clear,Other,Other,Other,delivered,customer_not_home,check,fort-collins,campus,business,standard,delivered,0.0,6049.5,172.56216514322148,0.8890149625568643,0.8589349910963315,0.8589349910963315,1.5238892363103536,1.9561915283963098,0.6836142837816972,-0.0,0.0,25.543006651765996,1.425040425423931,57.6,3905.89605,3.618555125115471,0.0,108.91431022726388
S-00525,R-107,D-032,V-008,Boulder ,Rural,mailroom,residential,same_day,0,clear,04-Jan-2025 12:55 MDT,04-Jan-2025 12:55 MDT,38.0,2025-02-08 13:00:00,360.0,2.0,2.46,2.46,9.641375,6.73,3.32,4.225,0.0,40.07,10.1,56.0,delivered,customer_not_home,88.15,check,boulder,rural,residential,same_day,delivered,2025-01-04 12:55:00,2025-01-04 12:55:00,5.0,1.0,322.0,Other,Other,Other,Other,Other,Rural,mailroom,residential,same_day,clear,Other,Other,Other,delivered,customer_not_home,check,boulder,rural,residential,same_day,delivered,0.0,760.0,221.48315463448472,0.8890149625568643,1.0363601991223195,1.0363601991223195,6.519421672746649,1.5285507257018909,1.9888336092165348,0.4874422658170941,0.0,23.1691068549904,1.3996997748123357,56.0,3973.3612500000004,4.46194756940847,1.0,200.27975082773904
S-00526,R-109,D-016,V-035,Denver-West,Rural,mailroom,residential,standard,0,clear,2025/01/10 14:30:00,2025/01/10 14:30:00,136.0,2025-02-09 14:31:00,451.0,2.0,3.92,3.92,9.641375,21.5,2.7,2.85,0.0,41.89,11.3,87.7,DELIVERED,customer_not_home,82.54,check,denver-west,rural,residential,standard,delivered,2025-01-10 14:30:00,2025-01-10 14:30:00,4.0,0.0,315.0,Other,Other,Other,Other,Denver-West,Rural,mailroom,residential,standard,clear,Other,Other,Other,Other,customer_not_home,check,denver-west,rural,residential,standard,delivered,0.0,9384.0,271.39866184159746,0.8890149625568643,1.2665772983648727,1.2665772983648727,6.519421672746649,2.0234760181639837,1.7191085418879544,0.4662674987350312,0.0,24.031035006091905,1.429734051487799,87.7,3488.9658000000004,3.618555125115471,0.0,196.34740314674258
S-00527,R-124,D-025,V-030,Denver-West,Suburban,side_entrance,residential,standard,0,snow,07/02/2025 03:35 PM,07/02/2025 03:35 PM,112.0,2025-02-10 15:45:00,525.0,2.0,8.98,8.98,2.536,11.26,1.28,0.0,0.0,58.48,14.3,78.8,delivered,customer_not_home,82.14,check,denver-west,suburban,residential,standard,delivered,2025-07-02 03:35:00,2025-07-02 03:35:00,2.0,0.0,413.0,Other,Other,Other,Other,Denver-West,Suburban,side_entrance,residential,standard,snow,Other,Other,Other,delivered,customer_not_home,check,denver-west,suburban,residential,standard,delivered,0.0,6384.0,311.2411544285615,0.8890149625568643,1.661705541686995,1.661705541686995,2.0297116480490427,1.7617710253949659,0.9762735777270106,-0.0,0.0,31.590274675025157,1.4886900074350864,78.8,3455.6298,1.875417088358097,0.0,250.69009010122778
S-00528,R-127,D-043,V-035,Denver-East,Suburban,front_desk,residential,standard,0,rain,2025-02-19 16:00 MST,2025-02-19 16:00 MST,133.0,2025-02-11 16:09:00,549.0,2.0,3.88,3.88,2.846,8.97,0.68,3.15,0.0,40.32,9.8,71.9,delivered,customer_not_home,91.13,check,denver-east,suburban,residential,standard,delivered,2025-02-19 16:00:00,2025-02-19 16:00:00,2.0,0.0,416.0,Other,Other,Other,Other,Denver-East,Suburban,front_desk,residential,standard,rain,Other,Other,Other,delivered,customer_not_home,check,denver-east,suburban,residential,standard,delivered,0.0,8977.5,324.03900325929396,0.8890149625568643,1.2615096240891404,1.2615096240891404,2.239252300978367,1.66120272083602,0.5765481846489756,0.4709682101901582,0.0,23.287949214891768,1.3914193805498154,71.9,4243.468449999999,1.875417088358097,0.0,252.33167842979105
S-00529,R-157,D-038,V-010,Denver-East,Suburban,leave_at_door,business,SAME_DAY,0,clear,2025-02-18 15:45 ,2025-02-18 15:45 ,30.0,2025-02-12 15:45:00,525.0,4.0,11.14,11.14,2.438,14.39,1.11,1.17,0.0,45.165,8.0,80.3,delivered,customer_not_home,91.13,check,denver-east,suburban,business,same_day,delivered,2025-02-18 15:45:00,2025-02-18 15:45:00,1.0,0.0,495.0,Other,Other,Other,Other,Denver-East,Suburban,leave_at_door,business,Other,clear,Other,Other,Other,delivered,customer_not_home,check,denver-east,suburban,business,same_day,delivered,0.0,480.0,311.2411544285615,1.1867360977981165,1.7571267421254022,1.7571267421254022,1.9623370687922863,1.865397204949134,0.8701791758851377,0.39381808915033234,0.0,25.563918468834125,1.3333333333333335,80.3,4243.468449999999,0.962295536748461,0.0,295.16115506415895
S-00530,R-154,D-027,V-007,Denver-West,Industrial,leave_at_door,res,standard,1,snow,04-Oct-2025 07:05 MDT,04-Oct-2025 07:05 MDT,119.0,2025-02-13 07:08:00,8.0,1.0,3.23,3.23,3.143,15.59,1.75,0.0,0.0,32.35,12.0,85.6,rescheduled,customer_not_home,55.94,check,denver-west,industrial,residential,standard,rescheduled,2025-10-04 07:05:00,2025-10-04 07:05:00,5.0,1.0,0.0,Other,Other,Other,Other,Denver-West,Industrial,leave_at_door,Other,standard,snow,Other,Other,Other,rescheduled,customer_not_home,check,denver-west,industrial,residential,standard,rescheduled,1.0,7199.5,6.9163045064911985,0.6053542918620024,1.1707311601805261,1.1707311601805261,2.435297745385239,1.898092342369853,1.2469084871398117,-0.0,0.0,19.422199312184784,1.4452998037747709,85.6,1620.5818,4.46194756940847,1.0,0.0
S-00531,R-127,D-032,V-040,Boulder,Downtown,leave_at_door,residential,STANDARD,0,wind,2024-11-06 11:30 MST,2024-11-06 11:30 MST,123.0,2025-02-14 11:22:00,262.0,2.0,6.82,6.82,2.463,9.35,1.19,0.0,0.0,50.77,12.6,60.4,delivered,customer_not_home,92.44,check,boulder,downtown,residential,standard,delivered,2024-11-06 11:30:00,2024-11-06 11:30:00,2.0,0.0,139.0,Other,Other,Other,Other,Boulder,Downtown,leave_at_door,residential,Other,wind,Other,Other,Other,delivered,customer_not_home,check,boulder,downtown,residential,standard,delivered,0.0,7687.5,166.27432347314416,0.8890149625568643,1.5348073379767648,1.5348073379767648,1.9795785975007385,1.6798621122953385,0.9207210062828284,-0.0,0.0,28.138170106677354,1.4576738554533595,60.4,4365.016799999999,1.875417088358097,0.0,93.79031148759283
S-00532,R-145,D-018,V-003,Denver-West,Suburban,mailroom,residential,expedited,0,clear,2025-12-30 16:30 MDT,2025-12-30 16:30 MDT,65.0,2025-02-15 16:39:00,579.0,1.0,7.87,7.87,4.934,11.52,1.82,0.0,0.0,45.165,5.6,62.0,delivered,customer_not_home,80.16,check,denver-west,suburban,residential,expedited,delivered,2025-12-30 16:30:00,2025-12-30 16:30:00,1.0,0.0,514.0,Other,Other,Other,Other,Denver-West,Suburban,mailroom,residential,expedited,clear,Other,Other,Other,delivered,customer_not_home,check,denver-west,suburban,residential,expedited,delivered,0.0,2177.5,339.9582320006805,0.6053542918620024,1.601517685760515,1.601517685760515,3.5401567578007267,1.771633921918139,1.2847713889858263,0.0,0.0,25.563918468834125,1.221501055838477,62.0,3292.9727999999996,0.962295536748461,0.0,305.35608621873104
S-00533,R-129,D-024,V-014,Denver-East,Downtown,front_desk,residential,standard,0,wind,2025/01/29 15:40:00 MDT,2025/01/29 15:40:00 MDT,128.0,2025-02-16 15:50:00,530.0,3.0,11.67,11.67,1.842,13.08,0.9,0.0,0.0,53.05,13.7,75.1,delivered,customer_not_home,78.62,check,denver-east,downtown,residential,standard,delivered,2025-01-29 15:40:00,2025-01-29 15:40:00,2.0,0.0,402.0,Other,Other,Other,Other,Denver-East,Downtown,front_desk,residential,standard,wind,Other,Other,Other,delivered,customer_not_home,check,denver-east,downtown,residential,standard,delivered,0.0,8320.0,313.91210396853813,1.0641270562537064,1.7772037438374417,1.7772037438374417,1.5392571429366357,1.8256923008838761,0.7317774705126872,0.0,0.0,29.169114783312722,1.4783594690426989,75.1,3169.1722000000004,1.875417088358097,0.0,244.66067863535582
S-00534,R-155,D-029,V-016,Denver-East,Industrial,leave_at_door,residential,expedited,0,clear,21-Jan-2025 12:50,21-Jan-2025 12:50,65.0,2025-02-17 12:50:00,350.0,3.0,3.86,3.86,3.605,11.88,1.79,1.0,0.0,43.98,9.8,59.5,delivered ,customer_not_home,80.68,check,denver-east,industrial,residential,expedited,delivered,2025-01-21 12:50:00,2025-01-21 12:50:00,1.0,0.0,285.0,Other,Other,Other,Other,Denver-East,Industrial,leave_at_door,residential,expedited,clear,Other,Other,Other,Other,customer_not_home,check,denver-east,industrial,residential,expedited,delivered,0.0,2177.5,215.92594767529053,1.0641270562537064,1.258955492557566,1.258955492557566,2.732093136501762,1.7848590882481619,1.2686142849099402,0.375,0.0,25.011865567853537,1.3914193805498154,59.5,3335.3112000000006,0.962295536748461,0.0,179.39292628995037
S-00535,R-144,D-024,V-007,Colorado-Springs,Suburban,call_on_arrival,residential,standard,0,clear,11/04/2024 12:15 PM MDT,11/04/2024 12:15 PM MDT,106.0,2025-02-18 12:15:00,315.0,1.0,14.44,14.44,3.204,11.15,1.51,0.0,0.0,66.7,18.6,82.8,failed,address_issue,61.91,check,colorado-springs,suburban,residential,standard,failed,2024-11-04 12:15:00,2024-11-04 12:15:00,0.0,0.0,209.0,Other,Other,Other,Other,Colorado-Springs,Suburban,call_on_arrival,residential,standard,clear,Other,Other,Other,failed,address_issue,check,colorado-springs,suburban,residential,standard,failed,0.0,5724.0,196.34740314674258,0.6053542918620024,1.8668249280475164,1.8668249280475164,2.4750334773350455,1.757516041101791,1.1125136541670613,0.0,0.0,35.173438973327684,1.5482460485473744,82.8,1978.3340499999997,0.0,0.0,135.58458968321256
S-00536,R-158,D-024,V-035,Denver-East,Campus,call_on_arrival,res,standard,0,clear,07/24/2025 12:50 PM MST,07/24/2025 12:50 PM MST,131.0,2025-02-19 12:39:00,339.0,2.0,3.69,3.69,1.229,10.7,0.55,3.94,0.0,33.83,9.8,70.6,DELIVERED,customer_not_home,81.48,check,denver-east,campus,residential,standard,delivered,2025-07-24 12:50:00,2025-07-24 12:50:00,3.0,0.0,208.0,Other,Other,Other,Other,Denver-East,Campus,call_on_arrival,Other,standard,clear,Other,Other,Other,Other,customer_not_home,check,denver-east,campus,residential,standard,delivered,0.0,8711.5,209.79468534884356,0.8890149625568643,1.23667872761422,1.23667872761422,1.075109654213305,1.7395730984607385,0.4790149859432842,0.4795112196561163,0.0,20.15290838889475,1.3914193805498154,70.6,3400.9752000000003,2.7580025035383304,0.0,134.998611235957
S-00537,R-104,D-042,V-023,Colorado-Springs,Rural,front_desk,business,standard,1,snow,2025/08/05 20:05:00,2025/08/05 20:05:00,122.0,2025-02-20 20:10:00,790.0,3.0,3.52,3.52,5.113,12.21,2.38,0.0,0.0,42.86,9.8,53.7,delivered,customer_not_home,74.38,check,colorado-springs,rural,business,standard,delivered,2025-08-05 20:05:00,2025-08-05 20:05:00,1.0,0.0,668.0,Other,Other,Other,Other,Colorado-Springs,Rural,front_desk,business,standard,snow,Other,Other,Other,delivered,customer_not_home,check,colorado-springs,rural,business,standard,delivered,1.0,7564.0,449.8263607867023,1.0641270562537064,1.213326724246833,1.213326724246833,3.6446058306586613,1.7965667794335938,1.5691780090229415,-0.0,0.0,24.487414380541992,1.3914193805498154,53.7,2840.5721999999996,0.962295536748461,0.0,386.71852839840716
S-00538,R-113,D-026,V-018,Fort Collins,Downtown,mailroom,res,standard,0,clear,09/11/2025 02:35 PM MDT,09/11/2025 02:35 PM MDT,123.0,2025-02-21 14:27:00,447.0,1.0,6.27,6.27,0.839,14.54,0.63,4.225,0.0,47.52,5.6,45.4,delivered,customer_not_home,85.8,check,fort-collins,downtown,residential,standard,delivered,2025-09-11 02:35:00,2025-09-11 02:35:00,3.0,0.0,324.0,Other,Other,Other,Other,Other,Downtown,mailroom,Other,standard,clear,Other,Other,Other,delivered,customer_not_home,check,fort-collins,downtown,residential,standard,delivered,0.0,7687.5,269.2272665227616,0.6053542918620024,1.4950247202239222,1.4950247202239222,0.7597402114563198,1.8696624250531506,0.539590303655388,0.49348428931840455,0.0,26.65272679319944,1.221501055838477,45.4,3766.62,2.7580025035383304,0.0,201.40170616912758
S-00539,R-106,D-008,V-030,Denver-East,Suburban,side_entrance,business,standard,1,clear,19-Aug-2025 16:00,19-Aug-2025 16:00,119.0,2025-02-22 16:07:00,547.0,4.0,14.06,14.06,3.277,16.47,1.27,0.0,0.0,48.45,5.0,62.1,failed,customer_not_home,63.2,check,denver-east,suburban,business,standard,failed,2025-08-19 16:00:00,2025-08-19 16:00:00,1.0,0.0,428.0,Other,Other,Other,Other,Denver-East,Suburban,side_entrance,business,standard,clear,Other,Other,Other,failed,customer_not_home,check,denver-east,suburban,business,standard,failed,1.0,7199.5,322.9746818760456,1.1867360977981165,1.8558205273180102,1.8558205273180102,2.522359480819883,1.9201748375891954,0.9701668086883677,-0.0,0.0,27.079770072578228,1.183503419072274,62.1,2060.32,0.962295536748461,0.0,258.8863179377542
S-00540,R-142,D-043,V-014,Boulder,Suburban,leave_at_door,residential,expedited,0,fog,2025-03-10 16:30,2025-03-10 16:30,56.0,2025-02-23 16:40:00,580.0,4.0,7.63,7.63,1.864,13.48,1.04,0.0,0.0,42.27,7.7,42.4,FAILED,weather_delay,53.45,check,boulder,suburban,residential,expedited,failed,2025-03-10 16:30:00,2025-03-10 16:30:00,0.0,0.0,524.0,Other,Other,Other,Other,Boulder,Suburban,leave_at_door,residential,expedited,fog,Other,Other,Other,Other,weather_delay,check,boulder,suburban,residential,expedited,failed,0.0,1624.0,340.4874319372975,1.1867360977981165,1.5872076248748255,1.5872076248748255,1.5553203615134823,1.838309291452978,0.8250032615233186,-0.0,0.0,24.210066236169997,1.3219364963791898,42.4,1481.9012500000001,0.0,0.0,310.7066605506453
S-00541,R-102,D-041,V-039,Denver-West,Suburban,mailroom,res,standard,0,clear,2025/11/12 08:30:00 MDT,2025/11/12 08:30:00 MDT,112.0,2025-02-24 08:38:00,98.0,2.0,2.22,2.22,4.324,14.02,2.06,0.0,0.0,32.65,9.8,79.9,delivered,customer_not_home,88.32,check,denver-west,suburban,residential,standard,delivered,2025-11-12 08:30:00,2025-11-12 08:30:00,2.0,0.0,0.0,Other,Other,Other,Other,Denver-West,Suburban,mailroom,Other,standard,clear,Other,Other,Other,delivered,customer_not_home,check,denver-west,suburban,residential,standard,delivered,0.0,6384.0,68.3639865117809,0.8890149625568643,0.9862852672430558,0.9862852672430558,3.1768416796607246,1.8546411896044046,1.4104665857036962,-0.0,0.0,19.570831421659992,1.3914193805498154,79.9,3988.5311999999994,1.875417088358097,0.0,0.0
S-00542,R-116,D-004,V-022,Fort-Collins,Suburban,package_room_3F,business,standard,0,clear,07-May-2025 15:20 MST,07-May-2025 15:20 MST,117.0,2025-02-25 15:21:00,501.0,4.0,9.41,9.41,1.615,10.08,0.88,0.0,0.0,40.06,12.9,49.0,delivered,customer_not_home,97.46,check,fort-collins,suburban,business,standard,delivered,2025-05-07 15:20:00,2025-05-07 15:20:00,2.0,0.0,384.0,Other,Other,Other,Other,Fort-Collins,Suburban,Other,business,standard,clear,Other,Other,Other,delivered,customer_not_home,check,fort-collins,suburban,business,standard,delivered,0.0,6961.5,298.38475756193475,1.1867360977981165,1.682726926745731,1.682726926745731,1.3712616824566326,1.7133266092082178,0.718126772520019,0.0,0.0,23.16435015638105,1.46355821921418,49.0,4846.685799999999,1.875417088358097,0.0,234.75858478685893
S-00543,R-114,D-009,V-037,Colorado Springs,Downtown,leave_at_door,residential,standard,0,wind,2025-06-26 13:30 MDT,2025-06-26 13:30 MDT,103.0,2025-02-26 13:28:00,388.0,5.0,15.103750000000002,15.103750000000002,2.144,9.43,0.86,0.0,0.0,55.35,9.8,52.5,delivered ,customer_not_home,84.14,check,colorado-springs,downtown,residential,standard,delivered,2025-06-26 13:30:00,2025-06-26 13:30:00,3.0,0.0,285.0,Other,Other,Other,Other,Other,Downtown,leave_at_door,residential,standard,wind,Other,Other,Other,Other,customer_not_home,check,colorado-springs,downtown,residential,standard,delivered,0.0,5407.5,236.96297821431136,1.2791016451735329,1.9918506147723767,1.9918506147723767,1.7566507874302224,1.6836770985969771,0.7043886615883215,-0.0,0.0,30.200325841186388,1.3914193805498154,52.5,3623.9098,2.7580025035383304,0.0,179.39292628995037
S-00544,R-114,D-005,V-036,Denver-East,Downtown,garage,residential,SAME_DAY,0,rain,2025-12-13 15:35 MDT ,2025-12-13 15:35 MDT ,47.0,2025-02-27 15:28:00,508.0,6.0,12.04,12.04,3.764,22.21,1.89,0.0,0.0,49.48,8.4,57.7,failed,vehicle_issue,50.7,check,denver-east,downtown,residential,same_day,failed,2025-12-13 15:35:00,2025-12-13 15:35:00,5.0,1.0,461.0,Other,Other,Other,Other,Denver-East,Downtown,garage,residential,Other,rain,Other,Other,Other,failed,vehicle_issue,check,denver-east,downtown,residential,same_day,failed,0.0,1151.5,302.14076380729637,1.352108625101415,1.7905836431833089,1.7905836431833089,2.832140646067923,2.0356276604526564,1.3220744796796928,0.0,0.0,27.55086224915715,1.3476719269465578,57.7,1335.9450000000002,4.46194756940847,1.0,276.8187872244724
S-00545,R-153,D-038,V-014,Denver-East,Suburban,garage,residential,standard,0,clear,11/27/2025 09:50 AM MDT,11/27/2025 09:50 AM MDT,122.0,2025-02-28 09:59:00,179.0,2.0,13.42,13.42,3.36,11.85,1.44,4.225,0.0,42.95,10.1,63.2,delivered,customer_not_home,83.08,check,denver-east,suburban,residential,standard,delivered,2025-11-27 09:50:00,2025-11-27 09:50:00,3.0,0.0,57.0,Other,Other,Other,Other,Denver-East,Suburban,garage,residential,standard,clear,Other,Other,Other,delivered,customer_not_home,check,denver-east,suburban,residential,standard,delivered,0.0,7564.0,117.87677391897294,0.8890149625568643,1.8364458146882072,1.8364458146882072,2.5758751329731964,1.783775438782384,1.071872426804892,0.4858767036226255,0.0,24.529655919423487,1.3996997748123357,63.2,3534.2232,2.7580025035383304,0.0,41.82697521162668
S-00546,R-122,D-056,V-015,Denver-West,Industrial,mailroom,Biz,expedited,1,snow,2025/10/24 17:05:00,2025/10/24 17:05:00,67.0,2025-03-01 17:21:00,621.0,1.0,5.1,5.1,1.523,14.86,0.95,0.0,0.0,48.36,22.7,47.3,delivered,customer_not_home,85.85,check,denver-west,industrial,business,expedited,delivered,2025-10-24 17:05:00,2025-10-24 17:05:00,4.0,0.0,554.0,Other,Other,Other,Other,Denver-West,Industrial,mailroom,Other,expedited,snow,Other,Other,Other,delivered,customer_not_home,check,denver-west,industrial,business,expedited,delivered,1.0,2311.5,362.10812170830593,0.6053542918620024,1.395663425100596,1.395663425100596,1.3019402309339518,1.878585261007777,0.7655313180710959,-0.0,0.0,27.038513956234603,1.5891759849911196,47.3,3770.9612499999994,3.618555125115471,0.0,326.69811715256395
S-00547,R-151,D-050,V-010,Denver-East,Downtown,call_on_arrival,residential,standard,1,clear,2025-09-12 19:50 MST,2025-09-12 19:50 MST,116.0,2025-03-02 19:43:00,763.0,1.0,6.42,6.42,3.11,8.5,1.26,3.47,0.0,44.88,7.2,26.7,delivered,customer_not_home,82.32,check,denver-east,downtown,residential,standard,delivered,2025-09-12 19:50:00,2025-09-12 19:50:00,4.0,0.0,647.0,Other,Other,Other,Other,Denver-East,Downtown,call_on_arrival,residential,standard,clear,Other,Other,Other,delivered,customer_not_home,check,denver-east,downtown,residential,standard,delivered,1.0,6844.0,435.94934363506013,0.6053542918620024,1.5062532911187678,1.5062532911187678,2.41372825737978,1.6368028647648634,0.9640438769910822,0.4749761021775796,0.0,25.43140778268015,1.3015697042304217,26.7,3470.6111999999994,3.618555125115471,0.0,375.7445085501709
S-00548,R-101,D-058,V-039,Dnvr-East,Downtown,rear_loading_dock,residential ,expedited,0,clear,12/05/2025 10:10 AM,12/05/2025 10:10 AM,48.0,2025-03-03 10:01:00,181.0,3.0,5.48,5.48,2.106,7.29,1.11,0.0,0.0,42.18,9.8,59.2,delivered,vehicle_issue,86.42,check,denver-east,downtown,residential,expedited,delivered,2025-12-05 10:10:00,2025-12-05 10:10:00,4.0,0.0,133.0,Other,Other,Other,Other,Other,Downtown,Other,Other,expedited,clear,Other,Other,Other,delivered,vehicle_issue,check,denver-east,downtown,residential,expedited,delivered,0.0,1200.0,119.06599440300691,1.0641270562537064,1.4304759332864752,1.4304759332864752,1.7296529092333126,1.5660247524203517,0.8701791758851377,-0.0,0.0,24.1676926200442,1.3914193805498154,59.2,3820.6282,3.618555125115471,0.0,90.12185804093357
S-00549,R-109,D-018,V-010,Boulder,Campus,hand_to_security,business,standard,1,rain,27-Jun-2025 16:15 MST,27-Jun-2025 16:15 MST,105.0,2025-03-04 16:25:00,565.0,5.0,14.18,14.18,1.998,20.27,1.11,1.59,0.0,50.84,18.6,62.1,delivered,customer_not_home,87.15,check,boulder,campus,business,standard,delivered,2025-06-27 16:15:00,2025-06-27 16:15:00,4.0,0.0,460.0,Other,Other,Other,Other,Boulder,Campus,Other,business,standard,rain,Other,Other,Other,delivered,customer_not_home,check,boulder,campus,business,standard,delivered,1.0,5617.5,332.53977195853537,1.2791016451735329,1.8593342487334126,1.8593342487334126,1.6523746670337227,2.001197537744182,0.8701791758851377,0.42546324592656637,0.0,28.169955216207963,1.5482460485473744,62.1,3884.7112500000003,3.618555125115471,0.0,276.2773067025991
S-00550,R-152,D-035,V-017,Denver East,Suburban,mailroom,residential,expedited,0,clear,01-Mar-2025 14:20 MST,01-Mar-2025 14:20 MST,45.0,2025-03-05 14:14:00,434.0,1.0,15.103750000000002,15.103750000000002,3.086,4.5,1.54,0.0,0.0,43.98,17.1,25.3,delivered,customer_not_home,79.21,check,denver-east,suburban,residential,expedited,delivered,2025-03-01 14:20:00,2025-03-01 14:20:00,5.0,1.0,389.0,Other,Other,Other,Other,Other,Suburban,mailroom,residential,expedited,clear,Other,Other,Other,delivered,customer_not_home,check,denver-east,suburban,residential,expedited,delivered,0.0,1057.5,262.15673590198185,0.6053542918620024,1.9473915984661614,1.9473915984661614,2.3980087150489933,1.3345305826498497,1.129723099676418,-0.0,0.0,25.011865567853537,1.5298995052777316,25.3,3216.3220499999993,4.46194756940847,1.0,237.513721570643
S-00551,R-143,D-012,V-008,Colorado-Springs,Industrial,mailroom,residential,standard,0,clear,18-Apr-2025 11:55 MST,18-Apr-2025 11:55 MST,116.0,2025-03-06 12:01:00,301.0,2.0,3.49,3.49,4.632,13.42,1.77,0.0,0.0,41.54,11.7,100.0,Delivered,customer_not_home,75.71,check,colorado-springs,industrial,residential,standard,delivered,2025-04-18 11:55:00,2025-04-18 11:55:00,4.0,0.0,185.0,Other,Other,Other,Other,Colorado-Springs,Industrial,mailroom,residential,standard,clear,Other,Other,Other,Other,customer_not_home,check,colorado-springs,industrial,residential,standard,delivered,0.0,6844.0,188.45632626894798,0.8890149625568643,1.209087167817428,1.209087167817428,3.361762760860421,1.8364458146882072,1.2577848943378716,0.0,0.0,23.86585698688976,1.4387864667336863,100.0,2941.7120499999996,3.618555125115471,0.0,121.44053254364695
S-00552,R-109,D-056,V-002,Denver-East,Downtown,leave_at_door,res,standard,0,clear,2025/11/08 10:10:00 MST,2025/11/08 10:10:00 MST,138.0,2025-03-07 10:07:00,187.0,1.0,4.06,4.06,2.484,2.88,1.05,0.0,0.0,45.24,9.0,68.9,delivered,customer_not_home,87.9,check,denver-east,downtown,residential,standard,delivered,2025-11-08 10:10:00,2025-11-08 10:10:00,5.0,1.0,49.0,Other,Other,Other,Other,Denver-East,Downtown,leave_at_door,Other,standard,clear,Other,Other,Other,delivered,customer_not_home,check,denver-east,downtown,residential,standard,delivered,0.0,9660.0,122.62588106613993,0.6053542918620024,1.2839009690500396,1.2839009690500396,1.9940326411443607,1.1382307480670901,0.831513313079815,0.0,0.0,25.598762508007848,1.367544467966324,68.9,3951.1050000000005,4.46194756940847,1.0,36.457963211457894
S-00553,R-151,D-001,V-023,Fort-Collins,Suburban,call_on_arrival,residential,standard,1,clear,02/01/2025 10:20 AM,02/01/2025 10:20 AM,125.0,2025-03-08 10:10:00,190.0,3.0,8.08,8.08,3.602,18.47,1.73,3.16,0.0,37.12,6.2,46.8,delivered,customer_not_home,97.98,check,fort-collins,suburban,residential,standard,delivered,2025-02-01 10:20:00,2025-02-01 10:20:00,5.0,1.0,65.0,Other,Other,Other,Other,Fort-Collins,Suburban,call_on_arrival,residential,standard,clear,Other,Other,Other,delivered,customer_not_home,check,fort-collins,suburban,residential,standard,delivered,1.0,7937.5,124.40154523918456,1.0641270562537064,1.613632147541376,1.613632147541376,2.7301955795756085,1.9653873144917082,1.2359845150081317,0.47110761834319526,0.0,21.755534429279574,1.2546440075000702,46.8,4898.020200000001,4.46194756940847,1.0,47.122195139805555
S-00554,R-138,D-051,V-016,Fort-Collins,Rural,garage,Residential,standard,0,clear,06/28/2025 06:05 PM,06/28/2025 06:05 PM,123.0,2025-03-09 17:53:00,653.0,1.0,10.44,10.44,3.581,9.73,1.51,3.59,0.0,55.22,8.1,49.0,delivered,customer_not_home,89.91,check,fort-collins,rural,residential,standard,delivered,2025-06-28 06:05:00,2025-06-28 06:05:00,5.0,1.0,530.0,Other,Other,Other,Other,Fort-Collins,Rural,garage,Other,standard,clear,Other,Other,Other,delivered,customer_not_home,check,fort-collins,rural,residential,standard,delivered,0.0,7687.5,378.88352304134656,0.6053542918620024,1.72879189342056,1.72879189342056,2.7169022716218585,1.6976515057762744,1.1125136541670613,0.47626743750029665,0.0,30.142267470835503,1.3370064558682042,49.0,4131.81405,4.46194756940847,1.0,313.91210396853813
S-00555,R-112,D-021,V-002,Colorado-Springs,Suburban,side_entrance,residential,expedited,0,clear,2025-12-19 12:20,2025-12-19 12:20,49.0,2025-03-10 12:20:00,320.0,3.0,11.98,11.98,8.502,12.15,2.74,0.0,0.0,53.99,12.6,29.5,rescheduled,customer_not_home,75.86,check,colorado-springs,suburban,residential,expedited,rescheduled,2025-12-19 12:20:00,2025-12-19 12:20:00,4.0,0.0,271.0,Other,Other,Other,Other,Colorado-Springs,Suburban,side_entrance,residential,expedited,clear,Other,Other,Other,rescheduled,customer_not_home,check,colorado-springs,suburban,residential,expedited,rescheduled,0.0,1249.5,199.15710055737202,1.0641270562537064,1.7884476890841379,1.7884476890841379,5.479749079596631,1.7944665712890118,1.7372945020734456,-0.0,0.0,29.591606282624767,1.4576738554533595,29.5,2953.2298,3.618555125115471,0.0,171.42082829752027
S-00556,R-109,D-017,V-004,Colorado-Springs,Suburban,leave_at_door,business,expedited,1,clear,2025-04-07 14:40,2025-04-07 14:40,66.0,2025-03-11 14:34:00,454.0,2.0,3.44,3.44,8.805,19.14,3.44,0.0,0.0,40.7,7.5,45.8,failed,customer_not_home,68.55,check,colorado-springs,suburban,business,expedited,failed,2025-04-07 14:40:00,2025-04-07 14:40:00,0.0,0.0,388.0,Other,Other,Other,Other,Colorado-Springs,Suburban,leave_at_door,business,expedited,clear,Other,Other,Other,failed,customer_not_home,check,colorado-springs,suburban,business,expedited,failed,1.0,2244.0,273.02594680964654,0.8890149625568643,1.201938767143192,1.201938767143192,5.633226376455226,1.9792016319481818,2.1585562668609364,-0.0,0.0,23.468314691569265,1.3140056594299647,45.8,2418.1012499999997,0.0,0.0,236.96297821431136
S-00557,R-134,D-048,V-027,Denver-East,Downtown,locker_pickup,business,expedited,1,clear,2025/09/23 11:30:00 MST ,2025/09/23 11:30:00 MST ,67.0,2025-03-12 11:28:00,268.0,6.0,4.18,4.18,2.555,13.3,0.75,1.6,0.0,46.02,13.5,58.2,faild,package_damaged,66.45,check,denver-east,downtown,business,expedited,failed,2025-09-23 11:30:00,2025-09-23 11:30:00,1.0,0.0,201.0,Other,Other,Other,Other,Denver-East,Downtown,Other,business,expedited,clear,Other,Other,Other,Other,package_damaged,check,denver-east,downtown,business,expedited,failed,1.0,2311.5,169.70724676679467,1.352108625101415,1.298261153554116,1.298261153554116,2.042708870638935,1.832688442187838,0.6271969089260543,0.4260355029585799,0.0,25.960474356298572,1.4747742685611098,58.2,2274.2512500000003,0.962295536748461,0.0,130.8888256255995
S-00558,R-131,D-008,V-005,Boulder,Downtown,front_desk,residential,standard,1,clear,10-Dec-2024 14:55 MST,10-Dec-2024 14:55 MST,107.0,2025-03-13 14:56:00,476.0,1.0,10.63,10.63,2.944,10.77,1.4,1.36,0.0,45.7,3.1,47.2,delivered,customer_not_home,88.98,check,boulder,downtown,residential,standard,delivered,2024-12-10 14:55:00,2024-12-10 14:55:00,1.0,0.0,369.0,Other,Other,Other,Other,Boulder,Downtown,front_desk,residential,standard,clear,Other,Other,Other,delivered,customer_not_home,check,boulder,downtown,residential,standard,delivered,1.0,5831.5,284.9270857776852,0.6053542918620024,1.736701327349879,1.736701327349879,2.3044268905507246,1.7424226199933524,1.0483341038127754,0.41022694627980466,0.0,25.81222605558459,1.0264754257495845,47.2,4047.7002,0.962295536748461,0.0,226.4714823606059
S-00559,R-133,D-029,V-024,Fort-Collins,Rural,mailroom,residential,expedite,0,wind,2025-04-18 19:55 MDT,2025-04-18 19:55 MDT,63.0,2025-03-14 19:50:00,770.0,2.0,1.65,1.65,8.469,7.64,2.57,0.0,0.0,34.56,9.8,81.0,Failed,customer_not_home,71.91,check,fort-collins,rural,residential,expedited,failed,2025-04-18 19:55:00,2025-04-18 19:55:00,4.0,0.0,707.0,Other,Other,Other,Other,Fort-Collins,Rural,mailroom,residential,Other,wind,Other,Other,Other,Other,customer_not_home,check,fort-collins,rural,residential,expedited,failed,0.0,2047.5,439.551730638943,0.8890149625568643,0.8450204788904712,0.8450204788904712,5.462945726373559,1.5878141642898715,1.6591759686419085,0.0,0.0,20.511028354963095,1.3914193805498154,81.0,2657.43405,3.618555125115471,0.0,407.0084608426836
S-00560,R-129,D-038,V-007,Denver-West,Industrial,side_entrance,residential,expedited,0,clear,21-Jul-2025 15:40,21-Jul-2025 15:40,64.0,2025-03-15 15:50:00,530.0,5.0,5.07,5.07,4.064,9.76,2.13,0.0,0.0,45.165,10.4,100.0,delivered ,customer_not_home,84.84,check,denver-west,industrial,residential,expedited,delivered,2025-07-21 15:40:00,2025-07-21 15:40:00,0.0,0.0,466.0,Other,Other,Other,Other,Denver-West,Industrial,side_entrance,residential,expedited,clear,Other,Other,Other,Other,customer_not_home,check,denver-west,industrial,residential,expedited,delivered,0.0,2112.0,313.91210396853813,1.2791016451735329,1.3927953942902547,1.3927953942902547,3.018228068721071,1.6990209783235206,1.446006021973714,-0.0,0.0,25.563918468834125,1.4076511222409076,100.0,3683.7528,0.0,0.0,279.5244375180375
S-00561,R-140,D-033,V-015,Denver-East,Suburban,mailroom,residential,expedited,0,clear,2025/11/06 15:50:00 MST,2025/11/06 15:50:00 MST,51.0,2025-03-16 15:48:00,528.0,2.0,6.24,6.24,3.625,5.94,1.87,0.0,118.12,56.75,14.5,43.4,failed,customer_not_home,49.15,check,denver-east,suburban,residential,expedited,failed,2025-11-06 15:50:00,2025-11-06 15:50:00,3.0,0.0,477.0,Other,Other,Other,Other,Denver-East,Suburban,mailroom,residential,expedited,clear,Other,Other,Other,failed,customer_not_home,check,denver-east,suburban,residential,expedited,failed,0.0,1351.5,312.84402727843593,0.8890149625568643,1.4927428363559974,1.4927428363559974,2.744734054573739,1.4692260464081721,1.3114722955900453,-0.0,118.12,30.823887669001845,1.491999491999238,43.4,1257.01125,2.7580025035383304,0.0,285.466723960462
S-00562,R-120,D-003,V-034,Denver East,Suburban,front_desk,res,standard,0,rain,2024/12/22 15:00:00 MST,2024/12/22 15:00:00 MST,100.0,2025-03-17 15:03:00,483.0,2.0,6.35,6.35,6.532,8.2,1.33,4.01,0.0,53.34,6.4,56.0,delivered,customer_not_home,82.2,check,denver-east,suburban,residential,standard,delivered,2024-12-22 15:00:00,2024-12-22 15:00:00,6.0,1.0,383.0,Other,Other,Other,Other,Other,Suburban,front_desk,Other,standard,rain,Other,Other,Other,delivered,customer_not_home,check,denver-east,suburban,residential,standard,delivered,0.0,5100.0,288.7021915405335,0.8890149625568643,1.5010503698796338,1.5010503698796338,4.44279490045631,1.620392362694595,1.0065689030876825,0.48007976063840385,0.0,29.299613511192128,1.2647853779061924,56.0,3460.6200000000003,5.291331975501458,1.0,234.20712940559753
S-00563,R-104,D-030,V-002,Denver-East,Suburban,side_entrance,residential,expedited,0,clear,2025-12-17 15:30,2025-12-17 15:30,49.0,2025-03-18 15:21:00,501.0,2.0,8.2,8.2,2.308,9.03,0.95,0.0,0.0,45.165,7.5,59.6,failed,vehicle_issue,78.2,check,denver-east,suburban,residential,expedited,failed,2025-12-17 15:30:00,2025-12-17 15:30:00,2.0,0.0,452.0,Other,Other,Other,Other,Denver-East,Suburban,side_entrance,residential,expedited,clear,Other,Other,Other,failed,vehicle_issue,check,denver-east,suburban,residential,expedited,failed,0.0,1249.5,298.38475756193475,0.8890149625568643,1.620392362694595,1.620392362694595,1.8720659272512234,1.6642098577248183,0.7655313180710959,-0.0,0.0,25.563918468834125,1.3140056594299647,59.6,3135.82,1.875417088358097,0.0,271.9412098222227
S-00564,R-128,D-031,V-026,Colorado-Springs,Suburban,mailroom,residential,standard,0,clear,01/28/2025 11:10 AM MDT,01/28/2025 11:10 AM MDT,120.0,2025-03-19 11:06:00,246.0,1.0,1.08,1.08,5.893,17.91,1.89,0.0,0.0,54.14,12.5,63.8,delivered,customer_not_home,73.75,check,colorado-springs,suburban,residential,standard,delivered,2025-01-28 11:10:00,2025-01-28 11:10:00,1.0,0.0,126.0,Other,Other,Other,Other,Colorado-Springs,Suburban,mailroom,residential,standard,clear,Other,Other,Other,delivered,customer_not_home,check,colorado-springs,suburban,residential,standard,delivered,0.0,7320.0,157.08097327931767,0.6053542918620024,0.6574957778031436,0.6574957778031436,4.089505552899861,1.9533581174198926,1.3220744796796928,0.0,0.0,29.65889095817621,1.4556689460481826,63.8,2793.28125,0.962295536748461,0.0,85.82112270386673
S-00565,R-132,D-044,V-007,Denver-East,Industrial,front_desk,business,expedited,0,clear,29-Jan-2025 07:55 MDT,29-Jan-2025 07:55 MDT,53.0,2025-03-20 08:00:00,60.0,5.0,11.77,11.77,4.881,12.62,2.6,3.21,0.0,45.165,5.9,55.4,delivered,customer_not_home,90.29,check,denver-east,industrial,business,expedited,delivered,2025-01-29 07:55:00,2025-01-29 07:55:00,2.0,0.0,7.0,Other,Other,Other,Other,Denver-East,Industrial,front_desk,business,expedited,clear,Other,Other,Other,delivered,customer_not_home,check,denver-east,industrial,business,expedited,delivered,0.0,1457.5,43.82074320315774,1.2791016451735329,1.7808695550845477,1.7808695550845477,3.5090499591164006,1.8105938351327335,1.673121304403093,0.47178982289650817,0.0,25.563918468834125,1.238613012373119,55.4,4166.43205,1.875417088358097,0.0,6.108910189833208
S-00566,R-105,D-046,V-029,Denver-West,Campus,mailroom,residential,standard,0,rain,2025-07-21 12:30,2025-07-21 12:30,131.0,2025-03-21 12:16:00,316.0,2.0,3.29,3.29,1.907,6.84,0.65,0.0,0.0,55.51,8.4,62.1,delivered,customer_not_home,78.61,check,denver-west,campus,residential,standard,delivered,2025-07-21 12:30:00,2025-07-21 12:30:00,0.0,0.0,185.0,Other,Other,Other,Other,Denver-West,Campus,mailroom,residential,standard,rain,Other,Other,Other,delivered,customer_not_home,check,denver-west,campus,residential,standard,delivered,0.0,8711.5,196.9096961097596,0.8890149625568643,1.1798497883105552,1.1798497883105552,1.5866102272236464,1.536184991661069,0.5544539810403266,0.0,0.0,30.271745538870782,1.3476719269465578,62.1,3168.37605,0.0,0.0,121.44053254364695
S-00567,R-121,D-058,V-006,Denver-East,Downtown,call_on_arrival,residential,expedited,0,rain,29-May-2025 07:35,29-May-2025 07:35,85.0,2025-03-22 07:40:00,40.0,4.0,15.103750000000002,15.103750000000002,2.774,9.65,1.51,0.0,0.0,45.165,9.8,24.5,delivered,customer_not_home,92.36,check,denver-east,downtown,residential,expedited,delivered,2025-05-29 07:35:00,2025-05-29 07:35:00,3.0,0.0,0.0,Other,Other,Other,Other,Denver-East,Downtown,call_on_arrival,residential,expedited,rain,Other,Other,Other,delivered,customer_not_home,check,denver-east,downtown,residential,expedited,delivered,0.0,3697.5,30.312997098236647,1.1867360977981165,2.0967568306084896,2.0967568306084896,2.1910511371941483,1.6939751121845184,1.1125136541670613,-0.0,0.0,25.563918468834125,1.3914193805498154,24.5,4357.5448,2.7580025035383304,0.0,0.0
S-00568,R-105,D-039,V-010,Boulder ,Industrial,side_entrance,residential,expedite,0,clear,2025-01-21 12:05 MDT,2025-01-21 12:05 MDT,62.0,2025-03-23 11:57:00,297.0,4.0,3.44,3.44,2.512,11.72,1.08,4.225,0.0,43.51,5.3,35.8,delivered,customer_not_home,88.91,check,boulder,industrial,residential,expedited,delivered,2025-01-21 12:05:00,2025-01-21 12:05:00,1.0,0.0,235.0,Other,Other,Other,Other,Other,Industrial,side_entrance,residential,Other,clear,Other,Other,Other,delivered,customer_not_home,check,boulder,industrial,residential,expedited,delivered,0.0,1984.0,186.19507814408155,1.1867360977981165,1.201938767143192,1.201938767143192,2.013264113810898,1.7790413326022099,0.8509298998381457,0.496885296043267,0.0,24.792105169003406,1.2031809271104041,35.8,4041.4040499999996,0.962295536748461,0.0,150.7261262336981
S-00569,R-140,D-009,V-018,Boulder ,Rural,garage,residential,expedited,0,wind,01/05/2025 03:50 PM MST,01/05/2025 03:50 PM MST,51.0,2025-03-24 16:07:00,547.0,5.0,11.05,11.05,9.641375,14.61,3.44,0.0,0.0,49.79,7.7,70.1,delivered,customer_not_home,87.14,check,boulder,rural,residential,expedited,delivered,2025-01-05 03:50:00,2025-01-05 03:50:00,6.0,1.0,496.0,Other,Other,Other,Other,Other,Rural,garage,residential,expedited,wind,Other,Other,Other,delivered,customer_not_home,check,boulder,rural,residential,expedited,delivered,0.0,1351.5,322.9746818760456,1.2791016451735329,1.7536041864114738,1.7536041864114738,6.519421672746649,1.8716345873915523,2.221878212513562,-0.0,0.0,27.692269504786594,1.3219364963791898,70.1,3883.8298,5.291331975501458,1.0,295.69869171711673
S-00570,R-136,D-041,V-038,Denver-East,Campus,call_on_arrival,business,Expedited,1,clear,2025/11/24 11:15:00 MDT,2025/11/24 11:15:00 MDT,64.0,2025-03-25 11:14:00,254.0,2.0,9.64,9.64,2.81,13.73,1.17,0.0,0.0,44.77,4.6,87.3,failed,customer_not_home,60.9,check,denver-east,campus,business,expedited,failed,2025-11-24 11:15:00,2025-11-24 11:15:00,0.0,0.0,190.0,Other,Other,Other,Other,Denver-East,Campus,call_on_arrival,business,Other,clear,Other,Other,Other,failed,customer_not_home,check,denver-east,campus,business,expedited,failed,1.0,2112.0,161.68486008350501,0.8890149625568643,1.693513039088956,1.693513039088956,2.21518587795297,1.8459670881598433,0.9081908190166585,0.0,0.0,25.380219304833187,1.1548457452714835,87.3,1915.3049999999998,0.0,0.0,124.40154523918456
S-00571,R-125,D-046,V-021,Denver-East,Downtown,leave_at_door,residential,expedited,0,rain,2025-01-20 14:30 MDT,2025-01-20 14:30 MDT,48.0,07/32/2025 10:10 PM,453.0,3.0,6.52,6.52,6.05,10.13,2.04,3.82,0.0,34.08,7.8,49.9,failed,address_issue,51.78,check,denver-east,downtown,residential,expedited,failed,2025-01-20 14:30:00,2025-01-20 14:30:00,0.0,0.0,405.0,Other,Other,Other,Other,Denver-East,Downtown,leave_at_door,residential,expedited,rain,Other,Other,Other,failed,address_issue,check,denver-east,downtown,residential,expedited,failed,0.0,1200.0,272.48363804819803,1.0641270562537064,1.5135763565418896,1.5135763565418896,4.1771865262409795,1.7155133483032632,1.4002230275094882,0.4784783319846421,0.0,20.275719700484053,1.325800137536758,49.9,1392.3642,0.0,0.0,246.30667742533663
S-00572,R-119,D-039,V-034,Denver-West,Campus,leave_at_door,residential,standard,0,wind,19-Oct-2025 08:55 MST,19-Oct-2025 08:55 MST,91.0,2025-03-27 08:50:00,110.0,1.0,3.2,3.2,2.295,6.55,0.75,0.0,0.0,66.79875,13.6,50.7,delivered,customer_not_home,85.93,check,denver-west,campus,residential,standard,delivered,2025-10-19 08:55:00,2025-10-19 08:55:00,6.0,1.0,19.0,Other,Other,Other,Other,Denver-West,Campus,leave_at_door,residential,standard,wind,Other,Other,Other,delivered,customer_not_home,check,denver-west,campus,residential,standard,delivered,0.0,4231.5,75.89907473640427,0.6053542918620024,1.1661085513671565,1.1661085513671565,1.862980819735338,1.5157486269135303,0.6271969089260543,0.0,0.0,35.25519393175813,1.4765760774097862,50.7,3777.9124500000007,5.291331975501458,1.0,15.358543313487738
S-00573,R-139,D-030,V-033,Boulder,Downtown,mailroom,residential,standard,0,rain,01/19/2025 12:20 PM,01/19/2025 12:20 PM,127.0,2025-03-28 12:28:00,328.0,1.0,6.93,6.93,3.493,5.61,1.41,2.22,0.0,49.47,25.3,67.4,rescheduled,customer_not_home,70.09,check,boulder,downtown,residential,standard,rescheduled,2025-01-19 12:20:00,2025-01-19 12:20:00,6.0,1.0,201.0,Other,Other,Other,Other,Boulder,Downtown,mailroom,residential,standard,rain,Other,Other,Other,rescheduled,customer_not_home,check,boulder,downtown,residential,standard,rescheduled,0.0,8191.5,203.64355081557233,0.6053542918620024,1.542328371265438,1.542328371265438,2.6609967513535056,1.441781234887776,1.0542406180061954,0.4517765518305621,0.0,27.546297838248364,1.77131393174903,67.4,2526.3940500000003,5.291331975501458,1.0,130.8888256255995
S-00574,R-151,D-028,V-007,Fort-Collins,Suburban,leave_at_door,business,expedited,1,clear,2025/07/07 09:30:00 MST,2025/07/07 09:30:00 MST,46.0,2025-03-29 09:36:00,156.0,4.0,4.58,4.58,4.199,17.77,2.04,0.0,0.0,35.82,9.8,53.1,delivered,customer_not_home,86.21,check,fort-collins,suburban,business,expedited,delivered,2025-07-07 09:30:00,2025-07-07 09:30:00,0.0,0.0,110.0,Other,Other,Other,Other,Fort-Collins,Suburban,leave_at_door,business,expedited,clear,Other,Other,Other,delivered,customer_not_home,check,fort-collins,suburban,business,expedited,delivered,1.0,1104.0,104.10134953243625,1.1867360977981165,1.3431710767023928,1.3431710767023928,3.1008823498953353,1.9502782937287293,1.4002230275094882,-0.0,0.0,21.12572110858298,1.3914193805498154,53.1,3802.2920499999996,0.0,0.0,75.89907473640427
S-00575,R-155,D-045,V-008,Fort Collins,Suburban,leave_at_door,business ,standard,0,clear,07/28/2025 12:30 PM ,07/28/2025 12:30 PM ,122.0,2025-03-30 12:26:00,326.0,2.0,8.48,8.48,1.596,9.52,0.62,0.0,0.0,51.27,16.0,67.8,delivered,customer_not_home,89.43,check,fort-collins,suburban,business,standard,delivered,2025-07-28 12:30:00,2025-07-28 12:30:00,0.0,0.0,204.0,Other,Other,Other,Other,Other,Suburban,leave_at_door,Other,standard,clear,Other,Other,Other,delivered,customer_not_home,check,fort-collins,suburban,business,standard,delivered,0.0,7564.0,202.5229712842846,0.8890149625568643,1.6357299032131642,1.6357299032131642,1.357006044640531,1.6879237465791381,0.5321174128098967,-0.0,0.0,28.3650188281908,1.514928749927334,67.8,4088.292450000001,0.0,0.0,132.65187813004331
S-00576,R-147,D-042,V-036,Denver-West,Campus,mailroom,residential,same_day,0,snow,2024/11/16 10:10:00,2024/11/16 10:10:00,30.0,2025-03-31 10:01:00,181.0,2.0,2.77,2.77,2.611,11.81,1.72,0.0,0.0,46.98,9.8,67.3,delivered,customer_not_home,80.2,check,denver-west,campus,residential,same_day,delivered,2024-11-16 10:10:00,2024-11-16 10:10:00,5.0,1.0,151.0,Other,Other,Other,Other,Denver-West,Campus,mailroom,residential,same_day,snow,Other,Other,Other,delivered,customer_not_home,check,denver-west,campus,residential,same_day,delivered,0.0,480.0,119.06599440300691,0.8890149625568643,1.0947341539705204,1.0947341539705204,2.0808958853510897,1.7823254459215605,1.2305045178914826,-0.0,0.0,26.404015881061355,1.3914193805498154,67.3,3296.2200000000003,4.46194756940847,1.0,101.08084674494162
S-00577,R-128,D-056,V-014,Colorado-Springs,Downtown,mailroom,residential,standard,0,clear,01/17/2025 01:20 PM,01/17/2025 01:20 PM,141.0,2025-04-01 13:19:00,379.0,2.0,6.31,6.31,1.001,8.48,0.51,0.0,0.0,31.25,6.0,61.1,Delivered,customer_not_home,82.42,check,colorado-springs,downtown,residential,standard,delivered,2025-01-17 01:20:00,2025-01-17 01:20:00,4.0,0.0,238.0,Other,Other,Other,Other,Colorado-Springs,Downtown,mailroom,residential,standard,clear,Other,Other,Other,Other,customer_not_home,check,colorado-springs,downtown,residential,standard,delivered,0.0,10081.5,231.99986747315248,0.8890149625568643,1.4980482610244474,1.4980482610244474,0.8929618953655806,1.6357299032131642,0.44802245758928844,-0.0,0.0,18.87490264762101,1.2440710539815454,61.1,3478.9482000000003,3.618555125115471,0.0,152.46214817929618
S-00578,R-127,D-029,V-015,Fort-Collins,Downtown,garage,residential,standard,1,clear,2025-08-29 17:45,2025-08-29 17:45,126.0,2025-04-02 17:37:00,637.0,1.0,5.88,5.88,1.39,7.16,0.96,0.0,0.0,52.36,9.0,62.1,Delivered,customer_not_home,77.33,check,fort-collins,downtown,residential,standard,delivered,2025-08-29 17:45:00,2025-08-29 17:45:00,4.0,0.0,511.0,Other,Other,Other,Other,Fort-Collins,Downtown,garage,residential,standard,clear,Other,Other,Other,Other,customer_not_home,check,fort-collins,downtown,residential,standard,delivered,1.0,8064.0,370.50634102018836,0.6053542918620024,1.4643638346618075,1.4643638346618075,1.200367459328652,1.5576247349283394,0.7722195665196456,0.0,0.0,28.858052852467182,1.367544467966324,62.1,3067.29445,3.618555125115471,0.0,303.74889601032396
S-00579,R-126,D-022,V-030,Denver-West,Industrial,front_desk,business,standard,0,wind,05/03/2025 02:15 PM,05/03/2025 02:15 PM,126.0,2025-04-03 14:13:00,433.0,2.0,5.32,5.32,1.904,12.04,1.16,2.84,0.0,34.07,14.6,62.1,delivered,customer_not_home,90.03,check,denver-west,industrial,business,standard,delivered,2025-05-03 02:15:00,2025-05-03 02:15:00,5.0,1.0,307.0,Other,Other,Other,Other,Denver-West,Industrial,front_desk,business,standard,wind,Other,Other,Other,delivered,customer_not_home,check,denver-west,industrial,business,standard,delivered,0.0,8064.0,261.6119811435893,0.8890149625568643,1.416150101906074,1.416150101906074,1.584431740094933,1.7905836431833089,0.9018997328990817,0.4660915798611111,0.0,20.270810616473003,1.4936303164581668,62.1,4142.73045,4.46194756940847,1.0,191.8425998065866
S-00580,R-121,D-027,V-007,Denver-West,Rural,building_super,Biz,standard,1,clear,11/30/2025 04:45 PM MST,11/30/2025 04:45 PM MST,127.0,2025-04-04 16:41:00,581.0,3.0,4.1,4.1,5.792,16.48,2.98,0.0,0.0,45.165,5.1,51.0,failed ,customer_not_home,65.76,check,denver-west,rural,business,standard,failed,2025-11-30 04:45:00,2025-11-30 04:45:00,6.0,1.0,454.0,Other,Other,Other,Other,Denver-West,Rural,Other,Other,standard,clear,Other,Other,Other,Other,customer_not_home,check,denver-west,rural,business,standard,failed,1.0,8191.5,341.01654079737904,1.0641270562537064,1.2887364593892463,1.2887364593892463,4.032782647251552,1.920417419089639,1.8440342176536073,-0.0,0.0,25.563918468834125,1.190223669821084,51.0,2227.9488,5.291331975501458,1.0,273.02594680964654
S-00581,R-143,D-028,V-021,Boulder ,Rural,locker_pickup,Residential,standard,0,snow,27-Sep-2025 09:45 MDT ,27-Sep-2025 09:45 MDT ,97.0,2025-04-05 09:58:00,178.0,1.0,4.27,4.27,4.974,16.78,2.02,0.0,118.12,47.32,19.6,69.2,failed,weather_delay,59.45,check,boulder,rural,residential,standard,failed,2025-09-27 09:45:00,2025-09-27 09:45:00,5.0,1.0,81.0,Other,Other,Other,Other,Other,Rural,Other,Other,standard,snow,Other,Other,Other,failed,weather_delay,check,boulder,rural,residential,standard,failed,0.0,4801.5,117.28166889524314,0.6053542918620024,1.308750450489808,1.308750450489808,3.5635784171804237,1.9276120565749526,1.3899389539252154,-0.0,118.12,26.560676513442537,1.5593473507607682,69.2,1826.6012500000002,4.46194756940847,1.0,57.52834826677707
S-00582,R-110,D-017,V-024,Colorado-Springs,Downtown,call_on_arrival,Biz,standard,1,clear,2025-02-21 11:15 MDT,2025-02-21 11:15 MDT,121.0,2025-04-06 11:07:00,247.0,4.0,2.96,2.96,6.626,29.35625,2.12,4.225,0.0,42.75,5.2,59.7,delivered,customer_not_home,83.04,check,colorado-springs,downtown,business,standard,delivered,2025-02-21 11:15:00,2025-02-21 11:15:00,4.0,0.0,126.0,Other,Other,Other,Other,Colorado-Springs,Downtown,call_on_arrival,Other,standard,clear,Other,Other,Other,delivered,customer_not_home,check,colorado-springs,downtown,business,standard,delivered,1.0,7441.5,157.65726517496057,1.1867360977981165,1.1275127269708758,1.1275127269708758,4.493992001107687,2.3918588838846864,1.440958361150349,0.49161051303390696,0.0,24.435762281440194,1.196780671097501,59.7,3530.8608000000004,3.618555125115471,0.0,85.82112270386673
S-00583,R-105,D-044,V-031,Denver East,Industrial,leave_at_door,residential,standard,0,rain,11-Jun-2025 09:45,11-Jun-2025 09:45,127.0,2025-04-07 09:46:00,166.0,1.0,10.76,10.76,5.525,15.16,2.42,0.0,0.0,42.03,14.0,71.9,delivered,customer_not_home,81.17,check,denver-east,industrial,residential,standard,delivered,2025-06-11 09:45:00,2025-06-11 09:45:00,2.0,0.0,39.0,Other,Other,Other,Other,Other,Industrial,leave_at_door,residential,standard,rain,Other,Other,Other,delivered,customer_not_home,check,denver-east,industrial,residential,standard,delivered,0.0,8191.5,110.11386332280252,0.6053542918620024,1.742016896152528,1.742016896152528,3.881597304303069,1.8867404029008787,1.5883724313215322,0.0,0.0,24.097030643421178,1.4836022205056776,71.9,3375.45445,1.875417088358097,0.0,29.622350763610658
S-00584,R-106,D-006,V-006,Boulder,Campus,front_desk,business,expedited,1,clear,2025-09-26 12:40,2025-09-26 12:40,51.0,2025-04-08 12:38:00,338.0,2.0,9.1,9.1,2.937,16.09,1.46,0.0,0.0,59.85,5.6,62.1,delivered,customer_not_home,98.08,check,boulder,campus,business,expedited,delivered,2025-09-26 12:40:00,2025-09-26 12:40:00,4.0,0.0,287.0,Other,Other,Other,Other,Boulder,Campus,front_desk,business,expedited,clear,Other,Other,Other,delivered,customer_not_home,check,boulder,campus,business,expedited,delivered,1.0,1351.5,209.23632311070727,0.8890149625568643,1.6676887641238767,1.6676887641238767,2.29978780199637,1.9108207183065156,1.083554811485177,0.0,0.0,32.19402035312923,1.221501055838477,62.1,4907.9232,3.618555125115471,0.0,180.5285694843896
S-00585,R-148,D-028,V-007,Boulder,Industrial,side_entrance,residential,standard,0,snow,06/09/2025 02:40 PM MDT ,06/09/2025 02:40 PM MDT ,113.0,2025-04-09 14:37:00,457.0,2.0,5.89,5.89,3.336,12.88,1.68,2.07,0.0,50.17,19.2,86.0,rescheduled,customer_not_home,66.91,check,boulder,industrial,residential,standard,rescheduled,2025-06-09 02:40:00,2025-06-09 02:40:00,0.0,0.0,344.0,Other,Other,Other,Other,Boulder,Industrial,side_entrance,residential,standard,snow,Other,Other,Other,rescheduled,customer_not_home,check,boulder,industrial,residential,standard,rescheduled,0.0,6497.5,274.6521591880316,0.8890149625568643,1.465178023203561,1.465178023203561,2.5604323845617842,1.8192077224632508,1.2084627946187931,0.4469490392471008,0.0,27.86537221665441,1.5550058405100153,86.0,2305.3840499999997,0.0,0.0,212.58404407865325
S-00586,R-152,D-048,V-024,Denver-West,Suburban,call_on_arrival,residential,same_day,1,fog,2025/04/14 18:00:00 ,2025/04/14 18:00:00 ,55.0,2025-04-10 18:06:00,666.0,3.0,12.17,12.17,6.027,16.47,2.06,0.0,0.0,50.14,6.0,79.0,failed,address_issue,57.07,check,denver-west,suburban,residential,same_day,failed,2025-04-14 18:00:00,2025-04-14 18:00:00,0.0,0.0,611.0,Other,Other,Other,Other,Denver-West,Suburban,call_on_arrival,residential,same_day,fog,Other,Other,Other,failed,address_issue,check,denver-west,suburban,residential,same_day,failed,1.0,1567.5,385.67488443060114,1.0641270562537064,1.7951680224923152,1.7951680224923152,4.164378450802037,1.9201748375891954,1.4104665857036962,0.0,0.0,27.851715583660333,1.2440710539815454,79.0,1685.5624500000001,0.0,0.0,356.84828809085553
S-00587,R-104,D-009,V-036,Denver-West,Rural,mailroom,residential,standard,0,rain,2025-03-26 14:05 MST ,2025-03-26 14:05 MST ,122.0,2025-04-11 14:10:00,430.0,4.0,11.33,11.33,6.349,7.85,3.08,4.225,0.0,35.87,8.9,57.0,delivered,customer_not_home,79.96,check,denver-west,rural,residential,standard,delivered,2025-03-26 14:05:00,2025-03-26 14:05:00,2.0,0.0,308.0,Other,Other,Other,Other,Denver-West,Rural,mailroom,residential,standard,rain,Other,Other,Other,delivered,customer_not_home,check,denver-west,rural,residential,standard,delivered,0.0,7564.0,259.97696238642743,1.1867360977981165,1.7644529878931972,1.7644529878931972,4.34257021019997,1.6003445009460195,1.8873681069256936,0.4863847770915705,0.0,21.150026034416445,1.3643582738362718,57.0,3276.7607999999996,1.875417088358097,0.0,192.40633416386245
S-00588,R-136,D-038,V-036,Boulder ,Suburban,call_on_arrival,residential,expedited,0,wind,2025-02-10 15:20,2025-02-10 15:20,66.0,2025-04-12 20:42:00,822.0,1.0,3.58,3.58,1.7309145786578632,20.04,2.59,0.0,0.0,45.82,25.3,30.3,delivered,customer_not_home,93.28,check,boulder,suburban,residential,expedited,delivered,2025-02-10 15:20:00,2025-02-10 15:20:00,0.0,0.0,756.0,Other,Other,Other,Other,Other,Suburban,call_on_arrival,residential,expedited,wind,Other,Other,Other,delivered,customer_not_home,check,boulder,suburban,residential,expedited,delivered,0.0,2244.0,466.21208930266135,0.6053542918620024,1.2216971171384368,1.2216971171384368,1.4575702143026288,1.9968454535047153,1.6684806332177455,0.0,0.0,25.867842903828333,1.77131393174903,30.3,4443.8592,0.0,0.0,432.343654453753
S-00589,R-127,D-022,V-008,Fort-Collins,Industrial,side_entrance,business,standard,0,rain,2025/07/12 17:30:00,2025/07/12 17:30:00,107.0,2025-04-13 17:33:00,633.0,1.0,4.12,4.12,2.808,13.03,1.56,0.0,0.0,40.91,25.3,52.5,delivered,customer_not_home,78.36,check,fort-collins,industrial,business,standard,delivered,2025-07-12 17:30:00,2025-07-12 17:30:00,5.0,1.0,526.0,Other,Other,Other,Other,Fort-Collins,Industrial,side_entrance,business,standard,rain,Other,Other,Other,delivered,customer_not_home,check,fort-collins,industrial,business,standard,delivered,0.0,5831.5,368.40878118453384,0.6053542918620024,1.2911357544187922,1.2911357544187922,2.2138468590567584,1.8240824317112998,1.141128406052161,0.0,0.0,23.567849218981134,1.644777583337306,52.5,3148.5048,4.46194756940847,1.0,311.77554670126636
S-00590,R-156,D-023,V-028,Boulder,Rural,garage,residential,standard,1,clear,10/15/2025 02:10 PM MDT,10/15/2025 02:10 PM MDT,111.0,2025-04-14 14:06:00,426.0,2.0,3.47,3.47,4.961,27.22,1.11,0.0,0.0,50.59,9.8,50.0,delivered,customer_not_home,79.75,check,boulder,rural,residential,standard,delivered,2025-10-15 02:10:00,2025-10-15 02:10:00,2.0,0.0,315.0,Other,Other,Other,Other,Boulder,Rural,garage,residential,standard,clear,Other,Other,Other,delivered,customer_not_home,check,boulder,rural,residential,standard,delivered,1.0,6271.5,257.7951649096553,0.8890149625568643,1.2062402845766655,1.2062402845766655,3.5559715530798246,2.1095299698952497,0.8701791758851377,-0.0,0.0,28.056397459565233,1.3914193805498154,50.0,3259.78125,1.875417088358097,0.0,196.34740314674258
S-00591,R-119,D-059,V-004,Boulder,Suburban,mailroom,residential,standard,0,clear,2025/03/30 19:35:00 MDT,2025/03/30 19:35:00 MDT,107.0,2025-04-15 19:38:00,758.0,4.0,5.85,5.85,1.602,10.79,1.2,0.0,0.0,40.71,9.9,63.7,delivered,customer_not_home,84.24,check,boulder,suburban,residential,standard,delivered,2025-03-30 19:35:00,2025-03-30 19:35:00,6.0,1.0,651.0,Other,Other,Other,Other,Boulder,Suburban,mailroom,residential,standard,clear,Other,Other,Other,delivered,customer_not_home,check,boulder,suburban,residential,standard,delivered,0.0,5831.5,433.3741902668839,1.1867360977981165,1.4619120090130253,1.4619120090130253,1.3615111961826079,1.7432327249213033,0.9269603605568231,0.0,0.0,23.473056700582806,1.3942174671846175,63.7,3632.4287999999997,5.291331975501458,1.0,377.83750615355666
S-00592,R-123,D-039,V-020,Denver-West,Downtown,mailroom,residential,standard,0,rain,2025/06/25 16:40:00 MST,2025/06/25 16:40:00 MST,120.0,2025-04-16 16:41:00,581.0,4.0,5.46,5.46,1.133,8.43,0.72,0.0,0.0,39.66,3.0,70.5,delivered,customer_not_home,88.98,check,denver-west,downtown,residential,standard,delivered,2025-06-25 16:40:00,2025-06-25 16:40:00,2.0,0.0,461.0,Other,Other,Other,Other,Denver-West,Downtown,mailroom,residential,standard,rain,Other,Other,Other,delivered,customer_not_home,check,denver-west,downtown,residential,standard,delivered,0.0,7320.0,341.01654079737904,1.1867360977981165,1.4287104852151522,1.4287104852151522,0.9991315927085823,1.6330345758253648,0.605641971758582,-0.0,0.0,22.973891491725738,1.0264754257495845,70.5,4047.7002,1.875417088358097,0.0,276.8187872244724
S-00593,R-133,D-007,V-037,Denver-East,Rural,front_desk,residential,standard,1,clear,2024-11-07 15:35 MST,2024-11-07 15:35 MST,117.0,2025-04-17 15:32:00,512.0,3.0,10.75,10.75,5.873,12.21,1.94,0.0,0.0,48.93,17.5,74.7,failed,dog_on_premises,54.02,check,denver-east,rural,residential,standard,failed,2024-11-07 15:35:00,2024-11-07 15:35:00,3.0,0.0,395.0,Other,Other,Other,Other,Denver-East,Rural,front_desk,residential,standard,clear,Other,Other,Other,failed,Other,check,denver-east,rural,residential,standard,failed,1.0,6961.5,304.28473044634296,1.0641270562537064,1.7416107235593794,1.7416107235593794,4.078293200877586,1.7965667794335938,1.3483887892785362,0.0,0.0,27.29954990772187,1.535009445024723,74.7,1513.1002,2.7580025035383304,0.0,240.81523037153642
S-00594,R-143,D-014,V-010,Denver-East,Rural,garage,business,standard,0,rain,2024/12/29 17:05:00,2024/12/29 17:05:00,133.0,2025-04-18 17:05:00,605.0,4.0,11.21,11.21,4.159,11.34,1.65,0.0,0.0,45.165,6.0,66.7,delivered,customer_not_home,87.5,check,denver-east,rural,business,standard,delivered,2024-12-29 17:05:00,2024-12-29 17:05:00,6.0,1.0,472.0,Other,Other,Other,Other,Denver-East,Rural,garage,business,standard,rain,Other,Other,Other,delivered,customer_not_home,check,denver-east,rural,business,standard,delivered,0.0,8977.5,353.6882689419929,1.1867360977981165,1.759843119895696,1.759843119895696,3.0764600455506845,1.7648345094974507,1.1918016387204051,-0.0,0.0,25.563918468834125,1.2440710539815454,66.7,3915.625,5.291331975501458,1.0,282.7673989894365
S-00595,R-155,D-031,V-015,Denver East,Downtown,leave_at_door,residential,standard,1,wind,22-Apr-2025 13:10,22-Apr-2025 13:10,108.0,2025-04-19 13:17:00,377.0,1.0,3.24,3.24,1.505,17.39,0.96,0.0,0.0,54.5,7.6,65.1,delivered,customer_not_home,69.22,check,denver-east,downtown,residential,standard,delivered,2025-04-22 13:10:00,2025-04-22 13:10:00,1.0,0.0,269.0,Other,Other,Other,Other,Other,Downtown,leave_at_door,residential,standard,wind,Other,Other,Other,delivered,customer_not_home,check,denver-east,downtown,residential,standard,delivered,1.0,5940.0,230.8953664307172,0.6053542918620024,1.1722625680081313,1.1722625680081313,1.2882892680800142,1.9417659959653681,0.7722195665196456,-0.0,0.0,29.820225087777235,1.3180056605295265,65.1,2464.9242,0.962295536748461,0.0,170.27865191699217
S-00596,R-155,D-007,V-023,Fort-Collins,Rural,package_room_3F,Business,same_day,0,clear,12/21/2025 04:10 PM MST ,12/21/2025 04:10 PM MST ,48.0,2025-04-20 16:16:00,556.0,1.0,1.44,1.44,9.429,18.88,2.83,0.0,0.0,49.53,7.6,47.3,delivered,customer_not_home,84.96,check,fort-collins,rural,business,same_day,delivered,2025-12-21 04:10:00,2025-12-21 04:10:00,6.0,1.0,508.0,Other,Other,Other,Other,Fort-Collins,Rural,Other,Other,same_day,clear,Other,Other,Other,delivered,customer_not_home,check,fort-collins,rural,business,same_day,delivered,0.0,1200.0,327.7610909085662,0.6053542918620024,0.7826191482618029,0.7826191482618029,5.944897036711965,1.9739127817320712,1.7777905649030923,0.0,0.0,27.57368159200855,1.3180056605295265,47.3,3694.0607999999993,5.291331975501458,1.0,302.14076380729637
S-00597,R-108,D-036,V-024,Boulder,Suburban,side_entrance,residential,standard,0,clear,10-Dec-2024 17:10 MST,10-Dec-2024 17:10 MST,142.0,2025-04-21 17:15:00,615.0,1.0,6.42,6.42,5.085,7.13,1.73,4.02,0.0,34.25,8.7,40.4,delivered,customer_not_home,84.96,check,boulder,suburban,residential,standard,delivered,2024-12-10 17:10:00,2024-12-10 17:10:00,1.0,0.0,473.0,Other,Other,Other,Other,Boulder,Suburban,side_entrance,residential,standard,clear,Other,Other,Other,delivered,customer_not_home,check,boulder,suburban,residential,standard,delivered,0.0,10224.0,358.9532451402246,0.6053542918620024,1.5062532911187678,1.5062532911187678,3.6283285972893173,1.5556615393216804,1.2359845150081317,0.4801590450945223,0.0,20.35913138626347,1.3578387009320645,40.4,3694.0607999999993,0.962295536748461,0.0,283.30749132037533
S-00598,R-137,D-049,V-018,Denver-East,Industrial,front_desk,residential,standard,0,snow,10/30/2025 02:35 PM,10/30/2025 02:35 PM,123.0,2025-04-22 14:38:00,458.0,1.0,0.52,0.52,3.845,16.68,1.62,0.0,0.0,32.01,3.5,29.7,delivered,customer_not_home,81.1,check,denver-east,industrial,residential,standard,delivered,2025-10-30 02:35:00,2025-10-30 02:35:00,3.0,0.0,335.0,Other,Other,Other,Other,Denver-East,Industrial,front_desk,residential,standard,snow,Other,Other,Other,delivered,customer_not_home,check,denver-east,industrial,residential,standard,delivered,0.0,7687.5,275.1939929659605,0.6053542918620024,0.549203968484452,0.549203968484452,2.8827222463787407,1.9252314898166882,1.1750269243193263,-0.0,0.0,19.253425874396573,1.0571909584179366,29.7,3369.7049999999995,2.7580025035383304,0.0,207.5602458491492
S-00599,R-155,D-015,V-028,Boulder,Suburban,side_entrance,business ,same_day,0,clear,12/08/2024 12:55 PM MDT,12/08/2024 12:55 PM MDT,67.0,2025-04-23 12:49:00,349.0,3.0,10.75,10.75,5.335,12.67,1.35,0.0,0.0,55.39,14.0,94.9,delivered,customer_not_home,98.13,check,boulder,suburban,business,same_day,delivered,2024-12-08 12:55:00,2024-12-08 12:55:00,6.0,1.0,282.0,Other,Other,Other,Other,Boulder,Suburban,side_entrance,Other,same_day,clear,Other,Other,Other,delivered,customer_not_home,check,boulder,suburban,business,same_day,delivered,0.0,2311.5,215.3693630391581,1.0641270562537064,1.7416107235593794,1.7416107235593794,3.7728805516679813,1.812266870526848,1.0185777622148757,0.0,0.0,30.218184563586306,1.4836022205056776,94.9,4912.878449999999,5.291331975501458,1.0,177.68797000181232
S-00600,R-140,D-036,V-040,Denver-East,Suburban,package_room_3F,business,same_day,0,clear,01-Feb-2025 15:15 MST,01-Feb-2025 15:15 MST,30.0,2025-04-24 15:13:00,493.0,2.0,2.93,2.93,7.338,8.77,2.3,0.0,0.0,45.91,3.3,52.6,Failed,vehicle_issue,62.2,check,denver-east,suburban,business,same_day,failed,2025-02-01 15:15:00,2025-02-01 15:15:00,5.0,1.0,463.0,Other,Other,Other,Other,Denver-East,Suburban,Other,business,same_day,clear,Other,Other,Other,Other,vehicle_issue,check,denver-east,suburban,business,same_day,failed,0.0,480.0,294.0857563613787,0.8890149625568643,1.1224746676845083,1.1224746676845083,4.8758506825143995,1.651006484003811,1.5303761910744715,-0.0,0.0,25.909536830780926,1.0355143556591757,52.6,1996.6200000000001,4.46194756940847,1.0,277.9013969736465
S-00601,R-102,D-044,V-036,Denver-West,Rural,mailroom,business,SAME_DAY,0,clear,2025/09/28 16:55:00 MDT,2025/09/28 16:55:00 MDT,62.0,2025-04-25 17:03:00,603.0,4.0,0.96,0.96,9.641375,18.71,3.44,3.79,0.0,49.08,14.9,84.2,rescheduled,customer_not_home,64.15,check,denver-west,rural,business,same_day,rescheduled,2025-09-28 16:55:00,2025-09-28 16:55:00,6.0,1.0,541.0,Other,Other,Other,Other,Denver-West,Rural,mailroom,business,Other,clear,Other,Other,Other,rescheduled,customer_not_home,check,denver-west,rural,business,same_day,rescheduled,0.0,1984.0,352.63423528225485,1.1867360977981165,0.6093658193839927,0.6093658193839927,6.519421672746649,1.9704058222033531,2.221878212513562,0.4782079053002733,0.0,27.36814429985039,1.4984301374244808,84.2,2121.7612500000005,5.291331975501458,1.0,319.779380389781
S-00602,R-102,D-039,V-018,Denver-East ,Suburban,call_on_arrival,residential,standard,0,clear,2025/02/01 14:30:00,2025/02/01 14:30:00,113.0,2025-04-26 14:29:00,449.0,2.0,3.64,3.64,3.364,3.56,1.29,0.0,0.0,29.45,13.4,61.2,DELIVERED,customer_not_home,85.24,check,denver-east,suburban,residential,standard,delivered,2025-02-01 14:30:00,2025-02-01 14:30:00,5.0,1.0,336.0,Other,Other,Other,Other,Other,Suburban,call_on_arrival,residential,standard,clear,Other,Other,Other,Other,customer_not_home,check,denver-east,suburban,residential,standard,delivered,0.0,6497.5,270.3132054491561,0.8890149625568643,1.229926157886041,1.229926157886041,2.57844644214468,1.2189229030567612,0.9823642973807952,-0.0,0.0,17.97117136201313,1.47295372330527,61.2,3718.1687999999995,4.46194756940847,1.0,208.11910389872574
S-00603,R-145,D-012,V-018,Denver-West,Suburban,front_desk,Biz,standard,0,wind,2025-08-18 11:35 MST,2025-08-18 11:35 MST,120.0,2025-04-27 11:32:00,272.0,1.0,4.95,4.95,5.974,11.7,2.27,0.0,0.0,44.91,13.2,38.0,Delivered,customer_not_home,77.33,check,denver-west,suburban,business,standard,delivered,2025-08-18 11:35:00,2025-08-18 11:35:00,0.0,0.0,152.0,Other,Other,Other,Other,Denver-West,Suburban,front_desk,Other,standard,wind,Other,Other,Other,Other,customer_not_home,check,denver-west,suburban,business,standard,delivered,0.0,7320.0,171.9916012386413,0.6053542918620024,1.3811362680734915,1.3811362680734915,4.134816195986337,1.778307425798408,1.5156801120294974,0.0,0.0,25.445364014726763,1.4692551075657247,38.0,3067.29445,0.0,0.0,101.68573214364534
S-00604,R-159,D-049,V-020,Denver-East,Downtown,mailroom,business,expedited,0,snow,2025/07/07 09:00:00,2025/07/07 09:00:00,62.0,2025-04-28 09:20:00,140.0,4.0,5.52,5.52,7.121,13.49,2.92,0.0,0.0,35.76,10.1,62.1,rescheduled,customer_not_home,74.49,check,denver-east,downtown,business,expedited,rescheduled,2025-07-07 09:00:00,2025-07-07 09:00:00,0.0,0.0,78.0,Other,Other,Other,Other,Denver-East,Downtown,mailroom,business,expedited,snow,Other,Other,Other,rescheduled,customer_not_home,check,denver-east,downtown,business,expedited,rescheduled,0.0,1984.0,94.40017474404549,1.1867360977981165,1.43398567111553,1.43398567111553,4.760544496765179,1.838618895034777,1.8177196038085237,-0.0,0.0,21.096546482113258,1.3996997748123357,62.1,2848.8700499999995,0.0,0.0,55.59395651592764
S-00605,R-101,D-022,V-023,Fort-Collins,Rural,mailroom,Residential,expedited,0,clear,2025/07/04 15:10:00,2025/07/04 15:10:00,50.0,2025-04-29 15:13:00,493.0,2.0,5.12,5.12,8.613,18.11,2.7,0.0,0.0,47.73,13.5,47.4,delivered,customer_not_home,79.55,check,fort-collins,rural,residential,expedited,delivered,2025-07-04 15:10:00,2025-07-04 15:10:00,4.0,0.0,443.0,Other,Other,Other,Other,Fort-Collins,Rural,mailroom,Other,expedited,clear,Other,Other,Other,delivered,customer_not_home,check,fort-collins,rural,residential,expedited,delivered,0.0,1300.0,294.0857563613787,0.8890149625568643,1.3975652783463393,1.3975652783463393,5.536141487466738,1.9577068152591992,1.7191085418879544,-0.0,0.0,26.74929795425484,1.4747742685611098,47.4,3243.65125,3.618555125115471,0.0,267.0539315652639
S-00606,R-137,D-012,V-010,Fort-Collins,Downtown,garage,residential,standard,0,clear,08/12/2025 04:20 PM MDT,08/12/2025 04:20 PM MDT,128.0,2025-04-30 16:26:00,566.0,3.0,10.74,10.74,2.628,8.05,0.99,0.0,0.0,55.34,9.2,67.4,failed,address_issue,70.03,check,fort-collins,downtown,residential,standard,failed,2025-08-12 04:20:00,2025-08-12 04:20:00,1.0,0.0,438.0,Other,Other,Other,Other,Fort-Collins,Downtown,garage,residential,standard,clear,Other,Other,Other,failed,address_issue,check,fort-collins,downtown,residential,standard,failed,0.0,8320.0,333.070265394786,1.0641270562537064,1.7412041013350117,1.7412041013350117,2.0924531352173945,1.611923927958213,0.7921623145928041,0.0,0.0,30.195860764486405,1.3737757089148506,67.4,2522.13045,0.962295536748461,0.0,264.3345059197395
S-00607,R-105,D-043,V-026,Colorado-Springs,Campus,mailroom,residential ,same_day,0,wind,2025-10-07 12:20 MST,2025-10-07 12:20 MST,30.0,2025-05-01 12:21:00,321.0,6.0,3.91,3.91,2.852,18.12,1.11,0.0,118.12,41.73,6.9,49.5,failed,vehicle_issue,62.88,check,colorado-springs,campus,residential,same_day,failed,2025-10-07 12:20:00,2025-10-07 12:20:00,1.0,0.0,291.0,Other,Other,Other,Other,Colorado-Springs,Campus,mailroom,Other,same_day,wind,Other,Other,Other,failed,vehicle_issue,check,colorado-springs,campus,residential,same_day,failed,0.0,480.0,199.71851285499002,1.4118117958798448,1.2653154137506746,1.2653154137506746,2.2432567880344165,1.9579226957624223,0.8701791758851377,-0.0,118.12,23.955558637318127,1.2884319330351799,49.5,2039.8272000000002,0.962295536748461,0.0,182.79749673010522
S-00608,R-106,D-010,V-002,Boulder ,Suburban,leave_at_door,business,standard,0,snow,11-May-2025 07:00 MST,11-May-2025 07:00 MST,119.0,2025-05-02 07:04:00,4.0,1.0,2.71,2.71,1.382,17.46,0.83,2.91,0.0,36.71,13.5,73.4,rescheduled,customer_not_home,63.59,check,boulder,suburban,business,standard,rescheduled,2025-05-11 07:00:00,2025-05-11 07:00:00,6.0,1.0,0.0,Other,Other,Other,Other,Other,Suburban,leave_at_door,business,standard,snow,Other,Other,Other,rescheduled,customer_not_home,check,boulder,suburban,business,standard,rescheduled,0.0,7199.5,3.618555125115471,0.6053542918620024,1.0839339466268771,1.0839339466268771,1.194204505210304,1.9433511412585762,0.6836142837816972,0.4672948240788587,0.0,21.55737161906334,1.4747742685611098,73.4,2085.4340500000003,5.291331975501458,1.0,0.0
S-00609,R-114,D-048,V-034,Denver-East,Suburban,garage,business ,standard,1,clear,2025/08/19 14:55:00 MST,2025/08/19 14:55:00 MST,116.0,2025-05-03 14:57:00,477.0,0.0,2.67,2.67,-2.3496249999999996,15.24,0.86,0.0,0.0,66.77,9.8,30.2,delivered,customer_not_home,74.03,check,denver-east,suburban,business,standard,delivered,2025-08-19 14:55:00,2025-08-19 14:55:00,1.0,0.0,361.0,Other,Other,Other,Other,Denver-East,Suburban,garage,Other,standard,clear,Other,Other,Other,delivered,customer_not_home,check,denver-east,suburban,business,standard,delivered,1.0,6844.0,285.466723960462,-0.0,1.076606847395193,1.076606847395193,-1.0976083387537812,1.8888819211890544,0.7043886615883215,-0.0,0.0,35.20356455336941,1.3914193805498154,30.2,2814.25045,0.962295536748461,0.0,222.03802200319728
S-00610,R-130,D-025,V-027,Dnvr-East,Campus,garage,residential,standard,1,clear,15-Oct-2025 10:50 MST,15-Oct-2025 10:50 MST,122.0,2025-05-04 10:50:00,230.0,1.0,13.02,13.02,2.137,21.92,0.6,0.0,0.0,40.05,12.1,89.6,delivered,customer_not_home,89.41,check,denver-east,campus,residential,standard,delivered,2025-10-15 10:50:00,2025-10-15 10:50:00,2.0,0.0,108.0,Other,Other,Other,Other,Other,Campus,garage,residential,standard,clear,Other,Other,Other,delivered,customer_not_home,check,denver-east,campus,residential,standard,delivered,1.0,7564.0,147.82783362963298,0.6053542918620024,1.8237595627499537,1.8237595627499537,1.7516848821019941,2.0307234730805925,0.5170881682725815,-0.0,0.0,23.15959322607104,1.4474210360044624,89.6,4086.4840499999996,1.875417088358097,0.0,74.64912835043243
S-00611,R-124,D-022,V-011,Denver-West,Rural,leave_at_door,residential,same_day,0,clear,28-Dec-2025 09:15,28-Dec-2025 09:15,42.0,2025-05-05 09:27:00,147.0,2.0,3.07,3.07,3.998,9.85,1.35,0.0,0.0,55.32,6.3,55.5,failed,customer_not_home,47.65,check,denver-west,rural,residential,same_day,failed,2025-12-28 09:15:00,2025-12-28 09:15:00,6.0,1.0,105.0,Other,Other,Other,Other,Denver-West,Rural,leave_at_door,residential,same_day,clear,Other,Other,Other,failed,customer_not_home,check,denver-west,rural,residential,same_day,failed,0.0,924.0,98.65729508785324,0.8890149625568643,1.1455695809715738,1.1455695809715738,2.977579163360586,1.7030997938211956,1.0185777622148757,-0.0,0.0,30.186930135530208,1.2597667898023948,55.5,1182.9112499999999,5.291331975501458,1.0,72.76988960230891
S-00612,R-150,D-020,V-021,Denver-West,Suburban,leave_at_door,Residential,expedited,0,clear,2025-06-22 14:00 MST ,2025-06-22 14:00 MST ,67.0,2025-05-06 13:52:00,412.0,2.0,15.103750000000002,15.103750000000002,3.136,26.11,1.61,4.225,0.0,38.32,9.3,73.2,delivered,customer_not_home,82.89,check,denver-west,suburban,residential,expedited,delivered,2025-06-22 14:00:00,2025-06-22 14:00:00,6.0,1.0,345.0,Other,Other,Other,Other,Denver-West,Suburban,leave_at_door,Other,expedited,clear,Other,Other,Other,delivered,customer_not_home,check,denver-west,suburban,residential,expedited,delivered,0.0,2311.5,250.14263001654626,0.8890149625568643,1.9235546532732006,1.9235546532732006,2.4307267193583724,2.094708194761117,1.1694097585823444,0.4924908688965782,0.0,22.333096078697366,1.376823047150244,73.2,3518.26605,5.291331975501458,1.0,213.14142899450383
S-00613,R-106,D-037,V-039,Denver-East,Suburban,side_entrance,business,standard,1,rain,07/05/2025 03:30 PM,07/05/2025 03:30 PM,115.0,2025-05-07 15:31:00,511.0,4.0,15.103750000000002,15.103750000000002,1.591,16.86,1.04,0.0,0.0,43.4,13.1,62.0,Delivered,customer_not_home,78.16,check,denver-east,suburban,business,standard,delivered,2025-07-05 03:30:00,2025-07-05 03:30:00,5.0,1.0,396.0,Other,Other,Other,Other,Denver-East,Suburban,side_entrance,business,standard,rain,Other,Other,Other,Other,customer_not_home,check,denver-east,suburban,business,standard,delivered,1.0,6727.5,303.74889601032396,1.1867360977981165,1.9873638995415674,1.9873638995415674,1.3532493650546447,1.9295040127307561,0.8250032615233186,-0.0,0.0,24.74060500775483,1.4673763587086925,62.0,3132.6528,4.46194756940847,1.0,241.36499360670354
S-00614,R-110,D-057,V-004,Fort-Collins,Suburban,front_desk,business,standard,1,clear,20-Nov-2024 09:35,20-Nov-2024 09:35,104.0,2025-05-08 09:37:00,157.0,2.0,5.38,5.38,5.347,16.19,2.36,0.0,0.0,46.7,11.4,56.5,delivered,customer_not_home,81.42,check,fort-collins,suburban,business,standard,delivered,2024-11-20 09:35:00,2024-11-20 09:35:00,2.0,0.0,53.0,Other,Other,Other,Other,Fort-Collins,Suburban,front_desk,business,standard,clear,Other,Other,Other,delivered,customer_not_home,check,fort-collins,suburban,business,standard,delivered,1.0,5512.0,104.70428665559479,0.8890149625568643,1.4215769821514221,1.4215769821514221,3.7797755465058653,1.9133083597237683,1.55952966751831,0.0,0.0,26.27483449324796,1.4320381657529353,56.5,3396.0282,1.875417088358097,0.0,39.15242134972421
S-00615,R-104,D-011,V-040,Colorado-Springs,Downtown,side_entrance,residential,standard,1,rain,2025/03/04 12:05:00 MDT,2025/03/04 12:05:00 MDT,120.0,2025-05-09 12:13:00,313.0,3.0,7.41,7.41,3.548,15.78,1.63,0.0,0.0,55.44,7.7,100.0,failed,customer_not_home,52.38,check,colorado-springs,downtown,residential,standard,failed,2025-03-04 12:05:00,2025-03-04 12:05:00,1.0,0.0,193.0,Other,Other,Other,Other,Colorado-Springs,Downtown,side_entrance,residential,standard,rain,Other,Other,Other,failed,customer_not_home,check,colorado-springs,downtown,residential,standard,failed,1.0,7320.0,195.22228269128414,1.0641270562537064,1.5736280152393196,1.5736280152393196,2.695975783785693,1.9029871603078434,1.1806312409957027,-0.0,0.0,30.240504404214306,1.3219364963791898,100.0,1424.2122000000002,0.962295536748461,0.0,126.17442247984577
S-00616,R-118,D-044,V-006,Denver-East,Downtown,front_desk,business,STANDARD,0,clear,03-Nov-2025 17:00 MDT,03-Nov-2025 17:00 MDT,108.0,2025-05-10 17:04:00,604.0,4.0,10.62,10.62,1.768,10.15,1.24,0.0,0.0,52.48,5.6,91.3,delivered,customer_not_home,90.27,check,denver-east,downtown,business,standard,delivered,2025-11-03 17:00:00,2025-11-03 17:00:00,0.0,0.0,496.0,Other,Other,Other,Other,Denver-East,Downtown,front_desk,business,Other,clear,Other,Other,Other,delivered,customer_not_home,check,denver-east,downtown,business,standard,delivered,0.0,5940.0,353.16129566725454,1.1867360977981165,1.7362892400881447,1.7362892400881447,1.4849500229278476,1.7163844711859857,0.9517490659800822,0.0,0.0,28.91220809326353,1.221501055838477,91.3,4164.606449999999,0.0,0.0,295.69869171711673
S-00617,R-132,D-029,V-028,Denver-East,Downtown,side_entrance,residential,standard,1,rain,07/17/2025 09:55 AM,07/17/2025 09:55 AM,111.0,2025-05-11 10:03:00,183.0,1.0,4.31,4.31,2.407,11.72,0.77,0.0,0.0,49.6,5.8,70.3,delivered,customer_not_home,82.62,check,denver-east,downtown,residential,standard,delivered,2025-07-17 09:55:00,2025-07-17 09:55:00,3.0,0.0,72.0,Other,Other,Other,Other,Denver-East,Downtown,side_entrance,residential,standard,rain,Other,Other,Other,delivered,customer_not_home,check,denver-east,downtown,residential,standard,delivered,1.0,6271.5,120.25390874153474,0.6053542918620024,1.3133378938081153,1.3133378938081153,1.9409052397764988,1.7790413326022099,0.6414439487499346,0.0,0.0,27.605621087071682,1.2330350111526296,70.3,3495.6522000000004,2.7580025035383304,0.0,51.70276771313887
S-00618,R-127,D-039,V-029,Boulder ,Rural,leave_at_door,business,standard,1,clear,2025-03-06 18:20,2025-03-06 18:20,123.0,2025-05-12 18:21:00,681.0,2.0,2.48,2.48,7.6,16.3,1.78,0.0,0.0,46.44,9.7,35.5,delivered,customer_not_home,84.43,check,boulder,rural,business,standard,delivered,2025-03-06 18:20:00,2025-03-06 18:20:00,3.0,0.0,558.0,Other,Other,Other,Other,Other,Rural,leave_at_door,business,standard,clear,Other,Other,Other,delivered,customer_not_home,check,boulder,rural,business,standard,delivered,1.0,7687.5,393.49465566610513,0.8890149625568643,1.040328489791634,1.040328489791634,5.013875889233927,1.9160231277670248,1.2632054328343711,-0.0,0.0,26.154744492529108,1.388582159484257,35.5,3648.6424500000007,2.7580025035383304,0.0,328.82368305403435
S-00619,R-149,D-018,V-014,Fort-Collins,Suburban,front_desk,business,standard,1,clear,06/19/2025 02:55 PM MST,06/19/2025 02:55 PM MST,125.0,2025-05-13 15:00:00,480.0,1.0,6.41,6.41,5.336,21.16,1.64,0.0,118.12,42.36,9.1,76.5,failed,customer_not_home,60.54,check,fort-collins,suburban,business,standard,failed,2025-06-19 02:55:00,2025-06-19 02:55:00,3.0,0.0,355.0,Other,Other,Other,Other,Fort-Collins,Suburban,front_desk,business,standard,clear,Other,Other,Other,failed,customer_not_home,check,fort-collins,suburban,business,standard,failed,1.0,7937.5,287.08496224470275,0.6053542918620024,1.5055139317226944,1.5055139317226944,3.7734552841352516,2.017478989549493,1.1862227866919417,-0.0,118.12,24.252422228836743,1.3706832244724474,76.5,1893.0857999999998,2.7580025035383304,0.0,218.7065024884197
S-00620,R-123,D-033,V-008,Colorado-Springs,Industrial,leave_at_door,residential ,expedited,0,clear,2025-12-01 11:50,2025-12-01 11:50,60.0,2025-05-14 11:47:00,287.0,2.0,6.95,6.95,5.864,14.45,1.89,0.0,0.0,62.27,3.7,66.1,failed,customer_not_home,59.34,check,colorado-springs,industrial,residential,expedited,failed,2025-12-01 11:50:00,2025-12-01 11:50:00,0.0,0.0,227.0,Other,Other,Other,Other,Colorado-Springs,Industrial,leave_at_door,Other,expedited,clear,Other,Other,Other,failed,customer_not_home,check,colorado-springs,industrial,residential,expedited,failed,0.0,1860.0,180.5285694843896,0.8890149625568643,1.543681265000915,1.543681265000915,4.073244449894057,1.8671097514933266,1.3220744796796928,-0.0,0.0,33.25390747749978,1.077468791971115,66.1,1819.9578000000001,0.0,0.0,146.0858529823217
S-00621,R-119,D-028,V-008,Denver-West,Downtown,leave_at_door,business,expedited,0,rain,2024/12/21 11:15:00 MST ,2024/12/21 11:15:00 MST ,61.0,2025-05-15 11:18:00,258.0,3.0,2.27,2.27,2.016,14.99,1.0,4.225,0.0,54.46,9.8,62.5,delivered,customer_not_home,87.99,check,denver-west,downtown,business,expedited,delivered,2024-12-21 11:15:00,2024-12-21 11:15:00,5.0,1.0,197.0,Other,Other,Other,Other,Denver-West,Downtown,leave_at_door,business,expedited,rain,Other,Other,Other,delivered,customer_not_home,check,denver-west,downtown,business,expedited,delivered,0.0,1921.5,163.98136384553047,1.0641270562537064,0.9971096649055469,0.9971096649055469,1.6653116417553642,1.8821435702166645,0.7987697769322359,0.49096716383396927,0.0,29.802309432264966,1.3914193805498154,62.5,3959.1100499999993,4.46194756940847,1.0,128.53400523368626
S-00622,R-132,D-044,V-038,Boulder ,Downtown,side_entrance,residential,standard,1,snow,03/21/2025 02:20 PM,03/21/2025 02:20 PM,127.0,2025-05-16 14:27:00,447.0,4.0,5.3,5.3,5.326,13.03,2.02,0.0,0.0,41.08,6.3,52.8,delivered,customer_not_home,58.69,check,boulder,downtown,residential,standard,delivered,2025-03-21 02:20:00,2025-03-21 02:20:00,4.0,0.0,320.0,Other,Other,Other,Other,Other,Downtown,side_entrance,residential,standard,snow,Other,Other,Other,delivered,customer_not_home,check,boulder,downtown,residential,standard,delivered,1.0,8191.5,269.2272665227616,1.1867360977981165,1.4143262382377346,1.4143262382377346,3.767706733997442,1.8240824317112998,1.3899389539252154,-0.0,0.0,23.648351738975,1.2597667898023948,52.8,1780.94805,3.618555125115471,0.0,199.15710055737202
S-00623,R-103,D-034,V-020,Fort-Collins,Industrial,mailroom,business,STANDARD,0,wind,10/20/2025 02:05 PM MDT,10/20/2025 02:05 PM MDT,121.0,2025-05-17 14:19:00,439.0,5.0,7.08,7.08,9.641375,16.55,3.44,0.0,0.0,52.65,9.1,58.6,failed,customer_not_home,58.87,check,fort-collins,industrial,business,standard,failed,2025-10-20 02:05:00,2025-10-20 02:05:00,0.0,0.0,318.0,Other,Other,Other,Other,Fort-Collins,Industrial,mailroom,business,Other,wind,Other,Other,Other,failed,customer_not_home,check,fort-collins,industrial,business,standard,failed,0.0,7441.5,264.87863773828076,1.2791016451735329,1.5523685286471653,1.5523685286471653,6.519421672746649,1.9221104532465605,2.221878212513562,-0.0,0.0,28.988886440494138,1.3706832244724474,58.6,1791.7084499999999,0.0,0.0,198.03375059372786
S-00624,R-139,D-015,V-026,Fort Collins,Rural,front_desk,residential,expedited,1,clear,11-Mar-2025 09:15 MDT,11-Mar-2025 09:15 MDT,53.0,2025-05-18 09:22:00,142.0,1.0,2.75,2.75,3.384,13.11,1.39,2.6,0.0,47.29,5.0,45.5,failed,address_issue,48.17,check,fort-collins,rural,residential,expedited,failed,2025-03-11 09:15:00,2025-03-11 09:15:00,1.0,0.0,89.0,Other,Other,Other,Other,Other,Rural,front_desk,residential,expedited,clear,Other,Other,Other,failed,address_issue,check,fort-collins,rural,residential,expedited,failed,1.0,1457.5,95.61860747244698,0.6053542918620024,1.0911590610991209,1.0911590610991209,2.5912924004953153,1.8266546594038184,1.0424128048049404,0.46141975308641975,0.0,26.54686240569487,1.183503419072274,45.5,1208.34445,0.962295536748461,0.0,62.652917658170644
S-00625,R-114,D-004,V-001,Fort-Collins,Downtown,garage,business,standard,1,wind,21-Apr-2025 10:55 MDT,21-Apr-2025 10:55 MDT,110.0,2025-05-19 10:50:00,230.0,1.0,3.83,3.83,6.206,9.16,2.84,0.0,0.0,42.71,8.0,63.2,rescheduled,customer_not_home,67.6,check,fort-collins,downtown,business,standard,rescheduled,2025-04-21 10:55:00,2025-04-21 10:55:00,0.0,0.0,120.0,Other,Other,Other,Other,Fort-Collins,Downtown,garage,business,standard,wind,Other,Other,Other,rescheduled,customer_not_home,check,fort-collins,downtown,business,standard,rescheduled,1.0,6160.0,147.82783362963298,0.6053542918620024,1.2550985656081926,1.2550985656081926,4.26373066720002,1.6706458291142932,1.782254736676648,-0.0,0.0,24.41697326270409,1.3333333333333335,63.2,2352.4799999999996,0.0,0.0,82.11590489193935
S-00626,R-150,D-020,V-014,Boulder,Downtown,garage,Residential,standard,0,clear,2025-03-08 20:40 MDT,2025-03-08 20:40 MDT,131.0,2025-05-20 20:34:00,814.0,2.0,3.1,3.1,2.925,15.61,1.3,0.0,0.0,54.21,4.1,60.0,rescheduled,customer_not_home,71.79,check,boulder,downtown,residential,standard,rescheduled,2025-03-08 20:40:00,2025-03-08 20:40:00,5.0,1.0,683.0,Other,Other,Other,Other,Boulder,Downtown,garage,Other,standard,clear,Other,Other,Other,rescheduled,customer_not_home,check,boulder,downtown,residential,standard,rescheduled,0.0,8711.5,462.1217269103279,0.8890149625568643,1.1503843393072994,1.1503843393072994,2.291829317058631,1.8986110104957066,0.9884390796390998,-0.0,0.0,29.690277941643686,1.1143851144599046,60.0,2648.6920500000006,4.46194756940847,1.0,394.53598461605316
S-00627,R-119,D-009,V-017,Boulder,Campus,front_desk,res,standard,1,clear,06-Jul-2025 10:55 MDT,06-Jul-2025 10:55 MDT,130.0,2025-05-21 10:46:00,226.0,3.0,4.62,4.62,5.45,11.06,2.4,0.0,0.0,44.69,19.5,45.4,DELIVERED,customer_not_home,86.74,check,boulder,campus,residential,standard,delivered,2025-07-06 10:55:00,2025-07-06 10:55:00,6.0,1.0,96.0,Other,Other,Other,Other,Boulder,Campus,front_desk,Other,standard,clear,Other,Other,Other,Other,customer_not_home,check,boulder,campus,residential,standard,delivered,1.0,8580.0,145.50468470799953,1.0641270562537064,1.3474311622146529,1.3474311622146529,3.838797774748122,1.7539972679598528,1.5787921565366,0.0,0.0,25.34297586722386,1.558273895700614,45.4,3848.6537999999996,5.291331975501458,1.0,67.09951742266864
S-00628,R-101,D-021,V-008,Denver-West,Rural,front_desk,residential,standard,0,clear,06/30/2025 10:20 AM MDT,06/30/2025 10:20 AM MDT,121.0,2025-05-22 10:32:00,212.0,3.0,1.18,1.18,9.641375,12.61,3.44,0.0,0.0,45.0,25.3,92.6,delivered,customer_not_home,88.12,check,denver-west,rural,residential,standard,delivered,2025-06-30 10:20:00,2025-06-30 10:20:00,0.0,0.0,91.0,Other,Other,Other,Other,Denver-West,Rural,front_desk,residential,standard,clear,Other,Other,Other,delivered,customer_not_home,check,denver-west,rural,residential,standard,delivered,0.0,7441.5,137.34085699445689,1.0641270562537064,0.6949262928526397,0.6949262928526397,6.519421672746649,1.8102582697982124,2.221878212513562,-0.0,0.0,25.487221773615133,1.6199942998717467,92.6,3970.6872000000003,0.0,0.0,63.92679266801697
S-00629,R-112,D-032,V-028,Denver East,Suburban,locker_pickup,business,standard,1,snow,12/19/2024 01:00 PM MST,12/19/2024 01:00 PM MST,124.0,2025-05-23 13:23:00,383.0,1.0,2.27,2.27,9.641375,12.09,3.44,4.225,0.0,38.96,4.8,60.4,delivered,customer_not_home,84.47,check,denver-east,suburban,business,standard,delivered,2024-12-19 01:00:00,2024-12-19 01:00:00,3.0,0.0,259.0,Other,Other,Other,Other,Other,Suburban,Other,business,standard,snow,Other,Other,Other,delivered,customer_not_home,check,denver-east,suburban,business,standard,delivered,1.0,7812.0,234.20712940559753,0.6053542918620024,0.9971096649055469,0.9971096649055469,6.519421672746649,1.7923538685449172,2.193738183075123,0.48226705111699847,0.0,22.639683531284636,1.1695452014626002,60.4,3652.06045,2.7580025035383304,0.0,164.55493366779348
S-00630,R-135,D-009,V-025,Denver-West,Suburban,rear_loading_dock,residential,standard,0,snow,16-Nov-2025 17:45,16-Nov-2025 17:45,120.0,2025-05-24 17:45:00,645.0,1.0,4.08,4.08,3.575,19.05,1.97,2.86,0.0,52.92,23.2,83.2,delivered,customer_not_home,80.47,check,denver-west,suburban,residential,standard,delivered,2025-11-16 17:45:00,2025-11-16 17:45:00,6.0,1.0,525.0,Other,Other,Other,Other,Denver-West,Suburban,Other,residential,standard,snow,Other,Other,Other,delivered,customer_not_home,check,denver-west,suburban,residential,standard,delivered,0.0,7320.0,374.69752565485203,0.6053542918620024,1.2863249013756601,1.2863249013756601,2.713100828244797,1.9773809705638135,1.3640486737611073,0.4664420521356278,0.0,29.11056992539521,1.593442185909129,83.2,3318.18045,5.291331975501458,1.0,311.2411544285615
S-00631,R-133,D-046,V-015,Denver-West,Suburban,package_room_3F,business ,same_day,1,clear,2025/05/12 17:10:00,2025/05/12 17:10:00,53.0,2025-05-25 17:02:00,602.0,1.0,1.95,1.95,1.639,16.36,0.85,0.0,0.0,45.56,6.2,32.2,rescheduled,customer_not_home,70.94,check,denver-west,suburban,business,same_day,rescheduled,2025-05-12 17:10:00,2025-05-12 17:10:00,0.0,0.0,549.0,Other,Other,Other,Other,Denver-West,Suburban,Other,Other,same_day,clear,Other,Other,Other,rescheduled,customer_not_home,check,denver-west,suburban,business,same_day,rescheduled,1.0,1457.5,352.1070876283361,0.6053542918620024,0.9238044285035993,0.9238044285035993,1.3892244731289036,1.91749447022497,0.6974863564225507,-0.0,0.0,25.747303591957547,1.2546440075000702,32.2,2587.1818,0.0,0.0,324.03900325929396
S-00632,R-105,D-036,V-023,Denver-East,Suburban,leave_at_door,residential,standard,0,fog,2025-12-18 14:35,2025-12-18 14:35,123.0,2025-05-26 14:43:00,463.0,1.0,4.25,4.25,2.842,23.25,1.32,0.0,0.0,50.8,11.8,47.6,delivered,customer_not_home,92.16,check,denver-east,suburban,residential,standard,delivered,2025-12-18 14:35:00,2025-12-18 14:35:00,3.0,0.0,340.0,Other,Other,Other,Other,Denver-East,Suburban,leave_at_door,residential,standard,fog,Other,Other,Other,delivered,customer_not_home,check,denver-east,suburban,residential,standard,delivered,0.0,7687.5,277.9013969736465,0.6053542918620024,1.3064397199167472,1.3064397199167472,2.236581601723366,2.0525808034990263,1.0005412736248234,-0.0,0.0,28.1517933483219,1.4409830056250525,47.6,4338.8928,2.7580025035383304,0.0,210.35288338669184
S-00633,R-128,D-026,V-003,Fort-Collins,Suburban,front_desk,residential,same_day,0,clear,04/21/2025 10:15 AM MDT,04/21/2025 10:15 AM MDT,44.0,2025-05-27 10:04:00,184.0,2.0,7.1,7.1,2.342,5.91,0.87,0.0,0.0,59.78,13.5,88.2,faild,customer_not_home,63.85,check,fort-collins,suburban,residential,same_day,failed,2025-04-21 10:15:00,2025-04-21 10:15:00,0.0,0.0,140.0,Other,Other,Other,Other,Fort-Collins,Suburban,front_desk,residential,same_day,clear,Other,Other,Other,Other,customer_not_home,check,fort-collins,suburban,residential,same_day,failed,0.0,1012.0,120.84738099797474,0.8890149625568643,1.5536889035117205,1.5536889035117205,1.895776506291039,1.4668018011260773,0.7112687369880748,-0.0,0.0,32.163238419066474,1.4747742685611098,88.2,2102.2612499999996,0.0,0.0,94.40017474404549
S-00634,R-159,D-002,V-030,Denver-East,Rural,side_entrance,Biz,Standard,1,wind,07/27/2025 01:30 PM,07/27/2025 01:30 PM,133.0,2025-05-28 13:37:00,397.0,1.0,2.75,2.75,6.303,11.06,2.2,0.0,0.0,39.77,9.8,48.2,delivered,customer_not_home,84.07,check,denver-east,rural,business,standard,delivered,2025-07-27 01:30:00,2025-07-27 01:30:00,6.0,1.0,264.0,Other,Other,Other,Other,Denver-East,Rural,side_entrance,Other,Other,wind,Other,Other,Other,delivered,customer_not_home,check,denver-east,rural,business,standard,delivered,1.0,8977.5,241.91461837975191,0.6053542918620024,1.0911590610991209,1.0911590610991209,4.3172598669105575,1.7539972679598528,1.481071705534973,-0.0,0.0,23.026304830924925,1.3914193805498154,48.2,3617.9524499999993,5.291331975501458,1.0,167.41949282691635
S-00635,R-137,D-005,V-021,Fort-Collins,Suburban,hand_to_security,Business,Standard,1,clear,2025/07/14 08:50:00,2025/07/14 08:50:00,116.0,2025-05-29 16:00:00,540.0,4.0,9.26,9.26,1.839100851254504,19.47,2.08,0.0,118.12,48.38,25.3,57.0,DELIVERED,customer_not_home,95.7,check,fort-collins,suburban,business,standard,delivered,2025-07-14 08:50:00,2025-07-14 08:50:00,0.0,0.0,424.0,Other,Other,Other,Other,Fort-Collins,Suburban,Other,Other,Other,clear,Other,Other,Other,Other,customer_not_home,check,fort-collins,suburban,business,standard,delivered,1.0,6844.0,319.2464872115681,1.1867360977981165,1.6755241652962363,1.6755241652962363,1.5371375632219864,1.9857879748805007,1.42067005137454,-0.0,118.12,27.047683281333438,1.77131393174903,57.0,4674.945000000001,0.0,0.0,256.70350068118245
S-00636,R-126,D-028,V-037,Denver-East,Downtown,leave_at_door,residential,expedited,1,snow,06-May-2025 09:10 MDT,06-May-2025 09:10 MDT,55.0,2025-05-30 09:26:00,146.0,4.0,2.28,2.28,1.378,14.84,-0.48,0.0,0.0,24.34,11.2,38.9,failed,customer_not_home,56.54,check,denver-east,downtown,residential,expedited,failed,2025-05-06 09:10:00,2025-05-06 09:10:00,1.0,0.0,91.0,Other,Other,Other,Other,Denver-East,Downtown,leave_at_door,residential,expedited,snow,Other,Other,Other,failed,customer_not_home,check,denver-east,downtown,residential,expedited,failed,1.0,1567.5,98.05038984468158,1.1867360977981165,0.9992487389047405,0.9992487389047405,1.1911207000974813,1.878034463412771,-0.06566722415965076,-0.0,0.0,15.465450381977988,1.4274016656861317,38.9,1654.9258,0.962295536748461,0.0,63.92679266801697
S-00637,R-119,D-046,V-027,Denver-East,Downtown,leave_at_door,business,standard,0,clear,11/17/2025 07:55 PM,11/17/2025 07:55 PM,102.0,2025-05-31 19:55:00,775.0,2.0,5.15,5.15,2.69,5.64,0.81,3.11,0.0,58.3,20.4,42.8,delivered,customer_not_home,88.09,check,denver-east,downtown,business,standard,delivered,2025-11-17 07:55:00,2025-11-17 07:55:00,0.0,0.0,673.0,Other,Other,Other,Other,Denver-East,Downtown,leave_at_door,business,standard,clear,Other,Other,Other,delivered,customer_not_home,check,denver-east,downtown,business,standard,delivered,0.0,5304.0,442.1228607571101,0.8890149625568643,1.4004029596010452,1.4004029596010452,2.134466260869954,1.444349150317359,0.6696509454634386,0.4704003646675073,0.0,31.51074487692183,1.567662298832883,42.8,3968.01405,0.0,0.0,389.3262757499239
S-00638,R-102,D-008,V-026,Denver-East,Suburban,leave_at_door,residential,standard,0,clear,12-Jul-2025 17:10 MDT,12-Jul-2025 17:10 MDT,129.0,2025-06-01 17:07:00,607.0,1.0,2.51,2.51,1.87,14.51,0.88,0.0,0.0,45.23,9.2,71.6,DELIVERED,customer_not_home,77.11,check,denver-east,suburban,residential,standard,delivered,2025-07-12 17:10:00,2025-07-12 17:10:00,5.0,1.0,478.0,Other,Other,Other,Other,Denver-East,Suburban,leave_at_door,residential,standard,clear,Other,Other,Other,Other,customer_not_home,check,denver-east,suburban,residential,standard,delivered,0.0,8449.5,354.741954792571,0.6053542918620024,1.0462256633169449,1.0462256633169449,1.5596948066434408,1.8688136739236287,0.718126772520019,-0.0,0.0,25.594117292921762,1.3737757089148506,71.6,3050.08605,4.46194756940847,1.0,286.00624925994333
S-00786,R-152,D-021,V-011,Fort Collins,Suburban,side_entrance,residential,standard,0,clear,01/21/2025 03:10 PM MST,01/21/2025 03:10 PM MST,106.0,2025-06-02 15:19:00,499.0,3.0,1.35,1.35,5.307,4.52,1.79,0.0,0.0,41.83,15.9,62.1,delivered,customer_not_home,75.96,check,fort-collins,suburban,residential,standard,delivered,2025-01-21 03:10:00,2025-01-21 03:10:00,1.0,0.0,393.0,Other,Other,Other,Other,Other,Suburban,side_entrance,residential,standard,clear,Other,Other,Other,delivered,customer_not_home,check,fort-collins,suburban,residential,standard,delivered,0.0,5724.0,297.3106537576048,1.0641270562537064,0.753697585698155,0.753697585698155,3.7567769717570894,1.3367059551294151,1.2686142849099402,-0.0,0.0,24.002737978025582,1.51349574458948,62.1,2960.9207999999994,0.962295536748461,0.0,239.71528697413495
S-00640,R-154,D-040,V-030,Denver-East,Downtown,call_on_arrival,residential ,standard,0,clear,2025-02-11 13:00,2025-02-11 13:00,112.0,2025-06-03 13:05:00,365.0,1.0,3.09,3.09,9.449,5.7,2.91,1.43,0.0,30.13,6.2,40.5,delivered,customer_not_home,91.84,check,denver-east,downtown,residential,standard,delivered,2025-02-11 13:00:00,2025-02-11 13:00:00,1.0,0.0,253.0,Other,Other,Other,Other,Denver-East,Downtown,call_on_arrival,Other,standard,clear,Other,Other,Other,delivered,customer_not_home,check,denver-east,downtown,residential,standard,delivered,0.0,6384.0,224.25596353506842,0.6053542918620024,1.1487845225381035,1.1487845225381035,5.954792413881125,1.4494400207563989,1.8133103910694666,0.41532456095784853,0.0,18.31380428663404,1.2546440075000702,40.5,4309.1328,0.962295536748461,0.0,161.1101732436209
S-00641,R-106,D-045,V-024,Fort Collins,Suburban,garage,residential,same_day,0,rain,05/21/2025 11:30 AM MDT,05/21/2025 11:30 AM MDT,47.0,2025-06-04 11:47:00,287.0,2.0,4.08,4.08,6.537,5.12,2.39,0.0,0.0,34.42,9.4,78.7,delivered,customer_not_home,79.85,check,fort-collins,suburban,residential,same_day,delivered,2025-05-21 11:30:00,2025-05-21 11:30:00,2.0,0.0,240.0,Other,Other,Other,Other,Other,Suburban,garage,residential,same_day,rain,Other,Other,Other,delivered,customer_not_home,check,fort-collins,suburban,residential,same_day,delivered,0.0,1151.5,180.5285694843896,0.8890149625568643,1.2863249013756601,1.2863249013756601,4.445522958939109,1.3975652783463393,1.573989336834253,-0.0,0.0,20.442462656663526,1.3798263270539577,78.7,3267.8612499999995,1.875417088358097,0.0,153.61828440604384
S-00642,R-116,D-028,V-007,Boulder,Industrial,side_entrance,business,standard,0,clear,11/12/2024 01:05 PM,11/12/2024 01:05 PM,126.0,2025-06-05 13:04:00,364.0,2.0,15.103750000000002,15.103750000000002,5.214,19.53,2.35,0.0,0.0,54.14,7.5,16.837499999999984,delivered,customer_not_home,86.32,check,boulder,industrial,business,standard,delivered,2024-11-12 01:05:00,2024-11-12 01:05:00,1.0,0.0,238.0,Other,Other,Other,Other,Boulder,Industrial,side_entrance,business,standard,clear,Other,Other,Other,delivered,customer_not_home,check,boulder,industrial,business,standard,delivered,0.0,8064.0,223.70170642018445,0.8890149625568643,2.0312345343619236,2.0312345343619236,3.703135362291803,1.9869706669767588,1.5546925722658886,0.0,0.0,29.65889095817621,1.3140056594299647,16.837499999999984,3811.8911999999996,0.962295536748461,0.0,152.46214817929618
S-00643,R-126,D-028,V-038,Denver-West,Rural,front_desk,residential,standard,0,fog,28-Nov-2024 17:20,28-Nov-2024 17:20,116.0,2025-06-06 17:33:00,633.0,1.0,5.25,5.25,9.641375,2.0,3.44,0.0,0.0,47.92,9.4,62.9,delivered,customer_not_home,75.57,check,denver-west,rural,residential,standard,delivered,2024-11-28 17:20:00,2024-11-28 17:20:00,3.0,0.0,517.0,Other,Other,Other,Other,Denver-West,Rural,front_desk,residential,standard,fog,Other,Other,Other,delivered,customer_not_home,check,denver-west,rural,residential,standard,delivered,0.0,6844.0,368.40878118453384,0.6053542918620024,1.409733458790382,1.409733458790382,6.519421672746649,1.1382307480670901,2.221878212513562,0.0,0.0,26.836600159951804,1.3798263270539577,62.9,2930.9824499999995,2.7580025035383304,0.0,306.96234046691046
S-00644,R-126,D-034,V-006,Denver-East,Industrial,mailroom,residential,expedited,0,clear,25-Dec-2024 08:55 MDT ,25-Dec-2024 08:55 MDT ,71.0,2025-06-07 08:51:00,111.0,3.0,3.52,3.52,2.89,21.63,1.39,2.97,0.0,26.65,15.3,62.1,failed,customer_not_home,60.6,check,denver-east,industrial,residential,expedited,failed,2024-12-25 08:55:00,2024-12-25 08:55:00,2.0,0.0,40.0,Other,Other,Other,Other,Denver-East,Industrial,mailroom,residential,expedited,clear,Other,Other,Other,failed,customer_not_home,check,denver-east,industrial,residential,expedited,failed,0.0,2591.5,76.52320130903806,1.0641270562537064,1.213326724246833,1.213326724246833,2.268575250319567,2.0257379484152014,1.0424128048049404,0.4682759233292515,0.0,16.54369415697756,1.50462259538193,62.1,1896.7800000000002,1.875417088358097,0.0,30.312997098236647
S-00645,R-148,D-056,V-020,Boulder,Industrial,mailroom,residential,standard,0,clear,2025/10/16 19:05:00 MDT,2025/10/16 19:05:00 MDT,127.0,2025-06-08 18:52:00,712.0,1.0,4.67,4.67,2.094,9.61,0.83,0.0,0.0,46.28,22.6,67.5,delivered,customer_not_home,81.58,check,boulder,industrial,residential,standard,delivered,2025-10-16 19:05:00,2025-10-16 19:05:00,3.0,0.0,585.0,Other,Other,Other,Other,Boulder,Industrial,mailroom,residential,standard,clear,Other,Other,Other,delivered,customer_not_home,check,boulder,industrial,residential,standard,delivered,0.0,8191.5,409.6015275824558,0.6053542918620024,1.3527011683282508,1.3527011683282508,1.7211067133343951,1.6921234254573543,0.6836142837816972,-0.0,0.0,26.080777545529518,1.5883065152036908,67.5,3409.2282,2.7580025035383304,0.0,343.1320689055338
S-00646,R-122,D-022,V-015,Denver-East,Suburban,leave_at_door,residential,standard,1,wind,2024-12-21 08:00 MST,2024-12-21 08:00 MST,104.0,2025-06-09 08:09:00,69.0,1.0,9.73,9.73,1.547,13.78,0.95,0.0,0.0,40.15,11.7,73.6,failed ,package_damaged,57.46,check,denver-east,suburban,residential,standard,failed,2024-12-21 08:00:00,2024-12-21 08:00:00,5.0,1.0,0.0,Other,Other,Other,Other,Denver-East,Suburban,leave_at_door,residential,standard,wind,Other,Other,Other,Other,package_damaged,check,denver-east,suburban,residential,standard,failed,1.0,5512.0,49.74530203800535,0.6053542918620024,1.6976515057762744,1.6976515057762744,1.320096160328741,1.8474783845592262,0.7655313180710959,-0.0,0.0,23.20715211075762,1.4387864667336863,73.6,1708.2858,4.46194756940847,1.0,0.0
S-00647,R-105,D-050,V-011,Fort Collins,Suburban,mailroom,residential ,standard,0,clear,18-Dec-2024 08:15 MST,18-Dec-2024 08:15 MST,113.0,2025-06-10 08:16:00,76.0,1.0,2.84,2.84,1.953,11.38,1.4,0.0,0.0,49.48,6.0,31.7,delivered,customer_not_home,87.14,check,fort-collins,suburban,residential,standard,delivered,2024-12-18 08:15:00,2024-12-18 08:15:00,2.0,0.0,0.0,Other,Other,Other,Other,Other,Suburban,mailroom,Other,standard,clear,Other,Other,Other,delivered,customer_not_home,check,fort-collins,suburban,residential,standard,delivered,0.0,6497.5,54.30029146932206,0.6053542918620024,1.1070554188233301,1.1070554188233301,1.6199297893236135,1.7663565862261972,1.0483341038127754,-0.0,0.0,27.55086224915715,1.2440710539815454,31.7,3883.8298,1.875417088358097,0.0,0.0
S-00648,R-134,D-033,V-008,Denver-West,Suburban,garage,business,standard,1,clear,11/27/2025 02:15 PM,11/27/2025 02:15 PM,122.0,2025-06-11 14:14:00,434.0,2.0,4.45,4.45,4.966,23.2,1.61,0.0,0.0,37.91,7.5,71.4,delivered,package_damaged,86.3,check,denver-west,suburban,business,standard,delivered,2025-11-27 02:15:00,2025-11-27 02:15:00,3.0,0.0,312.0,Other,Other,Other,Other,Denver-West,Suburban,garage,business,standard,clear,Other,Other,Other,delivered,package_damaged,check,denver-west,suburban,business,standard,delivered,1.0,7564.0,262.15673590198185,0.8890149625568643,1.3290468641045337,1.3290468641045337,3.5588978584359947,2.051787522022586,1.1694097585823444,-0.0,0.0,22.136164361905006,1.3140056594299647,71.4,3810.1449999999995,2.7580025035383304,0.0,194.65945395152346
S-00649,R-158,D-033,V-013,Fort-Collins,Industrial,building_super,residential,standard,0,clear,2025/12/04 10:30:00 MDT,2025/12/04 10:30:00 MDT,125.0,2025-06-12 10:33:00,213.0,4.0,3.55,3.55,4.995,8.46,1.14,0.0,0.0,38.78,8.4,53.5,delivered,customer_not_home,85.15,check,fort-collins,industrial,residential,standard,delivered,2025-12-04 10:30:00,2025-12-04 10:30:00,3.0,0.0,88.0,Other,Other,Other,Other,Fort-Collins,Industrial,Other,residential,standard,clear,Other,Other,Other,delivered,customer_not_home,check,fort-collins,industrial,residential,standard,delivered,0.0,7937.5,137.92572822031744,1.1867360977981165,1.2175298573534505,1.2175298573534505,3.5758559476395644,1.634653994897229,0.8892649314086657,-0.0,0.0,22.553555732770867,1.3476719269465578,53.5,3710.4112500000006,2.7580025035383304,0.0,62.01492167417758
S-00650,R-123,D-050,V-023,Fort-Collins,Downtown,mailroom,res,standard,1,clear,2025/04/18 10:40:00 MDT,2025/04/18 10:40:00 MDT,130.0,2025-06-13 10:36:00,216.0,2.0,10.4,10.4,2.781,13.89,1.22,3.22,0.0,48.25,22.6,90.2,rescheduled,customer_not_home,68.82,check,fort-collins,downtown,residential,standard,rescheduled,2025-04-18 10:40:00,2025-04-18 10:40:00,4.0,0.0,86.0,Other,Other,Other,Other,Fort-Collins,Downtown,mailroom,Other,standard,clear,Other,Other,Other,rescheduled,customer_not_home,check,fort-collins,downtown,residential,standard,rescheduled,1.0,8580.0,139.67870802591997,0.8890149625568643,1.7271049725162415,1.7271049725162415,2.1957493936840913,1.8507799647041001,0.9393882120265514,0.4719233620089396,0.0,26.988069375806656,1.5883065152036908,90.2,2436.9161999999997,3.618555125115471,0.0,60.73676893040436
S-00651,R-116,D-047,V-010,Denver-East,Campus,garage,residential,standard,0,rain,11-Jul-2025 17:10,11-Jul-2025 17:10,105.0,2025-06-14 17:19:00,619.0,2.0,7.52,7.52,4.445,5.47,1.72,0.0,0.0,44.8,7.9,86.7,delivered,customer_not_home,83.78,check,denver-east,campus,residential,standard,delivered,2025-07-11 17:10:00,2025-07-11 17:10:00,4.0,0.0,514.0,Other,Other,Other,Other,Denver-East,Campus,garage,residential,standard,rain,Other,Other,Other,delivered,customer_not_home,check,denver-east,campus,residential,standard,delivered,0.0,5617.5,361.05683576797543,0.8890149625568643,1.5804748015010148,1.5804748015010148,3.2498622666728587,1.4295940960681353,1.2305045178914826,0.0,0.0,25.394182236507973,1.3295984768460092,86.7,3593.3242,3.618555125115471,0.0,305.35608621873104
S-00652,R-117,D-007,V-010,Denver-East,Suburban,garage,business ,standard,0,rain,25-Feb-2025 16:30,25-Feb-2025 16:30,138.0,2025-06-15 16:30:00,570.0,3.0,15.103750000000002,15.103750000000002,9.601,4.57,3.33,2.31,0.0,61.58,25.3,61.9,delivered ,customer_not_home,95.59,check,denver-east,suburban,business,standard,delivered,2025-02-25 16:30:00,2025-02-25 16:30:00,1.0,0.0,432.0,Other,Other,Other,Other,Denver-East,Suburban,garage,Other,standard,rain,Other,Other,Other,Other,customer_not_home,check,denver-east,suburban,business,standard,delivered,0.0,9660.0,335.19130541552806,1.0641270562537064,1.9252314898166882,1.9252314898166882,6.029812650312771,1.3420998488873719,1.9929870538520211,0.45436332271519975,0.0,32.95254792097393,1.6311444432183413,61.9,4664.31405,0.962295536748461,0.0,261.0671008510886
S-00653,R-139,D-013,V-012,Colorado Springs,Suburban,call_on_arrival,business ,same_day,0,clear,07/29/2025 08:35 AM MST,07/29/2025 08:35 AM MST,33.0,2025-06-16 08:36:00,96.0,2.0,3.7,3.7,7.527,18.08,2.6,2.14,118.12,53.74,7.6,70.3,failed,customer_not_home,70.43,check,colorado-springs,suburban,business,same_day,failed,2025-07-29 08:35:00,2025-07-29 08:35:00,1.0,0.0,63.0,Other,Other,Other,Other,Other,Suburban,call_on_arrival,Other,same_day,clear,Other,Other,Other,failed,customer_not_home,check,colorado-springs,suburban,business,same_day,failed,0.0,577.5,67.09951742266864,0.8890149625568643,1.2380180155904508,1.2380180155904508,4.975546845666995,1.9570582915966106,1.673121304403093,0.44928800357012455,118.12,29.479383502824543,1.3180056605295265,70.3,2550.6224500000003,0.962295536748461,0.0,45.804725716369624
S-00654,R-112,D-010,V-005,Colorado-Springs,Downtown,call_on_arrival,residential,expedited,1,clear,07-Nov-2025 08:05 MDT,07-Nov-2025 08:05 MDT,59.0,2025-06-17 08:10:00,70.0,1.0,5.64,5.64,2.23,9.15,1.08,0.0,0.0,40.33,19.7,55.8,delivered,customer_not_home,74.78,check,colorado-springs,downtown,residential,expedited,delivered,2025-11-07 08:05:00,2025-11-07 08:05:00,4.0,0.0,11.0,Other,Other,Other,Other,Colorado-Springs,Downtown,call_on_arrival,residential,expedited,clear,Other,Other,Other,delivered,customer_not_home,check,colorado-springs,downtown,residential,expedited,delivered,1.0,1799.5,50.39870558663136,0.6053542918620024,1.444349150317359,1.444349150317359,1.8173927712015694,1.6701545637496886,0.8509298998381457,-0.0,0.0,23.292699912940314,1.560413017736142,55.8,2870.8042,3.618555125115471,0.0,9.288584114279605
S-00655,R-130,D-050,V-032,Colorado-Springs,Downtown,mailroom,residential,standard,0,clear,27-Dec-2024 13:50,27-Dec-2024 13:50,111.0,2025-06-18 13:55:00,415.0,2.0,5.63,5.63,3.283,22.3,0.74,0.0,0.0,45.66,8.5,17.9,delivered,customer_not_home,89.33,check,colorado-springs,downtown,residential,standard,delivered,2024-12-27 13:50:00,2024-12-27 13:50:00,4.0,0.0,304.0,Other,Other,Other,Other,Colorado-Springs,Downtown,mailroom,residential,standard,clear,Other,Other,Other,delivered,customer_not_home,check,colorado-springs,downtown,residential,standard,delivered,0.0,6271.5,251.78461395831107,0.8890149625568643,1.443494857180185,1.443494857180185,2.5262384661178303,2.0371334770262197,0.6200367392875267,-0.0,0.0,25.7936807572111,1.3511143154769498,17.9,4079.25445,3.618555125115471,0.0,190.1502957420131
S-00656,R-149,D-049,V-037,Denver-East,Downtown,garage,residential,standard,0,rain,10/05/2025 05:10 PM MDT,10/05/2025 05:10 PM MDT,125.0,2025-06-19 17:11:00,611.0,3.0,8.06,8.06,1.575,17.7,0.74,0.0,0.0,52.77,7.5,48.3,delivered,customer_not_home,87.77,check,denver-east,downtown,residential,standard,delivered,2025-10-05 05:10:00,2025-10-05 05:10:00,6.0,1.0,486.0,Other,Other,Other,Other,Denver-East,Downtown,garage,residential,standard,rain,Other,Other,Other,delivered,customer_not_home,check,denver-east,downtown,residential,standard,delivered,0.0,7937.5,356.84828809085553,1.0641270562537064,1.6124941514102828,1.6124941514102828,1.3412133441992293,1.9487271609029482,0.6200367392875267,-0.0,0.0,29.042983073742942,1.3140056594299647,48.3,3939.5564499999996,5.291331975501458,1.0,290.3184187253775
S-00657,R-144,D-038,V-029,Boulder,Campus,leave_at_door,residential,standard,1,clear,2025-11-19 09:30 MDT,2025-11-19 09:30 MDT,120.0,2025-06-20 09:25:00,145.0,1.0,10.72,10.72,1.69,10.64,0.68,0.0,0.0,41.7,21.8,33.0,delivered,customer_not_home,89.52,check,boulder,campus,residential,standard,delivered,2025-11-19 09:30:00,2025-11-19 09:30:00,2.0,0.0,25.0,Other,Other,Other,Other,Boulder,Campus,leave_at_door,residential,standard,clear,Other,Other,Other,delivered,customer_not_home,check,boulder,campus,residential,standard,delivered,1.0,7320.0,97.44307159699372,0.6053542918620024,1.7403895044646691,1.7403895044646691,1.4272336132174062,1.7371129542382249,0.5765481846489756,-0.0,0.0,23.941400530822357,1.5811460917083044,33.0,4096.4352,1.875417088358097,0.0,19.745008253248212
S-00658,R-142,D-060,V-037,Denver-East ,Suburban,call_on_arrival,residential,standard,0,clear,2025/03/19 18:40:00 MDT,2025/03/19 18:40:00 MDT,122.0,2025-06-21 18:46:00,706.0,2.0,2.74,2.74,8.159,8.32,2.72,4.225,0.0,42.74,14.3,72.2,delivered,customer_not_home,91.54,check,denver-east,suburban,residential,standard,delivered,2025-03-19 18:40:00,2025-03-19 18:40:00,2.0,0.0,584.0,Other,Other,Other,Other,Other,Suburban,call_on_arrival,residential,standard,clear,Other,Other,Other,delivered,customer_not_home,check,denver-east,suburban,residential,standard,delivered,0.0,7564.0,406.48962811951174,0.8890149625568643,1.0893622061625121,1.0893622061625121,5.304226827311659,1.6270389092300532,1.7282161881567573,0.49002521625331164,0.0,24.431065348971487,1.4886900074350864,72.2,4281.3258000000005,1.875417088358097,0.0,342.6033226365457
S-00659,R-121,D-041,V-040,Denver East,Suburban,garage,res,standard,0,clear,2025-11-10 15:30,2025-11-10 15:30,121.0,2025-06-22 15:23:00,503.0,2.0,11.96,11.96,3.393,3.94,1.19,0.0,0.0,39.17,12.4,62.6,delivered,customer_not_home,89.04,check,denver-east,suburban,residential,standard,delivered,2025-11-10 15:30:00,2025-11-10 15:30:00,0.0,0.0,382.0,Other,Other,Other,Other,Other,Suburban,garage,Other,standard,clear,Other,Other,Other,delivered,customer_not_home,check,denver-east,suburban,residential,standard,delivered,0.0,7441.5,299.4584335205076,0.8890149625568643,1.7877328502210772,1.7877328502210772,2.5970673435792646,1.2690910935557749,0.9207210062828284,-0.0,0.0,22.740067967594122,1.4536416352918469,62.6,4053.1008000000006,0.0,0.0,233.65553039729286
S-00660,R-110,D-056,V-021,Denver-East,Suburban,call_on_arrival,Residential,standard,0,clear,14-Sep-2025 15:10 MDT,14-Sep-2025 15:10 MDT,132.0,2025-06-23 15:13:00,493.0,3.0,5.29,5.29,5.684,6.75,1.95,2.12,0.0,46.38,6.7,62.1,failed,weather_delay,54.47,check,denver-east,suburban,residential,standard,failed,2025-09-14 15:10:00,2025-09-14 15:10:00,6.0,1.0,361.0,Other,Other,Other,Other,Denver-East,Suburban,call_on_arrival,Other,standard,clear,Other,Other,Other,failed,weather_delay,check,denver-east,suburban,residential,standard,failed,0.0,8844.0,294.0857563613787,1.0641270562537064,1.4134114813636172,1.4134114813636172,3.9718477242564556,1.5299492406349429,1.3536193593056234,0.4486357659434583,0.0,26.127012743176024,1.2792500298435527,62.1,1537.96045,5.291331975501458,1.0,222.03802200319728
S-00661,R-131,D-029,V-005,Boulder,Suburban,front_desk,residential,STANDARD,0,clear,01/12/2025 01:55 PM MDT,01/12/2025 01:55 PM MDT,109.0,2025-06-24 13:42:00,402.0,3.0,7.09,7.09,2.609,8.66,1.26,2.72,0.0,38.82,7.3,79.5,failed,customer_not_home,62.14,check,boulder,suburban,residential,standard,failed,2025-01-12 01:55:00,2025-01-12 01:55:00,6.0,1.0,293.0,Other,Other,Other,Other,Boulder,Suburban,front_desk,residential,Other,clear,Other,Other,Other,failed,customer_not_home,check,boulder,suburban,residential,standard,failed,0.0,6049.5,244.66067863535582,1.0641270562537064,1.5530292465144477,1.5530292465144477,2.079535136935666,1.6452821630577432,0.9640438769910822,0.46386865533587696,0.0,22.57270196760245,1.3057898654993767,79.5,1992.8298,5.291331975501458,1.0,183.9307926530154
S-00662,R-151,D-029,V-020,Denver-East,Suburban,garage,business,standard,0,clear,2025-06-23 08:10 MST,2025-06-23 08:10 MST,127.0,2025-06-25 08:21:00,81.0,6.0,4.89,4.89,2.957,12.47,1.66,3.2,0.0,42.42,9.8,84.8,delivered,customer_not_home,85.51,check,denver-east,suburban,business,standard,delivered,2025-06-23 08:10:00,2025-06-23 08:10:00,0.0,0.0,0.0,Other,Other,Other,Other,Denver-East,Suburban,garage,business,standard,clear,Other,Other,Other,delivered,customer_not_home,check,denver-east,suburban,business,standard,delivered,0.0,8191.5,57.52834826677707,1.352108625101415,1.3751914497143292,1.3751914497143292,2.3130357934400356,1.8055264351875022,1.1973678736357718,0.47165532879818595,0.0,24.280649788151507,1.3914193805498154,84.8,3741.4900500000003,0.0,0.0,0.0
S-00663,R-104,D-018,V-038,Boulder,Suburban,garage,residential,expedited,0,clear,05/08/2025 10:40 AM MST,05/08/2025 10:40 AM MST,45.0,2025-06-26 10:40:00,220.0,2.0,9.92,9.92,1.614,3.74,0.71,2.0,0.0,47.22,12.4,58.0,Delivered,customer_not_home,94.89,check,boulder,suburban,residential,expedited,delivered,2025-05-08 10:40:00,2025-05-08 10:40:00,3.0,0.0,175.0,Other,Other,Other,Other,Boulder,Suburban,garage,residential,expedited,clear,Other,Other,Other,Other,customer_not_home,check,boulder,suburban,residential,expedited,delivered,0.0,1057.5,142.01225336811117,0.8890149625568643,1.706241917780016,1.706241917780016,1.3705121621438408,1.24333835426572,0.5984069121092206,0.4444444444444444,0.0,26.51462281012436,1.4536416352918469,58.0,4596.9460500000005,2.7580025035383304,0.0,115.49435024314043
S-00664,R-105,D-023,V-033,Denver-West,Downtown,side_entrance,residential,standard,0,clear,2025-07-28 17:30,2025-07-28 17:30,118.0,2025-06-27 17:25:00,625.0,2.0,3.48,3.48,1.926,9.46,0.85,0.0,0.0,36.11,19.9,60.9,Delivered,customer_not_home,78.3,check,denver-west,downtown,residential,standard,delivered,2025-07-28 17:30:00,2025-07-28 17:30:00,0.0,0.0,507.0,Other,Other,Other,Other,Denver-West,Downtown,side_entrance,residential,standard,clear,Other,Other,Other,Other,customer_not_home,check,denver-west,downtown,residential,standard,delivered,0.0,7080.0,364.20968083937123,0.8890149625568643,1.207665791459707,1.207665791459707,1.6003916896773216,1.6850979240332782,0.6974863564225507,-0.0,0.0,21.26659811779922,1.5625213607401929,60.9,3143.745,0.0,0.0,301.60450935376633
S-00665,R-129,D-020,V-030,Colorado-Springs,Industrial,front_desk,business,standard,0,fog,12-Sep-2025 16:20 MST ,12-Sep-2025 16:20 MST ,135.0,2025-06-28 16:34:00,574.0,3.0,6.94,6.94,1.98,5.9,1.05,3.98,0.0,35.85,12.4,62.2,delivered,customer_not_home,87.82,check,colorado-springs,industrial,business,standard,delivered,2025-09-12 16:20:00,2025-09-12 16:20:00,4.0,0.0,439.0,Other,Other,Other,Other,Colorado-Springs,Industrial,front_desk,business,standard,fog,Other,Other,Other,delivered,customer_not_home,check,colorado-springs,industrial,business,standard,delivered,0.0,9247.5,337.310860101436,1.0641270562537064,1.543005371899622,1.543005371899622,1.639414369063087,1.4659906769879691,0.831513313079815,0.47983903485427654,0.0,21.14030485562412,1.4536416352918469,62.2,3943.9961999999996,3.618555125115471,0.0,264.87863773828076
S-00666,R-124,D-003,V-004,Boulder,Campus,side_entrance,residential,standard,1,clear,11/26/2025 04:55 PM MDT,11/26/2025 04:55 PM MDT,98.0,2025-06-29 16:59:00,599.0,1.0,1.7,1.7,1.661,25.39,1.18,3.76,0.0,38.14,25.0,68.6,delivered ,customer_not_home,84.92,check,boulder,campus,residential,standard,delivered,2025-11-26 04:55:00,2025-11-26 04:55:00,2.0,0.0,501.0,Other,Other,Other,Other,Boulder,Campus,side_entrance,residential,standard,clear,Other,Other,Other,Other,customer_not_home,check,boulder,campus,residential,standard,delivered,1.0,4900.0,350.5251194581819,0.6053542918620024,0.8589349910963315,0.8589349910963315,1.4056473563614873,2.084665488152561,0.914464534372094,0.4779323494103524,0.0,22.2466890771138,1.607767729723632,68.6,3690.6232,1.875417088358097,0.0,298.38475756193475
S-00667,R-105,D-054,V-019,Denver-West,Rural,call_on_arrival,residential ,Standard,1,clear,2025-10-15 11:15 MDT,2025-10-15 11:15 MDT,110.0,2025-06-30 11:17:00,257.0,3.0,4.04,4.04,6.843,13.59,2.39,0.0,0.0,49.08,25.3,61.6,DELIVERED,customer_not_home,81.51,check,denver-west,rural,residential,standard,delivered,2025-10-15 11:15:00,2025-10-15 11:15:00,2.0,0.0,147.0,Other,Other,Other,Other,Denver-West,Rural,call_on_arrival,Other,Other,clear,Other,Other,Other,Other,customer_not_home,check,denver-west,rural,residential,standard,delivered,1.0,6160.0,163.4075725244021,1.0641270562537064,1.2814645496285388,1.2814645496285388,4.611464340132895,1.8416997328108313,1.573989336834253,0.0,0.0,27.36814429985039,1.6227086610477275,61.6,3403.4500500000004,1.875417088358097,0.0,98.65729508785324
S-00668,R-140,D-042,V-006,Colorado-Springs,Suburban,front_desk,residential,expedited,0,clear,09-Nov-2024 10:55 MST,09-Nov-2024 10:55 MST,56.0,2025-07-01 10:58:00,238.0,4.0,5.46,5.46,4.653,18.44,1.97,0.0,118.12,34.53,21.6,78.5,failed,customer_not_home,58.17,check,colorado-springs,suburban,residential,expedited,failed,2024-11-09 10:55:00,2024-11-09 10:55:00,5.0,1.0,182.0,Other,Other,Other,Other,Colorado-Springs,Suburban,front_desk,residential,expedited,clear,Other,Other,Other,failed,customer_not_home,check,colorado-springs,suburban,residential,expedited,failed,0.0,1624.0,152.46214817929618,1.1867360977981165,1.4287104852151522,1.4287104852151522,3.374258959558393,1.9647543479155236,1.3640486737611073,-0.0,118.12,20.49634025721367,1.5792968380883288,78.5,1750.04445,4.46194756940847,1.0,119.6601138564944
S-00669,R-125,D-039,V-033,Boulder,Suburban,mailroom,residential,standard,0,wind,2025-01-05 17:00 MST,2025-01-05 17:00 MST,113.0,2025-07-02 17:02:00,602.0,1.0,2.88,2.88,2.872,7.0,1.43,3.19,0.0,37.84,5.5,80.6,delivered,customer_not_home,85.3,check,boulder,suburban,residential,standard,delivered,2025-01-05 17:00:00,2025-01-05 17:00:00,6.0,1.0,489.0,Other,Other,Other,Other,Boulder,Suburban,mailroom,residential,standard,wind,Other,Other,Other,delivered,customer_not_home,check,boulder,suburban,residential,standard,delivered,0.0,6497.5,352.1070876283361,0.6053542918620024,1.1139658048019385,1.1139658048019385,2.2565915879645213,1.5470442291061783,1.0660096830375057,0.4715198705862919,0.0,22.10250049712436,1.2155354594472638,80.6,3723.345,5.291331975501458,1.0,291.93365058771485
S-00670,R-136,D-030,V-038,Denver-East,Downtown,leave_at_door,business,standard,1,snow,09/29/2025 12:30 PM,09/29/2025 12:30 PM,109.0,2025-07-03 12:36:00,336.0,2.0,10.27,10.27,5.364,12.69,2.13,0.0,0.0,53.25,6.8,58.4,failed,customer_not_home,66.45,check,denver-east,downtown,business,standard,failed,2025-09-29 12:30:00,2025-09-29 12:30:00,0.0,0.0,227.0,Other,Other,Other,Other,Denver-East,Downtown,leave_at_door,business,standard,snow,Other,Other,Other,failed,customer_not_home,check,denver-east,downtown,business,standard,failed,1.0,6049.5,208.11910389872574,0.8890149625568643,1.7215688908574391,1.7215688908574391,3.789536765469058,1.8129338587791162,1.446006021973714,-0.0,0.0,29.259128845826186,1.283885125960567,58.4,2274.2512500000003,0.0,0.0,146.0858529823217
S-00671,R-129,D-051,V-003,Denver-East,Suburban,call_on_arrival,Biz,STANDARD,0,rain,2025-10-28 14:15 MST,2025-10-28 14:15 MST,123.0,2025-07-04 14:22:00,442.0,2.0,5.18,5.18,-1.338,16.49,0.87,0.0,0.0,51.37,10.7,48.0,delivered,customer_not_home,79.37,check,denver-east,suburban,business,standard,delivered,2025-10-28 14:15:00,2025-10-28 14:15:00,1.0,0.0,319.0,Other,Other,Other,Other,Denver-East,Suburban,call_on_arrival,Other,Other,rain,Other,Other,Other,delivered,customer_not_home,check,denver-east,suburban,business,standard,delivered,0.0,7687.5,266.5102925117283,0.8890149625568643,1.4032227026239439,1.4032227026239439,-1.0976083387537812,1.9206598202475527,0.7112687369880748,0.0,0.0,28.410336383012975,1.4152946537953137,48.0,3229.1684500000006,0.962295536748461,0.0,198.59551333741513
S-00672,R-142,D-059,V-037,Denver-East,Suburban,garage,residential,standard,0,fog,16-Apr-2025 11:05 ,16-Apr-2025 11:05 ,109.0,2025-07-05 10:59:00,239.0,1.0,1.38,1.38,9.01,29.35625,3.16,1.44,0.0,36.27,25.3,100.0,delivered ,customer_not_home,91.65,check,denver-east,suburban,residential,standard,delivered,2025-04-16 11:05:00,2025-04-16 11:05:00,2.0,0.0,130.0,Other,Other,Other,Other,Denver-East,Suburban,garage,residential,standard,fog,Other,Other,Other,Other,customer_not_home,check,denver-east,suburban,residential,standard,delivered,0.0,6049.5,153.04033672389113,0.6053542918620024,0.7634958572717533,0.7634958572717533,5.736257315556326,2.144348350789084,1.9215785112818562,0.41601719967750606,0.0,21.344229054668638,1.654452629767456,100.0,4291.5112500000005,1.875417088358097,0.0,88.28150693140799
S-00673,R-139,D-013,V-021,Denver-West,Suburban,mailroom,Residential,standard,0,wind,2024-12-12 13:35,2024-12-12 13:35,125.0,2025-07-06 13:38:00,398.0,1.0,3.71,3.71,2.48,9.15,1.23,0.0,0.0,44.43,17.4,46.3,failed,address_issue,50.07,check,denver-west,suburban,residential,standard,failed,2024-12-12 13:35:00,2024-12-12 13:35:00,3.0,0.0,273.0,Other,Other,Other,Other,Denver-West,Suburban,mailroom,Other,standard,wind,Other,Other,Other,failed,address_issue,check,denver-west,suburban,residential,standard,failed,0.0,7937.5,242.46410507331848,0.6053542918620024,1.2393536042669357,1.2393536042669357,1.9912815095107632,1.6701545637496886,0.9455769535102806,-0.0,0.0,25.221844464537234,1.5337475958798432,46.3,1303.5724500000001,2.7580025035383304,0.0,172.56216514322148
S-00674,R-110,D-031,V-033,Denver-East,Suburban,call_on_arrival,business,standard,0,rain,2024/12/24 12:15:00 MST,2024/12/24 12:15:00 MST,117.0,2025-07-07 12:24:00,324.0,1.0,1.53,1.53,3.36,8.32,1.3,0.0,0.0,49.47,9.8,38.0,faild,customer_not_home,57.0,check,denver-east,suburban,business,standard,failed,2024-12-24 12:15:00,2024-12-24 12:15:00,1.0,0.0,207.0,Other,Other,Other,Other,Denver-East,Suburban,call_on_arrival,business,standard,rain,Other,Other,Other,Other,customer_not_home,check,denver-east,suburban,business,standard,failed,0.0,6961.5,201.40170616912758,0.6053542918620024,0.8101861275176926,0.8101861275176926,2.5758751329731964,1.6270389092300532,0.9884390796390998,0.0,0.0,27.546297838248364,1.3914193805498154,38.0,1681.5,0.962295536748461,0.0,134.41235234802937
S-00675,R-107,D-004,V-029,Dnvr-East,Rural,leave_at_door,residential,expedited,1,rain,2025/06/17 15:45:00,2025/06/17 15:45:00,84.0,2025-07-08 15:45:00,525.0,4.0,14.79,14.79,8.906,21.38,2.04,0.0,0.0,44.24,5.9,55.6,delivered,customer_not_home,80.47,check,denver-east,rural,residential,expedited,delivered,2025-06-17 15:45:00,2025-06-17 15:45:00,1.0,0.0,441.0,Other,Other,Other,Other,Other,Rural,leave_at_door,residential,expedited,rain,Other,Other,Other,delivered,customer_not_home,check,denver-east,rural,residential,expedited,delivered,1.0,3612.0,311.2411544285615,1.1867360977981165,1.8766535050320565,1.8766535050320565,5.684067895306025,2.021372951279315,1.4002230275094882,0.0,0.0,25.13323768478511,1.238613012373119,55.6,3318.18045,0.962295536748461,0.0,265.9665307266122
S-00676,R-146,D-052,V-022,Denver-East,Downtown,garage,residential,expedite,0,clear,2025/11/11 13:50:00 MST,2025/11/11 13:50:00 MST,72.0,2025-07-09 13:53:00,413.0,4.0,7.2,7.2,6.796,6.85,2.77,3.62,0.0,50.33,15.3,101.4,delivered,customer_not_home,88.49,check,denver-east,downtown,residential,expedited,delivered,2025-11-11 13:50:00,2025-11-11 13:50:00,1.0,0.0,341.0,Other,Other,Other,Other,Denver-East,Downtown,garage,residential,Other,clear,Other,Other,Other,delivered,customer_not_home,check,denver-east,downtown,residential,expedited,delivered,0.0,2664.0,250.69009010122778,1.1867360977981165,1.5602277818122539,1.5602277818122539,4.586104622260152,1.5368721063860056,1.7508575219670541,0.47657465189932724,0.0,27.938180577041862,1.50462259538193,101.4,4003.7300499999997,0.962295536748461,0.0,210.9109177538544
S-00677,R-142,D-006,V-033,Boulder ,Rural,front_desk,residential,same_day,0,rain,2025/11/23 11:00:00 MST,2025/11/23 11:00:00 MST,45.0,2025-07-10 11:06:00,246.0,4.0,7.38,7.38,4.854,7.04,1.99,0.0,0.0,38.92,20.9,81.1,failed,address_issue,50.47,check,boulder,rural,residential,same_day,failed,2025-11-23 11:00:00,2025-11-23 11:00:00,6.0,1.0,201.0,Other,Other,Other,Other,Other,Rural,front_desk,residential,same_day,rain,Other,Other,Other,failed,address_issue,check,boulder,rural,residential,same_day,failed,0.0,1057.5,157.08097327931767,1.1867360977981165,1.5717404801450803,1.5717404801450803,3.4931707823197393,1.5497149878473053,1.3744359341740076,-0.0,0.0,22.620550737811943,1.5726261568293118,81.1,1324.08045,5.291331975501458,1.0,130.8888256255995
S-00678,R-116,D-012,V-003,Fort-Collins,Downtown,leave_at_door,residential,same_day,1,clear,2024/11/12 11:30:00,2024/11/12 11:30:00,44.0,2025-07-11 11:29:00,269.0,1.0,6.38,6.38,2.002,20.98,1.01,0.0,0.0,39.56,4.4,88.9,Delivered,customer_not_home,77.79,check,fort-collins,downtown,residential,same_day,delivered,2024-11-12 11:30:00,2024-11-12 11:30:00,1.0,0.0,225.0,Other,Other,Other,Other,Fort-Collins,Downtown,leave_at_door,residential,same_day,clear,Other,Other,Other,Other,customer_not_home,check,fort-collins,downtown,residential,same_day,delivered,1.0,1012.0,170.27865191699217,0.6053542918620024,1.5032880477963477,1.5032880477963477,1.6552515594901318,2.014255449494381,0.8053574464814671,0.0,0.0,22.926218387875412,1.1393370341761297,88.9,3103.4320500000003,0.962295536748461,0.0,144.9232603551406
S-00679,R-129,D-046,V-029,Denver-West,Suburban,side_entrance,residential,expedited,0,wind,2024/12/13 13:50:00 MDT,2024/12/13 13:50:00 MDT,56.0,2025-07-12 13:56:00,416.0,3.0,8.05,8.05,4.442,9.81,1.35,0.0,0.0,36.97,8.0,65.8,delivered,customer_not_home,79.72,check,denver-west,suburban,residential,expedited,delivered,2024-12-13 13:50:00,2024-12-13 13:50:00,4.0,0.0,360.0,Other,Other,Other,Other,Denver-West,Suburban,side_entrance,residential,expedited,wind,Other,Other,Other,delivered,customer_not_home,check,denver-west,suburban,residential,expedited,delivered,0.0,1624.0,252.33167842979105,1.0641270562537064,1.611923927958213,1.611923927958213,3.248057762923823,1.7012924376938134,1.0185777622148757,-0.0,0.0,21.683085527116766,1.3333333333333335,65.8,3257.3592,3.618555125115471,0.0,221.48315463448472
S-00680,R-140,D-034,V-034,Fort-Collins,Suburban,call_on_arrival,res,standard,0,wind,12/05/2024 02:35 PM,12/05/2024 02:35 PM,108.0,2025-07-13 14:33:00,453.0,6.0,6.81,6.81,2.475,15.14,0.9,0.0,0.0,37.44,10.4,100.0,DELIVERED,customer_not_home,87.6,check,fort-collins,suburban,residential,standard,delivered,2024-12-05 02:35:00,2024-12-05 02:35:00,3.0,0.0,345.0,Other,Other,Other,Other,Fort-Collins,Suburban,call_on_arrival,Other,standard,wind,Other,Other,Other,Other,customer_not_home,check,fort-collins,suburban,residential,standard,delivered,0.0,5940.0,272.48363804819803,1.4118117958798448,1.5341167922986247,1.5341167922986247,1.9878412605104312,1.886202869080838,0.7317774705126872,-0.0,0.0,21.90990193824523,1.4076511222409076,100.0,3924.4799999999996,2.7580025035383304,0.0,213.14142899450383
S-00681,R-124,D-011,V-024,Colorado-Springs,Suburban,garage,residential,same day,0,rain,2025/02/18 12:40:00,2025/02/18 12:40:00,64.0,2025-07-14 12:47:00,347.0,1.0,4.29,4.29,2.952,8.48,1.2,0.0,0.0,27.08,4.5,60.1,failed,package_damaged,66.36,check,colorado-springs,suburban,residential,same_day,failed,2025-02-18 12:40:00,2025-02-18 12:40:00,1.0,0.0,283.0,Other,Other,Other,Other,Colorado-Springs,Suburban,garage,residential,Other,rain,Other,Other,Other,failed,package_damaged,check,colorado-springs,suburban,residential,same_day,failed,0.0,2112.0,214.25571612413862,0.6053542918620024,1.3110498089048699,1.3110498089048699,2.3097256825606913,1.6357299032131642,0.9269603605568231,-0.0,0.0,16.764727443042798,1.1471971345775582,60.1,2268.1848,0.962295536748461,0.0,178.25648865488824
S-00682,R-125,D-059,V-019,Denver-East,Suburban,call_on_arrival,business,STANDARD,1,clear,2025-02-08 10:20 MST,2025-02-08 10:20 MST,106.0,2025-07-15 10:24:00,204.0,2.0,2.63,2.63,4.171,12.07,1.4,0.0,0.0,46.07,8.0,83.7,delivered,customer_not_home,78.12,check,denver-east,suburban,business,standard,delivered,2025-02-08 10:20:00,2025-02-08 10:20:00,5.0,1.0,98.0,Other,Other,Other,Other,Denver-East,Suburban,call_on_arrival,business,Other,clear,Other,Other,Other,delivered,customer_not_home,check,denver-east,suburban,business,standard,delivered,1.0,5724.0,132.65187813004331,0.8890149625568643,1.0691751885377665,1.0691751885377665,3.0837926825587183,1.791646834941768,1.0483341038127754,-0.0,0.0,25.98361989614229,1.3333333333333335,83.7,3129.4872000000005,4.46194756940847,1.0,68.3639865117809
S-00683,R-144,D-027,V-022,Dnvr-East,Industrial,leave_at_door,business,Standard,0,clear,2025-03-13 11:50 MST,2025-03-13 11:50 MST,120.0,2025-07-16 11:54:00,294.0,2.0,8.18,8.18,5.419,10.06,2.31,0.0,0.0,31.27,25.3,55.4,delivered,customer_not_home,86.24,check,denver-east,industrial,business,standard,delivered,2025-03-13 11:50:00,2025-03-13 11:50:00,3.0,0.0,174.0,Other,Other,Other,Other,Other,Industrial,leave_at_door,business,Other,clear,Other,Other,Other,delivered,customer_not_home,check,denver-east,industrial,business,standard,delivered,0.0,7320.0,184.49715124453763,0.8890149625568643,1.6192736460823856,1.6192736460823856,3.821063745676374,1.7124483185466661,1.5352570615261827,-0.0,0.0,18.884886476409168,1.6298833949011975,55.4,3804.9087999999997,2.7580025035383304,0.0,114.89790256465513
S-00684,R-151,D-039,V-004,Denver-East,Rural,garage,residential,same_day,0,wind,11-Jul-2025 11:15,11-Jul-2025 11:15,37.0,2025-07-17 11:29:00,269.0,1.0,9.11,9.11,9.641375,12.85,3.44,0.0,118.12,50.09,10.9,77.3,Failed,customer_not_home,58.01,check,denver-east,rural,residential,same_day,failed,2025-07-11 11:15:00,2025-07-11 11:15:00,4.0,0.0,232.0,Other,Other,Other,Other,Denver-East,Rural,garage,residential,same_day,wind,Other,Other,Other,Other,customer_not_home,check,denver-east,rural,residential,same_day,failed,0.0,721.5,170.27865191699217,0.6053542918620024,1.668183191876182,1.668183191876182,6.519421672746649,1.8182245591331092,2.221878212513562,0.0,118.12,27.828950967316377,1.4202289643475516,77.3,1740.5900499999998,3.618555125115471,0.0,148.9878960148268
S-00685,R-105,D-041,V-022,Colorado-Springs,Downtown,leave_at_door,business,standard,0,clear,2024-11-24 10:55 MST ,2024-11-24 10:55 MST ,123.0,2025-07-18 10:54:00,234.0,2.0,13.6,13.6,1.566,5.37,0.92,4.225,0.0,42.29,15.7,36.2,failed,weather_delay,54.48,check,colorado-springs,downtown,business,standard,failed,2024-11-24 10:55:00,2024-11-24 10:55:00,6.0,1.0,111.0,Other,Other,Other,Other,Colorado-Springs,Downtown,leave_at_door,business,standard,clear,Other,Other,Other,failed,weather_delay,check,colorado-springs,downtown,business,standard,failed,0.0,7687.5,150.14696305273114,0.8890149625568643,1.8420063063703047,1.8420063063703047,1.3344332252441944,1.4206771202036743,0.745342223199209,0.49127474264853443,0.0,24.219480200451486,1.5105912157676036,36.2,1538.5151999999998,5.291331975501458,1.0,76.52320130903806
S-00686,R-136,D-022,V-007,Denver-West,Suburban,call_on_arrival,residential,standard,1,clear,07/13/2025 11:10 AM MST,07/13/2025 11:10 AM MST,117.0,2025-07-19 11:10:00,250.0,2.0,2.28,2.28,2.546,22.98,1.16,0.0,0.0,44.97,7.0,82.5,delivered,customer_not_home,74.95,check,denver-west,suburban,residential,standard,delivered,2025-07-13 11:10:00,2025-07-13 11:10:00,6.0,1.0,133.0,Other,Other,Other,Other,Denver-West,Suburban,call_on_arrival,residential,standard,clear,Other,Other,Other,delivered,customer_not_home,check,denver-west,suburban,residential,standard,delivered,1.0,6961.5,159.3847509804015,0.8890149625568643,0.9992487389047405,0.9992487389047405,2.036554896034849,2.048271599038313,0.9018997328990817,0.0,0.0,25.473271008766165,1.2928932188134525,82.5,2883.70125,5.291331975501458,1.0,90.12185804093357
S-00687,R-119,D-044,V-025,Fort-Collins,Rural,side_entrance,residential,standard,0,rain,09/23/2025 07:00 AM MDT,09/23/2025 07:00 AM MDT,117.0,2025-07-20 07:15:00,15.0,1.0,1.47,1.47,9.641375,2.34,3.44,0.0,0.0,30.83,15.0,54.7,failed ,customer_not_home,63.78,check,fort-collins,rural,residential,standard,failed,2025-09-23 07:00:00,2025-09-23 07:00:00,1.0,0.0,0.0,Other,Other,Other,Other,Fort-Collins,Rural,side_entrance,residential,standard,rain,Other,Other,Other,Other,customer_not_home,check,fort-collins,rural,residential,standard,failed,0.0,6961.5,12.36192503564799,0.6053542918620024,0.7919530320405952,0.7919530320405952,6.519421672746649,1.1382307480670901,2.221878212513562,-0.0,0.0,18.66495474751165,1.5,54.7,2097.7242,0.962295536748461,0.0,0.0
S-00688,R-156,D-017,V-039,Denver-East,Suburban,garage,residential,standard,0,clear,2024-12-22 09:50 MDT,2024-12-22 09:50 MDT,116.0,2025-07-21 09:51:00,171.0,1.0,4.86,4.86,3.346,2.17,1.59,0.0,0.0,53.3,11.6,37.2,delivered,customer_not_home,88.21,check,denver-east,suburban,residential,standard,delivered,2024-12-22 09:50:00,2024-12-22 09:50:00,6.0,1.0,55.0,Other,Other,Other,Other,Denver-East,Suburban,garage,residential,standard,clear,Other,Other,Other,delivered,customer_not_home,check,denver-east,suburban,residential,standard,delivered,0.0,6844.0,113.1065053197683,0.6053542918620024,1.372189437649417,1.372189437649417,2.566869971419322,1.1382307480670901,1.1581365637003334,-0.0,0.0,29.281621983507783,1.4365638301809889,37.2,3978.7120499999996,5.291331975501458,1.0,40.49208680597269
S-00689,R-106,D-010,V-022,Fort-Collins,Industrial,garage,residential,Standard,0,clear,2024-12-21 15:35 MST ,2024-12-21 15:35 MST ,125.0,2025-07-22 15:48:00,528.0,1.0,3.45,3.45,5.59,3.38,2.3,3.69,0.0,34.73,18.1,60.7,failed,customer_not_home,60.1,check,fort-collins,industrial,residential,standard,failed,2024-12-21 15:35:00,2024-12-21 15:35:00,5.0,1.0,403.0,Other,Other,Other,Other,Fort-Collins,Industrial,garage,residential,Other,clear,Other,Other,Other,failed,customer_not_home,check,fort-collins,industrial,residential,standard,failed,0.0,7937.5,312.84402727843593,0.6053542918620024,1.2033767939399758,1.2033767939399758,3.9185709742664234,1.193221284332097,1.5303761910744715,0.47726869763276214,0.0,20.59421417388042,1.5423712380437244,60.7,1866.105,4.46194756940847,1.0,245.20948060113378
S-00690,R-159,D-038,V-010,Fort-Collins,Suburban,package_room_3F,residential ,standard,1,clear,2025/02/03 16:50:00 MDT,2025/02/03 16:50:00 MDT,119.0,2025-07-23 16:55:00,595.0,4.0,9.3,9.3,4.339,16.74,1.63,0.0,0.0,39.45,25.3,58.0,delivered,customer_not_home,84.79,check,fort-collins,suburban,residential,standard,delivered,2025-02-03 16:50:00,2025-02-03 16:50:00,0.0,0.0,476.0,Other,Other,Other,Other,Fort-Collins,Suburban,Other,Other,standard,clear,Other,Other,Other,delivered,customer_not_home,check,fort-collins,suburban,residential,standard,delivered,1.0,7199.5,348.4145970771527,1.1867360977981165,1.6774582244877476,1.6774582244877476,3.1859206477753177,1.926661923545086,1.1806312409957027,-0.0,0.0,22.87375081313029,1.6694101975463569,58.0,3679.4620500000005,0.0,0.0,284.9270857776852
S-00691,R-142,D-023,V-020,Colorado Springs,Downtown,call_on_arrival,residential,expedited,0,clear,2025-03-19 08:55 MST,2025-03-19 08:55 MST,68.0,2025-07-24 09:04:00,124.0,1.0,2.93,2.93,7.971,5.18,2.73,0.0,0.0,51.81,8.4,44.4,delivered,customer_not_home,82.62,check,colorado-springs,downtown,residential,expedited,delivered,2025-03-19 08:55:00,2025-03-19 08:55:00,2.0,0.0,56.0,Other,Other,Other,Other,Other,Downtown,call_on_arrival,residential,expedited,clear,Other,Other,Other,delivered,customer_not_home,check,colorado-springs,downtown,residential,expedited,delivered,0.0,2380.0,84.58803648889034,0.6053542918620024,1.1224746676845083,1.1224746676845083,5.207186882188818,1.4032227026239439,1.7327589959164809,0.0,0.0,28.60952859130741,1.3476719269465578,44.4,3495.6522000000004,1.875417088358097,0.0,41.16011651755984
S-00692,R-109,D-045,V-026,Denver-East,Suburban,mailroom,Business,standard,0,snow,03/04/2025 02:10 PM MDT,03/04/2025 02:10 PM MDT,121.0,2025-07-25 14:24:00,444.0,2.0,4.87,4.87,7.021,19.72,2.65,2.57,0.0,47.56,9.5,67.3,DELIVERED,customer_not_home,91.63,check,denver-east,suburban,business,standard,delivered,2025-03-04 02:10:00,2025-03-04 02:10:00,1.0,0.0,323.0,Other,Other,Other,Other,Denver-East,Suburban,mailroom,Other,standard,snow,Other,Other,Other,Other,customer_not_home,check,denver-east,suburban,business,standard,delivered,0.0,7441.5,267.59744819124995,0.8890149625568643,1.3731923240354675,1.3731923240354675,4.707097552626267,1.990686413227076,1.6962094207794016,0.4607686211739598,0.0,26.671127734498153,1.3827866001516322,67.3,4289.65845,0.962295536748461,0.0,200.84081506920515
S-00693,R-120,D-039,V-006,Boulder,Campus,side_entrance,residential,standard,0,clear,2025/10/07 17:45:00,2025/10/07 17:45:00,130.0,2025-07-26 17:31:00,631.0,1.0,4.26,4.26,1.453,5.89,1.04,0.0,0.0,46.33,15.7,46.9,failed,customer_not_home,67.09,check,boulder,campus,residential,standard,failed,2025-10-07 17:45:00,2025-10-07 17:45:00,1.0,0.0,501.0,Other,Other,Other,Other,Boulder,Campus,side_entrance,residential,standard,clear,Other,Other,Other,failed,customer_not_home,check,boulder,campus,residential,standard,failed,0.0,8580.0,367.3595054137261,0.6053542918620024,1.3075965129367384,1.3075965129367384,1.2486866870780342,1.465178023203561,0.8250032615233186,-0.0,0.0,26.10389758652512,1.5105912157676036,46.9,2317.6240500000004,0.962295536748461,0.0,298.38475756193475
S-00694,R-142,D-036,V-025,Dnvr-East,Industrial,call_on_arrival,residential,standard,0,snow,2025-03-07 15:50,2025-03-07 15:50,109.0,2025-07-27 16:10:00,550.0,1.0,5.46,5.46,9.641375,15.98,3.44,0.0,0.0,42.72,11.0,92.0,failed,weather_delay,66.77,check,denver-east,industrial,residential,standard,failed,2025-03-07 15:50:00,2025-03-07 15:50:00,4.0,0.0,441.0,Other,Other,Other,Other,Other,Industrial,call_on_arrival,residential,standard,snow,Other,Other,Other,failed,weather_delay,check,denver-east,industrial,residential,standard,failed,0.0,6049.5,324.57101874558623,0.6053542918620024,1.4287104852151522,1.4287104852151522,6.519421672746649,1.908062363288508,2.221878212513562,0.0,0.0,24.421670839662383,1.4226497308103743,92.0,2295.8864499999995,3.618555125115471,0.0,265.9665307266122
S-00695,R-153,D-051,V-022,Denver-East,Suburban,front_desk,residential,standard,1,rain,17-Nov-2025 17:05,17-Nov-2025 17:05,103.0,2025-07-28 17:11:00,611.0,1.0,5.52,5.52,3.377,16.62,1.79,2.08,0.0,55.72,11.9,76.5,delivered ,customer_not_home,88.13,check,denver-east,suburban,residential,standard,delivered,2025-11-17 17:05:00,2025-11-17 17:05:00,0.0,0.0,508.0,Other,Other,Other,Other,Denver-East,Suburban,front_desk,residential,standard,rain,Other,Other,Other,Other,customer_not_home,check,denver-east,suburban,residential,standard,delivered,1.0,5407.5,356.84828809085553,0.6053542918620024,1.43398567111553,1.43398567111553,2.586798318906676,1.92379473138994,1.2686142849099402,0.44729296677348623,0.0,30.365422555721906,1.4431539536102955,76.5,3971.5784499999995,0.0,0.0,302.14076380729637
S-00696,R-106,D-009,V-034,Denver-East,Suburban,mailroom,business,standard,0,rain,12/11/2024 09:45 AM MST,12/11/2024 09:45 AM MST,119.0,2025-07-29 09:55:00,175.0,2.0,5.95,5.95,1.803,9.21,0.87,0.0,0.0,46.61,9.4,37.3,rescheduled,customer_not_home,70.61,check,denver-east,suburban,business,standard,rescheduled,2024-12-11 09:45:00,2024-12-11 09:45:00,2.0,0.0,56.0,Other,Other,Other,Other,Denver-East,Suburban,mailroom,business,standard,rain,Other,Other,Other,rescheduled,customer_not_home,check,denver-east,suburban,business,standard,rescheduled,0.0,7199.5,115.49435024314043,0.8890149625568643,1.4700311025860784,1.4700311025860784,1.5106894105233537,1.6730927614773536,0.7112687369880748,-0.0,0.0,26.233279728294235,1.3798263270539577,37.3,2563.4960499999997,1.875417088358097,0.0,41.16011651755984
S-00697,R-133,D-042,V-028,Denver-West,Campus,call_on_arrival,residential,expedited,0,clear,07-Apr-2025 16:30 MDT,07-Apr-2025 16:30 MDT,63.0,2025-07-30 16:32:00,572.0,2.0,6.54,6.54,2.259,6.19,0.89,0.0,0.0,48.02,8.8,62.1,delivered,customer_not_home,85.24,check,denver-west,campus,residential,expedited,delivered,2025-04-07 16:30:00,2025-04-07 16:30:00,0.0,0.0,509.0,Other,Other,Other,Other,Denver-West,Campus,call_on_arrival,residential,expedited,clear,Other,Other,Other,delivered,customer_not_home,check,denver-west,campus,residential,expedited,delivered,0.0,2047.5,336.2512677112903,0.8890149625568643,1.5150257854147866,1.5150257854147866,1.8377657356895964,1.4889122490360467,0.7249629554602642,0.0,0.0,26.882521441254056,1.36112343500006,62.1,3718.1687999999995,0.0,0.0,302.67691291659423
S-00698,R-124,D-024,V-002,Denver-East,Downtown,front_desk,Business,same_day,0,clear,15-Jan-2025 15:15 MST,15-Jan-2025 15:15 MST,43.0,2025-07-31 15:11:00,491.0,1.0,4.01,4.01,0.769,10.43,0.58,0.0,0.0,39.1,16.2,81.5,rescheduled,customer_not_home,70.65,check,denver-east,downtown,business,same_day,rescheduled,2025-01-15 15:15:00,2025-01-15 15:15:00,2.0,0.0,448.0,Other,Other,Other,Other,Denver-East,Downtown,front_desk,Other,same_day,clear,Other,Other,Other,rescheduled,customer_not_home,check,denver-east,downtown,business,same_day,rescheduled,0.0,967.5,293.0099221851126,0.6053542918620024,1.2777862568265548,1.2777862568265548,0.7010943044729805,1.7283708828289701,0.5019457767999675,-0.0,0.0,22.70661817727219,1.517757177829588,81.5,2566.3612500000004,1.875417088358097,0.0,269.77029645031655
S-00699,R-114,D-020,V-012,Denver-East,Downtown,rear_loading_dock,residential ,standard,0,rain,01/24/2025 12:45 PM,01/24/2025 12:45 PM,106.0,2025-08-01 12:46:00,346.0,4.0,5.25,5.25,2.13,10.26,0.88,0.0,0.0,36.11,8.3,52.1,failed,vehicle_issue,59.69,check,denver-east,downtown,residential,standard,failed,2025-01-24 12:45:00,2025-01-24 12:45:00,4.0,0.0,240.0,Other,Other,Other,Other,Denver-East,Downtown,Other,Other,standard,rain,Other,Other,Other,failed,vehicle_issue,check,denver-east,downtown,residential,standard,failed,0.0,5724.0,213.6986528394899,1.1867360977981165,1.409733458790382,1.409733458790382,1.7467156513346629,1.721139602126901,0.718126772520019,0.0,0.0,21.26659811779922,1.3441741642160472,52.1,1841.1380499999998,3.618555125115471,0.0,153.61828440604384
S-00700,R-113,D-022,V-032,Colorado Springs,Suburban,front_desk,business,standard,0,rain,2025-04-05 19:55 MST,2025-04-05 19:55 MST,104.0,2025-08-02 19:58:00,778.0,4.0,10.89,10.89,4.312,10.36,1.0,1.6,0.0,47.59,5.8,38.4,failed,customer_not_home,62.6,check,colorado-springs,suburban,business,standard,failed,2025-04-05 19:55:00,2025-04-05 19:55:00,5.0,1.0,674.0,Other,Other,Other,Other,Other,Suburban,front_desk,business,standard,rain,Other,Other,Other,failed,customer_not_home,check,colorado-springs,suburban,business,standard,failed,0.0,5512.0,443.6647431337644,1.1867360977981165,1.7472566199847952,1.7472566199847952,3.1695729790342857,1.7254103392827294,0.7987697769322359,0.4260355029585799,0.0,26.68492645107863,1.2330350111526296,38.4,2021.98,4.46194756940847,1.0,389.84759265580993
S-00701,R-110,D-015,V-009,Denver-East,Suburban,side_entrance,Biz,same_day,0,wind,2025/03/07 11:05:00,2025/03/07 11:05:00,49.0,2025-08-03 11:06:00,246.0,1.0,2.02,2.02,0.827,4.27,0.46,0.0,0.0,47.66,10.8,51.5,delivered,customer_not_home,96.03,check,denver-east,suburban,business,same_day,delivered,2025-03-07 11:05:00,2025-03-07 11:05:00,4.0,0.0,197.0,Other,Other,Other,Other,Denver-East,Suburban,side_entrance,Other,same_day,wind,Other,Other,Other,delivered,customer_not_home,check,denver-east,suburban,business,same_day,delivered,0.0,1249.5,157.08097327931767,0.6053542918620024,0.9406971709322348,0.9406971709322348,0.749734849393339,1.308750450489808,0.40858092081228553,-0.0,0.0,26.717116832760137,1.417777490260418,51.5,4706.91045,3.618555125115471,0.0,128.53400523368626
S-00702,R-155,D-005,V-019,Colorado-Springs,Rural,garage,business,expedited,0,snow,2025-07-17 17:40 MST,2025-07-17 17:40 MST,52.0,2025-08-04 17:51:00,651.0,1.0,3.75,3.75,9.641375,3.18,3.44,1.91,0.0,44.58,25.3,55.3,failed,customer_not_home,69.91,check,colorado-springs,rural,business,expedited,failed,2025-07-17 17:40:00,2025-07-17 17:40:00,3.0,0.0,599.0,Other,Other,Other,Other,Colorado-Springs,Rural,garage,business,expedited,snow,Other,Other,Other,failed,customer_not_home,check,colorado-springs,rural,business,expedited,failed,0.0,1404.0,377.83750615355666,0.6053542918620024,1.244659324885828,1.244659324885828,6.089302214310555,1.1630028978741824,2.221878212513562,0.44095487771755176,0.0,25.291744835812725,1.77131393174903,55.3,2513.6140499999997,2.7580025035383304,0.0,350.5251194581819
S-00703,R-133,D-051,V-007,Fort-Collins,Suburban,side_entrance,business,expedited,0,clear,2025-08-29 16:45 MST,2025-08-29 16:45 MST,60.0,2025-08-05 16:41:00,581.0,2.0,2.05,2.05,5.838,10.43,2.76,2.71,0.0,44.95,7.8,44.6,delivered,customer_not_home,90.79,check,fort-collins,suburban,business,expedited,delivered,2025-08-29 16:45:00,2025-08-29 16:45:00,4.0,0.0,521.0,Other,Other,Other,Other,Fort-Collins,Suburban,side_entrance,business,expedited,clear,Other,Other,Other,delivered,customer_not_home,check,fort-collins,suburban,business,expedited,delivered,0.0,1860.0,341.01654079737904,0.8890149625568643,0.9477818509060418,0.9477818509060418,4.058647999375982,1.7283708828289701,1.7463437342102075,0.4636736146932963,0.0,25.46396948730409,1.325800137536758,44.6,4212.202050000001,3.618555125115471,0.0,309.1025671522804
S-00704,R-154,D-050,V-035,Colorado-Springs,Rural,mailroom,residential,Standard,0,clear,2025-01-13 19:00 MST,2025-01-13 19:00 MST,128.0,2025-08-06 18:55:00,715.0,3.0,14.46,14.46,4.766,13.14,0.95,0.0,0.0,34.43,17.2,64.2,delivered,customer_not_home,85.98,check,colorado-springs,rural,residential,standard,delivered,2025-01-13 19:00:00,2025-01-13 19:00:00,0.0,0.0,587.0,Other,Other,Other,Other,Colorado-Springs,Rural,mailroom,residential,Other,clear,Other,Other,Other,delivered,customer_not_home,check,colorado-springs,rural,residential,standard,delivered,0.0,8320.0,411.1564941877923,1.0641270562537064,1.867394335382639,1.867394335382639,3.441263122298529,1.827614361636913,0.7655313180710959,0.0,0.0,20.447362001731932,1.5311927690615046,64.2,3782.2602,0.0,0.0,344.1892909463069
S-00705,R-103,D-048,V-034,Dnvr-East,Campus,call_on_arrival,residential,Expedited,0,wind,2025/04/21 12:20:00,2025/04/21 12:20:00,73.0,2025-08-07 12:30:00,330.0,3.0,3.99,3.99,5.615,7.86,1.08,4.22,118.12,40.83,21.5,100.0,failed,vehicle_issue,59.01,check,denver-east,campus,residential,expedited,failed,2025-04-21 12:20:00,2025-04-21 12:20:00,0.0,0.0,257.0,Other,Other,Other,Other,Other,Campus,call_on_arrival,residential,Other,wind,Other,Other,Other,failed,vehicle_issue,check,denver-east,campus,residential,expedited,failed,0.0,2737.5,204.7634493461055,1.0641270562537064,1.275318116455844,1.275318116455844,3.932762450913764,1.6009315236976576,0.8509298998381457,0.48165029873313664,118.12,23.529943092213006,1.5783629786442162,100.0,1800.1000499999998,0.0,0.0,163.4075725244021
S-00706,R-157,D-043,V-022,Colorado-Springs,Rural,side_entrance,residential,standard,1,clear,2024-11-04 15:30,2024-11-04 15:30,116.0,2025-08-08 15:37:00,517.0,2.0,2.68,2.68,9.641375,14.55,3.44,0.0,0.0,46.06,5.3,70.1,failed,address_issue,53.87,check,colorado-springs,rural,residential,standard,failed,2024-11-04 15:30:00,2024-11-04 15:30:00,0.0,0.0,401.0,Other,Other,Other,Other,Colorado-Springs,Rural,side_entrance,residential,standard,clear,Other,Other,Other,failed,address_issue,check,colorado-springs,rural,residential,standard,failed,1.0,6844.0,306.96234046691046,0.8890149625568643,1.0784483225094823,1.0784483225094823,6.519421672746649,1.869944868874115,2.221878212513562,-0.0,0.0,25.978991181713173,1.2031809271104041,70.1,1504.85845,0.0,0.0,244.1117404733862
S-00707,R-109,D-050,V-040,Boulder ,Downtown,call_on_arrival,residential,standard,0,clear,12/25/2024 06:50 PM,12/25/2024 06:50 PM,118.0,2025-08-09 18:43:00,703.0,1.0,8.13,8.13,1.288,9.26,0.8,0.0,0.0,33.39,7.9,43.4,delivered,customer_not_home,90.15,check,boulder,downtown,residential,standard,delivered,2024-12-25 06:50:00,2024-12-25 06:50:00,2.0,0.0,585.0,Other,Other,Other,Other,Other,Downtown,call_on_arrival,residential,standard,clear,Other,Other,Other,delivered,customer_not_home,check,boulder,downtown,residential,standard,delivered,0.0,7080.0,404.93268915028153,0.6053542918620024,1.6164629378546171,1.6164629378546171,1.1213169762587454,1.6755241652962363,0.6626345475706247,0.0,0.0,19.936331027379573,1.3295984768460092,43.4,4153.66125,1.875417088358097,0.0,343.1320689055338
S-00708,R-110,D-039,V-025,Fort-Collins,Suburban,garage,business,standard,0,rain,09-Dec-2025 14:15,09-Dec-2025 14:15,132.0,2025-08-10 14:12:00,432.0,1.0,0.95,0.95,2.363,5.13,1.48,0.0,0.0,48.61,20.6,45.8,delivered,customer_not_home,93.9,check,fort-collins,suburban,business,standard,delivered,2025-12-09 14:15:00,2025-12-09 14:15:00,1.0,0.0,300.0,Other,Other,Other,Other,Fort-Collins,Suburban,garage,business,standard,rain,Other,Other,Other,delivered,customer_not_home,check,fort-collins,suburban,business,standard,delivered,0.0,8844.0,261.0671008510886,0.6053542918620024,0.6051826001526931,0.6051826001526931,1.9103851176578317,1.3985131776915691,1.0951803468784778,-0.0,0.0,27.153077227108074,1.5696685170880649,45.8,4502.505,0.962295536748461,0.0,187.89129655106515
S-00709,R-154,D-011,V-012,Denver-West,Rural,package_room_3F,business ,standard,1,fog,2025/04/14 14:55:00,2025/04/14 14:55:00,115.0,2025-08-11 15:00:00,480.0,3.0,2.26,2.26,2.731,12.25,1.13,0.0,0.0,46.64,7.4,85.2,rescheduled,customer_not_home,67.64,check,denver-west,rural,business,standard,rescheduled,2025-04-14 14:55:00,2025-04-14 14:55:00,0.0,0.0,365.0,Other,Other,Other,Other,Denver-West,Rural,Other,Other,standard,fog,Other,Other,Other,rescheduled,customer_not_home,check,denver-west,rural,business,standard,rescheduled,1.0,6727.5,287.08496224470275,1.0641270562537064,0.9949620699941574,0.9949620699941574,2.1621328096806023,1.7979600411006014,0.882920953624112,-0.0,0.0,26.247133060815457,1.3099344406576456,85.2,2355.2248,0.0,0.0,224.25596353506842
S-00710,R-152,D-045,V-040,Denver-West,Rural,mailroom,business,Standard,0,clear,10-Feb-2025 10:30 MST,10-Feb-2025 10:30 MST,128.0,2025-08-12 10:31:00,211.0,1.0,2.52,2.52,6.813,11.65,2.22,0.0,0.0,38.63,15.4,62.5,delivered ,customer_not_home,88.95,check,denver-west,rural,business,standard,delivered,2025-02-10 10:30:00,2025-02-10 10:30:00,0.0,0.0,83.0,Other,Other,Other,Other,Denver-West,Rural,mailroom,business,Other,clear,Other,Other,Other,Other,customer_not_home,check,denver-west,rural,business,standard,delivered,0.0,8320.0,136.75571111563949,0.6053542918620024,1.04817684409885,1.04817684409885,4.595282566807392,1.7764660667177097,1.4910057854778633,-0.0,0.0,22.481723017842743,1.5061352016752052,62.5,4045.0012500000003,0.0,0.0,58.81400000770139
S-00711,R-147,D-058,V-011,Denver-East,Suburban,side_entrance,residential,standard,1,fog,2025/02/09 09:00:00 MST,2025/02/09 09:00:00 MST,121.0,2025-08-13 08:57:00,117.0,1.0,7.17,7.17,3.341,10.24,1.41,0.0,0.0,51.06,12.6,69.3,delivered,customer_not_home,88.58,check,denver-east,suburban,residential,standard,delivered,2025-02-09 09:00:00,2025-02-09 09:00:00,6.0,1.0,0.0,Other,Other,Other,Other,Denver-East,Suburban,side_entrance,residential,standard,fog,Other,Other,Other,delivered,customer_not_home,check,denver-east,suburban,residential,standard,delivered,1.0,7441.5,80.25644969438443,0.6053542918620024,1.558277049432847,1.558277049432847,2.5636517341056564,1.7202795359131342,1.0542406180061954,0.0,0.0,28.269795463567984,1.4576738554533595,69.3,4011.7882,5.291331975501458,1.0,0.0
S-00712,R-127,D-029,V-003,Colorado-Springs,Downtown,garage,business,standard,0,clear,24-Jan-2025 09:05,24-Jan-2025 09:05,120.0,2025-08-14 09:08:00,128.0,2.0,1.9,1.9,1.956,3.96,1.09,0.0,118.12,46.35,9.1,64.0,failed,vehicle_issue,58.8,check,colorado-springs,downtown,business,standard,failed,2025-01-24 09:05:00,2025-01-24 09:05:00,4.0,0.0,8.0,Other,Other,Other,Other,Colorado-Springs,Downtown,garage,business,standard,clear,Other,Other,Other,failed,vehicle_issue,check,colorado-springs,downtown,business,standard,failed,0.0,7320.0,87.05226849486236,0.8890149625568643,0.9114158298566538,0.9114158298566538,1.6220973739579234,1.2715916929424538,0.8573647251876968,-0.0,118.12,26.113144234960185,1.3706832244724474,64.0,1787.5199999999998,3.618555125115471,0.0,6.9163045064911985
S-00713,R-129,D-024,V-016,Denver-West,Campus,mailroom,residential,standard,0,rain,2025/11/19 07:55:00,2025/11/19 07:55:00,114.0,2025-08-15 08:00:00,60.0,2.0,3.14,3.14,2.171,8.44,1.37,0.0,0.0,32.38,14.4,62.1,failed,customer_not_home,65.77,check,denver-west,campus,residential,standard,failed,2025-11-19 07:55:00,2025-11-19 07:55:00,2.0,0.0,0.0,Other,Other,Other,Other,Denver-West,Campus,mailroom,residential,standard,rain,Other,Other,Other,failed,customer_not_home,check,denver-west,campus,residential,standard,failed,0.0,6612.0,43.82074320315774,0.8890149625568643,1.1567332425801147,1.1567332425801147,1.7757740184866224,1.6335751254684518,1.0305254548509775,-0.0,0.0,19.43707451967826,1.4903528085623745,62.1,2228.6164499999995,1.875417088358097,0.0,0.0
S-00714,R-149,D-040,V-019,Boulder,Suburban,garage,residential ,standard,0,rain,28-Jul-2025 15:00 MST,28-Jul-2025 15:00 MST,138.0,2025-08-16 14:58:00,478.0,1.0,9.05,9.05,7.118,6.94,2.29,0.0,0.0,48.51,9.7,92.1,DELIVERED,customer_not_home,89.94,check,boulder,suburban,residential,standard,delivered,2025-07-28 15:00:00,2025-07-28 15:00:00,0.0,0.0,340.0,Other,Other,Other,Other,Boulder,Suburban,garage,Other,standard,rain,Other,Other,Other,Other,customer_not_home,check,boulder,suburban,residential,standard,delivered,0.0,9660.0,286.00624925994333,0.6053542918620024,1.6652070442095737,1.6652070442095737,4.758943971736874,1.543005371899622,1.5254864382227131,-0.0,0.0,27.107265806634736,1.388582159484257,92.1,4134.5418,0.0,0.0,210.35288338669184
S-00715,R-115,D-048,V-029,Denver-West,Suburban,front_desk,residential,standard,0,snow,12-Apr-2025 15:10,12-Apr-2025 15:10,116.0,2025-08-17 15:25:00,505.0,3.0,5.76,5.76,1.303,29.35625,0.61,0.0,0.0,40.96,10.4,80.7,delivered,customer_not_home,66.6,check,denver-west,suburban,residential,standard,delivered,2025-04-12 15:10:00,2025-04-12 15:10:00,5.0,1.0,389.0,Other,Other,Other,Other,Denver-West,Suburban,front_desk,residential,standard,snow,Other,Other,Other,delivered,customer_not_home,check,denver-west,suburban,residential,standard,delivered,0.0,6844.0,300.5316835005434,1.0641270562537064,1.4544719667048331,1.4544719667048331,1.1330073493403374,2.170073287889709,0.5246167930438201,-0.0,0.0,23.591533198728662,1.4076511222409076,80.7,2284.3799999999997,4.46194756940847,1.0,237.513721570643
S-00716,R-120,D-035,V-016,Colorado-Springs,Suburban,side_entrance,business,Standard,0,clear,2025/05/27 16:00:00,2025/05/27 16:00:00,114.0,2025-08-18 16:02:00,542.0,1.0,6.71,6.71,2.351,8.97,1.54,0.0,0.0,49.84,7.3,92.5,delivered ,customer_not_home,83.46,check,colorado-springs,suburban,business,standard,delivered,2025-05-27 16:00:00,2025-05-27 16:00:00,1.0,0.0,428.0,Other,Other,Other,Other,Colorado-Springs,Suburban,side_entrance,business,Other,clear,Other,Other,Other,Other,customer_not_home,check,colorado-springs,suburban,business,standard,delivered,0.0,6612.0,320.3121752572303,0.6053542918620024,1.5271474989091824,1.5271474989091824,1.9020407019132533,1.66120272083602,1.129723099676418,0.0,0.0,27.715060937286452,1.3057898654993767,92.5,3566.2457999999997,0.962295536748461,0.0,258.8863179377542
S-00717,R-158,D-052,V-031,Colorado Springs,Downtown,garage,business ,Standard,0,rain,29-Dec-2025 12:55 MST,29-Dec-2025 12:55 MST,98.0,2025-08-19 12:52:00,352.0,3.0,5.34,5.34,2.962,8.1,1.38,0.0,0.0,51.25,7.9,55.2,delivered,customer_not_home,90.45,check,colorado-springs,downtown,business,standard,delivered,2025-12-29 12:55:00,2025-12-29 12:55:00,0.0,0.0,254.0,Other,Other,Other,Other,Other,Downtown,garage,Other,Other,rain,Other,Other,Other,delivered,customer_not_home,check,colorado-springs,downtown,business,standard,delivered,0.0,4900.0,217.0386417966705,1.0641270562537064,1.4179664777299543,1.4179664777299543,2.3163446497763247,1.6147668897498209,1.0364766218799306,-0.0,0.0,28.355953237325778,1.3295984768460092,55.2,4181.05125,0.0,0.0,161.68486008350501
S-00718,R-124,D-054,V-013,Boulder,Campus,call_on_arrival,Biz,standard,1,clear,2025/03/11 08:10:00 MST,2025/03/11 08:10:00 MST,105.0,2025-08-20 08:10:00,70.0,2.0,3.69,3.69,1.624,17.94,0.42,0.0,0.0,53.49,7.7,46.3,rescheduled,customer_not_home,67.97,check,boulder,campus,business,standard,rescheduled,2025-03-11 08:10:00,2025-03-11 08:10:00,1.0,0.0,0.0,Other,Other,Other,Other,Boulder,Campus,call_on_arrival,Other,standard,clear,Other,Other,Other,rescheduled,customer_not_home,check,boulder,campus,business,standard,rescheduled,1.0,5617.5,50.39870558663136,0.8890149625568643,1.23667872761422,1.23667872761422,1.378003501196274,1.9540142245177754,0.376440178621705,-0.0,0.0,29.36705817052378,1.3219364963791898,46.3,2377.93045,0.962295536748461,0.0,0.0
S-00719,R-129,D-044,V-037,Denver-West,Industrial,leave_at_door,business,same_day,0,clear,10/28/2025 12:40 PM MST,10/28/2025 12:40 PM MST,45.0,2025-08-21 12:42:00,342.0,4.0,6.26,6.26,9.641375,18.76,3.44,0.0,0.0,36.43,3.5,63.5,failed,customer_not_home,62.53,check,denver-west,industrial,business,same_day,failed,2025-10-28 12:40:00,2025-10-28 12:40:00,1.0,0.0,297.0,Other,Other,Other,Other,Denver-West,Industrial,leave_at_door,business,same_day,clear,Other,Other,Other,failed,customer_not_home,check,denver-west,industrial,business,same_day,failed,0.0,1057.5,211.46878897668188,1.1867360977981165,1.4942654544936456,1.4942654544936456,6.519421672746649,1.9714413507643112,2.221878212513562,0.0,0.0,21.42179336604277,1.0571909584179366,63.5,2017.53045,0.962295536748461,0.0,186.19507814408155
S-00720,R-150,D-030,V-019,Denver-East,Suburban,front_desk,residential,Standard,0,clear,2024-11-19 14:45,2024-11-19 14:45,117.0,2025-08-22 14:35:00,455.0,2.0,2.77,2.77,2.771,9.2,1.01,0.0,0.0,46.1,15.8,87.1,rescheduled,customer_not_home,69.66,check,denver-east,suburban,residential,standard,rescheduled,2024-11-19 14:45:00,2024-11-19 14:45:00,1.0,0.0,338.0,Other,Other,Other,Other,Denver-East,Suburban,front_desk,residential,Other,clear,Other,Other,Other,rescheduled,customer_not_home,check,denver-east,suburban,residential,standard,rescheduled,0.0,6961.5,273.56813639535227,0.8890149625568643,1.0947341539705204,1.0947341539705204,2.189036798549545,1.6726046228897804,0.8053574464814671,-0.0,0.0,25.99750485961327,1.5120499635257334,87.1,2495.9177999999997,0.962295536748461,0.0,209.23632311070727
S-00721,R-134,D-025,V-033,Boulder,Suburban,side_entrance,residential,same_day,0,wind,2025-03-25 10:55,2025-03-25 10:55,43.0,2025-08-23 10:49:00,229.0,4.0,7.64,7.64,3.853,10.1,1.31,0.0,0.0,28.26,8.7,63.0,failed,customer_not_home,67.08,check,boulder,suburban,residential,same_day,failed,2025-03-25 10:55:00,2025-03-25 10:55:00,1.0,0.0,186.0,Other,Other,Other,Other,Boulder,Suburban,side_entrance,residential,same_day,wind,Other,Other,Other,failed,customer_not_home,check,boulder,suburban,residential,same_day,failed,0.0,967.5,147.2474262248457,1.1867360977981165,1.5878141642898715,1.5878141642898715,2.8877041388665172,1.7142028413132766,0.9944980352269758,0.0,0.0,17.367847576798624,1.3578387009320645,63.0,2316.9431999999997,0.962295536748461,0.0,122.03336527473654
S-00722,R-153,D-027,V-011,Denver-West,Campus,side_entrance,residential,expedited,0,clear,23-Jul-2025 08:10 MDT,23-Jul-2025 08:10 MDT,66.0,2025-08-24 08:08:00,68.0,2.0,7.76,7.76,3.009,5.33,1.1,0.0,0.0,33.52,7.7,62.1,rescheduled,customer_not_home,70.14,check,denver-west,campus,residential,expedited,rescheduled,2025-07-23 08:10:00,2025-07-23 08:10:00,2.0,0.0,2.0,Other,Other,Other,Other,Denver-West,Campus,side_entrance,residential,expedited,clear,Other,Other,Other,rescheduled,customer_not_home,check,denver-west,campus,residential,expedited,rescheduled,0.0,2244.0,49.0909643552951,0.8890149625568643,1.595022193061226,1.595022193061226,2.3473869571840584,1.4170592223967513,0.8637811037542307,-0.0,0.0,20.000377167811433,1.3219364963791898,62.1,2529.9498,1.875417088358097,0.0,1.875417088358097
S-00723,R-109,D-013,V-039,Boulder,Industrial,side_entrance,business,Expedited,1,snow,2025/08/22 17:20:00 MDT,2025/08/22 17:20:00 MDT,69.0,2025-08-25 17:35:00,635.0,4.0,11.1,11.1,2.897,16.5,1.8,0.0,0.0,59.58,9.8,85.5,rescheduled,customer_not_home,79.84,check,boulder,industrial,business,expedited,rescheduled,2025-08-22 17:20:00,2025-08-22 17:20:00,4.0,0.0,566.0,Other,Other,Other,Other,Boulder,Industrial,side_entrance,business,Other,snow,Other,Other,Other,rescheduled,customer_not_home,check,boulder,industrial,business,expedited,rescheduled,1.0,2449.5,369.45772600514795,1.1867360977981165,1.7555653672925289,1.7555653672925289,2.2732310684706585,1.9209020413000062,1.2740115175117555,-0.0,0.0,32.075250929154016,1.3914193805498154,85.5,3267.0528000000004,3.618555125115471,0.0,333.070265394786
S-00724,R-104,D-056,V-017,Denver-West,Suburban,call_on_arrival,residential,same_day,0,snow,08/28/2025 12:45 PM MDT ,08/28/2025 12:45 PM MDT ,61.0,2025-08-26 12:56:00,356.0,2.0,5.47,5.47,5.338,9.15,2.88,0.0,0.0,52.86,21.0,37.5,rescheduled,customer_not_home,57.91,check,denver-west,suburban,residential,same_day,rescheduled,2025-08-28 12:45:00,2025-08-28 12:45:00,3.0,0.0,295.0,Other,Other,Other,Other,Denver-West,Suburban,call_on_arrival,residential,same_day,snow,Other,Other,Other,rescheduled,customer_not_home,check,denver-west,suburban,residential,same_day,rescheduled,0.0,1921.5,219.26214320437927,0.8890149625568643,1.4295940960681353,1.4295940960681353,3.7746046674391702,1.6701545637496886,1.8000420139087092,-0.0,0.0,29.083539702993054,1.5735985672887791,37.5,1734.6940499999998,2.7580025035383304,0.0,185.06331788224705
S-00725,R-156,D-042,V-031,Boulder,Downtown,front_desk,business,standard,0,clear,2025-07-13 15:15 MST,2025-07-13 15:15 MST,118.0,2025-08-27 15:04:00,484.0,3.0,8.81,8.81,4.616,5.89,1.57,3.56,0.0,56.11,6.8,47.5,delivered,customer_not_home,77.67,check,boulder,downtown,business,standard,delivered,2025-07-13 15:15:00,2025-07-13 15:15:00,6.0,1.0,366.0,Other,Other,Other,Other,Boulder,Downtown,front_desk,business,standard,clear,Other,Other,Other,delivered,customer_not_home,check,boulder,downtown,business,standard,delivered,0.0,7080.0,289.2410449440994,1.0641270562537064,1.6530673198279386,1.6530673198279386,3.35223246361752,1.465178023203561,1.1468110159360163,0.47595413973530315,0.0,30.539210426726953,1.283885125960567,47.5,3093.98445,5.291331975501458,1.0,224.81006923407062
S-00726,R-160,D-024,V-036,Colorado-Springs,Industrial,call_on_arrival,res,same_day,0,clear,2025/04/10 13:20:00 MDT ,2025/04/10 13:20:00 MDT ,34.0,2025-08-28 13:15:00,375.0,2.0,1.83,1.83,1.864,16.99,1.06,3.94,0.0,36.49,9.0,87.2,delivered,customer_not_home,87.58,check,colorado-springs,industrial,residential,same_day,delivered,2025-04-10 13:20:00,2025-04-10 13:20:00,3.0,0.0,341.0,Other,Other,Other,Other,Colorado-Springs,Industrial,call_on_arrival,Other,same_day,clear,Other,Other,Other,delivered,customer_not_home,check,colorado-springs,industrial,residential,same_day,delivered,0.0,612.0,229.7902808387031,0.8890149625568643,0.8935974453189686,0.8935974453189686,1.5553203615134823,1.9325550624476657,0.8380043385853689,0.4795112196561163,0.0,21.45086287574946,1.367544467966324,87.2,3922.7082,2.7580025035383304,0.0,210.9109177538544
S-00727,R-155,D-007,V-034,Boulder,Suburban,mailroom,Biz,standard,0,clear,2025/07/09 10:35:00 MDT,2025/07/09 10:35:00 MDT,105.0,2025-08-29 10:24:00,204.0,5.0,8.01,8.01,2.44,9.22,0.45,4.225,0.0,23.99,9.1,63.1,delivered,customer_not_home,87.79,check,boulder,suburban,business,standard,delivered,2025-07-09 10:35:00,2025-07-09 10:35:00,2.0,0.0,99.0,Other,Other,Other,Other,Boulder,Suburban,mailroom,Other,standard,clear,Other,Other,Other,delivered,customer_not_home,check,boulder,suburban,business,standard,delivered,0.0,5617.5,132.65187813004331,1.2791016451735329,1.6096348162979037,1.6096348162979037,1.9637177720364947,1.673580278932205,0.40059577180755723,0.4921875,0.0,15.465450381977988,1.3706832244724474,63.1,3941.3320500000004,1.875417088358097,0.0,68.99526049779934
S-00728,R-106,D-008,V-019,Boulder,Downtown,rear_loading_dock,residential,Standard,0,wind,01/09/2025 11:45 AM MST,01/09/2025 11:45 AM MST,121.0,2025-08-30 11:55:00,295.0,2.0,5.12,5.12,1.499,15.04,0.71,3.63,0.0,46.06,7.4,61.9,delivered,customer_not_home,98.24,check,boulder,downtown,residential,standard,delivered,2025-01-09 11:45:00,2025-01-09 11:45:00,3.0,0.0,174.0,Other,Other,Other,Other,Boulder,Downtown,Other,residential,Other,wind,Other,Other,Other,delivered,customer_not_home,check,boulder,downtown,residential,standard,delivered,0.0,7441.5,185.06331788224705,0.8890149625568643,1.3975652783463393,1.3975652783463393,1.283732414235319,1.8835021511203593,0.5984069121092206,0.4766757320321502,0.0,25.978991181713173,1.3099344406576456,61.9,4923.788799999999,2.7580025035383304,0.0,114.89790256465513
S-00729,R-118,D-049,V-011,Denver-West,Downtown,locker_pickup,residential,standard,0,snow,07-Feb-2025 13:50,07-Feb-2025 13:50,123.0,2025-08-31 13:51:00,411.0,2.0,3.86,3.86,3.423,13.6,1.31,0.0,0.0,34.75,12.9,87.6,rescheduled,customer_not_home,65.76,check,denver-west,downtown,residential,standard,rescheduled,2025-02-07 13:50:00,2025-02-07 13:50:00,4.0,0.0,288.0,Other,Other,Other,Other,Denver-West,Downtown,Other,residential,standard,snow,Other,Other,Other,rescheduled,customer_not_home,check,denver-west,downtown,residential,standard,rescheduled,0.0,7687.5,249.59503735875813,0.8890149625568643,1.258955492557566,1.258955492557566,2.616291580311976,1.8420063063703047,0.9944980352269758,-0.0,0.0,20.60399553036946,1.46355821921418,87.6,2227.9488,3.618555125115471,0.0,181.09609506565212
S-00730,R-110,D-029,V-033,Boulder,Industrial,call_on_arrival,Biz,Standard,0,rain,2025/05/02 09:40:00 MDT,2025/05/02 09:40:00 MDT,125.0,2025-09-01 09:42:00,162.0,1.0,8.03,8.03,3.744,11.16,1.37,1.88,0.0,57.88,19.2,86.0,delivered,customer_not_home,86.37,check,boulder,industrial,business,standard,delivered,2025-05-02 09:40:00,2025-05-02 09:40:00,4.0,0.0,37.0,Other,Other,Other,Other,Boulder,Industrial,call_on_arrival,Other,Other,rain,Other,Other,Other,delivered,customer_not_home,check,boulder,industrial,business,standard,delivered,0.0,7937.5,107.71330220897006,0.6053542918620024,1.610781019883937,1.610781019883937,2.8196117626721064,1.7579049237669748,1.0305254548509775,0.43971836419753085,0.0,31.32498722538394,1.5550058405100153,86.0,3816.2584500000003,3.618555125115471,0.0,28.235822359682402
S-00731,R-106,D-054,V-028,Boulder,Suburban,mailroom,residential ,expedited,0,clear,2025-07-04 12:15 MDT,2025-07-04 12:15 MDT,75.0,2025-09-02 12:09:00,309.0,6.0,11.75,11.75,3.826,20.51,0.74,0.0,0.0,44.39,20.0,56.0,Delivered,customer_not_home,91.45,check,boulder,suburban,residential,expedited,delivered,2025-07-04 12:15:00,2025-07-04 12:15:00,4.0,0.0,234.0,Other,Other,Other,Other,Boulder,Suburban,mailroom,Other,expedited,clear,Other,Other,Other,Other,customer_not_home,check,boulder,suburban,residential,expedited,delivered,0.0,2887.5,192.9698861120183,1.352108625101415,1.7801393846365372,1.7801393846365372,2.870880348988142,2.0056740938646236,0.6200367392875267,-0.0,0.0,25.203196574725748,1.5635642195280153,56.0,4273.00125,3.618555125115471,0.0,150.14696305273114
S-00732,R-153,D-059,V-015,Boulder ,Rural,leave_at_door,residential,expedited,1,rain,12/13/2025 10:55 AM,12/13/2025 10:55 AM,63.0,2025-09-03 10:49:00,229.0,1.0,3.0,3.0,5.066,21.25,2.83,0.0,0.0,36.5,11.4,64.2,rescheduled,customer_not_home,71.39,check,boulder,rural,residential,expedited,rescheduled,2025-12-13 10:55:00,2025-12-13 10:55:00,5.0,1.0,166.0,Other,Other,Other,Other,Other,Rural,leave_at_door,residential,expedited,rain,Other,Other,Other,rescheduled,customer_not_home,check,boulder,rural,residential,expedited,rescheduled,1.0,2047.5,147.2474262248457,0.6053542918620024,1.1341534820451762,1.1341534820451762,3.6172705342246174,2.019078022405706,1.7777905649030923,-0.0,0.0,21.45570688906982,1.4320381657529353,64.2,2619.65605,4.46194756940847,1.0,110.11386332280252
S-00733,R-160,D-029,V-023,Denver-West,Suburban,leave_at_door,business,standard,0,clear,2025/12/30 11:20:00,2025/12/30 11:20:00,121.0,2025-09-04 11:28:00,268.0,1.0,2.14,2.14,2.441,18.52,1.09,1.37,118.12,42.13,10.1,68.0,failed,customer_not_home,53.4,check,denver-west,suburban,business,standard,failed,2025-12-30 11:20:00,2025-12-30 11:20:00,1.0,0.0,147.0,Other,Other,Other,Other,Denver-West,Suburban,leave_at_door,business,standard,clear,Other,Other,Other,failed,customer_not_home,check,denver-west,suburban,business,standard,failed,0.0,7441.5,169.70724676679467,0.6053542918620024,0.968503743403421,0.968503743403421,1.96440803334747,1.966439446296057,0.8573647251876968,0.41098292652530755,118.12,24.144144090901705,1.3996997748123357,68.0,1479.1799999999998,0.962295536748461,0.0,98.65729508785324
S-00734,R-104,D-002,V-027,Fort-Collins,Campus,garage,residential,standard,0,rain,12/31/2024 06:10 PM,12/31/2024 06:10 PM,130.0,2025-09-05 18:23:00,683.0,1.0,2.76,2.76,4.673,12.82,1.08,2.81,118.12,33.03,8.8,53.3,delivered,customer_not_home,82.32,check,fort-collins,campus,residential,standard,delivered,2024-12-31 06:10:00,2024-12-31 06:10:00,1.0,0.0,553.0,Other,Other,Other,Other,Fort-Collins,Campus,garage,residential,standard,rain,Other,Other,Other,delivered,customer_not_home,check,fort-collins,campus,residential,standard,delivered,0.0,8580.0,394.53598461605316,0.6053542918620024,1.092949697711113,1.092949697711113,3.3861471598981274,1.8172386234235138,0.8509298998381457,0.4655554866665289,118.12,19.75871900194466,1.36112343500006,53.3,3470.6111999999994,0.962295536748461,0.0,326.166486698257
S-00735,R-124,D-026,V-033,Denver-East,Suburban,mailroom,business,expedited,0,clear,12/28/2024 02:15 PM,12/28/2024 02:15 PM,61.0,2025-09-06 14:11:00,431.0,4.0,4.06,4.06,0.885,8.21,0.49,0.0,0.0,36.15,17.5,89.0,delivered,customer_not_home,100.0,check,denver-east,suburban,business,expedited,delivered,2024-12-28 02:15:00,2024-12-28 02:15:00,5.0,1.0,370.0,Other,Other,Other,Other,Denver-East,Suburban,mailroom,business,expedited,clear,Other,Other,Other,delivered,customer_not_home,check,denver-east,suburban,business,expedited,delivered,0.0,1921.5,260.5220947055336,1.1867360977981165,1.2839009690500396,1.2839009690500396,0.7979142612894771,1.620950536090756,0.4323412924435917,0.0,0.0,21.28601211696037,1.535009445024723,89.0,5100.0,4.46194756940847,1.0,227.02498690804165
S-00736,R-106,D-016,V-025,Colorado Springs,Campus,front_desk,business,expedited,1,clear,2025-04-24 07:50 MST,2025-04-24 07:50 MST,48.0,2025-09-07 07:54:00,54.0,3.0,3.86,3.86,1.446,25.27,1.05,4.225,0.0,48.54,16.2,40.1,delivered,customer_not_home,92.97,check,colorado-springs,campus,business,expedited,delivered,2025-04-24 07:50:00,2025-04-24 07:50:00,3.0,0.0,6.0,Other,Other,Other,Other,Other,Campus,front_desk,business,expedited,clear,Other,Other,Other,delivered,customer_not_home,check,colorado-springs,campus,business,expedited,delivered,1.0,1200.0,39.82286305175713,1.0641270562537064,1.258955492557566,1.258955492557566,1.2433364273601222,2.082957061834485,0.831513313079815,0.492360358818667,0.0,27.121011174252388,1.517757177829588,40.1,4414.68045,2.7580025035383304,0.0,5.291331975501458
S-00737,R-102,D-024,V-015,Fort-Collins,Rural,call_on_arrival,residential,standard,0,snow,2025-05-04 09:20 MDT,2025-05-04 09:20 MDT,119.0,2025-09-08 09:37:00,157.0,5.0,2.22,2.22,2.353,9.04,1.3,0.0,0.0,51.68,25.3,57.2,failed,customer_not_home,52.72,check,fort-collins,rural,residential,standard,failed,2025-05-04 09:20:00,2025-05-04 09:20:00,6.0,1.0,38.0,Other,Other,Other,Other,Fort-Collins,Rural,call_on_arrival,residential,standard,snow,Other,Other,Other,failed,customer_not_home,check,fort-collins,rural,residential,standard,failed,0.0,7199.5,104.70428665559479,1.2791016451735329,0.9862852672430558,0.9862852672430558,1.903432059611234,1.6647087737616686,0.9884390796390998,-0.0,0.0,28.550711015709034,1.6825796674655242,57.2,1442.4192,5.291331975501458,1.0,28.929975463708022
S-00738,R-154,D-021,V-007,Colorado Springs,Suburban,garage,residential,Expedited,1,clear,2025/01/03 10:35:00,2025/01/03 10:35:00,70.0,2025-09-09 10:29:00,209.0,3.0,5.87,5.87,2.215,14.61,1.45,0.0,0.0,52.7,13.2,52.1,delivered,customer_not_home,82.03,check,colorado-springs,suburban,residential,expedited,delivered,2025-01-03 10:35:00,2025-01-03 10:35:00,4.0,0.0,139.0,Other,Other,Other,Other,Other,Suburban,garage,residential,Other,clear,Other,Other,Other,delivered,customer_not_home,check,colorado-springs,suburban,residential,expedited,delivered,1.0,2520.0,135.58458968321256,1.0641270562537064,1.4635481062271254,1.4635481062271254,1.8068335099727313,1.8716345873915523,1.077720771647694,-0.0,0.0,29.01142964222966,1.4692551075657247,52.1,3446.4904500000002,3.618555125115471,0.0,93.79031148759283
S-00739,R-151,D-046,V-022,Denver-West,Downtown,leave_at_door,residential,expedited,0,clear,10/12/2025 01:20 PM MDT,10/12/2025 01:20 PM MDT,59.0,2025-09-10 13:15:00,375.0,3.0,15.103750000000002,15.103750000000002,5.071,11.93,2.43,0.0,118.12,45.64,25.3,76.5,delivered,customer_not_home,76.23,check,denver-west,downtown,residential,expedited,delivered,2025-10-12 01:20:00,2025-10-12 01:20:00,6.0,1.0,316.0,Other,Other,Other,Other,Denver-West,Downtown,leave_at_door,residential,expedited,clear,Other,Other,Other,delivered,customer_not_home,check,denver-west,downtown,residential,expedited,delivered,0.0,1799.5,229.7902808387031,1.0641270562537064,2.0336080555983465,2.0336080555983465,3.6201815569928972,1.7866578987110515,1.5931499654990358,-0.0,118.12,25.78440691575838,1.64421596651759,76.5,2981.7364500000003,5.291331975501458,1.0,196.9096961097596
S-00740,R-103,D-010,V-009,Denver-East,Suburban,locker_pickup,business,STANDARD,0,clear,04-Jun-2025 12:20 MST,04-Jun-2025 12:20 MST,113.0,2025-09-11 12:18:00,318.0,3.0,9.09,9.09,3.193,3.88,1.23,0.0,0.0,49.3,18.1,89.4,failed,weather_delay,56.73,check,denver-east,suburban,business,standard,failed,2025-06-04 12:20:00,2025-06-04 12:20:00,2.0,0.0,205.0,Other,Other,Other,Other,Denver-East,Suburban,Other,business,Other,clear,Other,Other,Other,failed,weather_delay,check,denver-east,suburban,business,standard,failed,0.0,6497.5,198.03375059372786,1.0641270562537064,1.6671936995695082,1.6671936995695082,2.4678808683100235,1.2615096240891404,0.9455769535102806,-0.0,0.0,27.46867514303311,1.5423712380437244,89.4,1665.8764499999997,1.875417088358097,0.0,133.23898730123375
S-00741,R-145,D-019,V-031,Denver-West,Industrial,side_entrance,residential ,STANDARD,0,clear,2024-12-02 07:05,2024-12-02 07:05,117.0,2025-09-12 07:04:00,4.0,1.0,2.54,2.54,3.736,6.87,1.59,4.225,0.0,35.39,7.9,29.3,delivered,customer_not_home,88.96,check,denver-west,industrial,residential,standard,delivered,2024-12-02 07:05:00,2024-12-02 07:05:00,0.0,0.0,0.0,Other,Other,Other,Other,Denver-West,Industrial,side_entrance,Other,Other,clear,Other,Other,Other,delivered,customer_not_home,check,denver-west,industrial,residential,standard,delivered,0.0,6961.5,3.618555125115471,0.6053542918620024,1.0520576740687047,1.0520576740687047,2.8145957744901597,1.5382429282926526,1.1581365637003334,0.49731648083296437,0.0,20.916425087221235,1.3295984768460092,29.3,4045.9007999999994,0.0,0.0,0.0
S-00742,R-149,D-054,V-009,Boulder ,Rural,building_super,residential,standard,0,clear,2025/10/19 14:45:00 MDT,2025/10/19 14:45:00 MDT,131.0,2025-09-13 14:41:00,461.0,1.0,5.37,5.37,6.701,11.15,2.17,0.0,0.0,51.38,4.3,84.1,delivered,customer_not_home,81.06,check,boulder,rural,residential,standard,delivered,2025-10-19 14:45:00,2025-10-19 14:45:00,6.0,1.0,330.0,Other,Other,Other,Other,Other,Rural,Other,residential,standard,clear,Other,Other,Other,delivered,customer_not_home,check,boulder,rural,residential,standard,delivered,0.0,8711.5,276.8187872244724,0.6053542918620024,1.4206771202036743,1.4206771202036743,4.534705065379155,1.757516041101791,1.4661004875462285,-0.0,0.0,28.41486718615448,1.1312555144738612,84.1,3366.4218,5.291331975501458,1.0,204.7634493461055
S-00743,R-129,D-046,V-031,Denver-East,Suburban,side_entrance,residential,standard,0,clear,2025/08/04 13:35:00 MDT,2025/08/04 13:35:00 MDT,109.0,2025-09-14 13:38:00,398.0,3.0,4.77,4.77,2.326,19.91,1.17,0.0,118.12,54.06,13.4,85.8,failed,weather_delay,59.21,check,denver-east,suburban,residential,standard,failed,2025-08-04 13:35:00,2025-08-04 13:35:00,0.0,0.0,289.0,Other,Other,Other,Other,Denver-East,Suburban,side_entrance,residential,standard,clear,Other,Other,Other,failed,weather_delay,check,denver-east,suburban,residential,standard,failed,0.0,6049.5,242.46410507331848,1.0641270562537064,1.363062168955107,1.363062168955107,1.884627646172129,1.9943581265838282,0.9081908190166585,-0.0,118.12,29.62301035986032,1.47295372330527,85.8,1812.12205,0.0,0.0,181.66342430484076
S-00744,R-158,D-040,V-001,Denver-East,Industrial,building_super,Business,same_day,0,fog,27-Feb-2025 17:05 MST,27-Feb-2025 17:05 MST,45.0,2025-09-15 17:15:00,615.0,1.0,4.14,4.14,3.248,8.85,1.97,0.0,118.12,41.54,15.4,74.2,Failed,address_issue,50.64,check,denver-east,industrial,business,same_day,failed,2025-02-27 17:05:00,2025-02-27 17:05:00,3.0,0.0,570.0,Other,Other,Other,Other,Denver-East,Industrial,Other,Other,same_day,fog,Other,Other,Other,Other,address_issue,check,denver-east,industrial,business,same_day,failed,0.0,1057.5,358.9532451402246,0.6053542918620024,1.2935228963608352,1.2935228963608352,2.5035879795580347,1.6551172606031375,1.3640486737611073,0.0,118.12,23.86585698688976,1.5061352016752052,74.2,1332.8448,2.7580025035383304,0.0,335.19130541552806
S-00745,R-117,D-006,V-002,Denver-East,Downtown,side_entrance,residential,standard,0,clear,2025/11/17 15:30:00,2025/11/17 15:30:00,150.0,2025-09-16 15:25:00,505.0,1.0,1.57,1.57,3.567,13.61,1.34,0.0,0.0,53.33,3.8,75.7,delivered,customer_not_home,78.63,check,denver-east,downtown,residential,standard,delivered,2025-11-17 15:30:00,2025-11-17 15:30:00,0.0,0.0,355.0,Other,Other,Other,Other,Denver-East,Downtown,side_entrance,residential,standard,clear,Other,Other,Other,delivered,customer_not_home,check,denver-east,downtown,residential,standard,delivered,0.0,11400.0,300.5316835005434,0.6053542918620024,0.8220321095719894,0.8220321095719894,2.7080299096091656,1.8423126070747808,1.012581030664142,-0.0,0.0,29.295115877663026,1.087129070824723,75.7,3169.96845,0.0,0.0,218.7065024884197
S-00746,R-136,D-014,V-010,Fort Collins,Suburban,side_entrance,business,standard,1,fog,2025/08/07 12:40:00,2025/08/07 12:40:00,112.0,2025-09-17 12:41:00,341.0,2.0,2.52,2.52,5.252,12.85,1.85,4.225,0.0,50.1,7.5,57.2,delivered,customer_not_home,90.03,check,fort-collins,suburban,business,standard,delivered,2025-08-07 12:40:00,2025-08-07 12:40:00,3.0,0.0,229.0,Other,Other,Other,Other,Other,Suburban,side_entrance,business,standard,fog,Other,Other,Other,delivered,customer_not_home,check,fort-collins,suburban,business,standard,delivered,1.0,6384.0,210.9109177538544,0.8890149625568643,1.04817684409885,1.04817684409885,3.7250823399156365,1.8182245591331092,1.3008256885378233,0.481859410430839,0.0,27.833504246915638,1.3140056594299647,57.2,4142.73045,2.7580025035383304,0.0,147.2474262248457
S-00747,R-134,D-047,V-039,Boulder ,Suburban,call_on_arrival,res,EXPEDITED,1,rain,2025/02/06 16:20:00,2025/02/06 16:20:00,54.0,2025-09-18 16:27:00,567.0,4.0,12.24,12.24,2.264,22.84,1.38,2.67,0.0,38.67,12.4,72.1,rescheduled,customer_not_home,66.97,check,boulder,suburban,residential,expedited,rescheduled,2025-02-06 16:20:00,2025-02-06 16:20:00,3.0,0.0,513.0,Other,Other,Other,Other,Other,Suburban,call_on_arrival,Other,Other,rain,Other,Other,Other,rescheduled,customer_not_home,check,boulder,suburban,residential,expedited,rescheduled,1.0,1512.0,333.6006652777832,1.1867360977981165,1.797612238776757,1.797612238776757,1.841272808691334,2.046012285827718,1.0364766218799306,0.46287744359227556,0.0,22.500883717236366,1.4536416352918469,72.1,2309.46045,2.7580025035383304,0.0,304.8204604413151
S-00748,R-150,D-028,V-008,Fort-Collins,Downtown,leave_at_door,residential,same_day,0,clear,04/27/2025 12:10 PM MDT ,04/27/2025 12:10 PM MDT ,50.0,2025-09-19 12:01:00,301.0,5.0,12.53,12.53,0.955,6.9,0.51,0.0,0.0,41.9,7.6,49.4,failed,customer_not_home,56.61,check,fort-collins,downtown,residential,same_day,failed,2025-04-27 12:10:00,2025-04-27 12:10:00,6.0,1.0,251.0,Other,Other,Other,Other,Fort-Collins,Downtown,leave_at_door,residential,same_day,clear,Other,Other,Other,failed,customer_not_home,check,fort-collins,downtown,residential,same_day,failed,0.0,1300.0,188.45632626894798,1.2791016451735329,1.8075621569532503,1.8075621569532503,0.8554737666424315,1.5402906919494317,0.44802245758928844,-0.0,0.0,24.03575040746698,1.3180056605295265,49.4,1658.95605,5.291331975501458,1.0,159.96011968028228
S-00749,R-120,D-019,V-016,Fort-Collins,Suburban,side_entrance,residential,EXPEDITED,0,clear,2025-05-01 08:20 ,2025-05-01 08:20 ,59.0,2025-09-20 08:24:00,84.0,3.0,3.3,3.3,4.737,7.68,2.26,4.225,0.0,45.41,5.6,26.3,failed,customer_not_home,63.58,check,fort-collins,suburban,residential,expedited,failed,2025-05-01 08:20:00,2025-05-01 08:20:00,3.0,0.0,25.0,Other,Other,Other,Other,Fort-Collins,Suburban,side_entrance,residential,Other,clear,Other,Other,Other,failed,customer_not_home,check,fort-collins,suburban,residential,expedited,failed,0.0,1799.5,59.45567425211121,1.0641270562537064,1.1813534432133717,1.1813534432133717,3.424105233844713,1.5902312268208538,1.5107634511818682,0.48660670039992393,0.0,25.677700467202374,1.221501055838477,26.3,2084.7882,2.7580025035383304,0.0,19.745008253248212
S-00750,R-116,D-008,V-004,Denver-East,Industrial,leave_at_door,residential,STANDARD,1,rain,2025-08-28 08:40 MST,2025-08-28 08:40 MST,102.0,2025-09-21 08:44:00,104.0,3.0,7.34,7.34,5.936,14.77,3.06,4.225,0.0,39.8,9.8,54.1,delivered,customer_not_home,82.01,check,denver-east,industrial,residential,standard,delivered,2025-08-28 08:40:00,2025-08-28 08:40:00,3.0,0.0,2.0,Other,Other,Other,Other,Denver-East,Industrial,leave_at_door,residential,Other,rain,Other,Other,Other,delivered,customer_not_home,check,denver-east,industrial,residential,standard,delivered,1.0,5304.0,72.14230116596755,1.0641270562537064,1.569210057477646,1.569210057477646,4.113579122638937,1.876099528988785,1.8787527401790487,0.49013697765433656,0.0,23.040594466845807,1.3914193805498154,54.1,3444.8300500000005,2.7580025035383304,0.0,1.875417088358097
S-00751,R-130,D-027,V-040,Denver-East ,Downtown,garage,business,expedited,0,clear,13-Dec-2025 15:20 MST,13-Dec-2025 15:20 MST,77.0,2025-09-22 15:18:00,498.0,2.0,4.21,4.21,1.909,10.8,1.4,0.0,0.0,32.47,5.8,46.9,failed,package_damaged,71.59,check,denver-east,downtown,business,expedited,failed,2025-12-13 15:20:00,2025-12-13 15:20:00,5.0,1.0,421.0,Other,Other,Other,Other,Other,Downtown,garage,business,expedited,clear,Other,Other,Other,failed,package_damaged,check,denver-east,downtown,business,expedited,failed,0.0,3041.5,296.77344082549035,0.8890149625568643,1.3017837414753735,1.3017837414753735,1.5880621772814294,1.7436371077539425,1.0483341038127754,-0.0,0.0,19.48168411235037,1.2330350111526296,46.9,2634.15405,4.46194756940847,1.0,255.0650400405971
S-00752,R-154,D-005,V-008,Denver-East,Suburban,rear_loading_dock,Residential,standard,0,wind,02-Jul-2025 11:35 MST,02-Jul-2025 11:35 MST,126.0,2025-09-23 11:38:00,278.0,2.0,8.49,8.49,3.136,5.67,1.22,1.88,0.0,45.165,17.7,50.4,delivered,customer_not_home,75.87,check,denver-east,suburban,residential,standard,delivered,2025-07-02 11:35:00,2025-07-02 11:35:00,2.0,0.0,152.0,Other,Other,Other,Other,Denver-East,Suburban,Other,Other,standard,wind,Other,Other,Other,delivered,customer_not_home,check,denver-east,suburban,residential,standard,delivered,0.0,8064.0,175.411878261992,0.8890149625568643,1.6362667514416547,1.6362667514416547,2.4307267193583724,1.4469020272342556,0.9393882120265514,0.43971836419753085,0.0,25.563918468834125,1.5375027099371197,50.4,2953.9984500000005,1.875417088358097,0.0,101.68573214364534
S-00753,R-139,D-058,V-032,Denver-West,Campus,side_entrance,residential ,expedited,1,clear,2025/12/16 13:20:00 MDT,2025/12/16 13:20:00 MDT,57.0,2025-09-24 13:16:00,376.0,3.0,6.36,6.36,1.534,11.83,0.67,0.0,0.0,46.83,3.2,68.0,DELIVERED,customer_not_home,84.51,check,denver-west,campus,residential,expedited,delivered,2025-12-16 13:20:00,2025-12-16 13:20:00,1.0,0.0,319.0,Other,Other,Other,Other,Denver-West,Campus,side_entrance,Other,expedited,clear,Other,Other,Other,Other,customer_not_home,check,denver-west,campus,residential,expedited,delivered,1.0,1681.5,230.3428969163379,1.0641270562537064,1.5017975797839047,1.5017975797839047,1.3102681008230666,1.7830511769549864,0.5692099476746609,-0.0,0.0,26.334830373283214,1.0264754257495845,68.0,3655.4800500000006,0.962295536748461,0.0,198.59551333741513
S-00754,R-141,D-035,V-002,Boulder,Suburban,hand_to_security,residential,standard,1,clear,2025/07/09 14:00:00,2025/07/09 14:00:00,124.0,2025-09-25 13:56:00,416.0,1.0,4.14,4.14,3.705,12.06,1.49,3.73,0.0,46.64,8.1,55.7,failed,customer_not_home,56.61,check,boulder,suburban,residential,standard,failed,2025-07-09 14:00:00,2025-07-09 14:00:00,2.0,0.0,292.0,Other,Other,Other,Other,Boulder,Suburban,Other,residential,standard,clear,Other,Other,Other,failed,customer_not_home,check,boulder,suburban,residential,standard,failed,1.0,7812.0,252.33167842979105,0.6053542918620024,1.2935228963608352,1.2935228963608352,2.7951347545515306,1.791292790489617,1.1009720253730888,0.477651533775237,0.0,26.247133060815457,1.3370064558682042,55.7,1658.95605,1.875417088358097,0.0,183.36424138936084
S-00755,R-116,D-033,V-037,Fort-Collins,Downtown,call_on_arrival,business,standard,0,snow,06/03/2025 02:20 PM MST,06/03/2025 02:20 PM MST,115.0,2025-09-26 14:23:00,443.0,1.0,2.84,2.84,1.758,11.71,0.77,4.225,0.0,42.09,7.8,62.7,failed,security_access,73.52,check,fort-collins,downtown,business,standard,failed,2025-06-03 02:20:00,2025-06-03 02:20:00,1.0,0.0,328.0,Other,Other,Other,Other,Fort-Collins,Downtown,call_on_arrival,business,standard,snow,Other,Other,Other,failed,security_access,check,fort-collins,downtown,business,standard,failed,0.0,6727.5,267.0539315652639,0.6053542918620024,1.1070554188233301,1.1070554188233301,1.477578014433359,1.7786745668633543,0.6414439487499346,0.49365919974028083,0.0,24.125301336371052,1.325800137536758,62.7,2776.1151999999997,0.962295536748461,0.0,203.64355081557233
S-00756,R-119,D-046,V-010,Denver-East,Suburban,side_entrance,business,standard,0,clear,2025/01/08 11:20:00,2025/01/08 11:20:00,121.0,2025-09-27 11:18:00,258.0,1.0,2.46,2.46,4.535,5.66,1.72,0.0,118.12,38.98,4.1,66.7,failed,customer_not_home,63.05,check,denver-east,suburban,business,standard,failed,2025-01-08 11:20:00,2025-01-08 11:20:00,2.0,0.0,137.0,Other,Other,Other,Other,Denver-East,Suburban,side_entrance,business,standard,clear,Other,Other,Other,failed,customer_not_home,check,denver-east,suburban,business,standard,failed,0.0,7441.5,163.98136384553047,0.6053542918620024,1.0363601991223195,1.0363601991223195,3.3038596485094485,1.4460527295851802,1.2305045178914826,-0.0,118.12,22.649248491481124,1.1143851144599046,66.7,2050.7012499999996,1.875417088358097,0.0,92.56927419644403
S-00757,R-140,D-028,V-001,Boulder,Downtown,side_entrance,residential,same_day,0,rain,2025/11/10 10:10:00 ,2025/11/10 10:10:00 ,41.0,2025-09-28 10:13:00,193.0,3.0,5.7,5.7,2.24,9.07,1.28,4.225,0.0,42.17,10.5,58.6,failed,customer_not_home,65.52,check,boulder,downtown,residential,same_day,failed,2025-11-10 10:10:00,2025-11-10 10:10:00,0.0,0.0,152.0,Other,Other,Other,Other,Boulder,Downtown,side_entrance,residential,same_day,rain,Other,Other,Other,failed,customer_not_home,check,boulder,downtown,residential,same_day,failed,0.0,881.5,126.17442247984577,1.0641270562537064,1.4494400207563989,1.4494400207563989,1.8244241060726427,1.6662016542397569,0.9762735777270106,0.4961728318518365,0.0,24.162983350693647,1.4102321753804115,58.6,2211.9552,0.0,0.0,101.68573214364534
S-00758,R-137,D-023,V-016,Boulder,Suburban,call_on_arrival,residential,expedited,1,clear,2025/02/06 07:45:00 MST,2025/02/06 07:45:00 MST,70.0,2025-09-29 07:47:00,47.0,2.0,2.42,2.42,6.808,22.45,3.23,0.0,0.0,39.55,10.1,78.0,delivered,customer_not_home,84.74,check,boulder,suburban,residential,expedited,delivered,2025-02-06 07:45:00,2025-02-06 07:45:00,3.0,0.0,0.0,Other,Other,Other,Other,Boulder,Suburban,call_on_arrival,residential,expedited,clear,Other,Other,Other,delivered,customer_not_home,check,boulder,suburban,residential,expedited,delivered,1.0,2520.0,35.10273103517651,0.8890149625568643,1.0283334196441258,1.0283334196441258,4.592583793809734,2.03962644317677,1.9511902356378024,0.0,0.0,22.921449785408495,1.3996997748123357,78.0,3675.1737999999996,2.7580025035383304,0.0,0.0
S-00759,R-143,D-027,V-012,Denver-East,Suburban,call_on_arrival,residential,standard,0,clear,11/12/2024 04:55 PM,11/12/2024 04:55 PM,123.0,2025-09-30 17:00:00,600.0,1.0,1.15,1.15,5.456,6.99,1.95,1.63,0.0,48.7,22.2,76.5,delivered,vehicle_issue,86.13,check,denver-east,suburban,residential,standard,delivered,2024-11-12 04:55:00,2024-11-12 04:55:00,1.0,0.0,477.0,Other,Other,Other,Other,Denver-East,Suburban,call_on_arrival,residential,standard,clear,Other,Other,Other,delivered,vehicle_issue,check,denver-east,suburban,residential,standard,delivered,0.0,7687.5,351.05252987634464,0.6053542918620024,0.6839353139815356,0.6839353139815356,3.842227211178242,1.5463738259100106,1.3536193593056234,0.4277132819615724,0.0,27.19429171676014,1.5847726007313,76.5,3795.3184499999998,0.962295536748461,0.0,285.466723960462
S-00760,R-134,D-043,V-006,Denver-East,Downtown,front_desk,business,standard,1,clear,2025/01/29 14:10:00 MST,2025/01/29 14:10:00 MST,120.0,2025-10-01 13:53:00,413.0,4.0,11.42,11.42,1.53,23.55,1.0,0.0,0.0,45.165,18.3,37.4,delivered,customer_not_home,83.66,check,denver-east,downtown,business,standard,delivered,2025-01-29 14:10:00,2025-01-29 14:10:00,2.0,0.0,293.0,Other,Other,Other,Other,Denver-East,Downtown,front_desk,business,standard,clear,Other,Other,Other,delivered,customer_not_home,check,denver-east,downtown,business,standard,delivered,1.0,7320.0,250.69009010122778,1.1867360977981165,1.7678722831306228,1.7678722831306228,1.307241041734388,2.0572962482390476,0.7987697769322359,-0.0,0.0,25.563918468834125,1.5447485463940147,37.4,3583.1577999999995,1.875417088358097,0.0,183.9307926530154
S-00761,R-134,D-024,V-005,Denver-East,Suburban,mailroom,residential,expedite,0,wind,19-Jan-2025 08:05,19-Jan-2025 08:05,56.0,2025-10-02 08:11:00,71.0,2.0,2.15,2.15,1.997,14.01,1.31,0.0,0.0,30.88,6.3,84.0,delivered,customer_not_home,85.34,check,denver-east,suburban,residential,expedited,delivered,2025-01-19 08:05:00,2025-01-19 08:05:00,6.0,1.0,15.0,Other,Other,Other,Other,Denver-East,Suburban,mailroom,residential,Other,wind,Other,Other,Other,delivered,customer_not_home,check,denver-east,suburban,residential,expedited,delivered,0.0,1624.0,51.0511894644485,0.8890149625568643,0.9707584690371301,0.9707584690371301,1.651655264035866,1.8543457170909723,0.9944980352269758,-0.0,0.0,18.689977466180235,1.2597667898023948,84.0,3726.7978000000003,5.291331975501458,1.0,12.36192503564799
S-00762,R-151,D-035,V-033,Denver-East,Campus,front_desk,business,standard,0,clear,26-Dec-2024 08:10 MST,26-Dec-2024 08:10 MST,104.0,2025-10-03 08:06:00,66.0,1.0,8.33,8.33,3.983,5.91,1.54,0.0,0.0,36.18,10.5,42.2,delivered,customer_not_home,85.51,check,denver-east,campus,business,standard,delivered,2024-12-26 08:10:00,2024-12-26 08:10:00,3.0,0.0,0.0,Other,Other,Other,Other,Denver-East,Campus,front_desk,business,standard,clear,Other,Other,Other,delivered,customer_not_home,check,denver-east,campus,business,standard,delivered,0.0,5512.0,47.77942651166576,0.6053542918620024,1.6275877628963429,1.6275877628963429,2.968318371895786,1.4668018011260773,1.129723099676418,-0.0,0.0,21.300569872764296,1.4102321753804115,42.2,3741.4900500000003,2.7580025035383304,0.0,0.0
S-00763,R-102,D-033,V-036,Denver-West,Suburban,hand_to_security,res,standard,0,fog,05-Jul-2025 11:55 MST,05-Jul-2025 11:55 MST,125.0,2025-10-04 11:57:00,297.0,4.0,12.13,12.13,3.63,14.49,2.08,1.43,0.0,32.28,25.3,96.8,failed,vehicle_issue,66.5,check,denver-west,suburban,residential,standard,failed,2025-07-05 11:55:00,2025-07-05 11:55:00,5.0,1.0,172.0,Other,Other,Other,Other,Denver-West,Suburban,Other,Other,standard,fog,Other,Other,Other,failed,vehicle_issue,check,denver-west,suburban,residential,standard,failed,0.0,7937.5,186.19507814408155,1.1867360977981165,1.793763731813123,1.793763731813123,2.7478917197990596,1.8682466532702042,1.42067005137454,0.41532456095784853,0.0,19.387480081321378,1.675557157738475,96.8,2277.625,4.46194756940847,1.0,113.70398227198433
S-00764,R-103,D-025,V-031,Boulder,Suburban,mailroom,residential,standard,0,rain,2025/09/01 10:50:00 MDT,2025/09/01 10:50:00 MDT,124.0,2025-10-05 11:04:00,244.0,1.0,3.92,3.92,4.333,3.1,1.54,2.07,0.0,38.9,16.4,68.2,delivered,customer_not_home,77.19,check,boulder,suburban,residential,standard,delivered,2025-09-01 10:50:00,2025-09-01 10:50:00,0.0,0.0,120.0,Other,Other,Other,Other,Boulder,Suburban,mailroom,residential,standard,rain,Other,Other,Other,delivered,customer_not_home,check,boulder,suburban,residential,standard,delivered,0.0,7812.0,155.92768835092565,0.6053542918620024,1.2665772983648727,1.2665772983648727,3.1822899799793447,1.1503843393072994,1.129723099676418,0.4469490392471008,0.0,22.610982903384322,1.5205366985146158,68.2,3056.33805,0.0,0.0,82.11590489193935
S-00765,R-124,D-041,V-025,Denver-West,Suburban,front_desk,res,same_day,0,clear,2025-08-31 12:55,2025-08-31 12:55,40.0,2025-10-06 12:53:00,353.0,3.0,8.37,8.37,7.235,6.88,3.19,0.0,0.0,46.36,10.3,90.6,delivered,customer_not_home,82.0,check,denver-west,suburban,residential,same_day,delivered,2025-08-31 12:55:00,2025-08-31 12:55:00,6.0,1.0,313.0,Other,Other,Other,Other,Denver-West,Suburban,front_desk,Other,same_day,clear,Other,Other,Other,delivered,customer_not_home,check,denver-west,suburban,residential,same_day,delivered,0.0,840.0,217.59475226976303,1.0641270562537064,1.6297755541785006,1.6297755541785006,4.821233791533427,1.5389266421088796,1.9343055763298633,-0.0,0.0,26.117767266240882,1.4050358826912706,90.6,3444.0,5.291331975501458,1.0,195.22228269128414
S-00766,R-123,D-017,V-002,Fort Collins,Suburban,garage,residential,expedited,0,rain,12/07/2024 11:40 AM MST,12/07/2024 11:40 AM MST,45.0,2025-10-07 11:49:00,289.0,1.0,3.12,3.12,4.623,29.35625,1.79,0.0,0.0,56.13,9.8,60.9,failed,customer_not_home,55.99,check,fort-collins,suburban,residential,expedited,failed,2024-12-07 11:40:00,2024-12-07 11:40:00,5.0,1.0,244.0,Other,Other,Other,Other,Other,Suburban,garage,residential,expedited,rain,Other,Other,Other,failed,customer_not_home,check,fort-collins,suburban,residential,expedited,failed,0.0,1057.5,181.66342430484076,0.6053542918620024,1.1535688074489858,1.1535688074489858,3.3564029695979283,2.2238372054053235,1.2686142849099402,-0.0,0.0,30.54811621480474,1.3914193805498154,60.9,1623.4300500000002,4.46194756940847,1.0,155.92768835092565
S-00767,R-123,D-051,V-005,Denver-East,Suburban,hand_to_security,business,standard,0,clear,2025/12/19 08:00:00 MST,2025/12/19 08:00:00 MST,128.0,2025-10-08 08:10:00,70.0,1.0,8.34,8.34,2.85,29.35625,1.52,0.0,0.0,39.97,8.9,86.0,delivered,customer_not_home,80.98,check,denver-east,suburban,business,standard,delivered,2025-12-19 08:00:00,2025-12-19 08:00:00,4.0,0.0,0.0,Other,Other,Other,Other,Denver-East,Suburban,Other,business,standard,clear,Other,Other,Other,delivered,customer_not_home,check,denver-east,suburban,business,standard,delivered,0.0,8320.0,50.39870558663136,0.6053542918620024,1.628135852347053,1.628135852347053,2.2419221670716825,2.3918588838846864,1.118263781752026,-0.0,0.0,23.121529434231583,1.3643582738362718,86.0,3359.8602000000005,3.618555125115471,0.0,0.0
S-00768,R-150,D-016,V-007,Denver-West,Downtown,call_on_arrival,residential,Same_Day,0,wind,26-Jul-2025 14:20 MDT,26-Jul-2025 14:20 MDT,46.0,2025-10-09 14:27:00,447.0,1.0,3.97,3.97,1.991,10.25,1.08,0.0,0.0,45.165,12.8,65.8,delivered,customer_not_home,79.35,check,denver-west,downtown,residential,same_day,delivered,2025-07-26 14:20:00,2025-07-26 14:20:00,5.0,1.0,401.0,Other,Other,Other,Other,Denver-West,Downtown,call_on_arrival,residential,Other,wind,Other,Other,Other,delivered,customer_not_home,check,denver-west,downtown,residential,same_day,delivered,0.0,1104.0,269.2272665227616,0.6053542918620024,1.2728370824165964,1.2728370824165964,1.6473373326198553,1.7207098174836168,0.8509298998381457,-0.0,0.0,25.563918468834125,1.4616180979418345,65.8,3227.5612499999997,4.46194756940847,1.0,244.1117404733862
S-00769,R-109,D-038,V-022,Denver-West,Rural,mailroom,business ,expedited,0,snow,2025/02/13 10:20:00 MDT,2025/02/13 10:20:00 MDT,65.0,2025-10-10 10:34:00,214.0,2.0,7.95,7.95,9.641375,9.01,3.44,0.0,118.12,48.12,5.6,91.1,Failed,weather_delay,67.08,check,denver-west,rural,business,expedited,failed,2025-02-13 10:20:00,2025-02-13 10:20:00,3.0,0.0,149.0,Other,Other,Other,Other,Denver-West,Rural,mailroom,Other,expedited,snow,Other,Other,Other,Other,weather_delay,check,denver-west,rural,business,expedited,failed,0.0,2177.5,138.51032620466913,0.8890149625568643,1.6061762633550842,1.6061762633550842,6.519421672746649,1.6632100829539038,2.221878212513562,0.0,118.12,26.928423990630673,1.221501055838477,91.1,2316.9431999999997,2.7580025035383304,0.0,99.86987879196509
S-00770,R-135,D-003,V-023,Fort Collins,Suburban,call_on_arrival,residential,standard,1,clear,2024-11-13 14:50,2024-11-13 14:50,120.0,2025-10-11 14:52:00,472.0,1.0,9.01,9.01,2.098,18.06,0.93,0.0,0.0,46.78,8.5,35.7,rescheduled,customer_not_home,68.16,check,fort-collins,suburban,residential,standard,rescheduled,2024-11-13 14:50:00,2024-11-13 14:50:00,2.0,0.0,352.0,Other,Other,Other,Other,Other,Suburban,call_on_arrival,residential,standard,clear,Other,Other,Other,rescheduled,customer_not_home,check,fort-collins,suburban,residential,standard,rescheduled,1.0,7320.0,282.7673989894365,0.6053542918620024,1.6632100829539038,1.6632100829539038,1.7239565483448231,1.9566252055873121,0.7520928178120305,-0.0,0.0,26.311758899135228,1.3511143154769498,35.7,2391.0528,1.875417088358097,0.0,217.0386417966705
S-00771,R-154,D-022,V-012,Denver-West,Downtown,garage,residential,standard,0,clear,2024/11/11 18:35:00 ,2024/11/11 18:35:00 ,112.0,2025-10-12 18:39:00,699.0,1.0,2.02,2.02,2.63,6.75,1.25,0.0,0.0,37.53,8.4,64.5,delivered,customer_not_home,87.51,check,denver-west,downtown,residential,standard,delivered,2024-11-11 18:35:00,2024-11-11 18:35:00,0.0,0.0,587.0,Other,Other,Other,Other,Denver-West,Downtown,garage,residential,standard,clear,Other,Other,Other,delivered,customer_not_home,check,denver-west,downtown,residential,standard,delivered,0.0,6384.0,402.8557377003533,0.6053542918620024,0.9406971709322348,0.9406971709322348,2.0938117424033895,1.5299492406349429,0.9579046680564792,-0.0,0.0,21.953271420244636,1.3476719269465578,64.5,3916.5100500000003,0.0,0.0,344.1892909463069
S-00772,R-145,D-050,V-030,Boulder,Industrial,side_entrance,business ,same_day,0,clear,2025/11/14 11:35:00 MDT,2025/11/14 11:35:00 MDT,63.0,2025-10-13 11:48:00,288.0,3.0,5.93,5.93,5.415,6.95,2.04,0.0,0.0,39.85,7.3,57.2,delivered,address_issue,80.91,check,boulder,industrial,business,same_day,delivered,2025-11-14 11:35:00,2025-11-14 11:35:00,4.0,0.0,225.0,Other,Other,Other,Other,Boulder,Industrial,side_entrance,Other,same_day,clear,Other,Other,Other,delivered,address_issue,check,boulder,industrial,business,same_day,delivered,0.0,2047.5,181.09609506565212,1.0641270562537064,1.4684194807857958,1.4684194807857958,3.818773614377207,1.543681265000915,1.4002230275094882,-0.0,0.0,23.06440585815614,1.3057898654993767,57.2,3354.12405,3.618555125115471,0.0,144.9232603551406
S-00773,R-152,D-031,V-012,Boulder,Downtown,rear_loading_dock,residential,Standard,0,clear,2024/11/30 14:20:00 MDT,2024/11/30 14:20:00 MDT,108.0,2025-10-14 14:09:00,429.0,2.0,6.55,6.55,1.576,8.29,0.64,2.36,0.0,52.87,22.8,56.4,delivered,customer_not_home,76.73,check,boulder,downtown,residential,standard,delivered,2024-11-30 14:20:00,2024-11-30 14:20:00,5.0,1.0,321.0,Other,Other,Other,Other,Boulder,Downtown,Other,residential,Other,clear,Other,Other,Other,delivered,customer_not_home,check,boulder,downtown,residential,standard,delivered,0.0,5940.0,259.4317035717115,0.8890149625568643,1.5157486269135303,1.5157486269135303,1.3419662515457387,1.625387744031639,0.5470357372690877,0.4557114512471655,0.0,29.088045158106677,1.590039969154606,56.4,3020.47645,4.46194756940847,1.0,199.71851285499002
S-00774,R-146,D-009,V-005,Boulder,Downtown,leave_at_door,business,standard,0,clear,19-May-2025 11:05,19-May-2025 11:05,135.0,2025-10-15 11:00:00,240.0,1.0,9.55,9.55,3.953,12.21,2.04,0.0,0.0,45.29,25.3,44.4,failed,customer_not_home,63.27,check,boulder,downtown,business,standard,failed,2025-05-19 11:05:00,2025-05-19 11:05:00,0.0,0.0,105.0,Other,Other,Other,Other,Boulder,Downtown,leave_at_door,business,standard,clear,Other,Other,Other,failed,customer_not_home,check,boulder,downtown,business,standard,failed,0.0,9247.5,153.61828440604384,0.6053542918620024,1.689328812795124,1.689328812795124,2.9497716552931146,1.7965667794335938,1.4002230275094882,0.0,0.0,25.62198557078149,1.6895397897174669,44.4,2064.8164500000007,0.0,0.0,72.76988960230891
S-00775,R-103,D-050,V-030,Boulder,Rural,call_on_arrival,residential,standard,0,clear,03/11/2025 07:50 PM,03/11/2025 07:50 PM,112.0,2025-10-16 19:40:00,760.0,3.0,12.89,12.89,3.687,12.51,1.31,0.0,0.0,41.14,7.4,66.0,failed,address_issue,49.63,check,boulder,rural,residential,standard,failed,2025-03-11 07:50:00,2025-03-11 07:50:00,1.0,0.0,648.0,Other,Other,Other,Other,Boulder,Rural,call_on_arrival,residential,standard,clear,Other,Other,Other,failed,address_issue,check,boulder,rural,residential,standard,failed,0.0,6384.0,434.4044545645203,1.0641270562537064,1.8195348298705354,1.8195348298705354,2.783817158674243,1.8068848891735811,0.9944980352269758,-0.0,0.0,23.676748853366988,1.3099344406576456,66.0,1281.19845,0.962295536748461,0.0,376.2678787692488
S-00776,R-103,D-019,V-013,Denver-East ,Suburban,mailroom,business ,expedited,1,clear,29-Jul-2025 07:10 MDT,29-Jul-2025 07:10 MDT,56.0,2025-10-17 07:06:00,6.0,3.0,4.54,4.54,4.297,12.21,1.01,1.53,0.0,38.81,5.4,81.8,rescheduled,customer_not_home,77.6,check,denver-east,suburban,business,expedited,rescheduled,2025-07-29 07:10:00,2025-07-29 07:10:00,1.0,0.0,0.0,Other,Other,Other,Other,Other,Suburban,mailroom,Other,expedited,clear,Other,Other,Other,rescheduled,customer_not_home,check,denver-east,suburban,business,expedited,rescheduled,1.0,1624.0,5.291331975501458,1.0641270562537064,1.338871105345498,1.338871105345498,3.1604801719018205,1.7965667794335938,0.8053574464814671,0.42188598478338984,0.0,22.5679157696542,1.2094305849579052,81.8,3088.4799999999996,0.962295536748461,0.0,0.0
S-00777,R-157,D-051,V-013,Boulder,Suburban,front_desk,residential,standard,0,clear,2025/07/24 14:50:00,2025/07/24 14:50:00,139.0,2025-10-18 14:45:00,465.0,5.0,7.01,7.01,2.151,29.35625,0.57,4.225,0.0,59.45,15.0,44.7,delivered,customer_not_home,89.16,check,boulder,suburban,residential,standard,delivered,2025-07-24 14:50:00,2025-07-24 14:50:00,3.0,0.0,326.0,Other,Other,Other,Other,Boulder,Suburban,front_desk,residential,standard,clear,Other,Other,Other,delivered,customer_not_home,check,boulder,suburban,residential,standard,delivered,0.0,9799.5,278.98354017972576,1.2791016451735329,1.5477135437813474,1.5477135437813474,1.7616133769413072,2.2433172017966796,0.4943314350442247,0.4960911878958161,0.0,32.01802791041358,1.5,44.7,4063.9127999999996,2.7580025035383304,0.0,202.5229712842846
S-00778,R-160,D-003,V-021,Fort-Collins,Rural,mailroom,business,Standard,1,clear,2025-03-10 12:50,2025-03-10 12:50,112.0,2025-10-19 12:52:00,352.0,2.0,13.52,13.52,5.824,10.66,2.05,0.0,0.0,54.85,6.6,60.6,delivered,customer_not_home,90.6,check,fort-collins,rural,business,standard,delivered,2025-03-10 12:50:00,2025-03-10 12:50:00,0.0,0.0,240.0,Other,Other,Other,Other,Fort-Collins,Rural,mailroom,business,Other,clear,Other,Other,Other,delivered,customer_not_home,check,fort-collins,rural,business,standard,delivered,1.0,6384.0,217.0386417966705,0.8890149625568643,1.8395460416840181,1.8395460416840181,4.050781477047299,1.7379348305288373,1.4053498444322063,0.0,0.0,29.976877169615793,1.2745237498899882,60.6,4194.78,0.0,0.0,153.61828440604384
S-00779,R-126,D-020,V-033,Denver-East,Suburban,call_on_arrival,residential,STANDARD,0,clear,12/24/2024 01:50 PM,12/24/2024 01:50 PM,126.0,2025-10-20 13:47:00,407.0,2.0,3.98,3.98,1.531,10.15,0.7,0.0,0.0,52.42,18.2,107.33750000000002,delivered,customer_not_home,83.73,check,denver-east,suburban,residential,standard,delivered,2024-12-24 01:50:00,2024-12-24 01:50:00,1.0,0.0,281.0,Other,Other,Other,Other,Denver-East,Suburban,call_on_arrival,residential,Other,clear,Other,Other,Other,delivered,customer_not_home,check,denver-east,suburban,residential,standard,delivered,0.0,8064.0,247.4033338893029,0.8890149625568643,1.2740792185858167,1.2740792185858167,1.3079979410257048,1.7163844711859857,0.5911464215075984,-0.0,0.0,28.885133514156248,1.5435645354123615,107.33750000000002,3589.0864500000002,0.962295536748461,0.0,177.11925042281678
S-00780,R-131,D-053,V-035,Denver-West,Suburban,leave_at_door,Business,standard,0,clear,2024-12-27 09:00,2024-12-27 09:00,134.0,2025-10-21 09:11:00,131.0,1.0,1.2,1.2,2.4,15.47,0.6,3.02,0.0,38.58,17.1,65.8,delivered,customer_not_home,81.37,check,denver-west,suburban,business,standard,delivered,2024-12-27 09:00:00,2024-12-27 09:00:00,4.0,0.0,0.0,Other,Other,Other,Other,Denver-West,Suburban,leave_at_door,Other,standard,clear,Other,Other,Other,delivered,customer_not_home,check,denver-west,suburban,business,standard,delivered,0.0,9112.0,88.89542093489645,0.6053542918620024,0.7021449623592717,0.7021449623592717,1.936057711585843,1.8949631707132508,0.5170881682725815,0.4690601717779263,0.0,22.45776670324136,1.5298995052777316,65.8,3391.9084500000004,3.618555125115471,0.0,0.0
S-00781,R-149,D-017,V-003,Denver-East,Suburban,leave_at_door,residential,expedite,0,clear,2025-12-13 11:15 MST,2025-12-13 11:15 MST,57.0,2025-10-22 11:11:00,251.0,2.0,2.65,2.65,2.468,5.37,1.0,0.0,0.0,39.29,7.0,56.5,delivered,customer_not_home,87.58,check,denver-east,suburban,residential,expedited,delivered,2025-12-13 11:15:00,2025-12-13 11:15:00,5.0,1.0,194.0,Other,Other,Other,Other,Denver-East,Suburban,leave_at_door,residential,Other,clear,Other,Other,Other,delivered,customer_not_home,check,denver-east,suburban,residential,expedited,delivered,0.0,1681.5,159.96011968028228,0.8890149625568643,1.0729042524807715,1.0729042524807715,1.9830224159481165,1.4206771202036743,0.7987697769322359,0.0,0.0,22.79738336106276,1.2928932188134525,56.5,3922.7082,4.46194756940847,1.0,126.76477047412247
S-00782,R-119,D-042,V-013,Denver-East,Rural,front_desk,residential,same_day,0,clear,2025-11-22 13:55 MST,2025-11-22 13:55 MST,55.0,2025-10-23 13:58:00,418.0,3.0,3.73,3.73,9.641375,17.15,2.97,0.0,0.0,40.13,10.8,94.7,delivered,customer_not_home,80.08,check,denver-east,rural,residential,same_day,delivered,2025-11-22 13:55:00,2025-11-22 13:55:00,5.0,1.0,363.0,Other,Other,Other,Other,Denver-East,Rural,front_desk,residential,same_day,clear,Other,Other,Other,delivered,customer_not_home,check,denver-east,rural,residential,same_day,delivered,0.0,1567.5,253.42541419313648,1.0641270562537064,1.2420137557532847,1.2420137557532847,6.519421672746649,1.9362710874411537,1.839665058849299,0.0,0.0,23.197642184721214,1.417777490260418,94.7,3286.4831999999997,4.46194756940847,1.0,223.14729743303315
S-00783,R-156,D-023,V-004,Dnvr-East,Campus,garage,residential ,standard,0,wind,12/26/2025 08:10 AM MST,12/26/2025 08:10 AM MST,119.0,2025-10-24 08:19:00,79.0,1.0,4.41,4.41,6.614,4.2,3.38,0.0,0.0,56.44,24.3,64.2,failed,address_issue,63.12,check,denver-east,campus,residential,standard,failed,2025-12-26 08:10:00,2025-12-26 08:10:00,4.0,0.0,0.0,Other,Other,Other,Other,Other,Campus,garage,Other,standard,wind,Other,Other,Other,failed,address_issue,check,denver-east,campus,residential,standard,failed,0.0,7199.5,56.239556635397044,0.6053542918620024,1.3246125837367095,1.3246125837367095,4.487466786914718,1.3006124816537112,2.0136684283372075,0.0,0.0,30.686076358336972,1.602378613756228,64.2,2055.1872000000003,3.618555125115471,0.0,0.0
S-00784,R-118,D-042,V-022,Denver-West,Rural,leave_at_door,residential,standard,0,clear,02-Feb-2025 14:10 MST,02-Feb-2025 14:10 MST,126.0,2025-10-25 13:59:00,419.0,1.0,1.82,1.82,6.048,4.98,2.6,0.0,0.0,56.87,8.4,59.0,delivered,customer_not_home,92.15,check,denver-west,rural,residential,standard,delivered,2025-02-02 14:10:00,2025-02-02 14:10:00,6.0,1.0,293.0,Other,Other,Other,Other,Denver-West,Rural,leave_at_door,residential,standard,clear,Other,Other,Other,delivered,customer_not_home,check,denver-west,rural,residential,standard,delivered,0.0,8064.0,253.97208617358524,0.6053542918620024,0.8910051964708748,0.8910051964708748,4.176073278703696,1.3840795308699487,1.673121304403093,-0.0,0.0,30.87719423066126,1.3476719269465578,59.0,4337.96125,5.291331975501458,1.0,183.9307926530154
S-00785,R-128,D-008,V-024,Denver-East,Suburban,side_entrance,residential,standard,1,wind,2025/08/20 20:50:00 MDT,2025/08/20 20:50:00 MDT,131.0,2025-10-26 20:49:00,829.0,1.0,2.88,2.88,3.227,13.89,1.41,0.0,0.0,57.1,14.7,51.7,delivered,customer_not_home,80.41,check,denver-east,suburban,residential,standard,delivered,2025-08-20 20:50:00,2025-08-20 20:50:00,2.0,0.0,698.0,Other,Other,Other,Other,Denver-East,Suburban,side_entrance,residential,standard,wind,Other,Other,Other,delivered,customer_not_home,check,denver-east,suburban,residential,standard,delivered,1.0,8711.5,469.7878948764982,0.6053542918620024,1.1139658048019385,1.1139658048019385,2.4899708191098653,1.8507799647041001,1.0542406180061954,-0.0,0.0,30.979303406780744,1.4952455348749312,51.7,3313.2940499999995,1.875417088358097,0.0,402.3363146334377
S-00848,R-148,D-057,V-026,Fort-Collins,Suburban,garage,residential ,expedited,0,wind,2025-06-15 14:05 MDT,2025-06-15 14:05 MDT,53.0,2025-10-27 13:59:00,419.0,2.0,4.31,4.31,3.555,10.17,1.41,2.4,0.0,47.61,11.7,55.6,delivered,customer_not_home,80.14,check,fort-collins,suburban,residential,expedited,delivered,2025-06-15 14:05:00,2025-06-15 14:05:00,6.0,1.0,366.0,Other,Other,Other,Other,Fort-Collins,Suburban,garage,Other,expedited,wind,Other,Other,Other,delivered,customer_not_home,check,fort-collins,suburban,residential,expedited,delivered,0.0,1457.5,253.97208617358524,0.8890149625568643,1.3133378938081153,1.3133378938081153,2.7004185319140475,1.7172535651154954,1.0542406180061954,0.45674740484429066,0.0,26.69412464883728,1.4387864667336863,55.6,3291.3498,5.291331975501458,1.0,224.81006923407062
S-00059,R-122,D-029,V-025,Denver-West,Downtown,call_on_arrival,residential,expedited,0,clear,2025-08-15 08:35,2025-08-15 08:35,58.0,2025-10-28 08:34:00,94.0,6.0,10.69,10.69,2.515,15.41,1.42,0.0,0.0,40.61,15.3,55.0,FAILED,vehicle_issue,64.32,check,denver-west,downtown,residential,expedited,failed,2025-08-15 08:35:00,2025-08-15 08:35:00,4.0,0.0,36.0,Other,Other,Other,Other,Denver-West,Downtown,call_on_arrival,residential,expedited,clear,Other,Other,Other,Other,vehicle_issue,check,denver-west,downtown,residential,expedited,failed,0.0,1740.0,65.83243829676202,1.504732073616257,1.7391642148100142,1.7391642148100142,2.015321895377333,1.8933874486577844,1.0601324454201217,0.0,0.0,23.425626367786645,1.50462259538193,55.0,2132.8511999999996,3.618555125115471,0.0,27.539839909245458
S-00788,R-145,D-012,V-032,Denver-East,Suburban,mailroom,residential,standard,0,clear,30-Mar-2025 12:50 MST,30-Mar-2025 12:50 MST,115.0,2025-10-29 12:43:00,343.0,4.0,2.41,2.41,3.604,6.93,1.05,0.0,0.0,44.14,12.6,87.2,delivered,customer_not_home,92.8,check,denver-east,suburban,residential,standard,delivered,2025-03-30 12:50:00,2025-03-30 12:50:00,6.0,1.0,228.0,Other,Other,Other,Other,Denver-East,Suburban,mailroom,residential,standard,clear,Other,Other,Other,delivered,customer_not_home,check,denver-east,suburban,residential,standard,delivered,0.0,6727.5,212.02649757830298,1.1867360977981165,1.026307638410931,1.026307638410931,2.7314606587443127,1.542328371265438,0.831513313079815,0.0,0.0,25.086572654394327,1.4576738554533595,87.2,4398.719999999999,5.291331975501458,1.0,146.66676641331082
S-00789,R-160,D-032,V-024,Denver-East,Suburban,garage,res,STANDARD,0,clear,2024/12/14 17:55:00,2024/12/14 17:55:00,120.0,2025-10-30 17:53:00,653.0,2.0,8.17,8.17,3.157,29.35625,1.17,0.0,0.0,39.55,10.8,49.2,delivered,customer_not_home,81.71,check,denver-east,suburban,residential,standard,delivered,2024-12-14 17:55:00,2024-12-14 17:55:00,5.0,1.0,533.0,Other,Other,Other,Other,Denver-East,Suburban,garage,Other,Other,clear,Other,Other,Other,delivered,customer_not_home,check,denver-east,suburban,residential,standard,delivered,0.0,7320.0,378.88352304134656,0.8890149625568643,1.6187130989057292,1.6187130989057292,2.444432853402185,2.3918588838846864,0.9081908190166585,0.0,0.0,22.921449785408495,1.417777490260418,49.2,3419.9720499999994,4.46194756940847,1.0,315.51346537162414
S-00790,R-118,D-052,V-034,Boulder ,Rural,side_entrance,residential,standard,0,rain,2024/12/12 12:05:00 MDT,2024/12/12 12:05:00 MDT,100.0,2025-10-31 12:03:00,303.0,3.0,2.46,2.46,7.225,10.03,1.65,4.225,0.0,32.17,11.2,66.5,delivered,customer_not_home,88.53,check,boulder,rural,residential,standard,delivered,2024-12-12 12:05:00,2024-12-12 12:05:00,3.0,0.0,203.0,Other,Other,Other,Other,Other,Rural,side_entrance,residential,standard,rain,Other,Other,Other,delivered,customer_not_home,check,boulder,rural,residential,standard,delivered,0.0,5100.0,189.5858251877614,1.0641270562537064,1.0363601991223195,1.0363601991223195,4.815920299180887,1.7111270039958903,1.1918016387204051,0.4910635133975807,0.0,19.332891760555448,1.4274016656861317,66.5,4007.31045,2.7580025035383304,0.0,132.06448249307832
S-00791,R-147,D-052,V-006,Boulder,Suburban,call_on_arrival,residential,standard,0,clear,09-Oct-2025 09:30 MST,09-Oct-2025 09:30 MST,125.0,2025-11-01 09:24:00,144.0,3.0,2.9,2.9,2.476,8.17,1.44,0.0,0.0,54.61,13.6,79.3,delivered,customer_not_home,80.64,check,boulder,suburban,residential,standard,delivered,2025-10-09 09:30:00,2025-10-09 09:30:00,3.0,0.0,19.0,Other,Other,Other,Other,Boulder,Suburban,call_on_arrival,residential,standard,clear,Other,Other,Other,delivered,customer_not_home,check,boulder,suburban,residential,standard,delivered,0.0,7937.5,96.8353372319974,1.0641270562537064,1.1173863626863374,1.1173863626863374,1.9885294290472635,1.6187130989057292,1.071872426804892,-0.0,0.0,29.869479832414484,1.4765760774097862,79.3,3332.0448,2.7580025035383304,0.0,15.358543313487738
S-00792,R-128,D-028,V-006,Boulder ,Campus,hand_to_security,residential,standard,0,fog,11/18/2024 05:20 PM MST,11/18/2024 05:20 PM MST,128.0,2025-11-02 17:38:00,638.0,1.0,4.89,4.89,2.187,14.89,1.35,1.63,0.0,46.4,8.2,63.1,delivered ,customer_not_home,80.75,check,boulder,campus,residential,standard,delivered,2024-11-18 05:20:00,2024-11-18 05:20:00,0.0,0.0,510.0,Other,Other,Other,Other,Other,Campus,Other,residential,standard,fog,Other,Other,Other,Other,customer_not_home,check,boulder,campus,residential,standard,delivered,0.0,8320.0,371.03052520625016,0.6053542918620024,1.3751914497143292,1.3751914497143292,1.787083247613896,1.8794097665775782,1.0185777622148757,0.4277132819615724,0.0,26.136257439605714,1.340619526604213,63.1,3341.03125,0.0,0.0,303.2129569088509
S-00793,R-135,D-039,V-012,Boulder,Industrial,call_on_arrival,residential,expedited,0,clear,2025-10-08 12:05 MST,2025-10-08 12:05 MST,74.0,2025-11-03 11:56:00,296.0,1.0,5.38,5.38,3.504,16.53,1.31,4.225,118.12,42.48,4.5,60.0,failed,customer_not_home,75.15,check,boulder,industrial,residential,expedited,failed,2025-10-08 12:05:00,2025-10-08 12:05:00,2.0,0.0,222.0,Other,Other,Other,Other,Boulder,Industrial,call_on_arrival,residential,expedited,clear,Other,Other,Other,failed,customer_not_home,check,boulder,industrial,residential,expedited,failed,0.0,2812.0,185.62929327936772,0.6053542918620024,1.4215769821514221,1.4215769821514221,2.6680027880848276,1.9216276261885967,0.9944980352269758,0.4880556796437726,118.12,24.308869547281397,1.1471971345775582,60.0,2898.9112500000006,1.875417088358097,0.0,143.17743830015166
S-00794,R-107,D-019,V-021,Denver-East,Downtown,hand_to_security,business,expedited,0,clear,2025-03-03 17:50 MST,2025-03-03 17:50 MST,60.0,2025-11-04 17:48:00,648.0,5.0,5.61,5.61,1.02,15.25,0.51,4.225,0.0,48.25,14.4,107.33750000000002,delivered,customer_not_home,80.03,check,denver-east,downtown,business,expedited,delivered,2025-03-03 17:50:00,2025-03-03 17:50:00,0.0,0.0,588.0,Other,Other,Other,Other,Denver-East,Downtown,Other,business,expedited,clear,Other,Other,Other,delivered,customer_not_home,check,denver-east,downtown,business,expedited,delivered,0.0,1860.0,376.2678787692488,1.2791016451735329,1.441781234887776,1.441781234887776,0.9083704892198243,1.8891486465982772,0.44802245758928844,0.48259634662508355,0.0,26.988069375806656,1.4903528085623745,107.33750000000002,3282.4304500000003,0.0,0.0,344.7177670556005
S-00795,R-143,D-006,V-021,Colorado-Springs,Rural,front_desk,business ,standard,0,clear,2024-11-07 13:00,2024-11-07 13:00,129.0,2025-11-05 12:57:00,357.0,3.0,2.03,2.03,5.918,29.35625,2.04,0.0,0.0,58.37,3.8,89.4,delivered,customer_not_home,89.15,check,colorado-springs,rural,business,standard,delivered,2024-11-07 13:00:00,2024-11-07 13:00:00,3.0,0.0,228.0,Other,Other,Other,Other,Colorado-Springs,Rural,front_desk,Other,standard,clear,Other,Other,Other,delivered,customer_not_home,check,colorado-springs,rural,business,standard,delivered,0.0,8449.5,219.8176283002646,1.0641270562537064,0.9430688591637768,0.9430688591637768,4.103507278500242,2.3918588838846864,1.4002230275094882,-0.0,0.0,31.54167886093291,1.087129070824723,89.4,4063.0112500000005,2.7580025035383304,0.0,146.66676641331082
S-00796,R-129,D-019,V-020,Fort-Collins,Rural,side_entrance,business ,standard,0,clear,08/13/2025 11:30 AM,08/13/2025 11:30 AM,141.0,2025-11-06 11:31:00,271.0,2.0,4.25,4.25,9.271,26.83,3.25,0.0,0.0,45.65,13.9,70.7,delivered,customer_not_home,76.7,check,fort-collins,rural,business,standard,delivered,2025-08-13 11:30:00,2025-08-13 11:30:00,2.0,0.0,130.0,Other,Other,Other,Other,Fort-Collins,Rural,side_entrance,Other,standard,clear,Other,Other,Other,delivered,customer_not_home,check,fort-collins,rural,business,standard,delivered,0.0,10081.5,171.42082829752027,0.8890149625568643,1.3064397199167472,1.3064397199167472,5.86652220402962,2.1044100192125725,1.9595966514544332,-0.0,0.0,25.789043935882827,1.4818722398491602,70.7,3018.1450000000004,1.875417088358097,0.0,88.28150693140799
S-00797,R-111,D-039,V-028,Denver East,Suburban,front_desk,residential,Expedited,0,snow,11/28/2024 04:00 PM MDT,11/28/2024 04:00 PM MDT,60.0,2025-11-07 16:16:00,556.0,4.0,3.53,3.53,5.214,5.91,1.33,0.0,0.0,43.1,15.0,49.3,delivered,customer_not_home,87.43,check,denver-east,suburban,residential,expedited,delivered,2024-11-28 04:00:00,2024-11-28 04:00:00,3.0,0.0,496.0,Other,Other,Other,Other,Other,Suburban,front_desk,residential,Other,snow,Other,Other,Other,delivered,customer_not_home,check,denver-east,suburban,residential,expedited,delivered,0.0,1860.0,327.7610909085662,1.1867360977981165,1.2147317882437336,1.2147317882437336,3.703135362291803,1.4668018011260773,1.0065689030876825,0.0,0.0,24.600020067931816,1.5,49.3,3909.4324500000007,2.7580025035383304,0.0,295.69869171711673
S-00798,R-123,D-045,V-029,Denver-West,Industrial,garage,residential,standard,1,snow,12/27/2025 09:15 AM MST,12/27/2025 09:15 AM MST,131.0,2025-11-08 09:26:00,146.0,1.0,1.99,1.99,2.26,12.46,0.68,0.0,0.0,34.23,16.8,51.4,Delivered,customer_not_home,80.51,check,denver-west,industrial,residential,standard,delivered,2025-12-27 09:15:00,2025-12-27 09:15:00,5.0,1.0,15.0,Other,Other,Other,Other,Denver-West,Industrial,garage,residential,standard,snow,Other,Other,Other,Other,customer_not_home,check,denver-west,industrial,residential,standard,delivered,1.0,8711.5,98.05038984468158,0.6053542918620024,0.9335204042392022,0.9335204042392022,1.8384672793510202,1.8051860020990658,0.5765481846489756,0.0,0.0,20.34932242957031,1.5259545368600227,51.4,3321.4400500000006,4.46194756940847,1.0,12.36192503564799
S-00799,R-147,D-029,V-003,Fort-Collins,Suburban,call_on_arrival,residential ,expedited,0,fog,2025/11/16 18:40:00 MDT,2025/11/16 18:40:00 MDT,58.0,2025-11-09 18:31:00,691.0,1.0,4.95,4.95,5.047,4.15,1.75,0.0,0.0,45.05,8.7,69.0,failed,package_damaged,51.56,check,fort-collins,suburban,residential,expedited,failed,2025-11-16 18:40:00,2025-11-16 18:40:00,6.0,1.0,633.0,Other,Other,Other,Other,Fort-Collins,Suburban,call_on_arrival,Other,expedited,fog,Other,Other,Other,failed,package_damaged,check,fort-collins,suburban,residential,expedited,failed,0.0,1740.0,398.69826576709244,0.6053542918620024,1.3811362680734915,1.3811362680734915,3.606202075396427,1.2947119438811854,1.2469084871398117,0.0,0.0,25.510469005629634,1.3578387009320645,69.0,1380.7768,5.291331975501458,1.0,368.40878118453384
S-00800,R-140,D-056,V-023,Fort-Collins,Suburban,garage,residential,same_day,0,clear,2025-11-08 16:50 MDT,2025-11-08 16:50 MDT,42.0,2025-11-10 16:51:00,591.0,2.0,4.71,4.71,6.015,29.35625,2.16,0.0,0.0,46.15,12.7,66.5,failed,customer_not_home,45.54,check,fort-collins,suburban,residential,same_day,failed,2025-11-08 16:50:00,2025-11-08 16:50:00,5.0,1.0,549.0,Other,Other,Other,Other,Fort-Collins,Suburban,garage,residential,same_day,clear,Other,Other,Other,failed,customer_not_home,check,fort-collins,suburban,residential,same_day,failed,0.0,924.0,346.30265775154874,0.8890149625568643,1.356873864072413,1.356873864072413,4.157690984990956,2.2255328217778136,1.4610912001988383,0.0,0.0,26.020642535681805,1.4596567730417007,66.5,1082.4858,4.46194756940847,1.0,324.03900325929396
S-00801,R-141,D-028,V-018,Boulder,Downtown,leave_at_door,residential,standard,0,clear,2025-11-28 11:55 MST,2025-11-28 11:55 MST,120.0,2025-11-11 11:52:00,292.0,1.0,3.31,3.31,3.335,12.97,1.1,0.0,0.0,44.93,14.3,33.9,rescheduled,customer_not_home,74.78,check,boulder,downtown,residential,standard,rescheduled,2025-11-28 11:55:00,2025-11-28 11:55:00,4.0,0.0,172.0,Other,Other,Other,Other,Boulder,Downtown,leave_at_door,residential,standard,clear,Other,Other,Other,rescheduled,customer_not_home,check,boulder,downtown,residential,standard,rescheduled,0.0,7320.0,183.36424138936084,0.6053542918620024,1.1828525590408603,1.1828525590408603,2.559788381038713,1.8221407153155662,0.8637811037542307,-0.0,0.0,25.45466715609867,1.4886900074350864,33.9,2870.8042,3.618555125115471,0.0,113.70398227198433
S-00802,R-105,D-051,V-004,Boulder,Downtown,building_super,residential,standard,1,clear,04/15/2025 05:55 PM MDT,04/15/2025 05:55 PM MDT,122.0,2025-11-12 17:54:00,654.0,2.0,4.74,4.74,1.856,11.72,1.16,0.0,0.0,37.32,21.9,71.4,delivered,customer_not_home,67.72,check,boulder,downtown,residential,standard,delivered,2025-04-15 05:55:00,2025-04-15 05:55:00,1.0,0.0,532.0,Other,Other,Other,Other,Boulder,Downtown,Other,residential,standard,clear,Other,Other,Other,delivered,customer_not_home,check,boulder,downtown,residential,standard,delivered,1.0,7564.0,379.40641148013054,0.8890149625568643,1.3599785280457697,1.3599785280457697,1.5494834886702413,1.7790413326022099,0.9018997328990817,-0.0,0.0,21.852044354261967,1.582061620471427,71.4,2360.7192,0.962295536748461,0.0,314.97977844462093
S-00803,R-124,D-043,V-026,Denver-West,Suburban,mailroom,residential,expedited,0,clear,06/23/2025 05:50 PM MDT,06/23/2025 05:50 PM MDT,65.0,2025-11-13 17:58:00,658.0,1.0,5.75,5.75,2.574,6.19,1.16,0.0,0.0,37.95,8.3,67.3,failed,customer_not_home,62.06,check,denver-west,suburban,residential,expedited,failed,2025-06-23 05:50:00,2025-06-23 05:50:00,0.0,0.0,593.0,Other,Other,Other,Other,Denver-West,Suburban,mailroom,residential,expedited,clear,Other,Other,Other,failed,customer_not_home,check,denver-west,suburban,residential,expedited,failed,0.0,2177.5,381.49716832919535,0.6053542918620024,1.453637349834048,1.453637349834048,2.0556852703840796,1.4889122490360467,0.9018997328990817,-0.0,0.0,22.155395417136866,1.3441741642160472,67.3,1987.7818000000002,0.0,0.0,347.35880518737224
S-00804,R-102,D-033,V-011,Denver-East,Suburban,call_on_arrival,business,EXPEDITED,0,clear,2025-08-16 13:00 ,2025-08-16 13:00 ,45.0,2025-11-14 12:59:00,359.0,2.0,4.71,4.71,4.672,22.35,1.46,0.0,0.0,45.06,7.5,62.1,delivered,customer_not_home,83.03,check,denver-east,suburban,business,expedited,delivered,2025-08-16 13:00:00,2025-08-16 13:00:00,5.0,1.0,314.0,Other,Other,Other,Other,Denver-East,Suburban,call_on_arrival,business,Other,clear,Other,Other,Other,delivered,customer_not_home,check,denver-east,suburban,business,expedited,delivered,0.0,1057.5,220.928133541403,0.8890149625568643,1.356873864072413,1.356873864072413,3.3855530488223224,2.0379667784134523,1.083554811485177,-0.0,0.0,25.51511784609668,1.3140056594299647,62.1,3530.02045,4.46194756940847,1.0,195.78493221444435
S-00963,R-144,D-010,V-039,Boulder,Downtown,garage,residential,expedited,0,rain,19-Nov-2024 19:15 MDT,19-Nov-2024 19:15 MDT,54.0,2025-11-15 19:17:00,737.0,3.0,4.72,4.72,0.832,10.04,0.63,0.0,0.0,55.17,15.8,44.1,delivered,customer_not_home,80.19,check,boulder,downtown,residential,expedited,delivered,2024-11-19 19:15:00,2024-11-19 19:15:00,1.0,0.0,683.0,Other,Other,Other,Other,Boulder,Downtown,garage,residential,expedited,rain,Other,Other,Other,delivered,customer_not_home,check,boulder,downtown,residential,expedited,delivered,0.0,1512.0,422.5398697049233,1.0641270562537064,1.3579111036043143,1.3579111036043143,0.7539061388997782,1.7115679607567336,0.539590303655388,-0.0,0.0,30.119930181346124,1.5120499635257334,44.1,3295.40805,0.962295536748461,0.0,394.53598461605316
S-00806,R-103,D-051,V-029,Dnvr-East,Industrial,front_desk,business,standard,0,clear,18-Sep-2025 13:05 MDT,18-Sep-2025 13:05 MDT,125.0,2025-11-16 12:57:00,357.0,4.0,12.35,12.35,8.767,10.88,1.6,3.88,0.0,37.2,9.8,77.7,delivered,customer_not_home,85.52,check,denver-east,industrial,business,standard,delivered,2025-09-18 13:05:00,2025-09-18 13:05:00,3.0,0.0,232.0,Other,Other,Other,Other,Other,Industrial,front_desk,business,standard,clear,Other,Other,Other,delivered,customer_not_home,check,denver-east,industrial,business,standard,delivered,0.0,7937.5,219.8176283002646,1.1867360977981165,1.8014194024233199,1.8014194024233199,5.6140572580664365,1.746856213505599,1.163779664925576,0.4790042999193765,0.0,21.794150522380942,1.3914193805498154,77.7,3742.3551999999995,2.7580025035383304,0.0,148.9878960148268
S-00807,R-116,D-009,V-005,Dnvr-East,Downtown,mailroom,residential,standard,0,clear,16-Apr-2025 14:00 MST ,16-Apr-2025 14:00 MST ,116.0,2025-11-17 14:01:00,421.0,3.0,6.57,6.57,9.641375,29.01,3.44,0.0,0.0,53.57,7.6,39.1,delivered,customer_not_home,75.47,check,denver-east,downtown,residential,standard,delivered,2025-04-16 14:00:00,2025-04-16 14:00:00,2.0,0.0,305.0,Other,Other,Other,Other,Other,Downtown,mailroom,residential,standard,clear,Other,Other,Other,delivered,customer_not_home,check,denver-east,downtown,residential,standard,delivered,0.0,6844.0,255.0650400405971,1.0641270562537064,1.517190583018799,1.517190583018799,6.21353055156128,2.1319020207694113,2.221878212513562,-0.0,0.0,29.403013468874402,1.3180056605295265,39.1,2923.33045,1.875417088358097,0.0,190.71458125394034
S-00808,R-124,D-050,V-024,Denver-East,Suburban,garage,residential,standard,0,clear,2025/05/17 15:40:00 MST,2025/05/17 15:40:00 MST,115.0,2025-11-18 15:39:00,519.0,1.0,0.64,0.64,3.721,12.71,1.3,0.0,0.0,57.75,7.9,49.0,delivered,customer_not_home,80.77,check,denver-east,suburban,residential,standard,delivered,2025-05-17 15:40:00,2025-05-17 15:40:00,5.0,1.0,404.0,Other,Other,Other,Other,Denver-East,Suburban,garage,residential,standard,clear,Other,Other,Other,delivered,customer_not_home,check,denver-east,suburban,residential,standard,delivered,0.0,6727.5,308.03265960115306,0.6053542918620024,0.549203968484452,0.549203968484452,2.8051839393349827,1.8135995814910266,0.9884390796390998,0.0,0.0,31.26743716902747,1.3295984768460092,49.0,3342.6664499999997,4.46194756940847,1.0,245.75814674150615
S-00809,R-103,D-025,V-037,Fort-Collins,Downtown,garage,Business,standard,0,rain,2025/10/31 19:40:00 MST,2025/10/31 19:40:00 MST,117.0,2025-11-19 19:37:00,757.0,1.0,3.55,3.55,2.037,7.5,0.9,0.0,0.0,52.19,20.4,67.1,failed,security_access,50.73,check,fort-collins,downtown,business,standard,failed,2025-10-31 19:40:00,2025-10-31 19:40:00,4.0,0.0,640.0,Other,Other,Other,Other,Fort-Collins,Downtown,garage,Other,standard,rain,Other,Other,Other,failed,security_access,check,fort-collins,downtown,business,standard,failed,0.0,6961.5,432.85895634897696,0.6053542918620024,1.2175298573534505,1.2175298573534505,1.680375541999387,1.5792385072024742,0.7317774705126872,-0.0,0.0,28.78129120731863,1.567662298832883,67.1,1337.4964499999999,3.618555125115471,0.0,372.07864764263223
S-00810,R-144,D-039,V-010,Denver-West,Suburban,garage,Business,standard,1,rain,11/16/2024 12:55 PM MST,11/16/2024 12:55 PM MST,117.0,2025-11-20 12:53:00,353.0,2.0,2.07,2.07,3.139,16.58,1.35,0.0,0.0,42.52,5.9,73.3,delivered,customer_not_home,81.92,check,denver-west,suburban,business,standard,delivered,2024-11-16 12:55:00,2024-11-16 12:55:00,5.0,1.0,236.0,Other,Other,Other,Other,Denver-West,Suburban,garage,Other,standard,rain,Other,Other,Other,delivered,customer_not_home,check,denver-west,suburban,business,standard,delivered,1.0,6961.5,217.59475226976303,0.8890149625568643,0.9524548366119898,0.9524548366119898,2.4326860144765976,1.9228333542243718,1.0185777622148757,0.0,0.0,24.327678392977923,1.238613012373119,73.3,3437.3632000000002,4.46194756940847,1.0,151.30504405775264
S-00811,R-124,D-029,V-024,Denver East,Suburban,side_entrance,Business,standard,0,clear,31-Aug-2025 09:50 MDT,31-Aug-2025 09:50 MDT,124.0,2025-11-21 09:51:00,171.0,1.0,6.51,6.51,3.101,12.18,1.14,0.0,0.0,34.9,11.1,44.6,Delivered,customer_not_home,72.54,check,denver-east,suburban,business,standard,delivered,2025-08-31 09:50:00,2025-08-31 09:50:00,6.0,1.0,47.0,Other,Other,Other,Other,Other,Suburban,side_entrance,Other,standard,clear,Other,Other,Other,Other,customer_not_home,check,denver-east,suburban,business,standard,delivered,0.0,7812.0,113.1065053197683,0.6053542918620024,1.5128497615244443,1.5128497615244443,2.4078366645301466,1.7955182290064955,0.8892649314086657,-0.0,0.0,20.677320872050203,1.425040425423931,44.6,2703.5658000000003,5.291331975501458,1.0,35.10273103517651
S-00812,R-137,D-029,V-005,Denver-West,Suburban,side_entrance,residential ,standard,0,clear,2025/02/17 17:00:00 MDT,2025/02/17 17:00:00 MDT,111.0,2025-11-22 16:57:00,597.0,4.0,4.36,4.36,3.763,12.61,1.96,0.0,118.12,34.97,17.3,52.9,delivered,security_access,83.03,check,denver-west,suburban,residential,standard,delivered,2025-02-17 17:00:00,2025-02-17 17:00:00,0.0,0.0,486.0,Other,Other,Other,Other,Denver-West,Suburban,side_entrance,Other,standard,clear,Other,Other,Other,delivered,security_access,check,denver-west,suburban,residential,standard,delivered,0.0,6271.5,349.4700347330931,1.1867360977981165,1.3190094208340606,1.3190094208340606,2.831514577140935,1.8102582697982124,1.3588393016701938,-0.0,118.12,20.711518385313003,1.5324754177878157,52.9,3530.02045,0.0,0.0,290.3184187253775
S-00813,R-124,D-009,V-034,Boulder,Downtown,side_entrance,business,standard,1,fog,2025-04-21 12:50,2025-04-21 12:50,114.0,2025-11-23 18:20:00,680.0,5.0,8.48,8.48,2.429727536335952,18.09,1.17,0.0,0.0,41.01,25.3,64.1,delivered ,customer_not_home,81.24,check,boulder,downtown,business,standard,delivered,2025-04-21 12:50:00,2025-04-21 12:50:00,0.0,0.0,566.0,Other,Other,Other,Other,Boulder,Downtown,side_entrance,business,standard,fog,Other,Other,Other,Other,customer_not_home,check,boulder,downtown,business,standard,delivered,1.0,6612.0,392.97387672014315,1.2791016451735329,1.6357299032131642,1.6357299032131642,1.9566235982734965,1.9572746133534111,0.9081908190166585,-0.0,0.0,23.61521153472883,1.77131393174903,64.1,3381.2087999999994,0.0,0.0,333.070265394786
S-00814,R-142,D-026,V-021,Fort-Collins,Industrial,front_desk,residential,standard,0,wind,10-Jun-2025 14:10 MDT,10-Jun-2025 14:10 MDT,115.0,2025-11-24 14:06:00,426.0,1.0,2.88,2.88,1.509,24.63,0.64,0.0,118.12,47.31,16.1,70.9,delivered,customer_not_home,82.69,check,fort-collins,industrial,residential,standard,delivered,2025-06-10 14:10:00,2025-06-10 14:10:00,1.0,0.0,311.0,Other,Other,Other,Other,Fort-Collins,Industrial,front_desk,residential,standard,wind,Other,Other,Other,delivered,customer_not_home,check,fort-collins,industrial,residential,standard,delivered,0.0,6727.5,257.7951649096553,0.6053542918620024,1.1139658048019385,1.1139658048019385,1.2913253515626666,2.073670941320738,0.5470357372690877,0.0,118.12,26.556072001503274,1.5163491665933255,70.9,3501.50805,0.962295536748461,0.0,194.09644536522484
S-00815,R-108,D-018,V-016,Denver East,Downtown,garage,residential,standard,0,clear,12-Nov-2024 11:50 MST,12-Nov-2024 11:50 MST,119.0,2025-11-25 11:40:00,280.0,3.0,6.28,6.28,3.011,6.94,1.51,0.0,0.0,45.42,18.9,49.3,delivered,customer_not_home,81.7,check,denver-east,downtown,residential,standard,delivered,2024-11-12 11:50:00,2024-11-12 11:50:00,1.0,0.0,161.0,Other,Other,Other,Other,Other,Downtown,garage,residential,standard,clear,Other,Other,Other,delivered,customer_not_home,check,denver-east,downtown,residential,standard,delivered,0.0,7199.5,176.55032913400572,1.0641270562537064,1.4957826294700376,1.4957826294700376,2.3487054770743017,1.543005371899622,1.1125136541670613,-0.0,0.0,25.68234207380507,1.5516641603377797,49.3,3419.1450000000004,0.962295536748461,0.0,107.11224648296458
S-00816,R-132,D-002,V-012,Denver-West,Campus,side_entrance,residential,standard,0,rain,2025-12-21 17:10 MST,2025-12-21 17:10 MST,134.0,2025-11-26 17:21:00,621.0,3.0,9.48,9.48,4.908,9.29,1.93,0.0,0.0,51.4,9.8,63.6,failed,vehicle_issue,59.8,check,denver-west,campus,residential,standard,failed,2025-12-21 17:10:00,2025-12-21 17:10:00,6.0,1.0,487.0,Other,Other,Other,Other,Denver-West,Campus,side_entrance,residential,standard,rain,Other,Other,Other,failed,vehicle_issue,check,denver-west,campus,residential,standard,failed,0.0,9112.0,362.10812170830593,1.0641270562537064,1.6860422012405283,1.6860422012405283,3.5249072802226267,1.6769756261798814,1.3431475336920318,-0.0,0.0,28.42392827349467,1.3914193805498154,63.6,1847.82,5.291331975501458,1.0,290.8569396048421
S-00817,R-159,D-034,V-025,Denver-East,Suburban,leave_at_door,residential,standard,0,clear,2025-02-26 14:10 MST,2025-02-26 14:10 MST,128.0,2025-11-27 14:12:00,432.0,1.0,3.93,3.93,3.584,6.46,1.67,0.0,0.0,40.74,8.5,74.1,delivered,customer_not_home,85.17,check,denver-east,suburban,residential,standard,delivered,2025-02-26 14:10:00,2025-02-26 14:10:00,2.0,0.0,304.0,Other,Other,Other,Other,Denver-East,Suburban,leave_at_door,residential,standard,clear,Other,Other,Other,delivered,customer_not_home,check,denver-east,suburban,residential,standard,delivered,0.0,8320.0,261.0671008510886,0.6053542918620024,1.267835853128454,1.267835853128454,2.7188024331272795,1.5091978262419028,1.2029215672452793,-0.0,0.0,23.487281363637937,1.3511143154769498,74.1,3712.13445,1.875417088358097,0.0,190.1502957420131
S-00818,R-117,D-036,V-008,Boulder,Downtown,leave_at_door,residential ,standard,0,clear,08-Jun-2025 07:55 MDT,08-Jun-2025 07:55 MDT,140.0,2025-11-28 07:47:00,47.0,2.0,2.95,2.95,5.25,26.08,1.67,4.225,0.0,41.85,8.2,74.6,failed,address_issue,68.76,check,boulder,downtown,residential,standard,failed,2025-06-08 07:55:00,2025-06-08 07:55:00,6.0,1.0,0.0,Other,Other,Other,Other,Boulder,Downtown,leave_at_door,Other,standard,clear,Other,Other,Other,failed,address_issue,check,boulder,downtown,residential,standard,failed,0.0,9940.0,35.10273103517651,0.8890149625568643,1.1258389025043305,1.1258389025043305,3.723928235382906,2.0942966989495346,1.2029215672452793,0.4866939529338503,0.0,24.0121712010899,1.340619526604213,74.6,2432.7288000000003,5.291331975501458,1.0,0.0
S-00819,R-146,D-050,V-017,Denver-East,Downtown,package_room_3F,residential,standard,0,clear,29-Sep-2025 12:50 MST,29-Sep-2025 12:50 MST,120.0,2025-11-29 12:46:00,346.0,5.0,10.76,10.76,1.701,9.16,1.0,0.0,0.0,33.52,15.9,79.0,delivered ,customer_not_home,82.41,check,denver-east,downtown,residential,standard,delivered,2025-09-29 12:50:00,2025-09-29 12:50:00,0.0,0.0,226.0,Other,Other,Other,Other,Denver-East,Downtown,Other,residential,standard,clear,Other,Other,Other,Other,customer_not_home,check,denver-east,downtown,residential,standard,delivered,0.0,7320.0,213.6986528394899,1.2791016451735329,1.742016896152528,1.742016896152528,1.4354032171435618,1.6706458291142932,0.7987697769322359,-0.0,0.0,20.000377167811433,1.51349574458948,79.0,3478.1140499999997,0.0,0.0,145.50468470799953
S-00820,R-140,D-029,V-014,Denver-East,Rural,garage,residential,standard,0,clear,08-Dec-2024 12:15 MDT,08-Dec-2024 12:15 MDT,131.0,2025-11-30 12:10:00,310.0,2.0,4.59,4.59,3.828,6.59,1.32,1.73,0.0,54.76,5.2,45.9,delivered,customer_not_home,94.77,check,denver-east,rural,residential,standard,delivered,2024-12-08 12:15:00,2024-12-08 12:15:00,6.0,1.0,179.0,Other,Other,Other,Other,Denver-East,Rural,garage,residential,standard,clear,Other,Other,Other,delivered,customer_not_home,check,denver-east,rural,residential,standard,delivered,0.0,8711.5,193.53325629821012,0.8890149625568643,1.344239811728084,1.344239811728084,2.872127522295335,1.51862759505262,1.0005412736248234,0.43291202082410873,0.0,29.936614005783905,1.196780671097501,45.9,4585.4464499999995,5.291331975501458,1.0,117.87677391897294
S-00821,R-113,D-019,V-032,Boulder,Suburban,mailroom,business,standard,0,clear,24-Dec-2025 18:10,24-Dec-2025 18:10,118.0,2025-12-01 18:12:00,672.0,2.0,4.34,4.34,2.872,7.24,0.66,0.0,0.0,31.99,11.8,42.8,rescheduled,customer_not_home,69.54,check,boulder,suburban,business,standard,rescheduled,2025-12-24 18:10:00,2025-12-24 18:10:00,2.0,0.0,554.0,Other,Other,Other,Other,Boulder,Suburban,mailroom,business,standard,clear,Other,Other,Other,rescheduled,customer_not_home,check,boulder,suburban,business,standard,rescheduled,0.0,7080.0,388.80488149154814,0.8890149625568643,1.3167490961116823,1.3167490961116823,2.2565915879645213,1.5628143736914586,0.5618452981526091,-0.0,0.0,19.243487228686305,1.4409830056250525,42.8,2487.4458000000004,1.875417088358097,0.0,326.69811715256395
S-00822,R-155,D-008,V-009,Boulder ,Downtown,front_desk,residential,expedited,0,wind,10/25/2025 02:30 PM MDT,10/25/2025 02:30 PM MDT,49.0,2025-12-02 14:23:00,443.0,4.0,3.9,3.9,1.594,8.9,0.74,2.16,0.0,49.58,9.3,82.5,delivered,customer_not_home,88.82,check,boulder,downtown,residential,expedited,delivered,2025-10-25 02:30:00,2025-10-25 02:30:00,5.0,1.0,394.0,Other,Other,Other,Other,Other,Downtown,front_desk,residential,expedited,wind,Other,Other,Other,delivered,customer_not_home,check,boulder,downtown,residential,expedited,delivered,0.0,1249.5,267.0539315652639,1.1867360977981165,1.264050183667092,1.264050183667092,1.355503633514083,1.6576645198992785,0.6200367392875267,0.4499278961704855,0.0,27.596496419306998,1.376823047150244,82.5,4033.3161999999993,4.46194756940847,1.0,240.26532828958412
S-00823,R-112,D-005,V-029,Denver-East,Suburban,leave_at_door,Business,STANDARD,1,clear,01/13/2025 12:50 PM,01/13/2025 12:50 PM,125.0,2025-12-03 12:40:00,340.0,2.0,2.62,2.62,2.116,13.04,0.72,3.88,0.0,41.51,6.4,69.9,failed,security_access,57.45,check,denver-east,suburban,business,standard,failed,2025-01-13 12:50:00,2025-01-13 12:50:00,0.0,0.0,215.0,Other,Other,Other,Other,Denver-East,Suburban,leave_at_door,Other,Other,clear,Other,Other,Other,failed,security_access,check,denver-east,suburban,business,standard,failed,1.0,7937.5,210.35288338669184,0.8890149625568643,1.0673006257239432,1.0673006257239432,1.7367671747469353,1.8244050016453406,0.605641971758582,0.4790042999193765,0.0,23.851686251372854,1.2647853779061924,69.9,1707.70125,0.0,0.0,139.09465234517683
S-00824,R-106,D-058,V-029,Denver-East,Rural,hand_to_security,residential,same_day,0,wind,2025/01/02 08:30:00 MDT,2025/01/02 08:30:00 MDT,35.0,2025-12-04 08:46:00,106.0,5.0,6.55,6.55,9.641375,7.9,2.95,0.0,118.12,50.81,6.6,63.4,delivered,customer_not_home,84.46,check,denver-east,rural,residential,same_day,delivered,2025-01-02 08:30:00,2025-01-02 08:30:00,3.0,0.0,71.0,Other,Other,Other,Other,Denver-East,Rural,Other,residential,same_day,wind,Other,Other,Other,delivered,customer_not_home,check,denver-east,rural,residential,same_day,delivered,0.0,647.5,73.3968862440626,1.2791016451735329,1.5157486269135303,1.5157486269135303,6.519421672746649,1.6032710300764443,1.8309068897278702,0.0,118.12,28.156334078173636,1.2745237498899882,63.4,3651.2057999999993,2.7580025035383304,0.0,51.0511894644485
S-00825,R-143,D-052,V-021,Boulder,Suburban,side_entrance,business,expedited,0,fog,04-Mar-2025 10:45 MDT,04-Mar-2025 10:45 MDT,63.0,2025-12-05 10:37:00,217.0,6.0,6.05,6.05,2.003,14.33,0.86,0.0,118.12,43.15,25.3,62.1,delivered ,customer_not_home,87.96,check,boulder,suburban,business,expedited,delivered,2025-03-04 10:45:00,2025-03-04 10:45:00,1.0,0.0,154.0,Other,Other,Other,Other,Boulder,Suburban,side_entrance,business,expedited,fog,Other,Other,Other,Other,customer_not_home,check,boulder,suburban,business,expedited,delivered,0.0,2047.5,140.26249461758664,1.352108625101415,1.4779997312677615,1.4779997312677615,1.6559706028763121,1.8636759567631238,0.7043886615883215,0.0,118.12,24.623464140997577,1.6559895419231092,62.1,3956.4407999999994,0.962295536748461,0.0,102.89432009205392
S-00826,R-136,D-023,V-005,Boulder,Downtown,mailroom,residential,SAME_DAY,0,snow,12/28/2024 03:50 PM MDT,12/28/2024 03:50 PM MDT,34.0,2025-12-06 15:52:00,532.0,3.0,6.22,6.22,2.872,7.5,1.52,0.0,118.12,49.58,6.3,76.3,failed,customer_not_home,47.72,check,boulder,downtown,residential,same_day,failed,2024-12-28 03:50:00,2024-12-28 03:50:00,5.0,1.0,498.0,Other,Other,Other,Other,Boulder,Downtown,mailroom,residential,Other,snow,Other,Other,Other,failed,customer_not_home,check,boulder,downtown,residential,same_day,failed,0.0,612.0,314.97977844462093,1.0641270562537064,1.4912147404112122,1.4912147404112122,2.2565915879645213,1.5792385072024742,1.118263781752026,-0.0,118.12,27.596496419306998,1.2597667898023948,76.3,1186.3192,4.46194756940847,1.0,296.77344082549035
S-00827,R-158,D-035,V-019,Boulder,Rural,leave_at_door,residential,same_day,0,wind,2025-02-26 18:40 MDT,2025-02-26 18:40 MDT,53.0,2025-12-07 18:51:00,711.0,1.0,10.24,10.24,9.641375,7.4,3.44,0.0,0.0,50.3,0.8,65.3,failed ,dog_on_premises,58.23,check,boulder,rural,residential,same_day,failed,2025-02-26 18:40:00,2025-02-26 18:40:00,2.0,0.0,658.0,Other,Other,Other,Other,Boulder,Rural,leave_at_door,residential,same_day,wind,Other,Other,Other,Other,Other,check,boulder,rural,residential,same_day,failed,0.0,1457.5,409.0830601073934,0.6053542918620024,1.7202795359131342,1.7202795359131342,6.519421672746649,1.5729998107386862,2.221878212513562,-0.0,0.0,27.92453247095676,1.0264754257495845,65.3,1753.5964499999998,1.875417088358097,0.0,381.49716832919535
S-00828,R-146,D-020,V-011,Colorado Springs,Suburban,front_desk,Biz,expedited,0,clear,2024/12/13 10:55:00 MST,2024/12/13 10:55:00 MST,79.0,2025-12-08 10:45:00,225.0,3.0,9.91,9.91,3.288,16.17,1.37,2.63,0.0,56.01,25.3,57.1,delivered ,customer_not_home,79.17,check,colorado-springs,suburban,business,expedited,delivered,2024-12-13 10:55:00,2024-12-13 10:55:00,4.0,0.0,146.0,Other,Other,Other,Other,Other,Suburban,front_desk,Other,expedited,clear,Other,Other,Other,Other,customer_not_home,check,colorado-springs,suburban,business,expedited,delivered,0.0,3199.5,144.9232603551406,1.0641270562537064,1.705794648383635,1.705794648383635,2.5294697087049407,1.9128123388401779,1.0305254548509775,0.4620548080352739,0.0,30.49467212430482,1.6336283472763442,57.1,3213.11445,3.618555125115471,0.0,98.05038984468158
S-00829,R-151,D-046,V-012,Denver-East,Campus,mailroom,residential,standard,0,wind,09-Dec-2025 11:15 MST,09-Dec-2025 11:15 MST,119.0,2025-12-09 11:15:00,255.0,1.0,11.76,11.76,2.188,27.89,0.89,0.0,0.0,59.71,13.6,32.7,Delivered,customer_not_home,88.24,check,denver-east,campus,residential,standard,delivered,2025-12-09 11:15:00,2025-12-09 11:15:00,1.0,0.0,136.0,Other,Other,Other,Other,Denver-East,Campus,mailroom,residential,standard,wind,Other,Other,Other,Other,customer_not_home,check,denver-east,campus,residential,standard,delivered,0.0,7199.5,162.25932159957858,0.6053542918620024,1.7805046558365734,1.7805046558365734,1.7877895081547388,2.1181145247073148,0.7249629554602642,-0.0,0.0,32.13244939390768,1.4765760774097862,32.7,3981.3887999999997,0.962295536748461,0.0,91.95809320945297
S-00830,R-115,D-024,V-033,Boulder ,Suburban,call_on_arrival,residential,Standard,0,snow,2024/12/02 12:45:00 MST,2024/12/02 12:45:00 MST,104.0,2025-12-10 12:55:00,355.0,1.0,1.35,1.35,2.081,9.41,1.0,1.32,118.12,56.54,11.0,46.0,failed,vehicle_issue,61.97,check,boulder,suburban,residential,standard,failed,2024-12-02 12:45:00,2024-12-02 12:45:00,0.0,0.0,251.0,Other,Other,Other,Other,Other,Suburban,call_on_arrival,residential,Other,snow,Other,Other,Other,failed,vehicle_issue,check,boulder,suburban,residential,standard,failed,0.0,5512.0,218.7065024884197,0.6053542918620024,0.753697585698155,0.753697585698155,1.71183710493369,1.682726926745731,0.7987697769322359,0.4071046373365042,118.12,30.730547835112127,1.4226497308103743,46.0,1982.11045,0.0,0.0,159.96011968028228
S-00831,R-151,D-008,V-013,Fort Collins,Suburban,front_desk,residential,standard,0,clear,2025-11-24 13:05 MDT ,2025-11-24 13:05 MDT ,110.0,2025-12-11 13:01:00,361.0,1.0,3.31,3.31,6.294,3.59,1.62,0.0,0.0,50.72,7.2,67.8,delivered,customer_not_home,83.82,check,fort-collins,suburban,residential,standard,delivered,2025-11-24 13:05:00,2025-11-24 13:05:00,0.0,0.0,251.0,Other,Other,Other,Other,Other,Suburban,front_desk,residential,standard,clear,Other,Other,Other,delivered,customer_not_home,check,fort-collins,suburban,residential,standard,delivered,0.0,6160.0,222.03802200319728,0.6053542918620024,1.1828525590408603,1.1828525590408603,4.312302256028099,1.223078325234594,1.1750269243193263,0.0,0.0,28.115461194532436,1.3015697042304217,67.8,3596.7161999999994,0.0,0.0,159.96011968028228
S-00832,R-151,D-009,V-016,Dnvr-East,Rural,front_desk,residential,standard,0,rain,01/09/2025 11:00 AM MST,01/09/2025 11:00 AM MST,120.0,2025-12-12 11:11:00,251.0,1.0,2.82,2.82,5.6,16.58,2.66,0.0,0.0,38.46,14.8,78.2,resheduled,customer_not_home,72.36,check,denver-east,rural,residential,standard,rescheduled,2025-01-09 11:00:00,2025-01-09 11:00:00,3.0,0.0,131.0,Other,Other,Other,Other,Other,Rural,front_desk,residential,standard,rain,Other,Other,Other,Other,customer_not_home,check,denver-east,rural,residential,standard,rescheduled,0.0,7320.0,159.96011968028228,0.6053542918620024,1.103565035982803,1.103565035982803,3.92424949971272,1.9228333542243718,1.7008042322995316,-0.0,0.0,22.400246832834185,1.4968453945733724,78.2,2690.3448,2.7580025035383304,0.0,88.89542093489645
S-00833,R-124,D-032,V-002,Denver-East,Downtown,garage,residential,STANDARD,0,snow,12/31/2024 07:20 AM MDT,12/31/2024 07:20 AM MDT,112.0,2025-12-13 07:29:00,29.0,1.0,8.91,8.91,2.439,3.65,1.05,0.0,0.0,51.01,9.8,36.2,failed,customer_not_home,71.24,check,denver-east,downtown,residential,standard,failed,2024-12-31 07:20:00,2024-12-31 07:20:00,1.0,0.0,0.0,Other,Other,Other,Other,Denver-East,Downtown,garage,residential,Other,snow,Other,Other,Other,failed,customer_not_home,check,denver-east,downtown,residential,standard,failed,0.0,6384.0,22.61172561527553,0.6053542918620024,1.6581719651956803,1.6581719651956803,1.9630274505256862,1.2312842174455985,0.831513313079815,-0.0,0.0,28.247111920176618,1.3914193805498154,36.2,2608.8088,0.962295536748461,0.0,0.0
S-00834,R-124,D-036,V-037,Denver-East,Suburban,call_on_arrival,residential,expedited,0,clear,2024/11/02 16:15:00 MDT,2024/11/02 16:15:00 MDT,39.0,2025-12-14 16:09:00,549.0,3.0,3.45,3.45,3.667,14.55,1.37,0.0,0.0,41.53,9.8,48.0,failed,weather_delay,77.23,check,denver-east,suburban,residential,expedited,failed,2024-11-02 16:15:00,2024-11-02 16:15:00,5.0,1.0,510.0,Other,Other,Other,Other,Denver-East,Suburban,call_on_arrival,residential,expedited,clear,Other,Other,Other,failed,weather_delay,check,denver-east,suburban,residential,expedited,failed,0.0,799.5,324.03900325929396,1.0641270562537064,1.2033767939399758,1.2033767939399758,2.7712267474903776,1.869944868874115,1.0305254548509775,-0.0,0.0,23.861133630529046,1.3914193805498154,48.0,3059.4664500000003,4.46194756940847,1.0,303.2129569088509
S-00835,R-109,D-030,V-036,Denver-East,Rural,building_super,residential,standard,0,clear,20-Sep-2025 17:30 MDT,20-Sep-2025 17:30 MDT,88.0,2025-12-15 17:39:00,639.0,2.0,5.21,5.21,9.641375,12.67,3.44,0.0,0.0,51.32,7.8,64.7,failed,customer_not_home,58.58,check,denver-east,rural,residential,standard,failed,2025-09-20 17:30:00,2025-09-20 17:30:00,5.0,1.0,551.0,Other,Other,Other,Other,Denver-East,Rural,Other,residential,standard,clear,Other,Other,Other,failed,customer_not_home,check,denver-east,rural,residential,standard,failed,0.0,3960.0,371.5546273667413,0.8890149625568643,1.406024707067201,1.406024707067201,6.1657031969226,1.812266870526848,2.221878212513562,0.0,0.0,28.38767977100528,1.325800137536758,64.7,1774.3881999999999,4.46194756940847,1.0,325.10293768604936
S-00836,R-105,D-040,V-006,Denver-West,Suburban,mailroom,Residential,standard,0,clear,15-Aug-2025 11:05,15-Aug-2025 11:05,138.0,2025-12-16 11:09:00,249.0,4.0,5.0,5.0,3.069,21.28,1.33,0.0,0.0,45.165,5.6,62.1,delivered,customer_not_home,73.15,check,denver-west,suburban,residential,standard,delivered,2025-08-15 11:05:00,2025-08-15 11:05:00,4.0,0.0,111.0,Other,Other,Other,Other,Denver-West,Suburban,mailroom,Other,standard,clear,Other,Other,Other,delivered,customer_not_home,check,denver-west,suburban,residential,standard,delivered,0.0,9660.0,158.80915300365646,1.1867360977981165,1.3860310631071153,1.3860310631071153,2.3868572775879806,2.0196091658721733,1.0065689030876825,-0.0,0.0,25.563918468834125,1.221501055838477,62.1,2748.6112500000004,3.618555125115471,0.0,76.52320130903806
S-00837,R-146,D-020,V-026,Denver-East,Suburban,leave_at_door,business,standard,0,fog,04/07/2025 01:50 PM MST,04/07/2025 01:50 PM MST,110.0,2025-12-17 13:52:00,412.0,2.0,3.4,3.4,2.027,10.39,0.91,0.0,0.0,49.94,3.4,46.5,delivered,customer_not_home,79.14,check,denver-east,suburban,business,standard,delivered,2025-04-07 01:50:00,2025-04-07 01:50:00,0.0,0.0,302.0,Other,Other,Other,Other,Denver-East,Suburban,leave_at_door,business,standard,fog,Other,Other,Other,delivered,customer_not_home,check,denver-east,suburban,business,standard,delivered,0.0,6160.0,250.14263001654626,0.8890149625568643,1.1961442737449923,1.1961442737449923,1.6732061666597653,1.726682039671733,0.7385704998575942,0.0,0.0,27.76063035997313,1.0465374107544076,46.5,3210.7098,0.0,0.0,189.0211689215116
S-00838,R-134,D-047,V-031,Colorado Springs,Industrial,call_on_arrival,residential,expedited,1,snow,2025-07-02 07:10 MST,2025-07-02 07:10 MST,69.0,2025-12-18 07:29:00,29.0,1.0,1.47,1.47,7.584,16.38,2.83,0.0,0.0,54.79,7.6,80.2,delivered,customer_not_home,70.66,check,colorado-springs,industrial,residential,expedited,delivered,2025-07-02 07:10:00,2025-07-02 07:10:00,2.0,0.0,0.0,Other,Other,Other,Other,Other,Industrial,call_on_arrival,residential,expedited,snow,Other,Other,Other,delivered,customer_not_home,check,colorado-springs,industrial,residential,expedited,delivered,1.0,2449.5,22.61172561527553,0.6053542918620024,0.7919530320405952,0.7919530320405952,5.00548338195436,1.9179834493323527,1.7777905649030923,-0.0,0.0,29.950036503544723,1.3180056605295265,80.2,2567.0777999999996,1.875417088358097,0.0,0.0
S-00042,R-153,D-027,V-027,Denver-East,Suburban,mailroom,business,standard,0,snow,03/25/2025 01:40 PM MDT ,03/25/2025 01:40 PM MDT ,123.0,2025-12-19 13:40:00,400.0,4.0,5.42,5.42,1.738,9.99,0.83,0.0,0.0,49.48,7.4,61.8,failed,weather_delay,65.73,check,denver-east,suburban,business,standard,failed,2025-03-25 01:40:00,2025-03-25 01:40:00,1.0,0.0,277.0,Other,Other,Other,Other,Denver-East,Suburban,mailroom,business,standard,snow,Other,Other,Other,failed,weather_delay,check,denver-east,suburban,business,standard,failed,0.0,7687.5,243.5626657425016,1.1867360977981165,1.425158178546656,1.425158178546656,1.4628098897282205,1.7093579658781728,0.6836142837816972,-0.0,0.0,27.55086224915715,1.3099344406576456,61.8,2225.9464500000004,0.962295536748461,0.0,174.84234708144027
S-00840,R-109,D-037,V-005,Denver-West,Rural,call_on_arrival,residential,expedited,0,clear,13-Aug-2025 10:30 MDT,13-Aug-2025 10:30 MDT,59.0,2025-12-20 10:30:00,210.0,1.0,12.72,12.72,5.688,9.02,2.49,3.51,118.12,51.08,25.3,53.1,failed,weather_delay,52.25,check,denver-west,rural,residential,expedited,failed,2025-08-13 10:30:00,2025-08-13 10:30:00,2.0,0.0,151.0,Other,Other,Other,Other,Denver-West,Rural,call_on_arrival,residential,expedited,clear,Other,Other,Other,failed,weather_delay,check,denver-west,rural,residential,expedited,failed,0.0,1799.5,136.1702891584324,0.6053542918620024,1.8139319695958138,1.8139319695958138,3.9741098153102183,1.6637102946176483,1.6216411703406506,0.4754180166272535,118.12,28.2788676607465,1.6564973067136368,53.1,1417.28125,1.875417088358097,0.0,101.08084674494162
S-00841,R-129,D-021,V-005,Colorado-Springs,Downtown,hand_to_security,residential,expedited,0,clear,11/23/2025 05:20 PM MDT,11/23/2025 05:20 PM MDT,67.0,2025-12-21 17:10:00,610.0,3.0,3.52,3.52,1.316,8.84,0.86,0.0,0.0,44.9,6.4,72.8,delivered,customer_not_home,81.02,check,colorado-springs,downtown,residential,expedited,delivered,2025-11-23 05:20:00,2025-11-23 05:20:00,6.0,1.0,543.0,Other,Other,Other,Other,Colorado-Springs,Downtown,Other,residential,expedited,clear,Other,Other,Other,delivered,customer_not_home,check,colorado-springs,downtown,residential,expedited,delivered,0.0,2311.5,356.3218341764621,1.0641270562537064,1.213326724246833,1.213326724246833,1.1431205397917052,1.6546057912464898,0.7043886615883215,0.0,0.0,25.44071214009604,1.2647853779061924,72.8,3363.1402,5.291331975501458,1.0,320.8448720130541
S-00842,R-123,D-030,V-034,Boulder ,Rural,hand_to_security,residential,standard,0,snow,02-Nov-2024 18:10 MDT,02-Nov-2024 18:10 MDT,103.0,2025-12-22 18:24:00,684.0,2.0,3.03,3.03,9.641375,5.74,2.75,0.0,118.12,32.07,14.8,33.5,failed,address_issue,52.33,check,boulder,rural,residential,standard,failed,2024-11-02 18:10:00,2024-11-02 18:10:00,5.0,1.0,581.0,Other,Other,Other,Other,Other,Rural,Other,residential,standard,snow,Other,Other,Other,failed,address_issue,check,boulder,rural,residential,standard,failed,0.0,5407.5,395.05653486558964,0.8890149625568643,1.1390776523068158,1.1390776523068158,6.519421672746649,1.4528011240031504,1.741822737839486,-0.0,118.12,19.283234589547067,1.4968453945733724,33.5,1421.5444499999999,4.46194756940847,1.0,341.01654079737904
S-00843,R-141,D-009,V-036,Denver-West,Industrial,package_room_3F,res,standard,0,clear,2025-06-16 09:35,2025-06-16 09:35,123.0,2025-12-23 09:38:00,158.0,2.0,2.86,2.86,8.938,5.57,3.44,0.0,0.0,45.42,5.3,37.6,delivered,customer_not_home,87.83,check,denver-west,industrial,residential,standard,delivered,2025-06-16 09:35:00,2025-06-16 09:35:00,0.0,0.0,35.0,Other,Other,Other,Other,Denver-West,Industrial,Other,Other,standard,clear,Other,Other,Other,delivered,customer_not_home,check,denver-west,industrial,residential,standard,delivered,0.0,7687.5,105.30684229104159,0.8890149625568643,1.1105222485148754,1.1105222485148754,5.700143609816093,1.4383336819325925,2.20537798666073,-0.0,0.0,25.68234207380507,1.2031809271104041,37.6,3944.88445,0.0,0.0,26.841973639752084
S-00844,R-150,D-038,V-012,Colorado-Springs,Suburban,call_on_arrival,business ,standard,0,clear,12-Nov-2024 09:20,12-Nov-2024 09:20,138.0,2025-12-24 09:26:00,146.0,6.0,9.37,9.37,2.695,10.72,1.02,0.0,0.0,34.39,14.5,63.9,delivered,customer_not_home,84.01,check,colorado-springs,suburban,business,standard,delivered,2024-11-12 09:20:00,2024-11-12 09:20:00,1.0,0.0,8.0,Other,Other,Other,Other,Colorado-Springs,Suburban,call_on_arrival,Other,standard,clear,Other,Other,Other,delivered,customer_not_home,check,colorado-springs,suburban,business,standard,delivered,0.0,9660.0,98.05038984468158,1.4118117958798448,1.680819444161519,1.680819444161519,2.137845149411661,1.7403895044646691,0.8119254805614244,-0.0,0.0,20.427762961179152,1.491999491999238,63.9,3612.8500500000005,0.962295536748461,0.0,6.9163045064911985
S-00845,R-133,D-009,V-028,Boulder,Suburban,leave_at_door,residential,same_day,1,clear,12-Oct-2025 12:30 MST,12-Oct-2025 12:30 MST,54.0,2025-12-25 12:29:00,329.0,3.0,6.22,6.22,5.098,15.83,1.19,0.0,0.0,48.49,25.3,55.7,delivered,customer_not_home,82.33,check,boulder,suburban,residential,same_day,delivered,2025-10-12 12:30:00,2025-10-12 12:30:00,6.0,1.0,275.0,Other,Other,Other,Other,Boulder,Suburban,leave_at_door,residential,same_day,clear,Other,Other,Other,delivered,customer_not_home,check,boulder,suburban,residential,same_day,delivered,1.0,1512.0,204.20358492177238,1.0641270562537064,1.4912147404112122,1.4912147404112122,3.635888672392519,1.9042633064486347,0.9207210062828284,0.0,0.0,27.09810130281459,1.6199942998717467,55.7,3471.44445,5.291331975501458,1.0,173.7026691925468
S-00846,R-154,D-059,V-004,Boulder,Suburban,mailroom,residential,standard,0,rain,03-Mar-2025 08:15 MST,03-Mar-2025 08:15 MST,136.0,2025-12-26 08:31:00,91.0,2.0,3.44,3.44,2.9,12.86,1.54,0.0,118.12,49.02,9.8,62.3,failed,customer_not_home,61.79,check,boulder,suburban,residential,standard,failed,2025-03-03 08:15:00,2025-03-03 08:15:00,0.0,0.0,0.0,Other,Other,Other,Other,Boulder,Suburban,mailroom,residential,standard,rain,Other,Other,Other,failed,customer_not_home,check,boulder,suburban,residential,standard,failed,0.0,9384.0,63.92679266801697,0.8890149625568643,1.201938767143192,1.201938767143192,2.275225650938551,1.8185525876036572,1.129723099676418,0.0,118.12,27.340711480710947,1.3914193805498154,62.3,1970.79205,0.0,0.0,0.0
S-00847,R-110,D-008,V-034,Denver-West,Suburban,leave_at_door,residential,standard,0,clear,27-Feb-2025 07:05 MDT,27-Feb-2025 07:05 MDT,104.0,2025-12-27 07:00:00,0.0,3.0,13.45,13.45,2.388,15.04,0.67,0.0,0.0,37.17,9.8,78.4,failed,security_access,47.28,check,denver-west,suburban,residential,standard,failed,2025-02-27 07:05:00,2025-02-27 07:05:00,3.0,0.0,0.0,Other,Other,Other,Other,Denver-West,Suburban,leave_at_door,residential,standard,clear,Other,Other,Other,failed,security_access,check,denver-west,suburban,residential,standard,failed,0.0,5512.0,0.0,1.0641270562537064,1.8373788104345345,1.8373788104345345,1.9277406908765162,1.8835021511203593,0.5692099476746609,0.0,0.0,21.779671384679677,1.3914193805498154,78.4,1164.9792,2.7580025035383304,0.0,0.0
S-00839,R-111,D-020,V-011,Boulder,Suburban,garage,business,expedited,0,clear,17-Oct-2025 12:35 MST ,17-Oct-2025 12:35 MST ,64.0,2025-12-28 12:28:00,328.0,6.0,11.03,11.03,2.501,12.81,1.06,0.0,0.0,42.08,6.8,64.5,failed,package_damaged,70.29,check,boulder,suburban,business,expedited,failed,2025-10-17 12:35:00,2025-10-17 12:35:00,4.0,0.0,264.0,Other,Other,Other,Other,Boulder,Suburban,garage,business,expedited,clear,Other,Other,Other,failed,package_damaged,check,boulder,suburban,business,expedited,failed,0.0,2112.0,203.64355081557233,1.352108625101415,1.7528167496028513,1.7528167496028513,2.0057143980422487,1.8169093597097214,0.8380043385853689,0.0,0.0,24.120590101229386,1.283885125960567,64.5,2540.6320500000006,3.618555125115471,0.0,167.41949282691635
S-00849,R-123,D-021,V-015,Denver-West,Downtown,leave_at_door,residential,standard,1,rain,2025-06-09 14:55 MST,2025-06-09 14:55 MST,127.0,2025-12-29 15:01:00,481.0,2.0,12.75,12.75,1.05,16.79,0.94,0.0,118.12,49.07,7.0,55.0,failed,weather_delay,59.05,check,denver-west,downtown,residential,standard,failed,2025-06-09 14:55:00,2025-06-09 14:55:00,0.0,0.0,354.0,Other,Other,Other,Other,Denver-West,Downtown,leave_at_door,residential,standard,rain,Other,Other,Other,failed,weather_delay,check,denver-west,downtown,residential,standard,failed,1.0,8191.5,287.6241504449949,0.8890149625568643,1.8149272472419602,1.8149272472419602,0.9326116529234497,1.9278491557193245,0.758822458586083,-0.0,118.12,27.363572620011084,1.2928932188134525,55.0,1802.5012499999998,0.0,0.0,218.15070567146847
S-00850,R-155,D-034,V-019,Colorado-Springs,Rural,leave_at_door,residential,standard,0,clear,2025-02-16 10:15 MDT ,2025-02-16 10:15 MDT ,124.0,2025-12-30 10:20:00,200.0,1.0,2.94,2.94,2.865,1.74,1.23,0.0,0.0,41.33,8.6,31.5,delivered,customer_not_home,94.79,check,colorado-springs,rural,residential,standard,delivered,2025-02-16 10:15:00,2025-02-16 10:15:00,6.0,1.0,76.0,Other,Other,Other,Other,Colorado-Springs,Rural,leave_at_door,residential,standard,clear,Other,Other,Other,delivered,customer_not_home,check,colorado-springs,rural,residential,standard,delivered,0.0,7812.0,130.30056125675895,0.6053542918620024,1.1241595601636107,1.1241595601636107,2.2519267637502574,1.1382307480670901,0.9455769535102806,-0.0,0.0,23.76661977369731,1.3545027756320973,31.5,4587.362050000001,5.291331975501458,1.0,54.30029146932206
S-00851,R-113,D-006,V-017,Denver-East,Downtown,locker_pickup,Biz,expedited,1,clear,2025-08-11 10:00 MST,2025-08-11 10:00 MST,59.0,2024-11-01 09:47:00,167.0,3.0,6.26,6.26,2.332,13.26,1.16,0.0,118.12,58.24,6.1,73.0,failed,customer_not_home,68.32,check,denver-east,downtown,business,expedited,failed,2025-08-11 10:00:00,2025-08-11 10:00:00,0.0,0.0,108.0,Other,Other,Other,Other,Denver-East,Downtown,Other,Other,expedited,clear,Other,Other,Other,failed,customer_not_home,check,denver-east,downtown,business,expedited,failed,1.0,1799.5,110.71310027961135,1.0641270562537064,1.4942654544936456,1.4942654544936456,1.8888103502017914,1.8314268652358252,0.9018997328990817,-0.0,118.12,31.484224220490866,1.2494133749591985,73.0,2402.1311999999994,0.0,0.0,74.64912835043243
S-00852,R-118,D-041,V-036,Fort-Collins,Campus,side_entrance,business,expedited,0,wind,03/30/2025 01:35 PM MDT,03/30/2025 01:35 PM MDT,56.0,2024-11-02 13:29:00,389.0,6.0,8.04,8.04,3.548,17.65,1.77,1.77,118.12,52.59,5.6,34.0,failed,vehicle_issue,60.49,check,fort-collins,campus,business,expedited,failed,2025-03-30 01:35:00,2025-03-30 01:35:00,6.0,1.0,333.0,Other,Other,Other,Other,Fort-Collins,Campus,side_entrance,business,expedited,wind,Other,Other,Other,failed,vehicle_issue,check,fort-collins,campus,business,expedited,failed,0.0,1624.0,237.513721570643,1.352108625101415,1.6113528848117666,1.6113528848117666,2.695975783785693,1.9476145800066806,1.2577848943378716,0.4348355901940596,118.12,28.961829050969833,1.221501055838477,34.0,1890.01005,5.291331975501458,1.0,206.44203014824762
S-00853,R-140,D-009,V-020,Boulder,Rural,front_desk,residential,standard,0,rain,2025-02-28 12:50 MDT,2025-02-28 12:50 MDT,131.0,2024-11-03 12:51:00,351.0,1.0,4.63,4.63,-2.3496249999999996,10.29,2.17,2.56,0.0,47.13,9.8,62.1,delivered,customer_not_home,80.32,check,boulder,rural,residential,standard,delivered,2025-02-28 12:50:00,2025-02-28 12:50:00,4.0,0.0,220.0,Other,Other,Other,Other,Boulder,Rural,front_desk,residential,standard,rain,Other,Other,Other,delivered,customer_not_home,check,boulder,rural,residential,standard,delivered,0.0,8711.5,216.48237376266275,0.6053542918620024,1.348490027928838,1.348490027928838,-1.0976083387537812,1.7224259846232537,1.4661004875462285,0.4605479106173463,0.0,26.473158143316343,1.3914193805498154,62.1,3305.9711999999995,3.618555125115471,0.0,142.01225336811117
S-00854,R-133,D-035,V-006,Fort-Collins,Campus,side_entrance,residential,standard,0,rain,2025/04/21 09:05:00 MDT,2025/04/21 09:05:00 MDT,148.0,2024-11-04 09:13:00,133.0,1.0,2.04,2.04,-2.3496249999999996,23.4,1.45,0.0,0.0,39.18,9.8,39.8,delivered,customer_not_home,81.27,check,fort-collins,campus,residential,standard,delivered,2025-04-21 09:05:00,2025-04-21 09:05:00,0.0,0.0,0.0,Other,Other,Other,Other,Fort-Collins,Campus,side_entrance,residential,standard,rain,Other,Other,Other,delivered,customer_not_home,check,fort-collins,campus,residential,standard,delivered,0.0,11100.0,90.12185804093357,0.6053542918620024,0.9454303936024753,0.9454303936024753,-1.0976083387537812,2.054947947143491,1.077720771647694,-0.0,0.0,22.744845557001845,1.3914193805498154,39.8,3383.6764499999995,0.0,0.0,0.0
S-00855,R-138,D-042,V-011,Boulder,Rural,rear_loading_dock,residential,expedited,0,clear,13-Apr-2025 13:45 MST,13-Apr-2025 13:45 MST,47.0,2024-11-05 13:32:00,392.0,0.0,6.85,6.85,2.539,4.87,0.98,3.15,0.0,36.85,18.0,66.0,delivered,customer_not_home,88.7,check,boulder,rural,residential,expedited,delivered,2025-04-13 13:45:00,2025-04-13 13:45:00,6.0,1.0,345.0,Other,Other,Other,Other,Boulder,Rural,Other,residential,expedited,clear,Other,Other,Other,delivered,customer_not_home,check,boulder,rural,residential,expedited,delivered,0.0,1151.5,239.16510603641578,-0.0,1.5368721063860056,1.5368721063860056,2.0317652313551693,1.3731923240354675,0.785534900083673,0.4709682101901582,0.0,21.625085188017206,1.5411685322588764,66.0,4022.545,5.291331975501458,1.0,213.14142899450383
S-00856,R-111,D-038,V-010,Boulder,Downtown,call_on_arrival,residential,standard,0,rain,2025-10-20 19:15,2025-10-20 19:15,136.0,2024-11-06 19:22:00,742.0,1.0,1.39,1.39,1.296,4.72,0.78,4.18,0.0,48.0,25.3,50.9,delivered,customer_not_home,91.9,check,boulder,downtown,residential,standard,delivered,2025-10-20 19:15:00,2025-10-20 19:15:00,0.0,0.0,606.0,Other,Other,Other,Other,Boulder,Downtown,call_on_arrival,residential,standard,rain,Other,Other,Other,delivered,customer_not_home,check,boulder,downtown,residential,standard,delivered,0.0,9384.0,425.12223447847606,0.6053542918620024,0.7667263298046635,0.7667263298046635,1.1275546935702871,1.3579111036043143,0.6485312605068544,0.4813658114816416,0.0,26.87333868501536,1.6298833949011975,50.9,4314.705000000001,0.0,0.0,354.21515526457796
S-00857,R-147,D-043,V-040,Denver-East,Downtown,mailroom,residential,standard,0,rain,12/01/2025 01:05 PM,12/01/2025 01:05 PM,134.0,2024-11-07 13:18:00,378.0,3.0,5.31,5.31,5.004,15.84,1.93,0.0,0.0,36.73,14.1,63.3,delivered,customer_not_home,84.08,check,denver-east,downtown,residential,standard,delivered,2025-12-01 01:05:00,2025-12-01 01:05:00,0.0,0.0,244.0,Other,Other,Other,Other,Denver-East,Downtown,mailroom,residential,standard,rain,Other,Other,Other,delivered,customer_not_home,check,denver-east,downtown,residential,standard,delivered,0.0,9112.0,231.44768980829247,1.0641270562537064,1.4152391094631753,1.4152391094631753,3.58111379541147,1.9045179443006444,1.3431475336920318,-0.0,0.0,21.56704806022221,1.485314987345021,63.3,3618.8032,0.0,0.0,155.92768835092565
S-00858,R-122,D-058,V-039,Denver-West,Industrial,mailroom,business,Standard,1,clear,13-Oct-2025 16:40 MST,13-Oct-2025 16:40 MST,135.0,2024-11-08 16:36:00,576.0,2.0,2.17,2.17,2.98,29.35625,1.48,0.0,0.0,37.87,8.6,82.9,delivered,customer_not_home,89.94,check,denver-west,industrial,business,standard,delivered,2025-10-13 16:40:00,2025-10-13 16:40:00,0.0,0.0,441.0,Other,Other,Other,Other,Denver-West,Industrial,mailroom,business,Other,clear,Other,Other,Other,delivered,customer_not_home,check,denver-west,industrial,business,standard,delivered,1.0,9247.5,338.37008400101564,0.8890149625568643,0.9752401295512142,0.9752401295512142,2.3282461767159277,2.2078704665770754,1.0951803468784778,-0.0,0.0,22.116929352309526,1.3545027756320973,82.9,4134.5418,0.0,0.0,265.9665307266122
S-00859,R-103,D-054,V-037,Denver East,Suburban,side_entrance,business,standard,1,clear,2025/04/27 14:55:00,2025/04/27 14:55:00,114.0,2024-11-09 14:56:00,476.0,1.0,7.29,7.29,6.361,26.44,2.07,0.0,0.0,54.67,9.8,36.1,delivered,customer_not_home,82.6,check,denver-east,suburban,business,standard,delivered,2025-04-27 14:55:00,2025-04-27 14:55:00,6.0,1.0,362.0,Other,Other,Other,Other,Other,Suburban,side_entrance,business,standard,clear,Other,Other,Other,delivered,customer_not_home,check,denver-east,suburban,business,standard,delivered,1.0,6612.0,284.9270857776852,0.6053542918620024,1.5660247524203517,1.5660247524203517,4.349165083581532,2.099195934610601,1.4155733039556715,-0.0,0.0,29.896337842413203,1.3914193805498154,36.1,3493.9799999999996,5.291331975501458,1.0,222.59273611459565
S-00860,R-106,D-053,V-002,Denver-East,Downtown,front_desk,Residential,standard,0,wind,05-Jul-2025 11:20 MDT,05-Jul-2025 11:20 MDT,112.0,2024-11-10 11:19:00,259.0,1.0,9.01,9.01,2.024,9.74,0.98,0.0,0.0,45.165,13.6,42.5,delivered,customer_not_home,84.47,check,denver-east,downtown,residential,standard,delivered,2025-07-05 11:20:00,2025-07-05 11:20:00,5.0,1.0,147.0,Other,Other,Other,Other,Denver-East,Downtown,front_desk,Other,standard,wind,Other,Other,Other,delivered,customer_not_home,check,denver-east,downtown,residential,standard,delivered,0.0,6384.0,164.55493366779348,0.6053542918620024,1.6632100829539038,1.6632100829539038,1.6710539691999253,1.6981085491149353,0.785534900083673,-0.0,0.0,25.563918468834125,1.4765760774097862,42.5,3652.06045,4.46194756940847,1.0,98.65729508785324
S-00861,R-117,D-003,V-037,Boulder,Suburban,front_desk,residential,same_day,0,clear,05/08/2025 10:30 AM,05/08/2025 10:30 AM,38.0,2024-11-11 10:20:00,200.0,3.0,1.35,1.35,1.348,18.66,0.58,1.61,0.0,37.53,7.1,69.9,failed,customer_not_home,51.25,check,boulder,suburban,residential,same_day,failed,2025-05-08 10:30:00,2025-05-08 10:30:00,3.0,0.0,162.0,Other,Other,Other,Other,Boulder,Suburban,front_desk,residential,same_day,clear,Other,Other,Other,failed,customer_not_home,check,boulder,suburban,residential,same_day,failed,0.0,760.0,130.30056125675895,1.0641270562537064,0.753697585698155,0.753697585698155,1.1679423095791077,1.9693668730140295,0.5019457767999675,0.4266011949325465,0.0,21.953271420244636,1.2972716310736936,69.9,1364.53125,2.7580025035383304,0.0,107.71330220897006
S-00862,R-150,D-042,V-014,Denver-West,Downtown,garage,residential,standard,0,wind,2025/10/11 14:10:00 MST ,2025/10/11 14:10:00 MST ,106.0,2024-11-12 14:02:00,422.0,2.0,5.43,5.43,1.749,9.6,0.92,0.0,0.0,54.79,5.2,62.1,delivered,customer_not_home,90.0,check,denver-west,downtown,residential,standard,delivered,2025-10-11 14:10:00,2025-10-11 14:10:00,5.0,1.0,316.0,Other,Other,Other,Other,Denver-West,Downtown,garage,residential,standard,wind,Other,Other,Other,delivered,customer_not_home,check,denver-west,downtown,residential,standard,delivered,0.0,5724.0,255.61132260547961,0.8890149625568643,1.4260489474746452,1.4260489474746452,1.4709363479923794,1.6916590853757143,0.745342223199209,-0.0,0.0,29.950036503544723,1.196780671097501,62.1,4140.0,4.46194756940847,1.0,196.9096961097596
S-00863,R-140,D-037,V-027,Boulder,Suburban,call_on_arrival,residential,Standard,0,rain,10/01/2025 02:05 PM MST ,10/01/2025 02:05 PM MST ,120.0,2024-11-13 14:04:00,424.0,2.0,5.02,5.02,3.753,11.78,0.94,0.0,118.12,40.26,9.9,88.6,failed,address_issue,55.32,check,boulder,suburban,residential,standard,failed,2025-10-01 02:05:00,2025-10-01 02:05:00,2.0,0.0,304.0,Other,Other,Other,Other,Boulder,Suburban,call_on_arrival,residential,Other,rain,Other,Other,Other,failed,address_issue,check,boulder,suburban,residential,standard,failed,0.0,7320.0,256.70350068118245,0.8890149625568643,1.3879741569751407,1.3879741569751407,2.825251717194662,1.7812340830500417,0.758822458586083,-0.0,118.12,23.25944019526442,1.3942174671846175,88.6,1585.4712,1.875417088358097,0.0,190.1502957420131
S-00864,R-132,D-041,V-002,Fort-Collins,Campus,call_on_arrival,residential,standard,0,clear,2025-02-04 10:05,2025-02-04 10:05,121.0,2024-11-14 09:56:00,176.0,3.0,4.78,4.78,1.823,9.82,0.92,0.0,0.0,44.0,17.9,72.3,delivered,customer_not_home,88.74,check,fort-collins,campus,residential,standard,delivered,2025-02-04 10:05:00,2025-02-04 10:05:00,1.0,0.0,55.0,Other,Other,Other,Other,Fort-Collins,Campus,call_on_arrival,residential,standard,clear,Other,Other,Other,delivered,customer_not_home,check,fort-collins,campus,residential,standard,delivered,0.0,7441.5,116.09045912524334,1.0641270562537064,1.36408542089604,1.36408542089604,1.525354321561512,1.7017450908629823,0.745342223199209,-0.0,0.0,25.021206856626318,1.539956293771764,72.3,4026.1337999999996,0.962295536748461,0.0,40.49208680597269
S-00865,R-119,D-057,V-035,Boulder,Downtown,garage,business,expedited,1,clear,2024/12/26 12:45:00 MST,2024/12/26 12:45:00 MST,67.0,2024-11-15 12:41:00,341.0,4.0,9.71,9.71,2.021,22.88,0.72,0.0,0.0,38.54,2.3,57.1,delivered,customer_not_home,84.87,check,boulder,downtown,business,expedited,delivered,2024-12-26 12:45:00,2024-12-26 12:45:00,3.0,0.0,274.0,Other,Other,Other,Other,Boulder,Downtown,garage,business,expedited,clear,Other,Other,Other,delivered,customer_not_home,check,boulder,downtown,business,expedited,delivered,1.0,2311.5,210.9109177538544,1.1867360977981165,1.6967357557010156,1.6967357557010156,1.668901131109679,2.046659560438528,0.605641971758582,-0.0,0.0,22.43859729355461,1.0264754257495845,57.1,3686.3284500000004,2.7580025035383304,0.0,173.13252085030922
S-00639,R-131,D-042,V-020,Dnvr-East,Rural,mailroom,business,standard,0,clear,12/24/2024 12:00 PM ,12/24/2024 12:00 PM ,145.0,2024-11-16 11:59:00,299.0,1.0,9.04,9.04,9.595,17.2,3.05,0.0,0.0,41.19,13.6,38.7,delivered,customer_not_home,84.3,check,denver-east,rural,business,standard,delivered,2024-12-24 12:00:00,2024-12-24 12:00:00,1.0,0.0,154.0,Other,Other,Other,Other,Other,Rural,mailroom,business,standard,clear,Other,Other,Other,delivered,customer_not_home,check,denver-east,rural,business,standard,delivered,0.0,10657.5,187.32607908411958,0.6053542918620024,1.6647087737616686,1.6647087737616686,6.026857469365616,1.937423621235212,1.8744355061604623,0.0,0.0,23.70040693845931,1.4765760774097862,38.7,3637.5449999999996,0.962295536748461,0.0,102.89432009205392
S-00867,R-120,D-016,V-026,Denver-East,Downtown,call_on_arrival,residential,standard,0,clear,04/16/2025 04:45 PM MST,04/16/2025 04:45 PM MST,158.0,2024-11-17 16:46:00,586.0,2.0,5.33,5.33,2.986,11.93,1.28,3.91,0.0,52.11,19.2,36.3,delivered,customer_not_home,84.75,check,denver-east,downtown,residential,standard,delivered,2025-04-16 04:45:00,2025-04-16 04:45:00,2.0,0.0,428.0,Other,Other,Other,Other,Denver-East,Downtown,call_on_arrival,residential,standard,clear,Other,Other,Other,delivered,customer_not_home,check,denver-east,downtown,residential,standard,delivered,0.0,12640.0,343.6607249524355,0.8890149625568643,1.4170592223967513,1.4170592223967513,2.3322097617004163,1.7866578987110515,0.9762735777270106,0.4792600827107901,0.0,28.745151107889846,1.5550058405100153,36.3,3676.03125,1.875417088358097,0.0,258.8863179377542
S-00868,R-145,D-030,V-005,Denver-East,Rural,leave_at_door,business,expedited,1,clear,2025-03-11 15:10,2025-03-11 15:10,59.0,2024-11-18 15:18:00,498.0,5.0,14.75,14.75,9.641375,14.68,3.44,0.0,0.0,45.165,6.8,20.7,delivered,customer_not_home,89.07,check,denver-east,rural,business,expedited,delivered,2025-03-11 15:10:00,2025-03-11 15:10:00,1.0,0.0,439.0,Other,Other,Other,Other,Denver-East,Rural,leave_at_door,business,expedited,clear,Other,Other,Other,delivered,customer_not_home,check,denver-east,rural,business,expedited,delivered,1.0,1799.5,296.77344082549035,1.2791016451735329,1.8755446388514447,1.8755446388514447,6.519421672746649,1.8735952862024023,2.221878212513562,-0.0,0.0,25.563918468834125,1.283885125960567,20.7,4055.802449999999,0.962295536748461,0.0,264.87863773828076
S-00869,R-129,D-004,V-011,Denver-East,Downtown,mailroom,residential,standard,1,clear,2025/01/26 10:05:00 MDT,2025/01/26 10:05:00 MDT,109.0,2024-11-19 10:00:00,180.0,1.0,1.47,1.47,4.8,18.89,1.57,0.0,0.0,49.88,10.9,16.837499999999984,delivered,customer_not_home,94.87,check,denver-east,downtown,residential,standard,delivered,2025-01-26 10:05:00,2025-01-26 10:05:00,6.0,1.0,71.0,Other,Other,Other,Other,Denver-East,Downtown,mailroom,residential,standard,clear,Other,Other,Other,delivered,customer_not_home,check,denver-east,downtown,residential,standard,delivered,1.0,6049.5,118.47154841883611,0.6053542918620024,0.7919530320405952,0.7919530320405952,3.461346335711883,1.9741178586301182,1.1468110159360163,-0.0,0.0,27.733290855609123,1.4202289643475516,16.837499999999984,4595.028450000001,5.291331975501458,1.0,51.0511894644485
S-00870,R-130,D-027,V-031,Boulder ,Suburban,mailroom,residential,same_day,0,fog,2024/11/23 14:50:00 MST,2024/11/23 14:50:00 MST,69.0,2024-11-20 14:54:00,474.0,4.0,4.38,4.38,2.49,22.79,0.94,0.0,0.0,56.74,25.0,57.9,delivered,customer_not_home,91.07,check,boulder,suburban,residential,same_day,delivered,2024-11-23 14:50:00,2024-11-23 14:50:00,5.0,1.0,405.0,Other,Other,Other,Other,Other,Suburban,mailroom,residential,same_day,fog,Other,Other,Other,delivered,customer_not_home,check,boulder,suburban,residential,same_day,delivered,0.0,2449.5,283.8474697197142,1.1867360977981165,1.3212588078024288,1.3212588078024288,1.9981575626349941,2.0452012043546803,0.758822458586083,0.0,0.0,30.81944445610495,1.607767729723632,57.9,4237.94245,4.46194756940847,1.0,246.30667742533663
S-00871,R-139,D-014,V-022,Denver-West,Downtown,front_desk,residential,standard,0,snow,2025/09/01 11:00:00 MST,2025/09/01 11:00:00 MST,114.0,2024-11-21 10:56:00,236.0,1.0,9.31,9.31,2.317,18.5,1.34,0.0,0.0,60.4,15.4,83.9,RESCHEDULED,customer_not_home,56.61,check,denver-west,downtown,residential,standard,rescheduled,2025-09-01 11:00:00,2025-09-01 11:00:00,0.0,0.0,122.0,Other,Other,Other,Other,Denver-West,Downtown,front_desk,residential,standard,snow,Other,Other,Other,Other,customer_not_home,check,denver-west,downtown,residential,standard,rescheduled,0.0,6612.0,151.30504405775264,0.6053542918620024,1.6779402140750206,1.6779402140750206,1.8783493429889655,1.9660190144523142,1.012581030664142,-0.0,0.0,32.43563277947899,1.5061352016752052,83.9,1658.95605,0.0,0.0,83.35297566823893
S-00872,R-156,D-010,V-021,Denver-East,Suburban,side_entrance,residential ,expedited,0,rain,2025/01/26 08:15:00,2025/01/26 08:15:00,53.0,2024-11-22 08:26:00,86.0,2.0,2.02,2.02,9.209,6.04,3.19,1.99,0.0,42.84,4.1,70.5,delivered,customer_not_home,80.29,check,denver-east,suburban,residential,expedited,delivered,2025-01-26 08:15:00,2025-01-26 08:15:00,6.0,1.0,33.0,Other,Other,Other,Other,Denver-East,Suburban,side_entrance,Other,expedited,rain,Other,Other,Other,delivered,customer_not_home,check,denver-east,suburban,residential,expedited,delivered,0.0,1457.5,60.73676893040436,0.8890149625568643,0.9406971709322348,0.9406971709322348,5.835668879931954,1.4772094989036224,1.9343055763298633,0.4440722139573383,0.0,24.47802501867738,1.1143851144599046,70.5,3303.5320500000007,5.291331975501458,1.0,25.44035555470139
S-00873,R-147,D-046,V-021,Denver-West,Industrial,garage,business,standard,0,snow,2025-12-19 12:50 MDT,2025-12-19 12:50 MDT,120.0,2024-11-23 12:53:00,353.0,3.0,4.09,4.09,4.351,9.53,1.97,0.0,0.0,49.73,8.8,40.4,delivered,customer_not_home,87.63,check,denver-west,industrial,business,standard,delivered,2025-12-19 12:50:00,2025-12-19 12:50:00,4.0,0.0,233.0,Other,Other,Other,Other,Denver-West,Industrial,garage,business,standard,snow,Other,Other,Other,delivered,customer_not_home,check,denver-west,industrial,business,standard,delivered,0.0,7320.0,217.59475226976303,1.0641270562537064,1.2875322201796247,1.2875322201796247,3.193178313621503,1.6883926801371236,1.3640486737611073,-0.0,0.0,27.664913861386445,1.36112343500006,40.4,3927.1384499999995,3.618555125115471,0.0,149.56755336612133
S-00874,R-126,D-056,V-023,Colorado-Springs,Campus,side_entrance,business,expedited,1,rain,08/05/2025 05:35 PM MDT,08/05/2025 05:35 PM MDT,73.0,2024-11-24 17:37:00,637.0,1.0,3.3,3.3,4.126,10.91,1.61,0.0,0.0,58.9,12.3,52.7,rescheduled,customer_not_home,68.13,check,colorado-springs,campus,business,expedited,rescheduled,2025-08-05 05:35:00,2025-08-05 05:35:00,1.0,0.0,564.0,Other,Other,Other,Other,Colorado-Springs,Campus,side_entrance,business,expedited,rain,Other,Other,Other,rescheduled,customer_not_home,check,colorado-springs,campus,business,expedited,rescheduled,1.0,2737.5,370.50634102018836,0.6053542918620024,1.1813534432133717,1.1813534432133717,3.0562688543955003,1.748056121145682,1.1694097585823444,0.0,0.0,31.775657369264685,1.4515915028929183,52.7,2388.9784499999996,0.962295536748461,0.0,332.0091847871978
S-00875,R-133,D-009,V-024,Boulder,Industrial,side_entrance,residential,standard,0,clear,09-Feb-2025 15:35,09-Feb-2025 15:35,118.0,2024-11-25 15:28:00,508.0,1.0,5.01,5.01,2.808,4.42,1.07,0.0,0.0,53.83,12.1,64.4,delivered,customer_not_home,91.33,check,boulder,industrial,residential,standard,delivered,2025-02-09 15:35:00,2025-02-09 15:35:00,6.0,1.0,390.0,Other,Other,Other,Other,Boulder,Industrial,side_entrance,residential,standard,clear,Other,Other,Other,delivered,customer_not_home,check,boulder,industrial,residential,standard,delivered,0.0,7080.0,302.14076380729637,0.6053542918620024,1.3870036607994338,1.3870036607994338,2.2138468590567584,1.3257251405181825,0.8444764856012952,-0.0,0.0,29.51979548827544,1.4474210360044624,64.4,4261.91445,5.291331975501458,1.0,238.06432372867013
S-00876,R-121,D-036,V-007,Denver-East,Suburban,locker_pickup,res,standard,0,clear,09-Oct-2025 08:45 MDT,09-Oct-2025 08:45 MDT,119.0,2024-11-26 08:45:00,105.0,1.0,7.94,7.94,2.952,3.63,1.78,2.56,0.0,54.84,5.0,66.2,delivered,customer_not_home,87.47,check,denver-east,suburban,residential,standard,delivered,2025-10-09 08:45:00,2025-10-09 08:45:00,3.0,0.0,0.0,Other,Other,Other,Other,Denver-East,Suburban,Other,Other,standard,clear,Other,Other,Other,delivered,customer_not_home,check,denver-east,suburban,residential,standard,delivered,0.0,7199.5,72.76988960230891,0.6053542918620024,1.6055969072080392,1.6055969072080392,2.3097256825606913,1.2285642880782282,1.2632054328343711,0.4605479106173463,0.0,29.972404125915865,1.183503419072274,66.2,3912.97045,2.7580025035383304,0.0,0.0
S-00877,R-108,D-016,V-030,Denver-East,Suburban,front_desk,residential,expedited,0,fog,05/30/2025 01:20 PM,05/30/2025 01:20 PM,65.0,2024-11-27 13:22:00,382.0,1.0,2.09,2.09,4.316,5.19,1.93,0.0,118.12,53.53,14.6,37.4,delivered,customer_not_home,82.28,check,denver-east,suburban,residential,expedited,delivered,2025-05-30 01:20:00,2025-05-30 01:20:00,4.0,0.0,317.0,Other,Other,Other,Other,Denver-East,Suburban,front_desk,residential,expedited,fog,Other,Other,Other,delivered,customer_not_home,check,denver-east,suburban,residential,expedited,delivered,0.0,2177.5,233.65553039729286,0.6053542918620024,0.9570884131978354,0.9570884131978354,3.171996426056724,1.4041586652909925,1.3431475336920318,-0.0,118.12,29.385037138433802,1.4936303164581668,37.4,3467.2792,3.618555125115471,0.0,197.47181172095915
S-00878,R-116,D-018,V-029,Boulder ,Suburban,leave_at_door,residential,expedited,0,rain,2025-05-16 07:50 MDT,2025-05-16 07:50 MDT,69.0,2024-11-28 13:19:00,379.0,2.0,3.74,3.74,1.5730447485941694,29.35625,1.12,0.0,0.0,49.76,25.3,70.9,DELIVERED,weather_delay,56.65,check,boulder,suburban,residential,expedited,delivered,2025-05-16 07:50:00,2025-05-16 07:50:00,4.0,0.0,310.0,Other,Other,Other,Other,Other,Suburban,leave_at_door,residential,expedited,rain,Other,Other,Other,Other,weather_delay,check,boulder,suburban,residential,expedited,delivered,0.0,2449.5,231.99986747315248,0.8890149625568643,1.24333835426572,1.24333835426572,1.339740967569141,2.3918588838846864,0.8765590802008469,0.0,0.0,27.678592491468468,1.77131393174903,70.9,1661.26125,3.618555125115471,0.0,193.53325629821012
S-00879,R-104,D-010,V-007,Boulder,Downtown,leave_at_door,residential,standard,0,rain,11/25/2024 05:20 PM,11/25/2024 05:20 PM,126.0,2024-11-29 17:12:00,612.0,1.0,5.31,5.31,1.07,10.9,0.98,2.09,0.0,39.16,7.7,74.0,delivered,customer_not_home,91.11,check,boulder,downtown,residential,standard,delivered,2024-11-25 05:20:00,2024-11-25 05:20:00,0.0,0.0,486.0,Other,Other,Other,Other,Boulder,Downtown,leave_at_door,residential,standard,rain,Other,Other,Other,delivered,customer_not_home,check,boulder,downtown,residential,standard,delivered,0.0,8064.0,357.3746559903548,0.6053542918620024,1.4152391094631753,1.4152391094631753,0.9487133070975317,1.7476565889164166,0.785534900083673,0.4476335606036803,0.0,22.73529014031195,1.3219364963791898,74.0,4241.62605,0.0,0.0,290.3184187253775
S-00880,R-156,D-019,V-025,Denver-West,Suburban,call_on_arrival,residential,standard,0,wind,16-Nov-2024 18:40 MST,16-Nov-2024 18:40 MST,125.0,2024-11-30 18:39:00,699.0,4.0,8.87,8.87,3.736,10.06,1.92,1.42,0.0,41.26,7.0,72.7,delivered,customer_not_home,85.23,check,denver-west,suburban,residential,standard,delivered,2024-11-16 18:40:00,2024-11-16 18:40:00,5.0,1.0,574.0,Other,Other,Other,Other,Denver-West,Suburban,call_on_arrival,residential,standard,wind,Other,Other,Other,delivered,customer_not_home,check,denver-west,suburban,residential,standard,delivered,0.0,7937.5,402.8557377003533,1.1867360977981165,1.656138177117092,1.656138177117092,2.8145957744901597,1.7124483185466661,1.3378955341349201,0.41462331807936614,0.0,23.733518839870023,1.2928932188134525,72.7,3717.3064500000005,4.46194756940847,1.0,337.310860101436
S-00881,R-116,D-040,V-027,Denver East,Rural,garage,business,standard,1,clear,09/09/2025 04:20 PM,09/09/2025 04:20 PM,97.0,2024-12-01 16:11:00,551.0,1.0,3.46,3.46,4.503,10.5,0.96,0.0,0.0,34.16,25.3,60.6,delivered,customer_not_home,95.6,check,denver-east,rural,business,standard,delivered,2025-09-09 04:20:00,2025-09-09 04:20:00,1.0,0.0,454.0,Other,Other,Other,Other,Other,Rural,garage,business,standard,clear,Other,Other,Other,delivered,customer_not_home,check,denver-east,rural,business,standard,delivered,1.0,4801.5,325.10293768604936,0.6053542918620024,1.2048106258840712,1.2048106258840712,3.2846909733654686,1.7313079493316792,0.7722195665196456,0.0,0.0,20.314982305234352,1.6206783790945591,60.6,4665.28,0.962295536748461,0.0,273.02594680964654
S-00882,R-153,D-056,V-011,Boulder,Downtown,garage,residential,standard,1,clear,2025/10/05 18:45:00 MDT,2025/10/05 18:45:00 MDT,116.0,2024-12-02 18:46:00,706.0,4.0,4.48,4.48,2.697,21.5,1.15,0.0,0.0,45.37,5.6,28.7,delivered,customer_not_home,80.57,check,boulder,downtown,residential,standard,delivered,2025-10-05 18:45:00,2025-10-05 18:45:00,6.0,1.0,590.0,Other,Other,Other,Other,Boulder,Downtown,garage,residential,standard,clear,Other,Other,Other,delivered,customer_not_home,check,boulder,downtown,residential,standard,delivered,1.0,6844.0,406.48962811951174,1.1867360977981165,1.3323449022087295,1.3323449022087295,2.1391963207025775,2.0234760181639837,0.8955911471672549,-0.0,0.0,25.659132039969617,1.221501055838477,28.7,3326.3324499999994,5.291331975501458,1.0,345.77445029126415
S-00883,R-147,D-021,V-037,Colorado Springs,Suburban,front_desk,residential,expedited,0,wind,02-Dec-2024 17:00,02-Dec-2024 17:00,71.0,2024-12-03 16:57:00,597.0,6.0,15.103750000000002,15.103750000000002,3.954,12.5,1.94,0.0,0.0,55.1,18.6,73.5,delivered,customer_not_home,90.39,check,colorado-springs,suburban,residential,expedited,delivered,2024-12-02 17:00:00,2024-12-02 17:00:00,0.0,0.0,526.0,Other,Other,Other,Other,Other,Suburban,front_desk,residential,expedited,wind,Other,Other,Other,delivered,customer_not_home,check,colorado-springs,suburban,residential,expedited,delivered,0.0,2591.5,349.4700347330931,1.4618908836537357,2.248870651866734,2.248870651866734,2.9503904211621115,1.8065457663148479,1.3483887892785362,0.0,0.0,30.088651293607487,1.5482460485473744,73.5,4175.56605,0.0,0.0,311.77554670126636
S-00884,R-149,D-021,V-013,Boulder ,Rural,call_on_arrival,Biz,standard,0,clear,2025-11-12 09:45,2025-11-12 09:45,124.0,2024-12-04 09:57:00,177.0,1.0,1.14,1.14,7.798,9.66,1.67,0.0,118.12,55.22,7.8,80.3,failed,customer_not_home,59.72,check,boulder,rural,business,standard,failed,2025-11-12 09:45:00,2025-11-12 09:45:00,2.0,0.0,53.0,Other,Other,Other,Other,Other,Rural,call_on_arrival,Other,standard,clear,Other,Other,Other,failed,customer_not_home,check,boulder,rural,business,standard,failed,0.0,7812.0,116.6862313159059,0.6053542918620024,0.6802272630520534,0.6802272630520534,5.1173491290544515,1.6944366215911633,1.2029215672452793,-0.0,118.12,30.142267470835503,1.325800137536758,80.3,1842.9592,1.875417088358097,0.0,39.15242134972421
S-00885,R-133,D-011,V-032,Boulder,Suburban,side_entrance,res,expedited,0,clear,03-Apr-2025 15:20 MST,03-Apr-2025 15:20 MST,71.0,2024-12-05 15:24:00,504.0,2.0,12.15,12.15,3.573,10.14,0.81,0.0,0.0,45.93,10.4,47.9,DELIVERED,customer_not_home,87.58,check,boulder,suburban,residential,expedited,delivered,2025-04-03 15:20:00,2025-04-03 15:20:00,3.0,0.0,433.0,Other,Other,Other,Other,Boulder,Suburban,side_entrance,Other,expedited,clear,Other,Other,Other,Other,customer_not_home,check,boulder,suburban,residential,expedited,delivered,0.0,2591.5,299.9951116417489,0.8890149625568643,1.7944665712890118,1.7944665712890118,2.7118333481462877,1.7159491638873243,0.6696509454634386,-0.0,0.0,25.91879997436171,1.4076511222409076,47.9,3922.7082,2.7580025035383304,0.0,261.6119811435893
S-00886,R-157,D-030,V-032,Denver-West,Suburban,garage,residential ,standard,0,clear,2025/09/25 07:50:00 MDT,2025/09/25 07:50:00 MDT,121.0,2024-12-06 07:55:00,55.0,0.0,14.05,14.05,2.923,7.38,0.83,0.0,0.0,56.6,9.0,67.4,failed,customer_not_home,59.95,check,denver-west,suburban,residential,standard,failed,2025-09-25 07:50:00,2025-09-25 07:50:00,3.0,0.0,0.0,Other,Other,Other,Other,Denver-West,Suburban,garage,Other,standard,clear,Other,Other,Other,failed,customer_not_home,check,denver-west,suburban,residential,standard,failed,0.0,7441.5,40.49208680597269,-0.0,1.8555260749603286,1.8555260749603286,2.2905021936857937,1.5717404801450803,0.6836142837816972,0.0,0.0,30.75722330075922,1.367544467966324,67.4,1856.95125,2.7580025035383304,0.0,0.0
S-00887,R-102,D-020,V-032,Denver-West,Campus,call_on_arrival,residential,standard,0,clear,06-Mar-2025 13:45 MST,06-Mar-2025 13:45 MST,119.0,2024-12-07 13:29:00,389.0,1.0,3.71,3.71,2.252,7.69,0.72,0.0,0.0,37.08,8.8,42.6,delivered,customer_not_home,82.1,check,denver-west,campus,residential,standard,delivered,2025-03-06 13:45:00,2025-03-06 13:45:00,3.0,0.0,270.0,Other,Other,Other,Other,Denver-West,Campus,call_on_arrival,residential,standard,clear,Other,Other,Other,delivered,customer_not_home,check,denver-west,campus,residential,standard,delivered,0.0,7199.5,237.513721570643,0.6053542918620024,1.2393536042669357,1.2393536042669357,1.8328531203187606,1.5908332307171504,0.605641971758582,0.0,0.0,21.736220305917477,1.36112343500006,42.6,3452.3049999999994,2.7580025035383304,0.0,170.8498454743309
S-00888,R-133,D-006,V-026,Colorado-Springs,Downtown,front_desk,business ,standard,0,clear,11/26/2025 09:20 AM MST,11/26/2025 09:20 AM MST,123.0,2024-12-08 09:19:00,139.0,1.0,5.49,5.49,2.647,3.66,1.09,0.0,0.0,54.84,7.9,51.7,delivered,customer_not_home,85.73,check,colorado-springs,downtown,business,standard,delivered,2025-11-26 09:20:00,2025-11-26 09:20:00,2.0,0.0,16.0,Other,Other,Other,Other,Colorado-Springs,Downtown,front_desk,Other,standard,clear,Other,Other,Other,delivered,customer_not_home,check,colorado-springs,downtown,business,standard,delivered,0.0,7687.5,93.79031148759283,0.6053542918620024,1.4313560031591743,1.4313560031591743,2.1053508536853482,1.2326384855769985,0.8573647251876968,-0.0,0.0,29.972404125915865,1.3295984768460092,51.7,3760.5464500000003,1.875417088358097,0.0,13.117467570806301
S-00889,R-114,D-030,V-016,Boulder ,Downtown,call_on_arrival,business ,expedited,0,clear,2025/03/24 08:50:00 MST,2025/03/24 08:50:00 MST,61.0,2024-12-09 08:49:00,109.0,4.0,12.1,12.1,1.375,17.03,0.91,4.225,0.0,44.54,22.2,84.9,delivered ,customer_not_home,78.9,check,boulder,downtown,business,expedited,delivered,2025-03-24 08:50:00,2025-03-24 08:50:00,0.0,0.0,48.0,Other,Other,Other,Other,Other,Downtown,call_on_arrival,Other,expedited,clear,Other,Other,Other,Other,customer_not_home,check,boulder,downtown,business,expedited,delivered,0.0,1921.5,75.27438562623159,1.1867360977981165,1.7927068589315687,1.7927068589315687,1.1888068249560015,1.933488085623532,0.7385704998575942,0.4828532235939643,0.0,25.273109241324846,1.5847726007313,84.9,3191.5050000000006,0.0,0.0,35.78103861847067
S-00890,R-104,D-038,V-023,Colorado Springs,Downtown,mailroom,business,standard,0,clear,06/15/2025 08:20 PM ,06/15/2025 08:20 PM ,133.0,2024-12-11 02:51:00,975.375,1.0,3.0,3.0,0.9961177017296726,8.42,0.7,2.33,0.0,30.76,9.8,94.7,delivered,customer_not_home,90.28,check,colorado-springs,downtown,business,standard,delivered,2025-06-15 08:20:00,2025-06-15 08:20:00,6.0,1.0,882.0,Other,Other,Other,Other,Other,Downtown,mailroom,business,standard,clear,Other,Other,Other,delivered,customer_not_home,check,colorado-springs,downtown,business,standard,delivered,0.0,8977.5,559.577652370149,0.6053542918620024,1.1341534820451762,1.1341534820451762,0.8889953788435871,1.6324932804777712,0.5911464215075984,0.45490986481977475,0.0,18.62990972888089,1.3914193805498154,94.7,4165.5192,5.291331975501458,1.0,516.9303841847506
S-00891,R-132,D-004,V-019,Boulder,Rural,mailroom,business,standard,0,snow,2024/12/14 18:40:00,2024/12/14 18:40:00,108.0,2024-12-11 19:02:00,722.0,1.0,4.61,4.61,9.641375,5.19,3.44,0.0,0.0,51.25,6.3,84.3,delivered,customer_not_home,82.56,check,boulder,rural,business,standard,delivered,2024-12-14 18:40:00,2024-12-14 18:40:00,5.0,1.0,614.0,Other,Other,Other,Other,Boulder,Rural,mailroom,business,standard,snow,Other,Other,Other,delivered,customer_not_home,check,boulder,rural,business,standard,delivered,0.0,5940.0,414.78222158781585,0.6053542918620024,1.3463698443297827,1.3463698443297827,6.519421672746649,1.4041586652909925,2.221878212513562,-0.0,0.0,28.355953237325778,1.2597667898023948,84.3,3490.6368,4.46194756940847,1.0,358.42713436149256
S-00892,R-119,D-039,V-031,Colorado-Springs,Rural,mailroom,business,standard,0,clear,10/11/2025 04:30 PM,10/11/2025 04:30 PM,122.0,2024-12-12 16:31:00,571.0,1.0,2.31,2.31,3.851,3.59,1.44,0.0,0.0,53.37,8.7,45.6,Delivered,customer_not_home,90.33,check,colorado-springs,rural,business,standard,delivered,2025-10-11 04:30:00,2025-10-11 04:30:00,5.0,1.0,449.0,Other,Other,Other,Other,Colorado-Springs,Rural,mailroom,business,standard,clear,Other,Other,Other,Other,customer_not_home,check,colorado-springs,rural,business,standard,delivered,0.0,7564.0,335.7213328904573,0.6053542918620024,1.0056154287744488,1.0056154287744488,2.8864588968696823,1.223078325234594,1.071872426804892,-0.0,0.0,29.313105418723374,1.3578387009320645,45.6,4170.08445,4.46194756940847,1.0,270.3132054491561
S-00893,R-155,D-035,V-001,Denver-East,Downtown,mailroom,residential,standard,1,snow,11/19/2024 06:00 PM,11/19/2024 06:00 PM,123.0,2024-12-13 18:11:00,671.0,1.0,15.103750000000002,15.103750000000002,3.076,8.27,1.96,4.225,0.0,52.87,4.8,69.3,failed,weather_delay,50.81,check,denver-east,downtown,residential,standard,failed,2024-11-19 06:00:00,2024-11-19 06:00:00,1.0,0.0,548.0,Other,Other,Other,Other,Denver-East,Downtown,mailroom,residential,standard,snow,Other,Other,Other,failed,weather_delay,check,denver-east,downtown,residential,standard,failed,1.0,7687.5,388.28340975424237,0.6053542918620024,1.911319758040796,1.911319758040796,2.3914507354101393,1.6242831113759855,1.3588393016701938,0.48335020512547283,0.0,29.088045158106677,1.1695452014626002,69.3,1341.63805,0.962295536748461,0.0,323.50689103406313
S-00894,R-109,D-007,V-028,Denver-East,Industrial,leave_at_door,residential,same_day,0,snow,2025-11-30 12:45 MDT,2025-11-30 12:45 MDT,50.0,2024-12-14 12:51:00,351.0,1.0,3.94,3.94,4.481,5.55,1.16,0.0,0.0,38.43,15.0,80.4,delivered,customer_not_home,78.67,check,denver-east,industrial,residential,same_day,delivered,2025-11-30 12:45:00,2025-11-30 12:45:00,6.0,1.0,301.0,Other,Other,Other,Other,Denver-East,Industrial,leave_at_door,residential,same_day,snow,Other,Other,Other,delivered,customer_not_home,check,denver-east,industrial,residential,same_day,delivered,0.0,1300.0,216.48237376266275,0.6053542918620024,1.2690910935557749,1.2690910935557749,3.2714931097689472,1.436599656322326,0.9018997328990817,0.0,0.0,22.385861402268386,1.5,80.4,3173.15445,5.291331975501458,1.0,188.45632626894798
S-00895,R-147,D-057,V-017,Denver-West,Industrial,side_entrance,Residential,standard,0,snow,03/10/2025 03:55 PM,03/10/2025 03:55 PM,114.0,2024-12-15 15:57:00,537.0,2.0,1.59,1.59,5.029,9.33,2.58,0.0,0.0,36.66,9.3,62.1,failed,vehicle_issue,69.37,check,denver-west,industrial,residential,standard,failed,2025-03-10 03:55:00,2025-03-10 03:55:00,0.0,0.0,423.0,Other,Other,Other,Other,Denver-West,Industrial,side_entrance,Other,standard,snow,Other,Other,Other,failed,vehicle_issue,check,denver-west,industrial,residential,standard,failed,0.0,6612.0,317.64721580934383,0.8890149625568643,0.8278655884444887,0.8278655884444887,3.5957065390918643,1.6789023725118704,1.6638321995379814,-0.0,0.0,21.53317602397207,1.376823047150244,62.1,2475.4684500000003,0.0,0.0,256.1574760406856
S-00896,R-124,D-024,V-026,Denver-East,Downtown,leave_at_door,residential,standard,0,clear,29-Apr-2025 12:50 MDT,29-Apr-2025 12:50 MDT,109.0,2024-12-16 12:56:00,356.0,2.0,5.24,5.24,3.253,14.56,1.16,0.0,0.0,47.69,19.9,37.0,delivered,customer_not_home,88.83,check,denver-east,downtown,residential,standard,delivered,2025-04-29 12:50:00,2025-04-29 12:50:00,1.0,0.0,247.0,Other,Other,Other,Other,Denver-East,Downtown,leave_at_door,residential,standard,clear,Other,Other,Other,delivered,customer_not_home,check,denver-east,downtown,residential,standard,delivered,0.0,6049.5,219.26214320437927,0.8890149625568643,1.4088091694100668,1.4088091694100668,2.5068271813793133,1.8702270766670608,0.9018997328990817,-0.0,0.0,26.730909874940792,1.5625213607401929,37.0,4034.21445,0.962295536748461,0.0,157.65726517496057
S-00897,R-104,D-003,V-026,Denver-West,Suburban,garage,business ,standard,1,clear,2025-11-28 09:05 MST,2025-11-28 09:05 MST,130.0,2024-12-17 09:04:00,124.0,1.0,2.46,2.46,1.363,24.96,0.83,0.0,0.0,45.8,15.5,30.3,delivered,customer_not_home,88.19,check,denver-west,suburban,business,standard,delivered,2025-11-28 09:05:00,2025-11-28 09:05:00,4.0,0.0,0.0,Other,Other,Other,Other,Denver-West,Suburban,garage,Other,standard,clear,Other,Other,Other,delivered,customer_not_home,check,denver-west,suburban,business,standard,delivered,1.0,8580.0,84.58803648889034,0.6053542918620024,1.0363601991223195,1.0363601991223195,1.1795425399135575,2.078496266695578,0.6836142837816972,0.0,0.0,25.858575410794945,1.507634036082669,30.3,3976.92805,3.618555125115471,0.0,0.0
S-00898,R-113,D-037,V-036,Fort-Collins,Downtown,leave_at_door,residential,standard,0,clear,06-Nov-2024 15:00 MDT,06-Nov-2024 15:00 MDT,123.0,2024-12-18 14:54:00,474.0,1.0,7.51,7.51,0.559,3.36,0.55,4.225,0.0,42.87,4.4,62.1,delivered,customer_not_home,90.93,check,fort-collins,downtown,residential,standard,delivered,2024-11-06 15:00:00,2024-11-06 15:00:00,2.0,0.0,351.0,Other,Other,Other,Other,Fort-Collins,Downtown,leave_at_door,residential,standard,clear,Other,Other,Other,delivered,customer_not_home,check,fort-collins,downtown,residential,standard,delivered,0.0,7687.5,283.8474697197142,0.6053542918620024,1.5798571264971282,1.5798571264971282,0.5207984028854523,1.1902808921397268,0.4790149859432842,0.4886935383571711,0.0,24.492108740346037,1.1393370341761297,62.1,4225.06245,1.875417088358097,0.0,216.48237376266275
S-00899,R-119,D-024,V-036,Boulder,Downtown,side_entrance,residential,same_day,0,wind,2024-11-09 11:00 MDT,2024-11-09 11:00 MDT,57.0,2024-12-19 11:04:00,244.0,5.0,1.83,1.83,2.575,15.43,1.46,0.0,0.0,58.51,9.3,26.4,delivered,customer_not_home,82.0,check,boulder,downtown,residential,same_day,delivered,2024-11-09 11:00:00,2024-11-09 11:00:00,5.0,1.0,187.0,Other,Other,Other,Other,Boulder,Downtown,side_entrance,residential,same_day,wind,Other,Other,Other,delivered,customer_not_home,check,boulder,downtown,residential,same_day,delivered,0.0,1681.5,155.92768835092565,1.2791016451735329,0.8935974453189686,0.8935974453189686,2.0563676647148665,1.8939135204034996,1.083554811485177,0.0,0.0,31.60352495826934,1.376823047150244,26.4,3444.0,4.46194756940847,1.0,122.62588106613993
S-00900,R-133,D-005,V-025,Fort-Collins,Industrial,call_on_arrival,residential,standard,0,rain,2025-12-09 15:05 MDT,2025-12-09 15:05 MDT,97.0,2024-12-20 15:18:00,498.0,1.0,5.26,5.26,5.453,4.57,2.69,0.0,0.0,39.89,10.9,47.0,delivered,customer_not_home,79.63,check,fort-collins,industrial,residential,standard,delivered,2025-12-09 15:05:00,2025-12-09 15:05:00,1.0,0.0,401.0,Other,Other,Other,Other,Fort-Collins,Industrial,call_on_arrival,residential,standard,rain,Other,Other,Other,delivered,customer_not_home,check,fort-collins,industrial,residential,standard,delivered,0.0,4801.5,296.77344082549035,0.6053542918620024,1.4106558276454728,1.4106558276454728,3.8405126125390736,1.3420998488873719,1.714543639855078,-0.0,0.0,23.083450774439203,1.4202289643475516,47.0,3250.0984499999995,0.962295536748461,0.0,244.1117404733862
S-00901,R-118,D-029,V-036,Denver-West,Suburban,call_on_arrival,residential,standard,1,clear,2025-04-15 10:35 MDT,2025-04-15 10:35 MDT,120.0,2024-12-21 10:30:00,210.0,2.0,4.96,4.96,1.188,10.52,0.93,0.0,0.0,35.7,18.1,49.1,delivered,customer_not_home,73.71,check,denver-west,suburban,residential,standard,delivered,2025-04-15 10:35:00,2025-04-15 10:35:00,1.0,0.0,90.0,Other,Other,Other,Other,Denver-West,Suburban,call_on_arrival,residential,standard,clear,Other,Other,Other,delivered,customer_not_home,check,denver-west,suburban,residential,standard,delivered,1.0,7320.0,136.1702891584324,0.8890149625568643,1.3821194952115523,1.3821194952115523,1.0427832746469112,1.7321428450586214,0.7520928178120305,-0.0,0.0,21.067362330267095,1.5423712380437244,49.1,2790.2920499999996,0.962295536748461,0.0,63.29020513611674
S-00902,R-144,D-053,V-040,Denver-East,Downtown,leave_at_door,residential,Standard,0,rain,2025-10-05 10:20,2025-10-05 10:20,107.0,2024-12-22 10:17:00,197.0,2.0,9.44,9.44,1.293,3.84,0.85,0.0,0.0,36.09,8.9,60.8,delivered,customer_not_home,85.32,check,denver-east,downtown,residential,standard,delivered,2025-10-05 10:20:00,2025-10-05 10:20:00,6.0,1.0,90.0,Other,Other,Other,Other,Denver-East,Downtown,leave_at_door,residential,Other,rain,Other,Other,Other,delivered,customer_not_home,check,denver-east,downtown,residential,standard,delivered,0.0,5831.5,128.53400523368626,0.8890149625568643,1.684151296752376,1.684151296752376,1.1252163148609091,1.2563876602685924,0.6974863564225507,-0.0,0.0,21.256889548945466,1.3643582738362718,60.8,3725.0711999999994,5.291331975501458,1.0,63.29020513611674
S-00903,R-109,D-040,V-008,Denver-West,Downtown,rear_loading_dock,Residential,standard,0,clear,2025-01-02 11:35 MST,2025-01-02 11:35 MST,117.0,2024-12-23 11:39:00,279.0,1.0,2.28,2.28,1.791,10.41,0.85,0.0,0.0,45.165,18.2,44.3,delivered,customer_not_home,88.48,check,denver-west,downtown,residential,standard,delivered,2025-01-02 11:35:00,2025-01-02 11:35:00,3.0,0.0,162.0,Other,Other,Other,Other,Denver-West,Downtown,Other,Other,standard,clear,Other,Other,Other,delivered,customer_not_home,check,denver-west,downtown,residential,standard,delivered,0.0,6961.5,175.98120534562395,0.6053542918620024,0.9992487389047405,0.9992487389047405,1.501875398552058,1.727527423343695,0.6974863564225507,-0.0,0.0,25.563918468834125,1.5435645354123615,44.3,4002.8352000000004,2.7580025035383304,0.0,107.71330220897006
S-00904,R-124,D-007,V-026,Fort-Collins,Suburban,package_room_3F,Residential,standard,0,clear,2024/11/27 13:15:00 MST,2024/11/27 13:15:00 MST,116.0,2024-12-24 13:11:00,371.0,3.0,6.83,6.83,2.7,12.94,1.04,4.225,0.0,40.38,25.3,68.7,delivered,customer_not_home,92.04,check,fort-collins,suburban,residential,standard,delivered,2024-11-27 13:15:00,2024-11-27 13:15:00,2.0,0.0,255.0,Other,Other,Other,Other,Fort-Collins,Suburban,Other,Other,standard,clear,Other,Other,Other,delivered,customer_not_home,check,fort-collins,suburban,residential,standard,delivered,0.0,6844.0,227.5783422827924,1.0641270562537064,1.535496736642091,1.535496736642091,2.1412226665579754,1.82116578693807,0.8250032615233186,0.4928969301952918,0.0,23.316449956235104,1.6286093236458963,68.7,4327.720800000001,1.875417088358097,0.0,162.25932159957858
S-00905,R-136,D-051,V-022,Denver East,Downtown,garage,residential,standard,1,snow,2025-08-05 17:35 MDT,2025-08-05 17:35 MDT,113.0,2024-12-25 17:41:00,641.0,1.0,2.57,2.57,1.522,9.74,1.36,0.0,0.0,44.75,10.3,22.7,delivered,customer_not_home,82.33,check,denver-east,downtown,residential,standard,delivered,2025-08-05 17:35:00,2025-08-05 17:35:00,1.0,0.0,528.0,Other,Other,Other,Other,Other,Downtown,garage,residential,standard,snow,Other,Other,Other,delivered,customer_not_home,check,denver-east,downtown,residential,standard,delivered,1.0,6497.5,372.6025861744317,0.6053542918620024,1.0578257852281077,1.0578257852281077,1.3011826122985128,1.6981085491149353,1.024559202430816,-0.0,0.0,25.370909666847723,1.4050358826912706,22.7,3471.44445,0.962295536748461,0.0,312.84402727843593
S-00906,R-113,D-024,V-010,Denver-East,Campus,front_desk,Biz,expedited,0,fog,30-Apr-2025 16:45 MST,30-Apr-2025 16:45 MST,69.0,2024-12-26 16:51:00,591.0,4.0,5.21,5.21,2.834,8.41,1.16,0.0,0.0,47.99,20.8,62.1,failed,customer_not_home,53.61,check,denver-east,campus,business,expedited,failed,2025-04-30 16:45:00,2025-04-30 16:45:00,2.0,0.0,522.0,Other,Other,Other,Other,Denver-East,Campus,front_desk,Other,expedited,fog,Other,Other,Other,failed,customer_not_home,check,denver-east,campus,business,expedited,failed,0.0,2449.5,346.30265775154874,1.1867360977981165,1.406024707067201,1.406024707067201,2.231237699214282,1.631951237603691,0.9018997328990817,0.0,0.0,26.868747025802694,1.5716470631218806,62.1,1490.62605,1.875417088358097,0.0,309.6373671266949
S-00907,R-126,D-039,V-033,Denver East,Downtown,leave_at_door,residential,standard,0,clear,02/14/2025 10:05 AM,02/14/2025 10:05 AM,133.0,2024-12-27 10:10:00,190.0,3.0,7.29,7.29,3.087,14.78,1.29,4.225,0.0,43.33,9.8,78.1,delivered,customer_not_home,84.8,check,denver-east,downtown,residential,standard,delivered,2025-02-14 10:05:00,2025-02-14 10:05:00,4.0,0.0,57.0,Other,Other,Other,Other,Other,Downtown,leave_at_door,residential,standard,clear,Other,Other,Other,delivered,customer_not_home,check,denver-east,downtown,residential,standard,delivered,0.0,8977.5,124.40154523918456,1.0641270562537064,1.5660247524203517,1.5660247524203517,2.3986642480341627,1.8763766311056196,0.9823642973807952,0.48364992528015854,0.0,24.707818893073043,1.3914193805498154,78.1,3680.3199999999997,3.618555125115471,0.0,41.82697521162668
S-00908,R-103,D-033,V-003,Denver-East,Campus,mailroom,residential,standard,1,fog,2025-07-17 10:55 MST,2025-07-17 10:55 MST,109.0,2024-12-28 11:05:00,245.0,1.0,2.5,2.5,1.111,28.87,0.67,0.0,118.12,45.165,7.4,74.4,failed,address_issue,49.51,check,denver-east,campus,residential,standard,failed,2025-07-17 10:55:00,2025-07-17 10:55:00,3.0,0.0,136.0,Other,Other,Other,Other,Denver-East,Campus,mailroom,residential,standard,fog,Other,Other,Other,failed,address_issue,check,denver-east,campus,residential,standard,failed,1.0,6049.5,156.50444801921188,0.6053542918620024,1.0442672425242396,1.0442672425242396,0.9815766334650121,2.130215460427991,0.5692099476746609,0.0,118.12,25.563918468834125,1.3099344406576456,74.4,1275.13005,2.7580025035383304,0.0,91.95809320945297
S-00909,R-146,D-003,V-009,Denver-East,Downtown,call_on_arrival,residential,standard,0,clear,2025/02/01 12:00:00 MDT,2025/02/01 12:00:00 MDT,113.0,2024-12-29 11:56:00,296.0,1.0,3.48,3.48,2.553,22.33,0.99,4.225,0.0,34.46,7.2,78.7,delivered,customer_not_home,90.52,check,denver-east,downtown,residential,standard,delivered,2025-02-01 12:00:00,2025-02-01 12:00:00,5.0,1.0,183.0,Other,Other,Other,Other,Denver-East,Downtown,call_on_arrival,residential,standard,clear,Other,Other,Other,delivered,customer_not_home,check,denver-east,downtown,residential,standard,delivered,0.0,6497.5,185.62929327936772,0.6053542918620024,1.207665791459707,1.207665791459707,2.041341725033317,2.037633736473085,0.7921623145928041,0.49163220529882234,0.0,20.462058377969804,1.3015697042304217,78.7,4187.455199999999,4.46194756940847,1.0,120.25390874153474
S-00910,R-134,D-022,V-031,Dnvr-East,Suburban,call_on_arrival,business,Standard,0,rain,2025-09-24 12:15 MDT,2025-09-24 12:15 MDT,132.0,2024-12-30 12:21:00,321.0,1.0,3.17,3.17,2.234,2.6,1.26,0.0,0.0,42.64,8.2,77.1,Delivered,customer_not_home,88.86,check,denver-east,suburban,business,standard,delivered,2025-09-24 12:15:00,2025-09-24 12:15:00,2.0,0.0,189.0,Other,Other,Other,Other,Other,Suburban,call_on_arrival,business,Other,rain,Other,Other,Other,Other,customer_not_home,check,denver-east,suburban,business,standard,delivered,0.0,8844.0,199.71851285499002,0.6053542918620024,1.161442817811871,1.161442817811871,1.8202060877221151,1.1382307480670901,0.9640438769910822,-0.0,0.0,24.384084202149698,1.340619526604213,77.1,4036.9098,1.875417088358097,0.0,123.8099692251288
S-00911,R-139,D-030,V-010,Denver-East,Industrial,front_desk,business ,standard,1,clear,16-Apr-2025 19:30 MDT,16-Apr-2025 19:30 MDT,124.0,2024-12-31 19:35:00,755.0,4.0,15.103750000000002,15.103750000000002,8.204,29.35625,2.71,0.0,0.0,51.26,9.8,43.1,delivered,customer_not_home,92.39,check,denver-east,industrial,business,standard,delivered,2025-04-16 19:30:00,2025-04-16 19:30:00,2.0,0.0,631.0,Other,Other,Other,Other,Denver-East,Industrial,front_desk,Other,standard,clear,Other,Other,Other,delivered,customer_not_home,check,denver-east,industrial,business,standard,delivered,1.0,7812.0,431.82828448242736,1.1867360977981165,2.060706889119062,2.060706889119062,5.327365507937938,2.185491958733985,1.7236660473641159,-0.0,0.0,28.36048611949375,1.3914193805498154,43.1,4360.34605,1.875417088358097,0.0,367.3595054137261
S-00912,R-109,D-058,V-033,Denver-West,Downtown,garage,Residential,standard,1,rain,05/25/2025 02:55 PM MST,05/25/2025 02:55 PM MST,137.0,2025-01-01 14:59:00,479.0,1.0,1.72,1.72,1.386,10.3,0.86,1.32,0.0,37.66,9.8,70.7,DELIVERED,customer_not_home,90.65,check,denver-west,downtown,residential,standard,delivered,2025-05-25 02:55:00,2025-05-25 02:55:00,6.0,1.0,342.0,Other,Other,Other,Other,Denver-West,Downtown,garage,Other,standard,rain,Other,Other,Other,Other,customer_not_home,check,denver-west,downtown,residential,standard,delivered,1.0,9521.5,286.54566193533344,0.6053542918620024,0.8644073284741877,0.8644073284741877,1.1972867571593326,1.7228537916726367,0.7043886615883215,0.4071046373365042,0.0,22.015880481557055,1.3914193805498154,70.7,4199.361250000001,5.291331975501458,1.0,211.46878897668188
S-00913,R-121,D-021,V-040,Boulder,Suburban,call_on_arrival,Biz,standard,0,clear,2025-02-27 11:20 MDT,2025-02-27 11:20 MDT,114.0,2025-01-02 11:10:00,250.0,2.0,8.88,8.88,2.502,14.85,1.14,0.0,0.0,42.25,3.1,72.5,delivered,customer_not_home,86.26,check,boulder,suburban,business,standard,delivered,2025-02-27 11:20:00,2025-02-27 11:20:00,3.0,0.0,136.0,Other,Other,Other,Other,Boulder,Suburban,call_on_arrival,Other,standard,clear,Other,Other,Other,delivered,customer_not_home,check,boulder,suburban,business,standard,delivered,0.0,6612.0,159.3847509804015,0.8890149625568643,1.656647627414249,1.656647627414249,2.0064010296024395,1.87830997514985,0.8892649314086657,0.0,0.0,24.20065140159501,1.0264754257495845,72.5,3806.6538000000005,2.7580025035383304,0.0,91.95809320945297
S-00914,R-140,D-011,V-026,Denver-West,Suburban,mailroom,residential,same_day,0,wind,2025-09-03 12:30 MST,2025-09-03 12:30 MST,30.0,2025-01-03 12:29:00,329.0,3.0,1.98,1.98,2.695,8.54,1.13,4.225,0.0,38.04,23.4,85.4,delivered ,customer_not_home,94.69,check,denver-west,suburban,residential,same_day,delivered,2025-09-03 12:30:00,2025-09-03 12:30:00,2.0,0.0,299.0,Other,Other,Other,Other,Denver-West,Suburban,mailroom,residential,same_day,wind,Other,Other,Other,Other,customer_not_home,check,denver-west,suburban,residential,same_day,delivered,0.0,480.0,204.20358492177238,1.0641270562537064,0.9311073172884108,0.9311073172884108,2.137845149411661,1.6389400044731257,0.882920953624112,0.4928969301952918,0.0,22.198650858487596,1.595111834910542,85.4,4577.78805,1.875417088358097,0.0,187.32607908411958
S-00915,R-138,D-048,V-020,Fort Collins,Rural,front_desk,residential,expedited,0,clear,2025-09-26 10:35,2025-09-26 10:35,65.0,2025-01-04 10:31:00,211.0,2.0,3.75,3.75,5.196,15.97,-0.48,0.0,0.0,42.1,14.1,62.1,delivered,customer_not_home,99.63,check,fort-collins,rural,residential,expedited,delivered,2025-09-26 10:35:00,2025-09-26 10:35:00,4.0,0.0,146.0,Other,Other,Other,Other,Other,Rural,front_desk,residential,expedited,clear,Other,Other,Other,delivered,customer_not_home,check,fort-collins,rural,residential,expedited,delivered,0.0,2177.5,136.75571111563949,0.8890149625568643,1.244659324885828,1.244659324885828,3.6927253790891728,1.9078104521904626,-0.06566722415965076,0.0,0.0,24.130012352848244,1.485314987345021,62.1,5062.69845,3.618555125115471,0.0,98.05038984468158
S-00916,R-154,D-022,V-033,Fort-Collins,Campus,call_on_arrival,residential,expedite,0,fog,2024/12/26 16:10:00,2024/12/26 16:10:00,66.0,2025-01-05 16:20:00,560.0,1.0,2.66,2.66,3.923,3.76,1.49,0.0,0.0,41.2,11.1,69.8,failed,package_damaged,55.72,check,fort-collins,campus,residential,expedited,failed,2024-12-26 16:10:00,2024-12-26 16:10:00,3.0,0.0,494.0,Other,Other,Other,Other,Fort-Collins,Campus,call_on_arrival,residential,Other,fog,Other,Other,Other,failed,package_damaged,check,fort-collins,campus,residential,expedited,failed,0.0,2244.0,329.88589509057255,0.6053542918620024,1.074758837764628,1.074758837764628,2.9311912069377417,1.2459766851562553,1.1009720253730888,0.0,0.0,23.705137882401008,1.425040425423931,69.8,1608.0792,2.7580025035383304,0.0,294.6235100258732
S-00917,R-132,D-033,V-035,Boulder,Suburban,building_super,residential,standard,0,rain,11/06/2025 01:05 PM MST,11/06/2025 01:05 PM MST,107.0,2025-01-06 13:13:00,373.0,2.0,2.44,2.44,3.527,8.38,0.76,0.0,0.0,39.65,18.6,84.5,delivered,customer_not_home,89.99,check,boulder,suburban,residential,standard,delivered,2025-11-06 01:05:00,2025-11-06 01:05:00,3.0,0.0,266.0,Other,Other,Other,Other,Boulder,Suburban,Other,residential,standard,rain,Other,Other,Other,delivered,customer_not_home,check,boulder,suburban,residential,standard,delivered,0.0,5831.5,228.68460727593126,0.8890149625568643,1.032361976331835,1.032361976331835,2.6826352116818835,1.6303206055066457,0.6343325712746539,-0.0,0.0,22.969125237457668,1.5482460485473744,84.5,4139.09005,2.7580025035383304,0.0,168.5637982193831
S-00918,R-120,D-046,V-037,Denver-East,Suburban,side_entrance,residential,expedited,1,clear,02/26/2025 01:20 PM MST,02/26/2025 01:20 PM MST,64.0,2025-01-07 13:04:00,364.0,2.0,5.24,5.24,2.898,10.28,0.98,3.46,0.0,51.34,7.6,28.5,faild,customer_not_home,65.54,check,denver-east,suburban,residential,expedited,failed,2025-02-26 01:20:00,2025-02-26 01:20:00,2.0,0.0,300.0,Other,Other,Other,Other,Denver-East,Suburban,side_entrance,residential,expedited,clear,Other,Other,Other,Other,customer_not_home,check,denver-east,suburban,residential,expedited,failed,1.0,2112.0,223.70170642018445,0.8890149625568643,1.4088091694100668,1.4088091694100668,2.2738959804589527,1.7219976846867147,0.785534900083673,0.4748637615878059,0.0,28.39674293522711,1.3180056605295265,28.5,2213.2858000000006,1.875417088358097,0.0,187.89129655106515
S-00919,R-124,D-031,V-002,Fort-Collins,Downtown,mailroom,residential,standard,0,rain,2025/09/18 09:40:00 MST,2025/09/18 09:40:00 MST,119.0,2025-01-08 09:51:00,171.0,1.0,3.3,3.3,1.389,6.91,0.84,4.225,0.0,43.46,9.8,38.2,failed,customer_not_home,61.28,check,fort-collins,downtown,residential,standard,failed,2025-09-18 09:40:00,2025-09-18 09:40:00,3.0,0.0,52.0,Other,Other,Other,Other,Fort-Collins,Downtown,mailroom,residential,standard,rain,Other,Other,Other,failed,customer_not_home,check,fort-collins,downtown,residential,standard,failed,0.0,7199.5,113.1065053197683,0.6053542918620024,1.1813534432133717,1.1813534432133717,1.199597428893593,1.5409710345253895,0.690561628919346,0.48660670039992393,0.0,24.768699164145033,1.3914193805498154,38.2,1938.8992,2.7580025035383304,0.0,38.48073686402314
S-00920,R-127,D-022,V-008,Denver-West,Industrial,rear_loading_dock,Biz,expedited,0,wind,12/29/2024 09:45 AM,12/29/2024 09:45 AM,89.0,2025-01-09 09:50:00,170.0,1.0,2.48,2.48,8.229,6.79,2.68,0.0,0.0,45.165,21.1,65.8,rescheduled,customer_not_home,71.9,check,denver-west,industrial,business,expedited,rescheduled,2024-12-29 09:45:00,2024-12-29 09:45:00,6.0,1.0,81.0,Other,Other,Other,Other,Denver-West,Industrial,Other,Other,expedited,wind,Other,Other,Other,rescheduled,customer_not_home,check,denver-west,industrial,business,expedited,rescheduled,0.0,4049.5,112.50868089417585,0.6053542918620024,1.040328489791634,1.040328489791634,5.340205662524565,1.532732246366785,1.7099713091675297,-0.0,0.0,25.563918468834125,1.574564370188483,65.8,2656.7050000000004,5.291331975501458,1.0,57.52834826677707
S-00921,R-151,D-038,V-020,Denver-East,Downtown,call_on_arrival,residential,standard,0,clear,2025/05/26 07:00:00,2025/05/26 07:00:00,116.0,2025-01-10 07:10:00,10.0,2.0,3.73,3.73,3.342,8.74,1.32,0.0,118.12,45.09,8.9,67.3,failed,address_issue,61.25,check,denver-east,downtown,residential,standard,failed,2025-05-26 07:00:00,2025-05-26 07:00:00,0.0,0.0,0.0,Other,Other,Other,Other,Denver-East,Downtown,call_on_arrival,residential,standard,clear,Other,Other,Other,failed,address_issue,check,denver-east,downtown,residential,standard,failed,0.0,6844.0,8.505253182404998,0.8890149625568643,1.2420137557532847,1.2420137557532847,2.56429547049352,1.6494536454305817,1.0005412736248234,0.0,118.12,25.529063156573166,1.3643582738362718,67.3,1937.03125,0.0,0.0,0.0
S-00922,R-139,D-058,V-002,Boulder ,Downtown,mailroom,Business,same_day,0,clear,2025/07/07 10:50:00 MST,2025/07/07 10:50:00 MST,53.0,2025-01-11 10:46:00,226.0,2.0,12.65,12.65,2.8,10.19,0.99,0.0,0.0,41.66,4.9,35.1,delivered,customer_not_home,91.03,check,boulder,downtown,business,same_day,delivered,2025-07-07 10:50:00,2025-07-07 10:50:00,0.0,0.0,173.0,Other,Other,Other,Other,Other,Downtown,mailroom,Other,same_day,clear,Other,Other,Other,delivered,customer_not_home,check,boulder,downtown,business,same_day,delivered,0.0,1457.5,145.50468470799953,0.8890149625568643,1.8115986124715822,1.8115986124715822,2.208488672064529,1.718120638437666,0.7921623145928041,-0.0,0.0,23.922519960318787,1.1766130304073816,35.1,4234.26045,0.0,0.0,114.30111395957849
S-00923,R-142,D-031,V-017,Boulder ,Downtown,side_entrance,residential,expedited,0,clear,03/05/2025 01:35 PM ,03/05/2025 01:35 PM ,69.0,2025-01-12 13:35:00,395.0,1.0,6.95,6.95,0.769,11.89,0.76,0.0,0.0,56.01,15.8,73.0,delivered,customer_not_home,93.73,check,boulder,downtown,residential,expedited,delivered,2025-03-05 01:35:00,2025-03-05 01:35:00,2.0,0.0,326.0,Other,Other,Other,Other,Other,Downtown,side_entrance,residential,expedited,clear,Other,Other,Other,delivered,customer_not_home,check,boulder,downtown,residential,expedited,delivered,0.0,2449.5,240.81523037153642,0.6053542918620024,1.543681265000915,1.543681265000915,0.7010943044729805,1.7852195758085865,0.6343325712746539,-0.0,0.0,30.49467212430482,1.5120499635257334,73.0,4486.38645,1.875417088358097,0.0,202.5229712842846
S-00924,R-137,D-051,V-038,Denver-East,Rural,front_desk,Biz,standard,0,rain,2024-11-11 17:55 MDT,2024-11-11 17:55 MDT,114.0,2025-01-13 17:57:00,657.0,4.0,2.52,2.52,4.811,11.63,1.88,0.0,0.0,34.06,25.3,66.3,DELIVERED,customer_not_home,79.21,check,denver-east,rural,business,standard,delivered,2024-11-11 17:55:00,2024-11-11 17:55:00,0.0,0.0,543.0,Other,Other,Other,Other,Denver-East,Rural,front_desk,Other,standard,rain,Other,Other,Other,Other,customer_not_home,check,denver-east,rural,business,standard,delivered,0.0,6612.0,380.9745983860111,1.1867360977981165,1.04817684409885,1.04817684409885,3.467836277803143,1.7757268718634245,1.3167789096181763,-0.0,0.0,20.265901252494793,1.77131393174903,66.3,3216.3220499999993,0.0,0.0,320.8448720130541
S-00925,R-138,D-015,V-004,Denver-West,Suburban,garage,residential,standard,0,wind,2025-06-14 16:10,2025-06-14 16:10,124.0,07/32/2025 10:10 PM,554.0,1.0,5.7,5.7,3.752,2.95,1.83,0.0,0.0,41.92,24.9,84.2,rescheduled,customer_not_home,48.43,check,denver-west,suburban,residential,standard,rescheduled,2025-06-14 16:10:00,2025-06-14 16:10:00,5.0,1.0,430.0,Other,Other,Other,Other,Denver-West,Suburban,garage,residential,standard,wind,Other,Other,Other,rescheduled,customer_not_home,check,denver-west,suburban,residential,standard,rescheduled,0.0,7812.0,326.69811715256395,0.6053542918620024,1.4494400207563989,1.4494400207563989,2.8246252138950334,1.1382307480670901,1.290134158679143,-0.0,0.0,24.045180550797287,1.6070112540540704,84.2,1221.16245,4.46194756940847,1.0,259.97696238642743
S-00926,R-134,D-031,V-011,Denver-West,Downtown,leave_at_door,residential,same_day,1,wind,2025/08/05 13:55:00,2025/08/05 13:55:00,54.0,2025-01-15 13:57:00,417.0,2.0,3.93,3.93,4.391,23.66,1.54,0.0,0.0,56.95,9.6,52.6,failed,dog_on_premises,63.59,check,denver-west,downtown,residential,same_day,failed,2025-08-05 13:55:00,2025-08-05 13:55:00,1.0,0.0,363.0,Other,Other,Other,Other,Denver-West,Downtown,leave_at_door,residential,same_day,wind,Other,Other,Other,failed,Other,check,denver-west,downtown,residential,same_day,failed,1.0,1512.0,252.87861172634734,0.8890149625568643,1.267835853128454,1.267835853128454,3.2173353602193613,2.0590065131533843,1.129723099676418,-0.0,0.0,30.912719655668113,1.3857048831660488,52.6,2085.4340500000003,0.962295536748461,0.0,223.14729743303315
S-00927,R-150,D-041,V-040,Denver-East,Downtown,side_entrance,res,same_day,0,wind,2025-05-03 09:50 MDT,2025-05-03 09:50 MDT,58.0,2025-01-16 09:46:00,166.0,4.0,15.103750000000002,15.103750000000002,2.46,10.41,1.09,0.0,0.0,55.02,7.3,72.0,delivered,customer_not_home,85.88,check,denver-east,downtown,residential,same_day,delivered,2025-05-03 09:50:00,2025-05-03 09:50:00,5.0,1.0,108.0,Other,Other,Other,Other,Denver-East,Downtown,side_entrance,Other,same_day,wind,Other,Other,Other,delivered,customer_not_home,check,denver-east,downtown,residential,same_day,delivered,0.0,1740.0,110.11386332280252,1.1867360977981165,1.9893226264452346,1.9893226264452346,1.9775115904443323,1.727527423343695,0.8573647251876968,0.0,0.0,30.052894433355497,1.3057898654993767,72.0,3773.5671999999995,4.46194756940847,1.0,74.64912835043243
S-00928,R-110,D-054,V-025,Boulder,Suburban,locker_pickup,residential,expedited,0,clear,2024-11-24 09:50 MDT,2024-11-24 09:50 MDT,59.0,2025-01-17 09:54:00,174.0,2.0,7.44,7.44,2.432,12.3,1.52,4.225,0.0,33.83,5.2,76.6,delivered,customer_not_home,89.22,check,boulder,suburban,residential,expedited,delivered,2024-11-24 09:50:00,2024-11-24 09:50:00,6.0,1.0,115.0,Other,Other,Other,Other,Boulder,Suburban,Other,residential,expedited,clear,Other,Other,Other,delivered,customer_not_home,check,boulder,suburban,residential,expedited,delivered,0.0,1799.5,114.89790256465513,0.8890149625568643,1.5755068174319562,1.5755068174319562,1.9581935124411387,1.7996939484332455,1.118263781752026,0.49540377386935136,0.0,20.15290838889475,1.196780671097501,76.6,4069.3242,5.291331975501458,1.0,79.01419115402834
S-00929,R-103,D-053,V-016,Colorado Springs,Downtown,garage,Residential,expedited,0,rain,2025-06-04 12:40 MST,2025-06-04 12:40 MST,58.0,2025-01-18 12:49:00,349.0,3.0,15.103750000000002,15.103750000000002,2.621,23.17,1.69,0.0,118.12,41.25,6.4,53.3,failed,customer_not_home,64.17,check,colorado-springs,downtown,residential,expedited,failed,2025-06-04 12:40:00,2025-06-04 12:40:00,2.0,0.0,291.0,Other,Other,Other,Other,Other,Downtown,garage,Other,expedited,rain,Other,Other,Other,failed,customer_not_home,check,colorado-springs,downtown,residential,expedited,failed,0.0,1740.0,215.3693630391581,1.0641270562537064,1.9249924706278971,1.9249924706278971,2.0876962394521654,2.0513105296672642,1.2139916300986981,-0.0,118.12,23.728789240233148,1.2647853779061924,53.3,2123.0644500000003,1.875417088358097,0.0,182.79749673010522
S-00930,R-113,D-037,V-008,Boulder,Suburban,call_on_arrival,business,standard,0,clear,08/10/2025 11:55 AM MST,08/10/2025 11:55 AM MST,122.0,2025-01-19 11:54:00,294.0,3.0,3.38,3.38,2.894,7.99,0.97,0.0,0.0,44.22,5.5,54.5,failed ,customer_not_home,56.18,check,boulder,suburban,business,standard,failed,2025-08-10 11:55:00,2025-08-10 11:55:00,6.0,1.0,172.0,Other,Other,Other,Other,Boulder,Suburban,call_on_arrival,business,standard,clear,Other,Other,Other,Other,customer_not_home,check,boulder,suburban,business,standard,failed,0.0,7564.0,184.49715124453763,1.0641270562537064,1.193221284332097,1.193221284332097,2.2712360253069157,1.6084853003507535,0.7788873719292809,-0.0,0.0,25.123906330493757,1.2155354594472638,54.5,1634.2762,5.291331975501458,1.0,113.70398227198433
S-00931,R-121,D-002,V-029,Fort-Collins,Campus,front_desk,business,Expedited,0,snow,09-Dec-2024 12:10 MST,09-Dec-2024 12:10 MST,38.0,2025-01-20 12:15:00,315.0,3.0,5.42,5.42,1.821,8.83,0.46,0.0,0.0,46.97,6.7,53.5,failed,weather_delay,56.51,check,fort-collins,campus,business,expedited,failed,2024-12-09 12:10:00,2024-12-09 12:10:00,0.0,0.0,277.0,Other,Other,Other,Other,Fort-Collins,Campus,front_desk,business,Other,snow,Other,Other,Other,failed,weather_delay,check,fort-collins,campus,business,expedited,failed,0.0,760.0,196.34740314674258,1.0641270562537064,1.425158178546656,1.425158178546656,1.5238892363103536,1.6540936457213813,0.40858092081228553,-0.0,0.0,26.39940486108727,1.2792500298435527,53.5,1653.20005,0.0,0.0,174.84234708144027
S-00932,R-127,D-027,V-010,Denver-West,Industrial,mailroom,business,standard,0,clear,2025/12/26 16:20:00,2025/12/26 16:20:00,126.0,2025-01-21 16:22:00,562.0,6.0,9.55,9.55,3.366,23.27,1.3,0.0,0.0,45.165,14.5,40.0,failed,address_issue,55.07,check,denver-west,industrial,business,standard,failed,2025-12-26 16:20:00,2025-12-26 16:20:00,4.0,0.0,436.0,Other,Other,Other,Other,Denver-West,Industrial,mailroom,business,standard,clear,Other,Other,Other,failed,address_issue,check,denver-west,industrial,business,standard,failed,0.0,8064.0,330.94772850854446,1.352108625101415,1.689328812795124,1.689328812795124,2.5797318315700317,2.052897520952557,0.9884390796390998,-0.0,0.0,25.563918468834125,1.491999491999238,40.0,1571.42245,3.618555125115471,0.0,263.24587008454057
S-00933,R-127,D-045,V-014,Fort-Collins,Rural,front_desk,residential,expedited,0,snow,2024-11-27 14:30 ,2024-11-27 14:30 ,51.0,2025-01-22 14:43:00,463.0,1.0,6.03,6.03,7.75,10.85,2.8,4.225,0.0,46.54,13.3,56.6,rescheduled ,customer_not_home,65.46,check,fort-collins,rural,residential,expedited,rescheduled,2024-11-27 14:30:00,2024-11-27 14:30:00,2.0,0.0,412.0,Other,Other,Other,Other,Fort-Collins,Rural,front_desk,residential,expedited,snow,Other,Other,Other,Other,customer_not_home,check,fort-collins,rural,residential,expedited,rescheduled,0.0,1351.5,277.9013969736465,0.6053542918620024,1.4764178059546367,1.4764178059546367,5.092329425504972,1.745652360295087,1.7643559381991047,0.49163220529882234,0.0,26.200948493609797,1.471114114652055,56.6,2207.9657999999995,1.875417088358097,0.0,250.14263001654626
S-00934,R-159,D-033,V-040,Denver-West,Industrial,package_room_3F,residential,Standard,0,wind,2025-01-14 15:50 MST,2025-01-14 15:50 MST,125.0,2025-01-23 15:58:00,538.0,2.0,11.19,11.19,3.878,4.32,1.6,0.0,0.0,46.67,6.8,86.6,rescheduled,customer_not_home,63.81,check,denver-west,industrial,residential,standard,rescheduled,2025-01-14 15:50:00,2025-01-14 15:50:00,1.0,0.0,413.0,Other,Other,Other,Other,Denver-West,Industrial,Other,residential,Other,wind,Other,Other,Other,rescheduled,customer_not_home,check,denver-west,industrial,residential,standard,rescheduled,0.0,7937.5,318.1804051224292,0.8890149625568643,1.7590690817547479,1.7590690817547479,2.90325670124615,1.314477739184751,1.163779664925576,-0.0,0.0,26.260984648694215,1.283885125960567,86.6,2099.66805,0.962295536748461,0.0,250.69009010122778
S-00935,R-146,D-031,V-004,Boulder,Rural,call_on_arrival,residential,standard,0,snow,03-Nov-2025 11:40 MDT,03-Nov-2025 11:40 MDT,111.0,2025-01-24 12:01:00,301.0,2.0,8.16,8.16,9.641375,11.67,3.44,1.51,0.0,50.56,6.6,100.0,failed,security_access,56.0,check,boulder,rural,residential,standard,failed,2025-11-03 11:40:00,2025-11-03 11:40:00,0.0,0.0,190.0,Other,Other,Other,Other,Boulder,Rural,call_on_arrival,residential,standard,snow,Other,Other,Other,failed,security_access,check,boulder,rural,residential,standard,failed,0.0,6271.5,188.45632626894798,0.8890149625568643,1.618151756496415,1.618151756496415,6.519421672746649,1.7772037438374417,2.221878212513562,0.42063618037808925,0.0,28.042763141885057,1.2745237498899882,100.0,1624.0,0.0,0.0,124.40154523918456
S-00936,R-114,D-009,V-034,Denver-West,Suburban,call_on_arrival,residential,standard,1,clear,02-Jan-2025 16:40 MST,02-Jan-2025 16:40 MST,118.0,2025-01-25 16:31:00,571.0,1.0,3.83,3.83,7.468,19.51,1.57,1.44,0.0,48.85,13.7,74.7,DELIVERED,customer_not_home,87.74,check,denver-west,suburban,residential,standard,delivered,2025-01-02 16:40:00,2025-01-02 16:40:00,3.0,0.0,453.0,Other,Other,Other,Other,Denver-West,Suburban,call_on_arrival,residential,standard,clear,Other,Other,Other,Other,customer_not_home,check,denver-west,suburban,residential,standard,delivered,1.0,7080.0,335.7213328904573,0.6053542918620024,1.2550985656081926,1.2550985656081926,4.94449660291287,1.9865769360911434,1.1468110159360163,0.41601719967750606,0.0,27.262949384206184,1.4783594690426989,74.7,3936.8937999999994,2.7580025035383304,0.0,272.48363804819803
S-00937,R-143,D-036,V-021,Denver-East,Suburban,garage,residential,Expedited,0,clear,2024-12-13 16:55,2024-12-13 16:55,60.0,2025-01-26 16:56:00,596.0,3.0,11.04,11.04,4.988,7.49,2.05,0.0,0.0,34.15,6.7,52.9,delivered,customer_not_home,86.3,check,denver-east,suburban,residential,expedited,delivered,2024-12-13 16:55:00,2024-12-13 16:55:00,4.0,0.0,536.0,Other,Other,Other,Other,Denver-East,Suburban,garage,residential,Other,clear,Other,Other,Other,delivered,customer_not_home,check,denver-east,suburban,residential,expedited,delivered,0.0,1860.0,348.94236010270123,1.0641270562537064,1.753210680562799,1.753210680562799,3.571764873211951,1.578618941059957,1.4053498444322063,-0.0,0.0,20.31007545751796,1.2792500298435527,52.9,3810.1449999999995,3.618555125115471,0.0,317.11392738116706
S-00938,R-125,D-031,V-034,Denver-East,Suburban,front_desk,residential,EXPEDITED,0,fog,2024-12-04 14:55,2024-12-04 14:55,46.0,2025-01-27 15:05:00,485.0,3.0,3.21,3.21,3.258,29.35625,0.85,0.0,0.0,31.78,12.9,100.0,failed,customer_not_home,49.57,check,denver-east,suburban,residential,expedited,failed,2024-12-04 14:55:00,2024-12-04 14:55:00,2.0,0.0,439.0,Other,Other,Other,Other,Denver-East,Suburban,front_desk,residential,Other,fog,Other,Other,Other,failed,customer_not_home,check,denver-east,suburban,residential,expedited,failed,0.0,1104.0,289.77978725524133,1.0641270562537064,1.1676541776914864,1.1676541776914864,2.5100652409604582,2.151598947610619,0.6974863564225507,-0.0,0.0,19.1390585212426,1.46355821921418,100.0,1278.16245,1.875417088358097,0.0,264.87863773828076
S-00939,R-130,D-021,V-012,Denver-East,Industrial,leave_at_door,Biz,expedited,0,wind,03/16/2025 03:15 PM MDT,03/16/2025 03:15 PM MDT,50.0,2025-01-28 15:16:00,496.0,4.0,15.103750000000002,15.103750000000002,4.048,29.35625,1.52,0.0,0.0,50.66,9.8,58.2,rescheduled,customer_not_home,70.85,check,denver-east,industrial,business,expedited,rescheduled,2025-03-16 03:15:00,2025-03-16 03:15:00,6.0,1.0,446.0,Other,Other,Other,Other,Denver-East,Industrial,leave_at_door,Other,expedited,wind,Other,Other,Other,rescheduled,customer_not_home,check,denver-east,industrial,business,expedited,rescheduled,0.0,1300.0,295.69869171711673,1.1867360977981165,2.12521653643179,2.12521653643179,3.0083884576211153,2.3117213253243487,1.118263781752026,-0.0,0.0,28.088204703170586,1.3914193805498154,58.2,2580.7112499999994,5.291331975501458,1.0,268.68411536953437
S-00940,R-122,D-059,V-035,Denver East,Downtown,front_desk,residential,Standard,0,rain,03/25/2025 05:30 PM MST,03/25/2025 05:30 PM MST,109.0,2025-01-29 17:38:00,638.0,1.0,2.18,2.18,1.031,7.34,0.48,0.0,118.12,41.35,7.7,68.1,failed,customer_not_home,53.98,check,denver-east,downtown,residential,standard,failed,2025-03-25 05:30:00,2025-03-25 05:30:00,1.0,0.0,529.0,Other,Other,Other,Other,Other,Downtown,front_desk,residential,Other,rain,Other,Other,Other,failed,customer_not_home,check,denver-east,downtown,residential,standard,failed,0.0,6049.5,371.03052520625016,0.6053542918620024,0.9774671986305774,0.9774671986305774,0.9172713748158995,1.569210057477646,0.4244533285214643,-0.0,118.12,23.776075171955345,1.3219364963791898,68.1,1510.9001999999998,0.962295536748461,0.0,313.37811600449425
S-00941,R-144,D-035,V-023,Fort-Collins,Suburban,side_entrance,residential ,standard,0,clear,06-Nov-2024 13:45 MST,06-Nov-2024 13:45 MST,144.0,2025-01-30 13:47:00,407.0,1.0,10.82,10.82,8.152,16.53,2.61,0.0,0.0,44.14,7.0,32.2,delivered,customer_not_home,85.54,check,fort-collins,suburban,residential,standard,delivered,2024-11-06 13:45:00,2024-11-06 13:45:00,2.0,0.0,263.0,Other,Other,Other,Other,Fort-Collins,Suburban,side_entrance,Other,standard,clear,Other,Other,Other,delivered,customer_not_home,check,fort-collins,suburban,residential,standard,delivered,0.0,10512.0,247.4033338893029,0.6053542918620024,1.7444445385020437,1.7444445385020437,5.300624414951554,1.9216276261885967,1.677754247565353,-0.0,0.0,25.086572654394327,1.2928932188134525,32.2,3744.0858000000007,1.875417088358097,0.0,166.84701659436885
S-00942,R-140,D-050,V-017,Fort-Collins,Suburban,call_on_arrival,residential,standard,0,wind,04-Jan-2025 16:40 MDT,04-Jan-2025 16:40 MDT,128.0,2025-01-31 16:30:00,570.0,3.0,10.01,10.01,1.924,8.03,1.14,2.63,0.0,50.09,8.2,26.8,failed,address_issue,60.83,check,fort-collins,suburban,residential,standard,failed,2025-01-04 16:40:00,2025-01-04 16:40:00,5.0,1.0,442.0,Other,Other,Other,Other,Fort-Collins,Suburban,call_on_arrival,residential,standard,wind,Other,Other,Other,failed,address_issue,check,fort-collins,suburban,residential,standard,failed,0.0,8320.0,335.19130541552806,1.0641270562537064,1.7102435293287532,1.7102435293287532,1.5989422763916847,1.610781019883937,0.8892649314086657,0.4620548080352739,0.0,27.828950967316377,1.340619526604213,26.8,1910.97445,4.46194756940847,1.0,266.5102925117283
S-00943,R-116,D-031,V-013,Boulder,Rural,call_on_arrival,business,expedited,0,clear,2025-08-13 10:35 MST,2025-08-13 10:35 MST,64.0,2025-02-01 10:46:00,226.0,1.0,6.28,6.28,8.218,5.24,1.62,4.13,0.0,40.94,5.8,74.9,delivered,customer_not_home,85.71,check,boulder,rural,business,expedited,delivered,2025-08-13 10:35:00,2025-08-13 10:35:00,2.0,0.0,162.0,Other,Other,Other,Other,Boulder,Rural,call_on_arrival,business,expedited,clear,Other,Other,Other,delivered,customer_not_home,check,boulder,rural,business,expedited,delivered,0.0,2112.0,145.50468470799953,0.6053542918620024,1.4957826294700376,1.4957826294700376,5.334557281705515,1.4088091694100668,1.1750269243193263,0.48100080176616544,0.0,23.582060284531384,1.2330350111526296,74.9,3758.8120499999995,1.875417088358097,0.0,107.71330220897006
S-00944,R-120,D-018,V-036,Boulder,Suburban,side_entrance,Biz,same_day,0,clear,25-Nov-2025 16:45,25-Nov-2025 16:45,39.0,2025-02-02 16:54:00,594.0,3.0,8.23,8.23,2.124,4.95,1.23,0.0,0.0,52.04,10.2,59.8,failed,vehicle_issue,54.89,check,boulder,suburban,business,same_day,failed,2025-11-25 16:45:00,2025-11-25 16:45:00,1.0,0.0,555.0,Other,Other,Other,Other,Boulder,Suburban,side_entrance,Other,same_day,clear,Other,Other,Other,failed,vehicle_issue,check,boulder,suburban,business,same_day,failed,0.0,799.5,347.88674549328806,1.0641270562537064,1.622064522911575,1.622064522911575,1.7424536565690933,1.3811362680734915,0.9455769535102806,-0.0,0.0,28.71351958896153,1.402385695332803,59.8,1561.34605,0.962295536748461,0.0,327.2296518261745
S-00945,R-150,D-015,V-020,Denver-West,Industrial,package_room_3F,residential,expedited,1,rain,2024-11-04 14:20 MST ,2024-11-04 14:20 MST ,66.0,2025-02-03 14:27:00,447.0,1.0,5.44,5.44,2.526,15.75,1.17,0.0,118.12,45.5,5.4,30.0,failed,vehicle_issue,61.1,check,denver-west,industrial,residential,expedited,failed,2024-11-04 14:20:00,2024-11-04 14:20:00,0.0,0.0,381.0,Other,Other,Other,Other,Denver-West,Industrial,Other,residential,expedited,rain,Other,Other,Other,failed,vehicle_issue,check,denver-west,industrial,residential,expedited,failed,1.0,2244.0,269.2272665227616,0.6053542918620024,1.4269379172882373,1.4269379172882373,2.022862591667647,1.9022190973810809,0.9081908190166585,-0.0,118.12,25.719467731730212,1.2094305849579052,30.0,1927.7050000000002,0.0,0.0,233.10378734938425
S-00946,R-145,D-019,V-014,Denver-West,Industrial,garage,residential,standard,0,clear,2025/08/12 10:50:00 MST,2025/08/12 10:50:00 MST,131.0,2025-02-04 10:47:00,227.0,1.0,2.33,2.33,3.503,6.64,1.27,0.0,0.0,46.19,15.2,27.0,delivered,customer_not_home,90.06,check,denver-west,industrial,residential,standard,delivered,2025-08-12 10:50:00,2025-08-12 10:50:00,1.0,0.0,96.0,Other,Other,Other,Other,Denver-West,Industrial,garage,residential,standard,clear,Other,Other,Other,delivered,customer_not_home,check,denver-west,industrial,residential,standard,delivered,0.0,8711.5,146.0858529823217,0.6053542918620024,1.0098183616145735,1.0098183616145735,2.667366087937694,1.522198690491202,0.9701668086883677,0.0,0.0,26.03914914339216,1.5030960050000468,27.0,4145.4618,0.962295536748461,0.0,67.09951742266864
S-00947,R-121,D-046,V-032,Denver-East,Suburban,front_desk,residential,standard,1,clear,03-Nov-2025 12:10 MST,03-Nov-2025 12:10 MST,123.0,2025-02-05 12:02:00,302.0,2.0,8.22,8.22,4.093,20.59,1.07,0.0,0.0,63.21,15.7,36.9,delivered,customer_not_home,85.22,check,denver-east,suburban,residential,standard,delivered,2025-11-03 12:10:00,2025-11-03 12:10:00,0.0,0.0,179.0,Other,Other,Other,Other,Denver-East,Suburban,front_desk,residential,standard,clear,Other,Other,Other,delivered,customer_not_home,check,denver-east,suburban,residential,standard,delivered,1.0,7687.5,189.0211689215116,0.8890149625568643,1.6215079221755409,1.6215079221755409,3.036038629385994,2.0071518721332775,0.8444764856012952,-0.0,0.0,33.663400387098875,1.5105912157676036,36.9,3716.4442,0.0,0.0,117.87677391897294
S-00948,R-136,D-031,V-023,Boulder,Suburban,leave_at_door,business,standard,1,clear,2025/11/21 13:45:00 MST,2025/11/21 13:45:00 MST,109.0,2025-02-06 13:47:00,407.0,1.0,2.54,2.54,1.739,16.14,0.8,4.225,0.0,34.09,9.8,56.9,failed,address_issue,47.31,check,boulder,suburban,business,standard,failed,2025-11-21 13:45:00,2025-11-21 13:45:00,4.0,0.0,298.0,Other,Other,Other,Other,Boulder,Suburban,leave_at_door,business,standard,clear,Other,Other,Other,failed,address_issue,check,boulder,suburban,business,standard,failed,1.0,6049.5,247.4033338893029,0.6053542918620024,1.0520576740687047,1.0520576740687047,1.4635490628685819,1.9120668974876731,0.6626345475706247,0.49161051303390696,0.0,20.28062850462372,1.3914193805498154,56.9,1166.4280500000002,3.618555125115471,0.0,186.76067317958078
S-00949,R-119,D-060,V-018,Colorado Springs,Suburban,front_desk,residential,expedited,0,clear,06/06/2025 06:35 PM,06/06/2025 06:35 PM,54.0,2025-02-07 18:34:00,694.0,5.0,2.45,2.45,4.397,21.39,-0.48,0.0,0.0,49.23,3.7,66.2,failed,address_issue,60.44,check,colorado-springs,suburban,residential,expedited,failed,2025-06-06 06:35:00,2025-06-06 06:35:00,4.0,0.0,640.0,Other,Other,Other,Other,Other,Suburban,front_desk,residential,expedited,clear,Other,Other,Other,failed,address_issue,check,colorado-springs,suburban,residential,expedited,failed,0.0,1512.0,400.2578780448353,1.2791016451735329,1.0343648541730823,1.0343648541730823,3.2209542718348256,2.0215487662216116,-0.06566722415965076,-0.0,0.0,27.436697613326622,1.077468791971115,66.2,1886.9368,3.618555125115471,0.0,372.07864764263223
S-00950,R-144,D-008,V-037,Fort Collins,Industrial,side_entrance,business,standard,0,rain,06/01/2025 03:45 PM MDT,06/01/2025 03:45 PM MDT,131.0,2025-02-08 15:55:00,535.0,1.0,3.11,3.11,5.066,6.06,1.83,0.0,0.0,38.5,9.9,52.3,delivered,customer_not_home,90.34,check,fort-collins,industrial,business,standard,delivered,2025-06-01 03:45:00,2025-06-01 03:45:00,6.0,1.0,404.0,Other,Other,Other,Other,Other,Industrial,side_entrance,business,standard,rain,Other,Other,Other,delivered,customer_not_home,check,fort-collins,industrial,business,standard,delivered,0.0,8711.5,316.58053963485077,0.6053542918620024,1.1519790915118846,1.1519790915118846,3.6172705342246174,1.478788507807695,1.290134158679143,-0.0,0.0,22.419424004990237,1.3942174671846175,52.3,4170.9978,5.291331975501458,1.0,245.75814674150615
S-00951,R-158,D-035,V-025,Boulder,Downtown,call_on_arrival,Biz,standard,0,rain,2025-01-17 10:50,2025-01-17 10:50,121.0,2025-02-09 10:45:00,225.0,3.0,4.2,4.2,0.986,5.32,0.66,2.53,0.0,33.17,4.4,54.0,delivered ,customer_not_home,82.98,check,boulder,downtown,business,standard,delivered,2025-01-17 10:50:00,2025-01-17 10:50:00,4.0,0.0,104.0,Other,Other,Other,Other,Boulder,Downtown,call_on_arrival,Other,standard,rain,Other,Other,Other,Other,customer_not_home,check,boulder,downtown,business,standard,delivered,0.0,7441.5,144.9232603551406,1.0641270562537064,1.3006124816537112,1.3006124816537112,0.8807661938509549,1.416150101906074,0.5618452981526091,0.4598744873965765,0.0,19.827834785049173,1.1393370341761297,54.0,3525.8202,3.618555125115471,0.0,72.14230116596755
S-00952,R-150,D-026,V-023,Denver-East,Suburban,building_super,residential,standard,0,clear,2025-04-02 17:55 MST,2025-04-02 17:55 MST,117.0,2025-02-10 17:56:00,656.0,1.0,7.35,7.35,5.087,6.54,1.73,0.0,0.0,44.14,10.1,50.7,rescheduled,customer_not_home,73.1,check,denver-east,suburban,residential,standard,rescheduled,2025-04-02 17:55:00,2025-04-02 17:55:00,2.0,0.0,539.0,Other,Other,Other,Other,Denver-East,Suburban,Other,residential,standard,clear,Other,Other,Other,rescheduled,customer_not_home,check,denver-east,suburban,residential,standard,rescheduled,0.0,6961.5,380.45194901883525,0.6053542918620024,1.5698441400755943,1.5698441400755943,3.62949200091259,1.5150257854147866,1.2359845150081317,-0.0,0.0,25.086572654394327,1.3996997748123357,50.7,2744.9049999999997,1.875417088358097,0.0,318.7134955226804
S-00953,R-119,D-052,V-010,Fort-Collins,Suburban,hand_to_security,residential,standard,1,clear,2025/02/05 14:35:00 MDT,2025/02/05 14:35:00 MDT,114.0,2025-02-11 14:30:00,450.0,1.0,4.76,4.76,5.913,13.21,1.72,0.0,0.0,40.7,5.3,53.2,delivered,customer_not_home,94.09,check,fort-collins,suburban,residential,standard,delivered,2025-02-05 14:35:00,2025-02-05 14:35:00,2.0,0.0,336.0,Other,Other,Other,Other,Fort-Collins,Suburban,Other,residential,standard,clear,Other,Other,Other,delivered,customer_not_home,check,fort-collins,suburban,residential,standard,delivered,1.0,6612.0,270.8559938148514,0.6053542918620024,1.3620366089929026,1.3620366089929026,4.100708149380316,1.8298434093855265,1.2305045178914826,-0.0,0.0,23.468314691569265,1.2031809271104041,53.2,4520.554050000001,1.875417088358097,0.0,208.11910389872574
S-00954,R-146,D-003,V-019,Denver-West,Suburban,call_on_arrival,business,expedited,0,clear,2025/02/14 15:10:00,2025/02/14 15:10:00,46.0,2025-02-12 15:07:00,487.0,3.0,9.91,9.91,4.181,29.35625,1.54,0.0,118.12,34.03,15.4,52.0,failed,customer_not_home,57.64,check,denver-west,suburban,business,expedited,failed,2025-02-14 15:10:00,2025-02-14 15:10:00,4.0,0.0,441.0,Other,Other,Other,Other,Denver-West,Suburban,call_on_arrival,business,expedited,clear,Other,Other,Other,failed,customer_not_home,check,denver-west,suburban,business,expedited,failed,0.0,1104.0,290.8569396048421,1.0641270562537064,1.705794648383635,1.705794648383635,3.0898993145146485,2.1522689285456282,1.129723099676418,-0.0,118.12,20.25117147979866,1.5061352016752052,52.0,1718.8248,3.618555125115471,0.0,265.9665307266122
S-00955,R-160,D-006,V-023,Denver-East,Rural,mailroom,residential,same_day,0,rain,2025/10/08 11:45:00 MST,2025/10/08 11:45:00 MST,31.0,2025-02-13 11:51:00,291.0,1.0,9.13,9.13,9.641375,9.79,3.44,0.0,0.0,54.25,11.5,54.2,delivered,customer_not_home,68.37,check,denver-east,rural,residential,same_day,delivered,2025-10-08 11:45:00,2025-10-08 11:45:00,2.0,0.0,260.0,Other,Other,Other,Other,Denver-East,Rural,mailroom,residential,same_day,rain,Other,Other,Other,delivered,customer_not_home,check,denver-east,rural,residential,same_day,delivered,0.0,511.5,182.79749673010522,0.6053542918620024,1.6691701427609986,1.6691701427609986,6.322856583079858,1.7003854961432798,2.0708332989541405,-0.0,0.0,29.708209787003863,1.434314575050762,54.2,2405.5984500000004,1.875417088358097,0.0,165.12828292812623
S-00956,R-148,D-029,V-017,Boulder,Rural,leave_at_door,residential,expedited,0,clear,2025-04-08 09:15 MDT,2025-04-08 09:15 MDT,55.0,2025-02-14 09:15:00,135.0,2.0,5.1,5.1,4.143,13.17,1.99,2.5,0.0,45.73,18.8,40.3,failed,address_issue,53.2,check,boulder,rural,residential,expedited,failed,2025-04-08 09:15:00,2025-04-08 09:15:00,1.0,0.0,80.0,Other,Other,Other,Other,Boulder,Rural,leave_at_door,residential,expedited,clear,Other,Other,Other,failed,address_issue,check,boulder,rural,residential,expedited,failed,0.0,1567.5,91.34646593793427,0.8890149625568643,1.395663425100596,1.395663425100596,3.066675231297539,1.8285714205273995,1.3744359341740076,0.45918367346938777,0.0,25.82613294450761,1.5505334250245053,40.3,1468.3200000000002,0.962295536748461,0.0,56.88435023684184
S-00957,R-113,D-031,V-014,Denver-East,Suburban,garage,business,standard,0,clear,11/14/2025 12:00 PM MST,11/14/2025 12:00 PM MST,120.0,2025-02-15 12:04:00,304.0,2.0,15.103750000000002,15.103750000000002,5.287,28.25,1.67,4.225,0.0,52.89,25.3,99.8,delivered,customer_not_home,88.42,check,denver-east,suburban,business,standard,delivered,2025-11-14 12:00:00,2025-11-14 12:00:00,4.0,0.0,184.0,Other,Other,Other,Other,Denver-East,Suburban,garage,business,standard,clear,Other,Other,Other,delivered,customer_not_home,check,denver-east,suburban,business,standard,delivered,0.0,7320.0,190.1502957420131,0.8890149625568643,1.8954867539165172,1.8954867539165172,3.745261281926266,2.1226209508466365,1.2029215672452793,0.4906685777419451,0.0,29.097055566566294,1.77131393174903,99.8,3997.4682000000003,3.618555125115471,0.0,120.84738099797474
S-00958,R-118,D-053,V-035,Fort Collins,Rural,side_entrance,residential,standard,0,clear,2025/02/19 13:10:00,2025/02/19 13:10:00,114.0,2025-02-16 13:20:00,380.0,2.0,7.16,7.16,8.483,23.63,1.72,0.0,0.0,45.91,11.0,53.1,failed,vehicle_issue,52.33,check,fort-collins,rural,residential,standard,failed,2025-02-19 13:10:00,2025-02-19 13:10:00,2.0,0.0,266.0,Other,Other,Other,Other,Other,Rural,side_entrance,residential,standard,clear,Other,Other,Other,failed,vehicle_issue,check,fort-collins,rural,residential,standard,failed,0.0,6612.0,232.55189984704268,0.8890149625568643,1.5576247349283394,1.5576247349283394,5.470076563803944,2.0585410622627527,1.2305045178914826,-0.0,0.0,25.909536830780926,1.4226497308103743,53.1,1421.5444499999999,1.875417088358097,0.0,168.5637982193831
S-00959,R-145,D-060,V-036,Colorado-Springs,Downtown,leave_at_door,residential,standard,0,clear,2025/11/14 13:45:00 MST,2025/11/14 13:45:00 MST,116.0,2025-02-17 13:46:00,406.0,1.0,4.99,4.99,3.983,9.11,1.73,0.0,0.0,47.62,10.9,63.4,failed,package_damaged,63.14,check,colorado-springs,downtown,residential,standard,failed,2025-11-14 13:45:00,2025-11-14 13:45:00,4.0,0.0,290.0,Other,Other,Other,Other,Colorado-Springs,Downtown,leave_at_door,residential,standard,clear,Other,Other,Other,failed,package_damaged,check,colorado-springs,downtown,residential,standard,failed,0.0,6844.0,246.85507301958125,0.6053542918620024,1.3850563558336308,1.3850563558336308,2.968318371895786,1.668183191876182,1.2359845150081317,-0.0,0.0,26.698723463868333,1.4202289643475516,63.4,2056.4698,3.618555125115471,0.0,182.23055794657589
S-00960,R-107,D-018,V-009,Fort-Collins,Suburban,front_desk,business,standard,1,clear,2024-12-25 14:45,2024-12-25 14:45,113.0,2025-02-18 14:47:00,467.0,1.0,2.68,2.68,5.738,11.65,2.1,0.0,0.0,66.79875,9.6,61.9,delivered,customer_not_home,83.83,check,fort-collins,suburban,business,standard,delivered,2024-12-25 14:45:00,2024-12-25 14:45:00,2.0,0.0,354.0,Other,Other,Other,Other,Fort-Collins,Suburban,front_desk,business,standard,clear,Other,Other,Other,delivered,customer_not_home,check,fort-collins,suburban,business,standard,delivered,1.0,6497.5,280.0652190448151,0.6053542918620024,1.0784483225094823,1.0784483225094823,4.002351812254059,1.7764660667177097,1.4308338402631664,0.0,0.0,35.59278668637036,1.3857048831660488,61.9,3597.56445,1.875417088358097,0.0,218.15070567146847
S-00961,R-116,D-040,V-038,Dnvr-East,Industrial,rear_loading_dock,residential,standard,0,clear,17-May-2025 15:20 MDT,17-May-2025 15:20 MDT,112.0,2025-02-19 15:28:00,508.0,1.0,5.51,5.51,3.558,11.05,1.46,4.225,118.12,66.79875,4.8,73.5,failed,customer_not_home,60.12,check,denver-east,industrial,residential,standard,failed,2025-05-17 15:20:00,2025-05-17 15:20:00,5.0,1.0,396.0,Other,Other,Other,Other,Other,Industrial,Other,residential,standard,clear,Other,Other,Other,failed,customer_not_home,check,denver-east,industrial,residential,standard,failed,0.0,6384.0,302.14076380729637,0.6053542918620024,1.4331108658641427,1.4331108658641427,2.7023219397171854,1.7536041864114738,1.083554811485177,0.49322383961641514,118.12,35.59278668637036,1.1695452014626002,73.5,1867.3272,4.46194756940847,1.0,241.36499360670354
S-00962,R-143,D-016,V-004,Boulder ,Rural,side_entrance,residential,same_day,0,rain,25-Oct-2025 13:40,25-Oct-2025 13:40,36.0,2025-02-20 13:37:00,397.0,1.0,3.74,3.74,5.789,4.85,2.92,1.57,0.0,44.02,9.4,56.3,delivered,customer_not_home,86.01,check,boulder,rural,residential,same_day,delivered,2025-10-25 13:40:00,2025-10-25 13:40:00,5.0,1.0,361.0,Other,Other,Other,Other,Other,Rural,side_entrance,residential,same_day,rain,Other,Other,Other,delivered,customer_not_home,check,boulder,rural,residential,same_day,delivered,0.0,684.0,241.91461837975191,0.6053542918620024,1.24333835426572,1.24333835426572,4.03109395414698,1.3711843239586567,1.8177196038085237,0.42429862677708974,0.0,25.030547315099195,1.3798263270539577,56.3,3784.8700500000004,4.46194756940847,1.0,222.03802200319728
S-00866,R-115,D-058,V-034,Denver-East,Industrial,mailroom,residential,standard,0,clear,04/11/2025 11:30 AM MDT,04/11/2025 11:30 AM MDT,139.0,2025-02-21 11:31:00,271.0,3.0,3.27,3.27,2.29,12.86,0.74,0.0,0.0,48.83,14.8,30.2,delivered,customer_not_home,89.39,check,denver-east,industrial,residential,standard,delivered,2025-04-11 11:30:00,2025-04-11 11:30:00,4.0,0.0,132.0,Other,Other,Other,Other,Denver-East,Industrial,mailroom,residential,standard,clear,Other,Other,Other,delivered,customer_not_home,check,denver-east,industrial,residential,standard,delivered,0.0,9799.5,171.42082829752027,1.0641270562537064,1.1768287636014465,1.1768287636014465,1.8594836856387724,1.8185525876036572,0.6200367392875267,-0.0,0.0,27.253797418383066,1.4968453945733724,30.2,4084.67605,3.618555125115471,0.0,89.50887002347551
S-00964,R-104,D-041,V-015,Dnvr-East,Industrial,call_on_arrival,business,expedited,0,clear,22-Nov-2024 12:55 MDT,22-Nov-2024 12:55 MDT,50.0,2025-02-22 12:54:00,354.0,2.0,14.46,14.46,3.373,17.45,1.65,0.0,0.0,56.84,10.6,60.1,delivered,customer_not_home,85.38,check,denver-east,industrial,business,expedited,delivered,2024-11-22 12:55:00,2024-11-22 12:55:00,4.0,0.0,304.0,Other,Other,Other,Other,Other,Industrial,call_on_arrival,business,expedited,clear,Other,Other,Other,delivered,customer_not_home,check,denver-east,industrial,business,expedited,delivered,0.0,1300.0,218.15070567146847,0.8890149625568643,1.867394335382639,1.867394335382639,2.5842293042617084,1.9431251707560113,1.1918016387204051,-0.0,0.0,30.863869664539738,1.4127797804852964,60.1,3730.2521999999994,3.618555125115471,0.0,190.1502957420131
S-00965,R-122,D-007,V-027,Colorado-Springs,Downtown,hand_to_security,residential,standard,1,snow,2025-10-10 13:55 MST ,2025-10-10 13:55 MST ,127.0,2025-02-23 13:55:00,415.0,2.0,4.77,4.77,1.755,23.66,0.82,0.0,0.0,46.59,25.3,49.3,delivered,customer_not_home,84.59,check,colorado-springs,downtown,residential,standard,delivered,2025-10-10 13:55:00,2025-10-10 13:55:00,4.0,0.0,288.0,Other,Other,Other,Other,Colorado-Springs,Downtown,Other,residential,standard,snow,Other,Other,Other,delivered,customer_not_home,check,colorado-springs,downtown,residential,standard,delivered,1.0,8191.5,251.78461395831107,0.8890149625568643,1.363062168955107,1.363062168955107,1.4753648490737408,2.0590065131533843,0.6766441229332887,0.0,0.0,26.224043203382852,1.6895397897174669,49.3,3662.32405,3.618555125115471,0.0,181.09609506565212
S-00966,R-107,D-046,V-031,Denver-East ,Suburban,call_on_arrival,Business,standard,0,clear,12/04/2024 09:20 AM MST,12/04/2024 09:20 AM MST,127.0,2025-02-24 09:14:00,134.0,1.0,2.06,2.06,2.148,6.24,1.12,0.0,0.0,23.508750000000003,14.4,62.1,delivered,customer_not_home,81.83,check,denver-east,suburban,business,standard,delivered,2024-12-04 09:20:00,2024-12-04 09:20:00,2.0,0.0,7.0,Other,Other,Other,Other,Other,Suburban,call_on_arrival,Other,standard,clear,Other,Other,Other,delivered,customer_not_home,check,denver-east,suburban,business,standard,delivered,0.0,8191.5,90.73438877084136,0.6053542918620024,0.9501233069045406,0.9501233069045406,1.7594869582684327,1.4927428363559974,0.8765590802008469,-0.0,0.0,15.465450381977988,1.4903528085623745,62.1,3429.90445,1.875417088358097,0.0,6.108910189833208
S-00967,R-101,D-044,V-009,Boulder,Downtown,building_super,business ,expedited,0,wind,12-Mar-2025 12:30 MDT,12-Mar-2025 12:30 MDT,55.0,2025-02-25 12:29:00,329.0,3.0,4.25,4.25,3.828,12.68,1.46,0.0,0.0,59.18,4.7,85.3,delivered,customer_not_home,87.66,check,boulder,downtown,business,expedited,delivered,2025-03-12 12:30:00,2025-03-12 12:30:00,2.0,0.0,274.0,Other,Other,Other,Other,Boulder,Downtown,Other,Other,expedited,wind,Other,Other,Other,delivered,customer_not_home,check,boulder,downtown,business,expedited,delivered,0.0,1567.5,204.20358492177238,1.0641270562537064,1.3064397199167472,1.3064397199167472,2.872127522295335,1.81260052311146,1.083554811485177,-0.0,0.0,31.899101370174147,1.162292183416609,85.3,3929.7978,1.875417088358097,0.0,173.13252085030922
S-00968,R-127,D-036,V-011,Boulder,Rural,building_super,residential,Standard,0,clear,2024/11/02 14:45:00,2024/11/02 14:45:00,137.0,2025-02-26 14:29:00,449.0,2.0,7.45,7.45,2.112,4.37,0.97,0.0,0.0,51.07,13.3,100.0,delivered,customer_not_home,82.69,check,boulder,rural,residential,standard,delivered,2024-11-02 14:45:00,2024-11-02 14:45:00,5.0,1.0,312.0,Other,Other,Other,Other,Boulder,Rural,Other,residential,Other,clear,Other,Other,Other,delivered,customer_not_home,check,boulder,rural,residential,standard,delivered,0.0,9521.5,270.3132054491561,0.8890149625568643,1.5761311565201395,1.5761311565201395,1.7339222916787818,1.3201354756797061,0.7788873719292809,0.0,0.0,28.274331649272636,1.471114114652055,100.0,3501.50805,4.46194756940847,1.0,194.65945395152346
S-00969,R-131,D-042,V-031,Colorado-Springs,Suburban,side_entrance,business,Standard,1,wind,2025-03-28 15:40,2025-03-28 15:40,135.0,2025-02-27 15:31:00,511.0,1.0,3.68,3.68,2.164,9.21,0.96,0.0,0.0,57.05,4.9,68.1,delivered,customer_not_home,82.2,check,colorado-springs,suburban,business,standard,delivered,2025-03-28 15:40:00,2025-03-28 15:40:00,4.0,0.0,376.0,Other,Other,Other,Other,Colorado-Springs,Suburban,side_entrance,business,Other,wind,Other,Other,Other,delivered,customer_not_home,check,colorado-springs,suburban,business,standard,delivered,1.0,9247.5,303.74889601032396,0.6053542918620024,1.2353357221714951,1.2353357221714951,1.7708208501568101,1.6730927614773536,0.7722195665196456,-0.0,0.0,30.957112647422296,1.1766130304073816,68.1,3460.6200000000003,3.618555125115471,0.0,230.3428969163379
S-00970,R-149,D-042,V-013,Denver-West,Suburban,side_entrance,residential,same_day,0,clear,10/02/2025 03:50 PM MDT,10/02/2025 03:50 PM MDT,31.0,2025-02-28 15:54:00,534.0,3.0,4.01,4.01,6.506,10.8,1.59,4.225,0.0,47.63,11.2,94.7,delivered,customer_not_home,86.96,check,denver-west,suburban,residential,same_day,delivered,2025-10-02 03:50:00,2025-10-02 03:50:00,3.0,0.0,503.0,Other,Other,Other,Other,Denver-West,Suburban,side_entrance,residential,same_day,clear,Other,Other,Other,delivered,customer_not_home,check,denver-west,suburban,residential,same_day,delivered,0.0,511.5,316.0470523665511,1.0641270562537064,1.2777862568265548,1.2777862568265548,4.428600226976148,1.7436371077539425,1.1581365637003334,0.4944010526021108,0.0,26.70332208972948,1.4274016656861317,94.7,3867.9807999999994,2.7580025035383304,0.0,299.4584335205076
S-00971,R-119,D-019,V-021,Boulder,Rural,leave_at_door,res,Standard,0,clear,2025/10/01 15:50:00 MST,2025/10/01 15:50:00 MST,132.0,2025-03-01 15:55:00,535.0,2.0,4.01,4.01,-2.3496249999999996,10.79,2.8,0.0,118.12,48.36,9.8,64.5,rescheduled,customer_not_home,70.64,check,boulder,rural,residential,standard,rescheduled,2025-10-01 15:50:00,2025-10-01 15:50:00,2.0,0.0,403.0,Other,Other,Other,Other,Boulder,Rural,leave_at_door,Other,Other,clear,Other,Other,Other,rescheduled,customer_not_home,check,boulder,rural,residential,standard,rescheduled,0.0,8844.0,316.58053963485077,0.8890149625568643,1.2777862568265548,1.2777862568265548,-1.0976083387537812,1.7432327249213033,1.7643559381991047,-0.0,118.12,27.038513956234603,1.3914193805498154,64.5,2565.6448,1.875417088358097,0.0,245.20948060113378
S-00125,R-159,D-042,V-004,Fort-Collins,Suburban,hand_to_security,residential ,standard,0,rain,04/16/2025 12:10 PM,04/16/2025 12:10 PM,117.0,2025-03-02 12:06:00,306.0,1.0,4.9,4.9,1.888,20.93,1.17,0.0,0.0,56.01,11.3,52.0,RESCHEDULED,customer_not_home,61.3,check,fort-collins,suburban,residential,standard,rescheduled,2025-04-16 12:10:00,2025-04-16 12:10:00,2.0,0.0,189.0,Other,Other,Other,Other,Fort-Collins,Suburban,Other,Other,standard,rain,Other,Other,Other,Other,customer_not_home,check,fort-collins,suburban,residential,standard,rescheduled,0.0,6961.5,191.27868238862152,0.6053542918620024,1.3761877062957661,1.3761877062957661,1.5728017155629335,2.0133539264943896,0.9081908190166585,-0.0,0.0,30.49467212430482,1.429734051487799,52.0,1940.1449999999998,1.875417088358097,0.0,123.8099692251288
S-00973,R-142,D-050,V-006,Colorado Springs,Downtown,building_super,residential,standard,0,rain,2025/03/10 17:55:00 MST,2025/03/10 17:55:00 MST,132.0,2025-03-03 18:04:00,664.0,1.0,2.81,2.81,3.884,29.35625,2.13,0.0,118.12,54.44,5.0,57.2,failed ,customer_not_home,39.22,check,colorado-springs,downtown,residential,standard,failed,2025-03-10 17:55:00,2025-03-10 17:55:00,0.0,0.0,532.0,Other,Other,Other,Other,Other,Downtown,Other,residential,standard,rain,Other,Other,Other,Other,customer_not_home,check,colorado-springs,downtown,residential,standard,failed,0.0,8844.0,384.6309274786588,0.6053542918620024,1.1018109233883828,1.1018109233883828,2.906985754785707,2.1563644434391613,1.446006021973714,0.0,118.12,29.793350635466396,1.183503419072274,57.2,808.3241999999999,0.0,0.0,314.97977844462093
S-00974,R-135,D-037,V-015,Boulder,Downtown,leave_at_door,business,standard,0,clear,04/13/2025 09:05 AM MST,04/13/2025 09:05 AM MST,116.0,2025-03-04 09:06:00,126.0,5.0,1.18,1.18,1.273,20.74,0.72,3.03,0.0,46.25,21.3,66.5,delivered,customer_not_home,90.39,check,boulder,downtown,business,standard,delivered,2025-04-13 09:05:00,2025-04-13 09:05:00,6.0,1.0,10.0,Other,Other,Other,Other,Boulder,Downtown,leave_at_door,business,standard,clear,Other,Other,Other,delivered,customer_not_home,check,boulder,downtown,business,standard,delivered,0.0,6844.0,85.82112270386673,1.2791016451735329,0.6949262928526397,0.6949262928526397,1.1096035879323989,2.0099036131117654,0.605641971758582,0.4692135288069011,0.0,26.066903173868493,1.5764764501123734,66.5,4175.56605,5.291331975501458,1.0,8.505253182404998
S-00975,R-159,D-048,V-003,Denver-West,Suburban,side_entrance,business,same_day,0,clear,23-Jan-2025 15:35,23-Jan-2025 15:35,41.0,2025-03-05 15:31:00,511.0,2.0,3.03,3.03,3.352,9.53,1.21,0.0,0.0,35.93,5.9,51.5,Delivered,customer_not_home,79.09,check,denver-west,suburban,business,same_day,delivered,2025-01-23 15:35:00,2025-01-23 15:35:00,3.0,0.0,470.0,Other,Other,Other,Other,Denver-West,Suburban,side_entrance,business,same_day,clear,Other,Other,Other,Other,customer_not_home,check,denver-west,suburban,business,same_day,delivered,0.0,881.5,303.74889601032396,0.8890149625568643,1.1390776523068158,1.1390776523068158,2.5707303903933214,1.6883926801371236,0.9331827215172315,-0.0,0.0,21.17918324601722,1.238613012373119,51.5,3206.7040500000003,2.7580025035383304,0.0,281.68687147163746
S-00976,R-127,D-059,V-012,Denver-East,Rural,call_on_arrival,residential,standard,0,clear,11/01/2024 12:15 PM MDT,11/01/2024 12:15 PM MDT,116.0,2025-03-06 12:24:00,324.0,1.0,1.57,1.57,4.667,13.46,1.67,1.0,0.0,43.2,8.0,38.6,failed,customer_not_home,49.13,check,denver-east,rural,residential,standard,failed,2024-11-01 12:15:00,2024-11-01 12:15:00,4.0,0.0,208.0,Other,Other,Other,Other,Denver-East,Rural,call_on_arrival,residential,standard,clear,Other,Other,Other,failed,customer_not_home,check,denver-east,rural,residential,standard,failed,0.0,6844.0,201.40170616912758,0.6053542918620024,0.8220321095719894,0.8220321095719894,3.3825820219362455,1.8376892495955737,1.2029215672452793,0.375,0.0,24.646902904567597,1.3333333333333335,38.6,1256.00845,3.618555125115471,0.0,134.998611235957
S-00977,R-160,D-057,V-012,Boulder,Suburban,call_on_arrival,business,standard,0,clear,2025/06/12 10:10:00 MST,2025/06/12 10:10:00 MST,115.0,2025-03-07 10:03:00,183.0,1.0,2.4,2.4,2.7,9.95,1.03,0.0,118.12,41.53,4.0,44.9,failed,package_damaged,59.91,check,boulder,suburban,business,standard,failed,2025-06-12 10:10:00,2025-06-12 10:10:00,3.0,0.0,68.0,Other,Other,Other,Other,Boulder,Suburban,call_on_arrival,business,standard,clear,Other,Other,Other,failed,package_damaged,check,boulder,suburban,business,standard,failed,0.0,6727.5,120.25390874153474,0.6053542918620024,1.0242741194999119,1.0242741194999119,2.1412226665579754,1.7075805375610742,0.818474034471092,-0.0,118.12,23.861133630529046,1.1055728090000843,44.9,1854.5140499999998,2.7580025035383304,0.0,49.0909643552951
S-00978,R-154,D-059,V-003,Denver East,Suburban,leave_at_door,residential,standard,0,clear,11/04/2025 03:20 PM,11/04/2025 03:20 PM,113.0,2025-03-08 15:24:00,504.0,2.0,11.64,11.64,5.69,15.07,2.06,0.0,0.0,50.87,7.4,39.9,delivered ,customer_not_home,82.63,check,denver-east,suburban,residential,standard,delivered,2025-11-04 03:20:00,2025-11-04 03:20:00,1.0,0.0,391.0,Other,Other,Other,Other,Other,Suburban,leave_at_door,residential,standard,clear,Other,Other,Other,Other,customer_not_home,check,denver-east,suburban,residential,standard,delivered,0.0,6497.5,299.9951116417489,0.8890149625568643,1.776096659352551,1.776096659352551,3.975240708626933,1.8843146598593552,1.4104665857036962,-0.0,0.0,28.183574777812815,1.3099344406576456,39.9,3496.48845,0.962295536748461,0.0,238.61478508557582
S-00979,R-112,D-026,V-032,Fort Collins,Suburban,garage,residential,standard,0,rain,2025/04/16 09:30:00 MST,2025/04/16 09:30:00 MST,103.0,2025-03-09 09:27:00,147.0,1.0,8.19,8.19,1.597,16.28,0.67,0.0,0.0,43.32,9.2,72.9,rescheduled,customer_not_home,71.04,check,fort-collins,suburban,residential,standard,rescheduled,2025-04-16 09:30:00,2025-04-16 09:30:00,2.0,0.0,44.0,Other,Other,Other,Other,Other,Suburban,garage,residential,standard,rain,Other,Other,Other,rescheduled,customer_not_home,check,fort-collins,suburban,residential,standard,rescheduled,0.0,5407.5,98.65729508785324,0.6053542918620024,1.6198334000173877,1.6198334000173877,1.357757119980377,1.9155312053920366,0.5692099476746609,-0.0,0.0,24.703134317480057,1.3737757089148506,72.9,2594.3808000000004,1.875417088358097,0.0,33.05918583854734
S-00980,R-157,D-060,V-019,Boulder ,Industrial,mailroom,Business,expedited,0,clear,2025/04/05 07:50:00,2025/04/05 07:50:00,49.0,2025-03-10 07:48:00,48.0,1.0,3.74,3.74,3.584,3.62,1.36,4.225,0.0,53.08,25.3,59.1,delivered,customer_not_home,85.07,check,boulder,industrial,business,expedited,delivered,2025-04-05 07:50:00,2025-04-05 07:50:00,5.0,1.0,0.0,Other,Other,Other,Other,Other,Industrial,mailroom,Other,expedited,clear,Other,Other,Other,delivered,customer_not_home,check,boulder,industrial,business,expedited,delivered,0.0,1249.5,35.78103861847067,0.6053542918620024,1.24333835426572,1.24333835426572,2.7188024331272795,1.227198589067734,1.024559202430816,0.49536831613280335,0.0,29.18262113377513,1.77131393174903,59.1,3703.5224499999995,4.46194756940847,1.0,0.0
S-00981,R-120,D-003,V-001,Colorado-Springs,Suburban,front_desk,res,standard,0,wind,2025/03/30 12:00:00 MST,2025/03/30 12:00:00 MST,114.0,2025-03-11 11:59:00,299.0,1.0,2.78,2.78,1.528,11.64,0.85,0.0,0.0,33.09,9.8,50.6,failed,customer_not_home,70.18,check,colorado-springs,suburban,residential,standard,failed,2025-03-30 12:00:00,2025-03-30 12:00:00,6.0,1.0,185.0,Other,Other,Other,Other,Colorado-Springs,Suburban,front_desk,Other,standard,wind,Other,Other,Other,failed,customer_not_home,check,colorado-springs,suburban,residential,standard,failed,0.0,6612.0,187.32607908411958,0.6053542918620024,1.0965124675175666,1.0965124675175666,1.305726973836928,1.776096659352551,0.6974863564225507,0.0,0.0,19.78834700188707,1.3914193805498154,50.6,2532.7962000000007,5.291331975501458,1.0,121.44053254364695
S-00982,R-107,D-037,V-039,Boulder,Suburban,locker_pickup,residential,standard,0,clear,06-Nov-2024 15:15,06-Nov-2024 15:15,106.0,2025-03-12 15:20:00,500.0,1.0,6.21,6.21,7.543,9.22,3.36,4.225,118.12,27.05,11.6,74.6,delivered,customer_not_home,76.94,check,boulder,suburban,residential,standard,delivered,2024-11-06 15:15:00,2024-11-06 15:15:00,2.0,0.0,394.0,Other,Other,Other,Other,Boulder,Suburban,Other,residential,standard,clear,Other,Other,Other,delivered,customer_not_home,check,boulder,suburban,residential,standard,delivered,0.0,5724.0,297.8477592578012,0.6053542918620024,1.4904486273476518,1.4904486273476518,4.983956128311871,1.673580278932205,2.005412964157465,0.4887612415681215,118.12,16.74932859439631,1.4365638301809889,74.6,3036.8217999999997,1.875417088358097,0.0,240.26532828958412
S-00983,R-119,D-060,V-022,Denver-East,Industrial,call_on_arrival,residential,standard,1,snow,2025/04/29 15:55:00 MDT,2025/04/29 15:55:00 MDT,131.0,2025-03-13 15:55:00,535.0,5.0,12.52,12.52,4.749,26.99,2.49,0.0,0.0,45.04,13.7,68.1,delivered,customer_not_home,78.47,check,denver-east,industrial,residential,standard,delivered,2025-04-29 15:55:00,2025-04-29 15:55:00,1.0,0.0,404.0,Other,Other,Other,Other,Denver-East,Industrial,call_on_arrival,residential,standard,snow,Other,Other,Other,delivered,customer_not_home,check,denver-east,industrial,residential,standard,delivered,1.0,8711.5,316.58053963485077,1.2791016451735329,1.8072236858681825,1.8072236858681825,3.4312081981462277,2.106521727738456,1.6216411703406506,-0.0,0.0,25.505819963254165,1.4783594690426989,68.1,3157.24045,0.962295536748461,0.0,245.75814674150615
S-00984,R-134,D-030,V-035,Fort-Collins,Downtown,side_entrance,residential,standard,0,wind,2025-04-07 15:30,2025-04-07 15:30,101.0,2025-03-14 15:20:00,500.0,1.0,3.09,3.09,2.361,6.58,0.6,0.0,0.0,42.1,23.3,42.7,DELIVERED,customer_not_home,83.92,check,fort-collins,downtown,residential,standard,delivered,2025-04-07 15:30:00,2025-04-07 15:30:00,0.0,0.0,399.0,Other,Other,Other,Other,Fort-Collins,Downtown,side_entrance,residential,standard,wind,Other,Other,Other,Other,customer_not_home,check,fort-collins,downtown,residential,standard,delivered,0.0,5201.5,297.8477592578012,0.6053542918620024,1.1487845225381035,1.1487845225381035,1.9089950027992328,1.5179097051689814,0.5170881682725815,-0.0,0.0,24.130012352848244,1.5942795870332103,42.7,3605.2032,0.0,0.0,243.0134540680266
S-00985,R-155,D-032,V-009,Dnvr-East,Downtown,mailroom,business,expedited,1,wind,2025/04/05 15:20:00 MST,2025/04/05 15:20:00 MST,70.0,2025-03-15 15:19:00,499.0,2.0,5.51,5.51,3.168,15.41,1.21,0.0,0.0,25.24,7.3,66.4,failed,customer_not_home,52.6,check,denver-east,downtown,business,expedited,failed,2025-04-05 15:20:00,2025-04-05 15:20:00,5.0,1.0,429.0,Other,Other,Other,Other,Other,Downtown,mailroom,business,expedited,wind,Other,Other,Other,failed,customer_not_home,check,denver-east,downtown,business,expedited,failed,1.0,2520.0,297.3106537576048,0.8890149625568643,1.4331108658641427,1.4331108658641427,2.451603964659599,1.8933874486577844,0.9331827215172315,-0.0,0.0,15.814009238552291,1.3057898654993767,66.4,1435.98,4.46194756940847,1.0,259.4317035717115
S-00986,R-118,D-033,V-030,Denver-East,Downtown,building_super,residential,standard,0,snow,2025-12-06 11:40 MDT,2025-12-06 11:40 MDT,129.0,2025-03-16 11:52:00,292.0,0.0,4.51,4.51,2.563,5.68,1.17,0.0,118.12,44.94,15.6,47.3,failed,security_access,44.61,check,denver-east,downtown,residential,standard,failed,2025-12-06 11:40:00,2025-12-06 11:40:00,5.0,1.0,163.0,Other,Other,Other,Other,Denver-East,Downtown,Other,residential,standard,snow,Other,Other,Other,failed,security_access,check,denver-east,downtown,residential,standard,failed,0.0,8449.5,183.36424138936084,-0.0,1.3356195520046386,1.3356195520046386,2.0481751475224717,1.4477496711916118,0.9081908190166585,-0.0,118.12,25.45931842294573,1.509119306326184,47.3,1039.63605,4.46194756940847,1.0,108.31398929979314
S-00987,R-122,D-013,V-008,Fort-Collins,Industrial,leave_at_door,business,SAME_DAY,0,snow,2025-10-20 11:00 ,2025-10-20 11:00 ,30.0,2025-03-17 11:04:00,244.0,1.0,4.45,4.45,7.189,12.47,2.54,0.0,0.0,31.49,6.7,38.4,failed,weather_delay,60.33,check,fort-collins,industrial,business,same_day,failed,2025-10-20 11:00:00,2025-10-20 11:00:00,0.0,0.0,214.0,Other,Other,Other,Other,Fort-Collins,Industrial,leave_at_door,business,Other,snow,Other,Other,Other,failed,weather_delay,check,fort-collins,industrial,business,same_day,failed,0.0,480.0,155.92768835092565,0.6053542918620024,1.3290468641045337,1.3290468641045337,4.7967756546695,1.8055264351875022,1.6451601416251773,0.0,0.0,18.99462712241763,1.2792500298435527,38.4,1880.18445,0.0,0.0,138.51032620466913
S-00988,R-142,D-011,V-030,Denver-West,Suburban,leave_at_door,residential,standard,0,clear,28-Apr-2025 12:15 MDT,28-Apr-2025 12:15 MDT,115.0,2025-03-18 12:27:00,327.0,1.0,2.04,2.04,2.497,6.09,1.46,0.0,0.0,34.51,18.6,51.8,FAILED,package_damaged,66.37,check,denver-west,suburban,residential,standard,failed,2025-04-28 12:15:00,2025-04-28 12:15:00,0.0,0.0,212.0,Other,Other,Other,Other,Denver-West,Suburban,leave_at_door,residential,standard,clear,Other,Other,Other,Other,package_damaged,check,denver-west,suburban,residential,standard,failed,0.0,6727.5,203.08334646009197,0.6053542918620024,0.9454303936024753,0.9454303936024753,2.0029672831844048,1.481146149756009,1.083554811485177,-0.0,0.0,20.48654681408645,1.5482460485473744,51.8,2268.85845,0.0,0.0,137.34085699445689
S-00989,R-101,D-017,V-012,Denver-East,Suburban,leave_at_door,business,standard,0,clear,12/21/2025 02:55 PM MDT,12/21/2025 02:55 PM MDT,118.0,2025-03-19 15:02:00,482.0,3.0,4.12,4.12,2.955,9.31,1.22,0.0,0.0,48.71,15.3,67.7,failed,vehicle_issue,72.14,check,denver-east,suburban,business,standard,failed,2025-12-21 02:55:00,2025-12-21 02:55:00,6.0,1.0,364.0,Other,Other,Other,Other,Denver-East,Suburban,leave_at_door,business,standard,clear,Other,Other,Other,failed,vehicle_issue,check,denver-east,suburban,business,standard,failed,0.0,7080.0,288.1632267920344,1.0641270562537064,1.2911357544187922,1.2911357544187922,2.3117118997489023,1.6779402140750206,0.9393882120265514,-0.0,0.0,27.19887018266647,1.50462259538193,67.7,2674.2298,5.291331975501458,1.0,223.70170642018445
S-00990,R-151,D-048,V-022,Boulder,Downtown,mailroom,residential,standard,1,rain,2025/12/29 13:05:00 MST,2025/12/29 13:05:00 MST,120.0,2025-03-20 13:20:00,380.0,5.0,6.23,6.23,3.764,23.92,1.72,0.0,0.0,26.0,9.1,42.1,delivered,customer_not_home,76.58,check,boulder,downtown,residential,standard,delivered,2025-12-29 13:05:00,2025-12-29 13:05:00,0.0,0.0,260.0,Other,Other,Other,Other,Boulder,Downtown,mailroom,residential,standard,rain,Other,Other,Other,delivered,customer_not_home,check,boulder,downtown,residential,standard,delivered,1.0,7320.0,232.55189984704268,1.2791016451735329,1.4919794752872142,1.4919794752872142,2.832140646067923,2.0630098286242884,1.2305045178914826,-0.0,0.0,16.208262706547806,1.3706832244724474,42.1,3008.8282,0.0,0.0,165.12828292812623
S-00991,R-144,D-019,V-037,Boulder,Downtown,hand_to_security,business,Standard,1,clear,24-Jul-2025 11:40 ,24-Jul-2025 11:40 ,105.0,2025-03-21 11:33:00,273.0,2.0,3.77,3.77,6.646,14.8,2.22,4.03,0.0,40.5,6.6,36.6,delivered,customer_not_home,83.0,check,boulder,downtown,business,standard,delivered,2025-07-24 11:40:00,2025-07-24 11:40:00,3.0,0.0,168.0,Other,Other,Other,Other,Boulder,Downtown,Other,business,Other,clear,Other,Other,Other,delivered,customer_not_home,check,boulder,downtown,business,standard,delivered,1.0,5617.5,172.56216514322148,0.8890149625568643,1.2472904524981931,1.2472904524981931,4.50486051758587,1.8769301511003456,1.4910057854778633,0.4802378571513266,0.0,23.37342666163142,1.2745237498899882,36.6,3527.5,2.7580025035383304,0.0,111.31198065168141
S-00992,R-112,D-049,V-013,Boulder,Downtown,front_desk,residential,expedited,1,clear,05/31/2025 05:30 PM MST,05/31/2025 05:30 PM MST,33.0,2025-03-22 17:22:00,622.0,1.0,2.37,2.37,3.176,21.89,0.76,2.4,0.0,32.64,14.5,82.4,delivered,customer_not_home,83.15,check,boulder,downtown,residential,expedited,delivered,2025-05-31 05:30:00,2025-05-31 05:30:00,5.0,1.0,589.0,Other,Other,Other,Other,Boulder,Downtown,front_desk,residential,expedited,clear,Other,Other,Other,delivered,customer_not_home,check,boulder,downtown,residential,expedited,delivered,1.0,577.5,362.63363786119396,0.6053542918620024,1.0181266097013055,1.0181266097013055,2.4568157524366305,2.03021154145169,0.6343325712746539,0.45674740484429066,0.0,19.565881299759948,1.491999491999238,82.4,3540.1112500000004,4.46194756940847,1.0,345.2461534481681
S-00993,R-153,D-040,V-026,Denver-West,Campus,mailroom,business,standard,0,clear,17-Aug-2025 19:05 MDT,17-Aug-2025 19:05 MDT,121.0,2025-03-23 19:03:00,723.0,2.0,5.63,5.63,6.474,19.83,2.02,0.0,0.0,49.99,5.5,47.6,delivered,customer_not_home,89.11,check,denver-west,campus,business,standard,delivered,2025-08-17 19:05:00,2025-08-17 19:05:00,6.0,1.0,602.0,Other,Other,Other,Other,Denver-West,Campus,mailroom,business,standard,clear,Other,Other,Other,delivered,customer_not_home,check,denver-west,campus,business,standard,delivered,0.0,7441.5,415.2998953458658,0.8890149625568643,1.443494857180185,1.443494857180185,4.411109592582691,1.992817449587444,1.3899389539252154,-0.0,0.0,27.78340836071745,1.2155354594472638,47.6,4059.40605,5.291331975501458,1.0,352.1070876283361
S-00994,R-121,D-028,V-033,Colorado-Springs,Suburban,leave_at_door,residential,expedite,0,clear,2025/03/07 15:50:00 MDT,2025/03/07 15:50:00 MDT,58.0,2025-03-24 15:44:00,524.0,1.0,5.39,5.39,2.08,12.8,1.05,0.0,0.0,43.19,25.3,57.7,delivered,customer_not_home,88.59,check,colorado-springs,suburban,residential,expedited,delivered,2025-03-07 15:50:00,2025-03-07 15:50:00,4.0,0.0,466.0,Other,Other,Other,Other,Colorado-Springs,Suburban,leave_at_door,residential,Other,clear,Other,Other,Other,delivered,customer_not_home,check,colorado-springs,suburban,residential,expedited,delivered,0.0,1740.0,310.7066605506453,0.6053542918620024,1.4224750123902252,1.4224750123902252,1.7111235726347145,1.8165797858985928,0.831513313079815,-0.0,0.0,24.642215576267073,1.6199942998717467,57.7,4012.6840500000003,3.618555125115471,0.0,279.5244375180375
S-00995,R-143,D-006,V-026,Denver-East,Industrial,call_on_arrival,business,standard,1,wind,13-Jun-2025 13:00 MDT,13-Jun-2025 13:00 MDT,138.0,2025-03-25 13:10:00,370.0,2.0,5.51,5.51,2.806,19.61,-0.48,0.0,0.0,49.15,4.6,31.7,Delivered,customer_not_home,88.72,check,denver-east,industrial,business,standard,delivered,2025-06-13 13:00:00,2025-06-13 13:00:00,4.0,0.0,232.0,Other,Other,Other,Other,Denver-East,Industrial,call_on_arrival,business,standard,wind,Other,Other,Other,Other,customer_not_home,check,denver-east,industrial,business,standard,delivered,1.0,9660.0,227.02498690804165,0.8890149625568643,1.4331108658641427,1.4331108658641427,2.212507629164046,1.9885406184408725,-0.06566722415965076,0.0,0.0,27.400140949173487,1.1548457452714835,31.7,4024.3392,3.618555125115471,0.0,148.9878960148268
S-00996,R-109,D-007,V-012,Colorado-Springs,Downtown,package_room_3F,residential,standard,0,clear,2025/04/30 16:40:00,2025/04/30 16:40:00,124.0,2025-03-26 16:39:00,579.0,1.0,6.57,6.57,3.372,11.8,1.29,4.225,118.12,50.42,6.9,86.0,failed,customer_not_home,63.37,check,colorado-springs,downtown,residential,standard,failed,2025-04-30 16:40:00,2025-04-30 16:40:00,2.0,0.0,455.0,Other,Other,Other,Other,Colorado-Springs,Downtown,Other,residential,standard,clear,Other,Other,Other,failed,customer_not_home,check,colorado-springs,downtown,residential,standard,failed,0.0,7812.0,339.9582320006805,0.6053542918620024,1.517190583018799,1.517190583018799,2.5835869404671064,1.7819620278032757,0.9823642973807952,0.4827255013059521,118.12,27.97911532830631,1.2884319330351799,86.0,2071.2484500000005,1.875417088358097,0.0,273.56813639535227
S-00997,R-160,D-031,V-021,Denver-East,Industrial,garage,Biz,expedited,0,clear,2025-10-30 13:35 MDT,2025-10-30 13:35 MDT,67.0,2025-03-27 13:39:00,399.0,3.0,14.26,14.26,3.795,29.35625,1.71,0.0,118.12,51.86,25.3,88.7,failed,customer_not_home,44.01,check,denver-east,industrial,business,expedited,failed,2025-10-30 13:35:00,2025-10-30 13:35:00,3.0,0.0,332.0,Other,Other,Other,Other,Denver-East,Industrial,garage,Other,expedited,clear,Other,Other,Other,failed,customer_not_home,check,denver-east,industrial,business,expedited,failed,0.0,2311.5,243.0134540680266,1.0641270562537064,1.8616567311447534,1.8616567311447534,2.8515292817830122,2.276045850708917,1.2250124191680063,-0.0,118.12,28.632143022354533,1.6213587771686235,88.7,1012.4500499999999,2.7580025035383304,0.0,205.88267140086123
S-00998,R-117,D-016,V-001,Fort-Collins,Downtown,garage,residential,standard,0,clear,08/24/2025 01:50 PM,08/24/2025 01:50 PM,134.0,2025-03-28 13:42:00,402.0,3.0,15.103750000000002,15.103750000000002,1.436,10.0,0.79,4.225,0.0,34.22,5.7,76.9,delivered,customer_not_home,80.97,check,fort-collins,downtown,residential,standard,delivered,2025-08-24 01:50:00,2025-08-24 01:50:00,6.0,1.0,268.0,Other,Other,Other,Other,Fort-Collins,Downtown,garage,residential,standard,clear,Other,Other,Other,delivered,customer_not_home,check,fort-collins,downtown,residential,standard,delivered,0.0,9112.0,244.66067863535582,1.0641270562537064,2.068313971441237,2.068313971441237,1.23568522330491,1.7098010092472384,0.6555947225045738,0.4862032427898147,0.0,20.344417533608055,1.2273325907137442,76.9,3359.04045,5.291331975501458,1.0,169.70724676679467
S-00999,R-129,D-025,V-016,Fort-Collins,Downtown,package_room_3F,residential,standard,0,rain,26-Aug-2025 14:15 MST,26-Aug-2025 14:15 MST,116.0,2025-03-29 14:21:00,441.0,2.0,7.87,7.87,6.151,7.75,2.87,0.0,0.0,43.27,25.3,45.2,failed,vehicle_issue,62.41,check,fort-collins,downtown,residential,standard,failed,2025-08-26 14:15:00,2025-08-26 14:15:00,1.0,0.0,325.0,Other,Other,Other,Other,Fort-Collins,Downtown,Other,residential,standard,rain,Other,Other,Other,failed,vehicle_issue,check,fort-collins,downtown,residential,standard,failed,0.0,6844.0,265.9665307266122,0.8890149625568643,1.601517685760515,1.601517685760515,4.233283072328471,1.5944264389129605,1.7956055485824525,-0.0,0.0,24.67970826733081,1.7180020162783753,45.2,2009.9140499999999,0.962295536748461,0.0,201.96242471343558
S-01000,R-122,D-049,V-018,Fort-Collins,Suburban,mailroom,residential,same_day,1,snow,09-Dec-2024 17:05 MDT,09-Dec-2024 17:05 MDT,43.0,2025-03-30 17:21:00,621.0,5.0,15.103750000000002,15.103750000000002,4.716,12.73,1.93,0.0,0.0,45.66,7.9,77.3,failed,address_issue,59.28,check,fort-collins,suburban,residential,same_day,failed,2024-12-09 17:05:00,2024-12-09 17:05:00,0.0,0.0,578.0,Other,Other,Other,Other,Fort-Collins,Suburban,mailroom,residential,same_day,snow,Other,Other,Other,failed,address_issue,check,fort-collins,suburban,residential,same_day,failed,1.0,967.5,362.10812170830593,1.2791016451735329,2.029527607532381,2.029527607532381,3.4116643106158238,1.814264042904719,1.3431475336920318,0.0,0.0,25.7936807572111,1.3295984768460092,77.3,1816.3392000000001,0.0,0.0,339.42894081478147
