stop_id,route_id,driver_id,vehicle_id,hub,delivery_zone,delivery_note,customer_type,priority_level,signature_required,weather,stop_datetime_raw,scheduled_window_start_raw,scheduled_window_min,actual_delivery_time_raw,actual_arrival_min,packages_count,package_weight_lb_raw,package_weight_lb,distance_from_prev_mi,service_time_min,fuel_cost_usd,tip_usd,customer_claim_usd,cargo_temp_f,gps_accuracy_m,device_battery_pct,delivery_status,failure_reason,customer_satisfaction,internal_comment
S-00001,R-102,D-041,V-008,Fort Collins,Rural,front_desk,residential,Standard,0,clear,08-Mar-2025 12:50 MDT,08-Mar-2025 12:50 MDT,125,2024-11-01 13:15:00,375,3,5.98,5.98,11.879,14.5,3.69,3.48,0.0,38.82,,53.3,delivered,,85.67,
S-00002,R-116,D-048,V-018,Boulder,Downtown,leave_at_door,residential,expedited,0,clear,2025-04-02 09:30 MST,2025-04-02 09:30 MST,54,2024-11-02 09:36:00,156,2,2.52,2.52,2.408,29.54,0.97,,118.12,51.82,6.5,91.9,failed,address_issue,55.04,check
S-00003,R-148,D-015,V-009,Colorado Springs,Suburban,front_desk,residential,same_day,0,clear,17-Aug-2025 10:30 MDT ,17-Aug-2025 10:30 MDT ,43,2024-11-03 10:20:00,200,3,12.4,12.4,2.788,26.51,1.07,0.0,0.0,57.34,20.7,59.7,resheduled,,64.56,
S-00004,R-106,D-007,V-035,Boulder,Rural,leave_at_door,Residential,same_day,0,snow,07/08/2025 06:00 PM,07/08/2025 06:00 PM,56,2024-11-04 18:15:00,675,3,10.11,10.11,8.024,13.4,1.88,0.0,0.0,41.56,5.3,90.3,failed,address_issue,47.71,
S-00005,R-103,D-038,V-028,Boulder,Suburban,side_entrance,business ,standard,0,rain,2025-02-23 11:15 MST,2025-02-23 11:15 MST,121,2024-11-05 11:15:00,255,5,6.22,6.22,6.72,21.54,1.53,,0.0,25.35,9.6,51.4,delivered,,82.46,check
S-00006,R-114,D-002,V-006,Fort-Collins,Suburban,building_super,Residential,standard,0,rain,08-Feb-2025 07:45,08-Feb-2025 07:45,122,2024-11-06 07:55:00,55,1,3.81,3.81,-2.077,10.96,1.19,,0.0,45.66,4.5,55.1,delivered,,90.62,
S-00007,R-139,D-015,V-033,Denver-East,Suburban,mailroom,business,expedited,1,clear,2025/05/13 08:20:00 MDT ,2025/05/13 08:20:00 MDT ,45,2024-11-07 08:28:00,88,5,4.21,4.21,2.92,17.46,1.33,,0.0,36.17,15.2,52.1,delivered,,72.0,
S-00008,R-113,D-002,V-036,Denver-East ,Industrial,mailroom,business,standard,1,clear,14-Dec-2025 17:30 MDT,14-Dec-2025 17:30 MDT,111,2024-11-08 17:27:00,627,1,4.55,4.55,3.632,33.28,1.63,0.0,118.12,38.94,6.2,38.1,failed,weather_delay,54.55,
S-00009,R-127,D-046,V-035,Denver-East,Suburban,garage,residential,standard,1,wind,2025-12-16 15:00 MDT,2025-12-16 15:00 MDT,121,2024-11-09 14:59:00,479,1,1.36,1.36,8.386,25.61,1.62,0.0,0.0,56.49,6.8,64.0,delivered,,83.99,
S-00010,R-138,D-015,V-029,Boulder,Rural,locker_pickup,business,standard,1,wind,13-Mar-2025 20:20 MST,13-Mar-2025 20:20 MST,86,2024-11-10 20:30:00,810,1,2.27,2.27,19.001,13.07,3.82,0.0,0.0,54.2,13.3,101.2,rescheduled,,74.51,
S-00011,R-149,D-018,V-001,Boulder,Suburban,building_super,residential,expedite,0,snow,06/14/2025 12:05 PM,06/14/2025 12:05 PM,59,2024-11-11 12:14:00,314,2,4.53,4.53,5.346,9.96,2.6,0.0,0.0,61.26,24.2,47.4,failed,address_issue,58.16,
S-00012,R-145,D-052,V-011,Denver-West,Campus,leave_at_door,res,standard,0,clear,08/08/2025 05:10 PM MST,08/08/2025 05:10 PM MST,127,2024-11-12 17:06:00,606,1,3.96,3.96,1.709,7.0,0.81,,0.0,35.19,10.2,65.2,delivered,security_access,85.51,
S-00013,R-118,D-028,V-022,Denver-East,Rural,garage,residential,expedited,1,wind,08/30/2025 12:30 PM MST,08/30/2025 12:30 PM MST,44,2024-11-13 12:36:00,336,1,5.09,5.09,10.696,16.4,4.66,1.95,0.0,42.2,3.1,86.2,delivered,,75.37,
S-00014,R-149,D-010,V-014,Boulder,Rural,call_on_arrival,residential,standard,0,rain,26-Mar-2025 08:30 MST,26-Mar-2025 08:30 MST,118,2024-11-14 08:41:00,101,2,2.20,2.2,14.308,6.97,4.71,,118.12,50.48,8.7,45.7,failed,,53.74,
S-00015,R-106,D-022,V-007,Boulder,Suburban,mailroom,business,STANDARD,1,clear,2025/01/01 18:55:00 MDT,2025/01/01 18:55:00 MDT,109,2024-11-15 18:58:00,718,2,5.63,5.63,5.03,17.39,2.27,0.0,0.0,53.05,800.0,77.0,failed ,,53.98,
S-00016,R-123,D-025,V-007,Boulder,Industrial,mailroom,residential,expedited,0,wind,07/31/2025 09:40 AM,07/31/2025 09:40 AM,64,2024-11-16 09:48:00,168,2,4.42,4.42,5.804,14.2,2.81,0.0,0.0,49.86,,96.3,failed,,60.4,
S-00017,R-139,D-055,V-023,Denver-West,Suburban,leave_at_door,residential,standard,0,clear,2025-03-05 11:35 MDT,2025-03-05 11:35 MDT,132,2024-11-17 11:32:00,272,1,4.44,4.44,3.906,4.46,1.54,,0.0,52.76,14.8,55.7,delivered,,83.0,
S-00018,R-147,D-017,V-003,Fort-Collins,Downtown,garage,residential,standard,0,snow,2025/09/18 16:55:00 MDT,2025/09/18 16:55:00 MDT,119,2024-11-18 17:06:00,606,2,21.67,21.67,2.396,24.1,1.05,0.0,0.0,39.56,15.6,35.0,delivered,,77.78,
S-00019,R-108,D-030,V-035,Dnvr-East,Industrial,building_super,business ,Standard,0,clear,12-Feb-2025 17:15,12-Feb-2025 17:15,124,2024-11-19 17:18:00,618,1,3.15,3.15,3.128,6.52,0.71,0.0,0.0,49.93,7.1,,delivered,,86.83,
S-00020,R-106,D-060,V-025,Boulder ,Suburban,mailroom,residential,same day,0,clear,2025-07-02 13:55,2025-07-02 13:55,54,2024-11-20 13:48:00,408,1,1.53,1.53,4.303,5.94,2.1,,0.0,46.41,7.3,45.6,delivered,,80.18,
S-00021,R-154,D-036,V-019,Denver-East,Suburban,side_entrance,business ,standard,0,clear,11/14/2025 04:00 PM MDT,11/14/2025 04:00 PM MDT,122,2024-11-21 15:59:00,539,2,10.18,10.18,1.368,8.23,0.61,4.12,0.0,38.82,9.5,62.5,delivered,,81.69,
S-00022,R-157,D-041,V-040,Denver-West,Suburban,garage,business,standard,0,clear,07/13/2025 07:30 AM,07/13/2025 07:30 AM,133,2024-11-22 07:28:00,28,6,3.16,3.16,2.224,17.38,1.06,,0.0,33.01,18.7,53.7,delivered,,93.29,
S-00023,R-137,D-056,V-024,Boulder ,Rural,front_desk,res,expedited,0,clear,27-Feb-2025 11:20 MDT,27-Feb-2025 11:20 MDT,60,2024-11-23 11:33:00,273,2,2.68,2.68,7.277,6.47,2.48,,0.0,49.98,10.7,85.6,failed,customer_not_home,59.3,
S-00024,R-103,D-013,V-005,Denver East,Rural,mailroom,business ,standard,0,clear,2024/12/04 14:45:00,2024/12/04 14:45:00,131,2024-11-24 14:39:00,459,1,5.88,5.88,14.023,10.36,5.46,3.42,0.0,43.22,15.7,59.8,delivered,,90.07,
S-00025,R-150,D-043,V-015,Colorado-Springs,Rural,front_desk,residential,standard,0,clear,09/06/2025 01:40 PM MDT,09/06/2025 01:40 PM MDT,117,2024-11-25 14:01:00,421,1,17.83,17.83,15.16,10.23,6.06,,118.12,50.06,17.0,73.2,failed,customer_not_home,49.56,
S-00026,R-155,D-019,V-006,Colorado-Springs,Downtown,call_on_arrival,business,standard,1,clear,2025/08/02 11:55:00,2025/08/02 11:55:00,122,2024-11-26 11:45:00,285,5,8.34,8.34,4.174,18.7,1.98,0.0,0.0,43.29,9.8,74.3,DELIVERED,,86.8,
S-00027,R-125,D-015,V-007,Dnvr-East,Suburban,building_super,residential,standard,1,clear,2025/12/07 13:35:00,2025/12/07 13:35:00,114,2024-11-27 13:27:00,387,2,4.31,4.31,3.375,23.74,1.7,3.3,0.0,53.52,7.5,87.4,failed,package_damaged,72.01,
S-00028,R-141,D-018,V-030,Denver-East,Suburban,garage,Business,expedited,1,wind,2025/06/24 19:50:00,2025/06/24 19:50:00,51,2024-11-28 19:58:00,778,3,2.23,2.23,2.719,16.32,1.03,0.0,0.0,51.65,,59.3,delivered,,78.91,
S-00029,R-111,D-054,V-024,Fort-Collins,Downtown,rear_loading_dock,residential,standard,1,rain,2025/10/15 15:20:00 MST ,2025/10/15 15:20:00 MST ,121,2024-11-29 15:16:00,496,1,7.86,7.86,3.086,34.29,1.21,0.0,0.0,54.01,9.0,30.3,delivered,,80.06,
S-00030,R-114,D-024,V-023,Denver-West,Suburban,call_on_arrival,residential,expedited,1,rain,2024-11-25 14:55 MDT,2024-11-25 14:55 MDT,65,2024-11-30 15:06:00,486,2,8.31,8.31,2.995,33.52,1.26,1.66,0.0,39.06,6.0,72.7,failed,,61.09,
S-00031,R-145,D-043,V-018,Fort-Collins,Downtown,mailroom,business,expedited,0,fog,2025/11/29 16:20:00 MDT,2025/11/29 16:20:00 MDT,47,2024-12-01 16:20:00,560,1,6.27,6.27,2.206,13.52,0.99,0.0,0.0,44.24,11.6,72.9,DELIVERED,,86.47,
S-00032,R-139,D-060,V-005,Denver-East,Suburban,call_on_arrival,Residential,standard,0,wind,05-Aug-2025 18:15 MDT,05-Aug-2025 18:15 MDT,123,2024-12-02 18:20:00,680,1,1.54,1.54,6.406,20.81,3.0,,0.0,,5.7,,rescheduled,,67.88,
S-00033,R-135,D-041,V-011,Denver-East ,Downtown,garage,res,same_day,0,wind,2024-11-22 09:10 MST,2024-11-22 09:10 MST,38,2024-12-03 09:17:00,137,2,4.69,4.69,1.704,6.95,0.84,,0.0,47.16,8.8,74.7,rescheduled,,72.14,
S-00034,R-111,D-047,V-016,Boulder ,Downtown,side_entrance,residential,Same_Day,0,rain,23-Apr-2025 13:35 ,23-Apr-2025 13:35 ,42,2024-12-04 13:37:00,397,1,9.11,9.11,2.212,5.05,1.17,1.12,0.0,43.62,6.8,100.0,delivered,,80.62,
S-00035,R-118,D-030,V-025,Fort-Collins,Rural,side_entrance,residential,standard,1,clear,12/02/2024 03:45 PM MDT,12/02/2024 03:45 PM MDT,120,2024-12-05 15:44:00,524,3,2.89,2.89,6.627,15.26,2.89,4.45,0.0,56.19,,63.1,failed,,55.39,
S-00036,R-115,D-060,V-036,Fort-Collins,Industrial,front_desk,residential,expedited,1,clear,2025-11-05 18:40,2025-11-05 18:40,55,2024-12-06 18:45:00,705,4,11.99,11.99,4.243,22.18,1.99,3.37,0.0,40.98,11.2,81.6,delivered,,83.72,
S-00037,R-154,D-044,V-021,Denver-West,Suburban,front_desk,residential,same_day,1,clear,2025/04/08 12:40:00 MST,2025/04/08 12:40:00 MST,46,2024-12-07 12:33:00,333,5,14.54,14.54,3.756,23.57,1.44,0.0,0.0,42.67,13.5,55.3,failed,weather_delay,62.27,
S-00038,R-115,D-050,V-004,Boulder,Suburban,garage,residential,expedited,1,clear,2025-01-23 14:30 MDT,2025-01-23 14:30 MDT,55,2024-12-08 14:37:00,457,3,7.52,7.52,0.693,9.57,0.47,1.55,0.0,32.9,4.1,83.7,delivered,,94.29,
S-00039,R-152,D-053,V-003,Denver-East,Downtown,leave_at_door,residential,standard,0,wind,2025-02-28 16:30,2025-02-28 16:30,120,2024-12-09 16:39:00,579,1,3.55,3.55,2.563,1.84,1.19,,0.0,,9.2,81.9,delivered,,78.08,check
S-00040,R-118,D-021,V-026,Colorado-Springs,Downtown,garage,residential,standard,0,wind,2025/06/22 15:40:00,2025/06/22 15:40:00,120,2024-12-10 15:41:00,521,4,3.91,3.91,3.14,12.18,1.51,1.68,0.0,53.04,8.7,,delivered,,92.2,
S-00041,R-159,D-005,V-014,Denver-West,Suburban,garage,business,expedited,0,clear,20-Sep-2025 15:30 MST,20-Sep-2025 15:30 MST,44,2024-12-11 15:38:00,518,0,4.12,4.12,6.749,5.43,2.2,,0.0,39.4,6.8,100.0,failed,,67.85,
S-00082,R-114,D-037,V-021,Fort-Collins,Downtown,call_on_arrival,Biz,standard,0,rain,08/31/2025 05:20 PM,08/31/2025 05:20 PM,133,2024-12-12 17:16:00,616,1,10.17,10.17,1.944,9.46,1.15,3.91,0.0,36.12,30.8,67.0,Failed,address_issue,58.0,
S-00043,R-126,D-042,V-032,Fort-Collins,Suburban,locker_pickup,business ,expedited,0,clear,2025/03/16 11:15:00 MST,2025/03/16 11:15:00 MST,59,2024-12-13 11:12:00,252,3,10.25,10.25,5.07,17.02,0.89,,0.0,65.37,12.5,72.4,failed,customer_not_home,67.76,check
S-00044,R-110,D-057,V-030,Colorado-Springs,Suburban,garage,residential,expedited,0,rain,2025/11/13 12:50:00 MST,2025/11/13 12:50:00 MST,48,2024-12-14 12:46:00,346,1,8.11,8.11,2.823,11.61,1.41,0.0,0.0,57.99,7.3,37.3,failed,customer_not_home,56.21,
S-00045,R-116,D-017,V-009,Boulder,Suburban,mailroom,residential,expedited,0,clear,2025/07/16 11:35:00 MST,2025/07/16 11:35:00 MST,49,2024-12-15 11:39:00,279,2,6.78,6.78,13.72,5.74,4.23,5.57,0.0,45.87,12.9,,delivered,,79.39,
S-00046,R-135,D-048,V-036,Denver-West,Campus,front_desk,residential,standard,0,snow,2025-09-22 08:05 MDT,2025-09-22 08:05 MDT,117,2024-12-16 08:16:00,76,1,4.1,4.1,1.432,4.11,1.08,0.0,0.0,38.97,15.4,50.3,failed,customer_not_home,57.03,
S-00047,R-128,D-017,V-038,Denver East,Suburban,garage,business ,standard,1,clear,12/11/2025 08:35 AM MDT,12/11/2025 08:35 AM MDT,104,2024-12-17 08:40:00,100,1,3.01,3.01,2.829,12.33,1.43,,0.0,60.14,2.5,62.5,Failed,,71.92,
S-00048,R-126,D-058,V-038,Denver-East,Downtown,leave_at_door,business,standard,1,wind,07-Apr-2025 17:30 ,07-Apr-2025 17:30 ,113,2024-12-18 17:32:00,632,1,4.04,4.04,3.379,40.27,1.56,0.0,0.0,38.6,12.1,79.1,delivered,,62.64,
S-00049,R-109,D-024,V-015,Denver-West,Downtown,front_desk,residential,standard,0,snow,01/18/2025 06:15 PM MDT,01/18/2025 06:15 PM MDT,120,2024-12-19 18:20:00,680,1,4.93,4.93,1.366,5.76,0.95,,0.0,39.17,12.7,83.4,failed,weather_delay,60.92,
S-00050,R-106,D-033,V-032,Fort Collins,Industrial,mailroom,residential,standard,0,clear,2025/03/04 17:05:00 MDT,2025/03/04 17:05:00 MDT,115,2024-12-20 17:08:00,608,3,5.69,5.69,1.761,12.5,0.7,0.0,0.0,35.46,9.8,83.0,failed,vehicle_issue,53.57,
S-00051,R-156,D-049,V-004,Fort-Collins,Suburban,garage,business,standard,1,wind,06/20/2025 04:15 PM MDT,06/20/2025 04:15 PM MDT,113,2024-12-21 16:26:00,566,2,5.32,5.32,4.288,15.58,2.32,2.94,0.0,44.76,11.5,76.3,failed,package_damaged,67.34,
S-00052,R-141,D-008,V-010,Denver-East,Rural,side_entrance,residential,standard,0,clear,12/13/2025 09:00 AM,12/13/2025 09:00 AM,113,2024-12-22 09:07:00,127,1,7.69,7.69,9.653,4.73,3.17,,0.0,38.95,5.0,53.0,delivered,,87.21,
S-00053,R-139,D-011,V-028,Boulder,Downtown,mailroom,business,expedited,1,clear,2025-01-17 08:45 MST,2025-01-17 08:45 MST,50,2024-12-23 08:47:00,107,6,12.2,12.2,1.397,14.56,0.53,0.0,0.0,51.88,7.2,59.0,delivered,,88.74,
S-00054,R-125,D-005,V-025,Fort-Collins,Suburban,side_entrance,residential,standard,0,rain,2025/12/02 10:40:00 MDT,2025/12/02 10:40:00 MDT,120,2024-12-24 10:29:00,209,2,8.31,8.31,2.105,6.05,1.19,,0.0,38.15,,57.8,delivered,,91.26,
S-00055,R-134,D-039,V-030,Denver-East,Downtown,front_desk,Business,STANDARD,1,wind,2025/10/30 15:00:00 MDT,2025/10/30 15:00:00 MDT,128,2024-12-25 15:00:00,480,5,15.91,15.91,2.662,25.63,1.32,7.46,0.0,35.0,6.9,74.1,delivered,,88.14,
S-00056,R-156,D-017,V-036,Colorado Springs,Downtown,leave_at_door,residential,standard,0,clear,2025/09/06 15:20:00,2025/09/06 15:20:00,145,2024-12-26 15:23:00,503,3,9.01,9.01,1.436,7.93,0.75,0.0,0.0,45.65,20.5,45.7,faild,weather_delay,57.39,
S-00057,R-144,D-001,V-008,Colorado Springs,Downtown,front_desk,business ,expedited,0,snow,02/21/2025 01:05 PM MST,02/21/2025 01:05 PM MST,60,2024-12-27 13:08:00,368,5,5.61,5.61,1.433,16.77,0.75,0.0,0.0,34.59,2.2,47.6,rescheduled,,67.56,
S-00058,R-149,D-057,V-035,Colorado-Springs,Campus,side_entrance,Residential,standard,1,clear,29-Jan-2025 08:35,29-Jan-2025 08:35,111,2024-12-28 08:39:00,99,1,5.94,5.94,3.387,10.95,0.85,5.64,0.0,61.27,4.8,42.3,delivered,,87.41,
S-00972,R-108,D-018,V-022,Boulder ,Downtown,side_entrance,business,standard,0,clear,04-Dec-2025 07:40,04-Dec-2025 07:40,123,2024-12-29 07:38:00,38,4,4.1,4.1,2.47,10.23,1.32,,0.0,53.1,2.8,66.3,delivered,,96.05,
S-00060,R-111,D-019,V-028,Fort Collins,Suburban,front_desk,residential,standard,0,clear,2025-02-06 08:30,2025-02-06 08:30,120,2024-12-30 08:36:00,96,2,4.12,4.12,8.15,10.95,1.48,0.0,118.12,48.68,10.5,73.5,FAILED,customer_not_home,61.11,
S-00061,R-147,D-030,V-001,Denver-East,Suburban,side_entrance,residential,standard,0,snow,2025/01/05 08:10:00 MDT,2025/01/05 08:10:00 MDT,138,2024-12-31 08:21:00,81,4,2.26,2.26,7.952,19.29,4.06,0.0,0.0,51.67,7.9,57.2,failed,weather_delay,56.77,
S-00062,R-133,D-057,V-017,Denver-East,Suburban,garage,business,expedited,1,fog,2024-12-10 13:00,2024-12-10 13:00,53,2025-01-01 13:02:00,362,4,13.45,13.45,2.07,17.35,1.26,2.77,0.0,47.21,14.9,42.0,delivered ,,80.42,
S-00063,R-133,D-049,V-012,Denver-East,Downtown,front_desk,business ,expedited,0,rain,03/11/2025 05:50 PM,03/11/2025 05:50 PM,66,2025-01-02 17:59:00,659,2,6.2,6.2,2.665,7.88,1.28,,118.12,36.95,16.1,55.2,failed,address_issue,53.54,
S-00064,R-156,D-059,V-007,Denver-West,Rural,garage,business ,standard,0,wind,2024-11-21 07:20 MDT,2024-11-21 07:20 MDT,105,2025-01-03 07:26:00,26,1,4.55,4.55,3.409,3.11,1.74,0.0,0.0,44.6,8.4,69.0,delivered,,82.51,
S-00065,R-154,D-041,V-020,Boulder,Industrial,locker_pickup,business,standard,0,clear,2025-02-18 17:50 MST,2025-02-18 17:50 MST,125,2025-01-04 17:45:00,645,3,22.16,22.16,5.449,14.6,1.77,,0.0,34.81,13.6,100.0,delivered,,84.01,
S-00066,R-139,D-041,V-033,Boulder,Suburban,side_entrance,residential,standard,0,wind,2025-07-26 14:05,2025-07-26 14:05,109,2025-01-05 14:14:00,434,2,3.53,3.53,5.141,8.58,1.82,0.0,0.0,42.1,7.6,45.9,delivered,,78.06,
S-00067,R-124,D-013,V-010,Denver-East,Suburban,side_entrance,business,standard,1,clear,2025-10-13 15:00 MST,2025-10-13 15:00 MST,142,2025-01-06 14:44:00,464,2,5.45,5.45,5.174,10.77,1.73,,0.0,51.2,4.5,56.3,delivered,,84.37,
S-00068,R-135,D-049,V-011,Colorado Springs,Industrial,mailroom,residential,expedited,0,clear,2025/06/21 12:20:00,2025/06/21 12:20:00,74,2025-01-07 12:23:00,323,1,3.22,3.22,3.74,5.53,1.27,,118.12,51.49,13.4,76.7,rescheduled,,62.22,
S-00069,R-159,D-050,V-034,Denver-East,Suburban,side_entrance,residential,same_day,0,clear,04/10/2025 01:05 PM,04/10/2025 01:05 PM,42,2025-01-08 13:09:00,369,4,4.16,4.16,6.196,23.15,1.36,,0.0,52.34,6.3,60.1,Delivered,,88.47,
S-00070,R-121,D-001,V-039,Boulder ,Suburban,leave_at_door,business,expedited,0,wind,01/01/2025 02:45 PM MDT,01/01/2025 02:45 PM MDT,59,2025-01-09 14:55:00,475,4,9.3,9.3,2.981,17.73,1.38,0.0,0.0,36.27,8.0,42.1,delivered,,83.94,
S-00071,R-108,D-032,V-002,Denver-West,Suburban,garage,res,standard,0,wind,26-Dec-2024 16:15 ,26-Dec-2024 16:15 ,121,2025-01-10 16:32:00,572,1,8.51,8.51,4.221,20.03,1.6,3.33,0.0,,4.5,46.9,delivered,,80.43,
S-00072,R-157,D-060,V-024,Denver-East,Suburban,call_on_arrival,residential,standard,0,rain,03-Jul-2025 11:20 MDT,03-Jul-2025 11:20 MDT,123,2025-01-11 11:21:00,261,1,4.22,4.22,3.346,3.91,1.4,5.04,0.0,61.27,10.5,73.4,delivered,,81.36,
S-00073,R-116,D-054,V-020,Colorado-Springs,Downtown,side_entrance,business,standard,0,wind,20-Sep-2025 12:40,20-Sep-2025 12:40,122,2025-01-12 12:34:00,334,4,12.81,12.81,1.415,13.04,0.69,0.0,0.0,45.61,7.5,61.3,delivered,weather_delay,80.24,
S-00074,R-157,D-004,V-016,Denver-West,Suburban,side_entrance,residential,expedited,0,rain,04-Sep-2025 17:35,04-Sep-2025 17:35,71,2025-01-13 17:42:00,642,5,10.61,10.61,3.373,10.19,1.99,0.0,0.0,60.66,8.7,79.1,Rescheduled,,73.49,
S-00075,R-106,D-037,V-006,Denver-West,Industrial,mailroom,residential,Standard,0,snow,08/25/2025 02:20 PM MST,08/25/2025 02:20 PM MST,127,2025-01-14 14:29:00,449,1,5.22,5.22,6.73,11.31,3.47,5.69,0.0,,9.8,32.5,DELIVERED,,71.9,
S-00076,R-153,D-047,V-032,Denver-East,Industrial,garage,business,standard,0,snow,24-Oct-2025 11:40 MST,24-Oct-2025 11:40 MST,120,2025-01-15 11:44:00,284,1,4.36,4.36,1.406,7.53,0.57,0.0,0.0,50.61,8.6,25.9,delivered,,87.36,
S-00077,R-150,D-005,V-035,Denver-West,Rural,garage,Residential,expedited,0,clear,2025-07-27 14:20 MDT,2025-07-27 14:20 MDT,65,2025-01-16 14:13:00,433,4,2.65,2.65,3.359,7.53,1.09,,118.12,37.29,16.7,46.3,failed,package_damaged,57.97,check
S-00078,R-143,D-009,V-009,Fort-Collins,Suburban,mailroom,business,standard,0,rain,06/29/2025 01:50 PM MDT,06/29/2025 01:50 PM MDT,130,2025-01-17 13:52:00,412,3,5.22,5.22,4.323,5.08,1.57,0.0,0.0,38.26,12.5,71.9,delivered,,83.73,
S-00079,R-111,D-031,V-036,Colorado-Springs,Rural,front_desk,residential,STANDARD,0,clear,2025/02/09 18:55:00 MDT ,2025/02/09 18:55:00 MDT ,118,2025-01-18 18:49:00,709,2,5.24,5.24,5.218,4.9,2.29,3.73,0.0,42.04,31.7,57.1,delivered,,88.37,
S-00080,R-156,D-017,V-034,Denver-West,Campus,garage,residential,EXPEDITED,0,clear,2025/02/17 16:05:00,2025/02/17 16:05:00,65,2025-01-19 16:16:00,556,2,3.93,3.93,3.045,11.43,0.9,,0.0,51.5,14.3,57.0,failed,security_access,64.34,
S-00081,R-114,D-039,V-028,Dnvr-East,Suburban,leave_at_door,business,expedited,0,clear,14-Dec-2025 18:50 MDT,14-Dec-2025 18:50 MDT,69,2025-01-20 18:51:00,711,2,7.21,7.21,1.971,6.13,0.51,0.0,0.0,50.36,14.5,21.1,delivered,,82.27,
S-00204,R-149,D-060,V-035,Colorado-Springs,Suburban,garage,residential,STANDARD,0,rain,2025/03/12 17:45:00 MDT,2025/03/12 17:45:00 MDT,139,2025-01-21 17:53:00,653,1,3.90,3.9,3.609,5.63,0.93,5.08,0.0,45.17,12.3,82.2,delivered,,87.36,
S-00083,R-146,D-047,V-013,Fort-Collins,Suburban,mailroom,residential,EXPEDITED,0,clear,24-Apr-2025 18:40 MDT,24-Apr-2025 18:40 MDT,53,2025-01-22 18:42:00,702,1,6.1,6.1,3.311,11.5,0.9,7.48,0.0,63.31,4.2,61.0,delivered,,92.94,
S-00084,R-143,D-020,V-026,Colorado-Springs,Industrial,call_on_arrival,Business,standard,0,rain,2025/06/23 15:00:00 MST,2025/06/23 15:00:00 MST,120,2025-01-23 15:05:00,485,3,7.08,7.08,4.091,8.52,1.49,0.0,0.0,48.78,9.9,90.1,delivered,,89.26,
S-00085,R-129,D-042,V-024,Fort-Collins,Downtown,mailroom,residential,expedited,0,clear,07/13/2025 02:40 PM MST,07/13/2025 02:40 PM MST,53,2025-01-24 14:22:00,442,1,31.27,31.27,2.073,9.62,0.83,0.0,118.12,54.96,3.5,82.3,delivered,,83.4,
S-00086,R-129,D-058,V-034,Denver-East,Suburban,mailroom,residential,standard,1,clear,2025/07/15 10:15:00,2025/07/15 10:15:00,146,2025-01-25 10:19:00,199,2,4.3,4.3,3.735,12.88,0.89,0.0,0.0,52.37,8.2,1.0,Delivered,security_access,87.17,
S-00087,R-115,D-008,V-016,Denver-East,Suburban,leave_at_door,residential,standard,0,clear,2024/12/11 11:35:00,2024/12/11 11:35:00,120,2025-01-26 11:34:00,274,1,6.58,6.58,1.602,17.9,0.94,0.0,118.12,64.38,16.0,58.9,delivered,,80.9,
S-00088,R-102,D-005,V-022,Denver-East,Downtown,front_desk,business ,expedited,1,wind,09/09/2025 07:35 PM MST,09/09/2025 07:35 PM MST,67,2025-01-27 19:32:00,752,4,3.8,3.8,1.677,16.98,1.11,,0.0,38.99,8.2,43.3,Rescheduled,,75.79,
S-00089,R-115,D-038,V-036,Denver-East,Suburban,leave_at_door,residential ,standard,0,rain,12/02/2024 10:45 AM MST,12/02/2024 10:45 AM MST,108,2025-01-28 10:47:00,227,1,9.2,9.2,2.516,7.31,1.43,0.0,0.0,42.05,7.7,45.0,failed,package_damaged,59.89,
S-00090,R-101,D-038,V-015,Boulder,Suburban,hand_to_security,residential,standard,0,rain,2025-10-03 15:35 MDT,2025-10-03 15:35 MDT,120,2025-01-29 15:49:00,529,3,6.94,6.94,2.666,31.21,1.52,,0.0,42.58,17.8,88.9,delivered ,,86.58,
S-00091,R-115,D-005,V-004,Denver-West,Campus,garage,business,same_day,0,clear,2025/09/09 16:35:00 MST,2025/09/09 16:35:00 MST,51,2025-01-30 16:30:00,570,2,4.66,4.66,2.073,420.0,1.06,,118.12,46.32,9.8,74.6,failed,address_issue,66.66,
S-00092,R-156,D-005,V-003,Fort-Collins,Suburban,call_on_arrival,business,standard,0,fog,06/03/2025 10:10 AM MST,06/03/2025 10:10 AM MST,122,2025-01-31 17:38:00,638,1,3.74,3.74,1.8690129170344918,3.03,1.8,0.0,0.0,45.95,427.9,70.8,delivered,,88.11,check
S-00093,R-133,D-022,V-005,Denver-East,Suburban,mailroom,residential,standard,1,rain,06/07/2025 08:30 AM MST,06/07/2025 08:30 AM MST,127,2025-02-01 08:48:00,108,3,2.15,2.15,1.847,39.6,1.05,4.39,0.0,55.4,7.6,59.5,failed,security_access,46.44,
S-00094,R-143,D-016,V-018,Colorado-Springs,Downtown,leave_at_door,business,Standard,0,clear,11/07/2024 11:15 AM MST,11/07/2024 11:15 AM MST,123,2025-02-02 11:15:00,255,3,8.97,8.97,5.424,12.7,1.69,,0.0,49.7,5.4,44.5,delivered,,75.97,
S-00095,R-135,D-032,V-014,Boulder,Suburban,leave_at_door,residential,expedited,0,fog,2025-09-14 14:55 MST,2025-09-14 14:55 MST,53,2025-02-03 14:54:00,474,3,5.61,5.61,1.215,5.19,0.84,,0.0,43.1,10.0,84.9,delivered,,76.76,
S-00096,R-137,D-009,V-037,Denver-West,Rural,side_entrance,residential,standard,0,clear,01-Oct-2025 08:05,01-Oct-2025 08:05,127,2025-02-04 08:12:00,72,1,6.91,6.91,7.068,7.8,2.55,,0.0,44.17,15.3,32.8,delivered,,87.34,
S-00097,R-151,D-031,V-016,Fort-Collins,Industrial,front_desk,residential,expedited,0,clear,12/31/2024 12:15 PM,12/31/2024 12:15 PM,70,2025-02-05 12:14:00,314,1,9.16,9.16,1.859,19.51,0.83,,0.0,36.47,8.8,18.6,failed,address_issue,67.62,
S-00098,R-113,D-031,V-027,Fort-Collins,Suburban,package_room_3F,Residential,standard,0,clear,24-Jan-2025 15:30 MST,24-Jan-2025 15:30 MST,114,2025-02-06 15:26:00,506,2,9.43,9.43,2.569,5.0,0.61,0.0,0.0,44.69,11.3,71.7,delivered,,87.7,
S-00099,R-143,D-007,V-007,Denver-East,Suburban,side_entrance,residential,expedited,0,clear,2025-05-14 15:50,2025-05-14 15:50,52,2025-02-07 15:38:00,518,1,4.04,4.04,1.901,6.05,1.04,0.0,0.0,44.6,9.7,48.2,delivered,,97.57,
S-00100,R-128,D-028,V-023,Denver-East,Rural,call_on_arrival,Residential,standard,0,clear,12/21/2025 03:45 PM MDT,12/21/2025 03:45 PM MDT,117,2025-02-08 15:58:00,538,1,4.50,4.5,11.249,16.98,3.18,,118.12,44.79,7.2,72.3,faild,address_issue,56.31,
S-00101,R-156,D-027,V-030,Colorado-Springs,Suburban,mailroom,residential,same_day,0,clear,10/01/2025 08:45 AM MST,10/01/2025 08:45 AM MST,43,2025-02-09 08:45:00,105,4,6.41,6.41,2.197,19.47,1.0,,0.0,40.37,19.4,100.0,rescheduled,,76.08,
S-00102,R-144,D-047,V-004,Boulder,Rural,leave_at_door,residential,standard,0,rain,05/28/2025 07:10 AM MST ,05/28/2025 07:10 AM MST ,120,2025-02-10 07:15:00,15,4,7.6,7.6,3.567,6.37,1.82,0.0,0.0,45.12,16.4,45.7,failed,customer_not_home,66.38,
S-00103,R-104,D-042,V-007,Denver-East,Rural,garage,Residential,same day,0,rain,12-Oct-2025 13:00,12-Oct-2025 13:00,33,2025-02-11 13:03:00,363,2,2.82,2.82,3.478,12.65,1.73,1.07,0.0,,13.1,52.3,FAILED,weather_delay,57.23,
S-00104,R-152,D-026,V-022,Colorado-Springs,Industrial,package_room_3F,residential,same_day,0,clear,04/27/2025 04:45 PM,04/27/2025 04:45 PM,51,2025-02-12 16:39:00,579,2,5.82,5.82,4.79,5.22,2.02,,0.0,50.12,14.0,85.9,delivered,,87.8,
S-00105,R-116,D-056,V-007,Fort-Collins,Suburban,front_desk,residential,same_day,0,wind,2025-10-21 18:20 MDT,2025-10-21 18:20 MDT,48,2025-02-13 18:29:00,689,3,8.84,8.84,6.05,5.65,3.02,9.25,0.0,40.95,5.6,88.7,rescheduled,,81.38,
S-00106,R-135,D-013,V-013,Boulder,Rural,leave_at_door,Residential,standard,1,wind,2025/10/11 15:50:00,2025/10/11 15:50:00,121,2025-02-14 15:43:00,523,1,1.74,1.74,6.654,12.34,1.27,,0.0,48.51,10.7,65.9,delivered,,91.58,
S-00107,R-128,D-029,V-009,Boulder,Suburban,garage,residential,standard,1,wind,06/18/2025 02:30 PM MST,06/18/2025 02:30 PM MST,122,2025-02-15 14:35:00,455,4,6.2,6.2,2.13,15.95,0.99,,0.0,45.6,7.5,58.5,failed,package_damaged,55.67,
S-00108,R-130,D-012,V-018,Boulder ,Downtown,leave_at_door,business,standard,0,clear,01/10/2025 10:05 AM MDT,01/10/2025 10:05 AM MDT,106,2025-02-16 10:06:00,186,3,8.03,8.03,1.541,7.11,0.98,,118.12,36.36,5.4,59.1,failed,address_issue,68.0,
S-00109,R-129,D-016,V-005,Boulder ,Suburban,call_on_arrival,residential,standard,0,clear,11-Jun-2025 11:45 MST,11-Jun-2025 11:45 MST,110,2025-02-17 11:40:00,280,1,3.89,3.89,3.743,8.85,1.88,6.42,0.0,42.56,11.4,49.1,delivered,,96.41,
S-00110,R-107,D-052,V-036,Fort-Collins,Suburban,side_entrance,business,STANDARD,0,wind,2025/06/12 09:00:00 MST,2025/06/12 09:00:00 MST,118,2025-02-18 08:52:00,112,3,5.52,5.52,4.123,9.82,2.22,6.24,0.0,37.98,3.6,77.0,DELIVERED,,87.95,
S-00111,R-154,D-004,V-035,Fort Collins,Suburban,call_on_arrival,residential,Standard,0,clear,23-Jan-2025 11:30 MST ,23-Jan-2025 11:30 MST ,121,2025-02-19 11:32:00,272,1,1.67,1.67,1.326,12.48,0.67,0.0,0.0,60.1,10.7,58.9,delivered,,88.4,
S-00112,R-160,D-001,V-006,Colorado Springs,Downtown,garage,res,standard,0,clear,26-Jun-2025 16:55 MST,26-Jun-2025 16:55 MST,137,2025-02-20 16:58:00,598,1,6.53,6.53,2.351,315.0,1.21,0.0,0.0,47.64,6.4,52.2,failed,customer_not_home,66.62,
S-00113,R-111,D-049,V-016,Denver-East,Rural,front_desk,residential ,standard,0,clear,2025/05/09 08:35:00 MST,2025/05/09 08:35:00 MST,119,2025-02-21 08:37:00,97,2,12.09,12.09,5.079,9.72,2.46,0.0,0.0,51.95,7.8,46.0,delivered,,90.76,
S-00114,R-131,D-027,V-032,Boulder,Suburban,locker_pickup,residential,standard,0,fog,2025-08-26 12:15 MDT,2025-08-26 12:15 MDT,120,2025-02-22 12:22:00,322,2,3.71,3.71,2.253,8.76,0.61,,118.12,34.92,11.5,75.1,faild,weather_delay,52.55,
S-00115,R-158,D-014,V-026,Colorado-Springs,Rural,call_on_arrival,residential,expedited,0,clear,2025/04/01 16:50:00 MST,2025/04/01 16:50:00 MST,61,2025-02-23 16:45:00,585,4,4.65,4.65,4.881,13.8,1.83,3.76,0.0,46.03,12.5,50.4,delivered,,92.21,
S-00116,R-125,D-004,V-011,Denver-East,Downtown,front_desk,Biz,standard,1,clear,11/13/2025 02:00 PM MST,11/13/2025 02:00 PM MST,128,2025-02-24 13:59:00,419,3,8.64,8.64,6.331,12.5,2.1,3.51,0.0,47.13,16.2,89.3,delivered,,83.2,
S-00117,R-117,D-001,V-025,Fort Collins,Suburban,garage,residential,standard,0,clear,28-Dec-2025 10:55 MST,28-Dec-2025 10:55 MST,105,2025-02-25 10:58:00,238,1,2.53,2.53,4.317,9.39,1.88,0.0,0.0,41.09,12.6,63.5,delivered,,81.27,
S-00118,R-119,D-060,V-030,Denver-West,Campus,side_entrance,residential,standard,1,clear,2025-03-21 08:00 MDT ,2025-03-21 08:00 MDT ,122,2025-02-26 07:54:00,54,2,6.26,6.26,6.419,30.64,2.41,7.35,0.0,39.24,6.6,,delivered,,84.68,
S-00119,R-143,D-028,V-036,Boulder,Downtown,garage,residential,same day,1,clear,06/27/2025 03:00 PM MDT,06/27/2025 03:00 PM MDT,36,2025-02-27 14:57:00,477,5,2.54,2.54,1.637,15.44,0.88,0.0,0.0,47.25,16.3,53.1,failed,vehicle_issue,58.15,
S-00120,R-110,D-046,V-032,Denver-West,Downtown,leave_at_door,residential,standard,0,clear,02/11/2025 02:45 PM,02/11/2025 02:45 PM,122,2025-02-28 14:41:00,461,1,4.60,4.6,1.635,6.7,0.44,0.0,0.0,47.7,8.7,84.5,delivered,,86.69,check
S-00121,R-114,D-013,V-019,Denver-West,Downtown,garage,residential,expedited,0,snow,26-Aug-2025 19:15 MDT,26-Aug-2025 19:15 MDT,47,2025-03-01 19:13:00,733,2,4.34,4.34,1.289,6.34,0.77,0.0,118.12,36.56,14.3,77.6,failed,,48.72,
S-00122,R-148,D-004,V-038,Boulder,Downtown,leave_at_door,residential,standard,0,wind,2025/03/07 07:10:00 MST,2025/03/07 07:10:00 MST,115,2025-03-02 07:14:00,14,1,5.15,5.15,4.706,8.12,1.79,2.18,0.0,53.04,,52.9,delivered,,86.15,
S-00123,R-148,D-035,V-004,Boulder,Suburban,front_desk,business,standard,0,snow,03/10/2025 08:55 AM,03/10/2025 08:55 AM,113,2025-03-03 09:04:00,124,1,7.93,7.93,3.187,5.75,1.75,4.58,0.0,38.8,9.9,50.2,failed,package_damaged,46.96,
S-00124,R-104,D-021,V-004,Denver-East,Suburban,side_entrance,business,expedited,1,clear,16-Jun-2025 15:15,16-Jun-2025 15:15,60,2025-03-04 15:03:00,483,2,13.35,13.35,2.29,13.16,1.31,0.0,0.0,,6.6,35.6,delivered,,84.18,
S-00787,R-133,D-038,V-031,Boulder,Industrial,leave_at_door,residential,standard,0,fog,2025/06/27 16:15:00 MDT,2025/06/27 16:15:00 MDT,138,2025-03-05 16:29:00,569,1,1.93,1.93,8.612,6.7,2.95,0.0,0.0,38.72,8.1,69.9,delivered,,84.64,
S-00126,R-111,D-059,V-034,Fort-Collins,Downtown,rear_loading_dock,Residential,standard,0,clear,03/09/2025 09:20 AM MST,03/09/2025 09:20 AM MST,129,2025-03-06 09:28:00,148,3,8.24,8.24,2.937,14.14,1.0,,0.0,31.75,7.5,48.8,delivered,,91.41,
S-00127,R-106,D-004,V-033,Fort-Collins,Downtown,front_desk,residential,standard,0,clear,25-Aug-2025 10:40 MST,25-Aug-2025 10:40 MST,139,,218,2,10.2,10.2,1.459,5.02,0.98,0.0,0.0,60.61,4.0,81.1,delivered,,84.46,
S-00128,R-105,D-055,V-012,Denver-West,Rural,call_on_arrival,business,expedited,0,rain,2024/12/06 20:30:00 MDT ,2024/12/06 20:30:00 MDT ,72,2025-03-08 20:43:00,823,3,3.42,3.42,10.152,25.59,3.3,,0.0,38.92,11.7,89.6,delivered,,79.9,
S-00129,R-144,D-039,V-005,Fort Collins,Rural,front_desk,residential,standard,1,clear,2025/11/14 11:55:00 MST,2025/11/14 11:55:00 MST,105,2025-03-09 11:58:00,298,3,6.28,6.28,12.639,11.11,5.35,,118.12,47.2,20.1,68.1,failed,customer_not_home,51.65,
S-00130,R-126,D-056,V-016,Boulder,Suburban,mailroom,residential,standard,1,rain,10/03/2025 01:15 PM MDT,10/03/2025 01:15 PM MDT,116,2025-03-10 13:15:00,375,4,19.5,19.5,1.838,13.29,1.06,12.87,118.12,39.86,6.2,63.5,Delivered,,91.97,
S-00131,R-116,D-008,V-037,Dnvr-East,Suburban,leave_at_door,residential,standard,0,clear,25-Jul-2025 14:55,25-Jul-2025 14:55,130,2025-03-11 15:09:00,489,1,3.93,3.93,11.625,13.9,3.61,,0.0,40.88,16.1,63.7,delivered,,86.71,
S-00132,R-103,D-038,V-039,Denver-West,Campus,call_on_arrival,residential,standard,0,clear,09/01/2025 03:50 PM MDT,09/01/2025 03:50 PM MDT,120,2025-03-12 15:44:00,524,1,4.7,4.7,2.689,1.72,1.18,,0.0,34.16,29.8,48.0,DELIVERED,,86.86,
S-00133,R-127,D-040,V-006,Denver-West,Suburban,front_desk,residential,standard,0,snow,2025/05/29 10:50:00,2025/05/29 10:50:00,141,2025-03-13 11:06:00,246,1,1.96,1.96,4.397,17.27,2.27,5.07,0.0,,4.2,47.5,resheduled,,64.54,
S-00134,R-137,D-043,V-038,Denver-East ,Campus,garage,Biz,Standard,0,snow,2025-05-06 12:20 MDT,2025-05-06 12:20 MDT,121,2025-03-14 12:33:00,333,1,7.4,7.4,2.707,8.43,1.17,,0.0,50.46,10.7,58.0,failed,address_issue,69.74,
S-00135,R-160,D-034,V-021,Denver-West,Industrial,hand_to_security,residential,standard,0,clear,2025-06-17 16:55,2025-06-17 16:55,118,2025-03-15 16:57:00,597,1,1.47,1.47,7.666,21.71,2.49,,0.0,42.85,6.5,62.1,rescheduled,,53.22,
S-00136,R-143,D-017,V-014,Denver East,Downtown,front_desk,residential,standard,0,clear,2025-01-24 12:35,2025-01-24 12:35,126,2025-03-16 12:30:00,330,1,8.89,8.89,1.013,3.9,0.57,,0.0,43.98,7.3,9.3,RESCHEDULED,,81.93,
S-00137,R-116,D-046,V-021,Denver-East,Suburban,building_super,residential,standard,0,clear,2025/11/27 11:50:00,2025/11/27 11:50:00,125,2025-03-17 11:54:00,294,2,5.36,5.36,5.797,6.81,1.9,,0.0,45.96,17.1,24.1,failed,customer_not_home,66.24,
S-00138,R-109,D-017,V-026,Denver-West,Downtown,side_entrance,res,standard,1,clear,04/04/2025 04:45 PM,04/04/2025 04:45 PM,124,2025-03-18 16:52:00,592,3,2.51,2.51,4.982,14.48,1.81,0.0,0.0,49.02,8.2,53.1,failed,address_issue,62.13,
S-00139,R-130,D-043,V-020,Colorado-Springs,Downtown,garage,business,standard,0,rain,06/21/2025 02:55 PM,06/21/2025 02:55 PM,110,2025-03-19 15:08:00,488,3,2.03,2.03,5.959,5.52,2.04,2.7,118.12,40.35,5.2,58.4,failed,weather_delay,72.74,
S-00140,R-101,D-021,V-005,Denver-West,Downtown,side_entrance,residential,standard,0,rain,12/12/2025 02:55 PM MDT,12/12/2025 02:55 PM MDT,112,2025-03-20 14:53:00,473,1,5.9,5.9,1.73,3.2,1.15,2.74,0.0,37.57,13.6,47.4,delivered,,73.66,check
S-00141,R-137,D-030,V-040,Denver-East,Suburban,leave_at_door,residential ,standard,0,clear,2025/09/27 11:30:00 MST ,2025/09/27 11:30:00 MST ,128,2025-03-21 11:27:00,267,1,8.78,8.78,2.036,4.04,0.95,6.18,0.0,38.38,5.2,55.1,delivered,,84.29,
S-00142,R-135,D-007,V-005,Denver-East,Suburban,call_on_arrival,residential,standard,0,clear,2025-10-26 11:05 MDT,2025-10-26 11:05 MDT,134,2025-03-22 11:04:00,244,3,3.57,3.57,4.518,8.25,2.29,,0.0,,11.0,64.6,delivered,,80.17,
S-00143,R-117,D-014,V-033,Denver-East,Downtown,garage,business,standard,1,wind,2025/02/13 17:45:00 MDT,2025/02/13 17:45:00 MDT,132,2025-03-23 17:50:00,650,3,19.39,19.39,3.368,19.56,1.39,2.53,118.12,43.76,28.8,43.1,rescheduled,,64.61,
S-00144,R-157,D-009,V-023,Denver-West,Suburban,side_entrance,residential,Standard,0,rain,2025/02/07 12:30:00,2025/02/07 12:30:00,119,2025-03-24 12:40:00,340,4,4.87,4.87,7.109,13.83,2.47,0.0,0.0,51.24,10.4,67.6,failed,vehicle_issue,58.96,
S-00145,R-124,D-005,V-016,Denver-East,Industrial,hand_to_security,residential,standard,0,clear,2024-12-06 09:40 MDT,2024-12-06 09:40 MDT,119,2025-03-25 09:37:00,157,1,2.39,2.39,2.633,10.46,1.55,0.0,0.0,39.37,10.2,65.0,delivered,,86.34,
S-00146,R-129,D-019,V-011,Denver-West,Industrial,garage,Business,standard,1,clear,2024/12/05 17:30:00,2024/12/05 17:30:00,113,2025-03-26 17:27:00,627,4,2.39,2.39,2.777,19.44,1.12,,0.0,43.33,8.1,71.4,delivered,,92.34,
S-00147,R-146,D-054,V-035,Denver-West,Downtown,side_entrance,residential,standard,0,clear,2025-10-27 09:40 MDT,2025-10-27 09:40 MDT,120,2025-03-27 09:42:00,162,1,4.54,4.54,5.161,15.61,1.08,,0.0,56.19,8.1,71.2,delivered,,81.53,
S-00148,R-152,D-020,V-040,Colorado Springs,Suburban,leave_at_door,Business,standard,1,clear,02-Mar-2025 15:55 MDT,02-Mar-2025 15:55 MDT,116,2025-03-28 15:57:00,537,1,3.57,3.57,5.136,17.21,1.72,4.75,118.12,27.58,11.0,87.7,faild,weather_delay,52.79,
S-00149,R-101,D-042,V-034,Denver-East,Campus,mailroom,residential,standard,0,rain,11-Aug-2025 10:35,11-Aug-2025 10:35,120,2025-03-29 10:43:00,223,2,3.67,3.67,2.662,8.63,0.71,0.0,0.0,51.59,11.7,51.9,delivered,,74.51,
S-00150,R-120,D-043,V-036,Dnvr-East,Downtown,front_desk,residential,standard,0,clear,2025/04/28 07:15:00,2025/04/28 07:15:00,102,2025-03-30 07:04:00,4,1,4.42,4.42,1.749,4.08,1.0,1.77,0.0,36.53,6.0,53.1,failed,,57.6,
S-00151,R-157,D-060,V-007,Denver-East,Campus,hand_to_security,residential,expedited,0,wind,2024-12-26 11:45,2024-12-26 11:45,60,2025-03-31 11:45:00,285,1,3.4,3.4,3.308,7.37,1.73,0.0,0.0,52.46,2.9,70.8,failed,address_issue,52.56,
S-00152,R-108,D-009,V-017,Denver-West,Industrial,mailroom,Business,standard,1,clear,11/10/2024 10:00 AM,11/10/2024 10:00 AM,119,2025-04-01 09:50:00,170,2,5.11,5.11,2.487,13.15,1.47,0.0,118.12,40.48,,70.8,faild,dog_on_premises,68.28,
S-00153,R-148,D-057,V-007,Boulder,Suburban,mailroom,residential,standard,0,clear,11/26/2025 04:15 PM MDT,11/26/2025 04:15 PM MDT,131,2025-04-02 16:10:00,550,1,2.65,2.65,4.325,21.89,2.11,0.0,118.12,42.38,15.5,42.0,delivered,,90.69,
S-00154,R-118,D-036,V-010,Denver-East,Downtown,garage,residential,standard,0,snow,13-Jan-2025 15:55 MST,13-Jan-2025 15:55 MST,117,2025-04-03 16:07:00,547,1,2.96,2.96,3.172,24.04,1.34,0.0,0.0,43.24,6.0,81.2,delivered,,71.65,
S-00155,R-114,D-019,V-039,Colorado-Springs,Rural,mailroom,residential,expedited,1,clear,14-Nov-2024 16:15 MST,14-Nov-2024 16:15 MST,62,2025-04-04 16:22:00,562,2,5.77,5.77,8.409,15.2,3.72,,0.0,40.67,17.9,82.7,delivered,,83.17,
S-00156,R-114,D-046,V-022,Denver East,Suburban,mailroom,business,expedite,0,rain,2025-10-21 19:15 MST,2025-10-21 19:15 MST,53,2025-04-05 19:15:00,735,4,6.27,6.27,2.445,7.59,1.27,,0.0,24.29,27.7,66.0,delivered,,83.56,
S-00157,R-133,D-044,V-017,Denver-East,Downtown,front_desk,residential,standard,0,wind,2025/08/09 13:15:00 MST,2025/08/09 13:15:00 MST,139,2025-04-06 13:18:00,378,1,5.67,5.67,0.958,8.15,0.71,,0.0,47.89,18.1,43.6,delivered,,80.22,
S-00158,R-158,D-032,V-017,Fort-Collins,Downtown,mailroom,business ,expedited,1,clear,12/18/2024 02:15 PM MDT ,12/18/2024 02:15 PM MDT ,42,2025-04-07 14:16:00,436,4,5.83,5.83,1.196,22.17,0.79,4.82,0.0,42.06,6.8,100.0,delivered,,94.67,
S-00159,R-106,D-059,V-004,Denver-East ,Suburban,side_entrance,Business,expedited,0,clear,11/04/2024 10:05 AM MST,11/04/2024 10:05 AM MST,40,2025-04-08 10:04:00,184,4,16.15,16.15,-4.386,14.02,1.87,0.0,118.12,,13.5,58.5,Failed,,61.13,
S-00160,R-154,D-041,V-028,Denver-East ,Suburban,garage,residential,same_day,1,rain,2025-03-09 15:30 MDT,2025-03-09 15:30 MDT,45,2025-04-09 15:30:00,510,3,5.86,5.86,5.212,10.0,1.16,0.0,118.12,45.95,6.9,83.2,rescheduled,,65.62,
S-00161,R-101,D-018,V-003,Denver-East,Suburban,call_on_arrival,residential,standard,0,snow,2024-11-18 09:20 ,2024-11-18 09:20 ,130,2025-04-10 09:38:00,158,1,3.17,3.17,2.286,4.14,1.07,,118.12,,16.1,61.5,rescheduled,,70.95,check
S-00162,R-141,D-022,V-009,Fort-Collins,Suburban,call_on_arrival,residential,standard,1,rain,2024/11/13 11:10:00 MST,2024/11/13 11:10:00 MST,122,2025-04-11 11:22:00,262,3,7.64,7.64,11.16,12.39,3.8,0.0,0.0,41.83,6.5,75.7,delivered,,89.43,check
S-00163,R-148,D-017,V-011,Fort-Collins,Suburban,garage,residential,standard,1,fog,2025/07/13 14:15:00 MDT,2025/07/13 14:15:00 MDT,117,2025-04-12 14:12:00,432,1,1.15,1.15,2.719,18.7,1.32,0.0,118.12,43.21,10.4,46.5,failed,customer_not_home,55.09,check
S-00164,R-146,D-029,V-036,Colorado-Springs,Rural,garage,business,standard,0,snow,2025/09/08 09:05:00,2025/09/08 09:05:00,119,2025-04-13 09:26:00,146,3,8.29,8.29,10.088,7.47,5.06,,0.0,39.59,5.5,51.4,rescheduled,,76.06,
S-00165,R-101,D-028,V-036,Fort-Collins,Downtown,mailroom,residential,standard,0,rain,2025-12-30 09:05 MDT,2025-12-30 09:05 MDT,130,2025-04-14 09:07:00,127,1,2.06,2.06,1.81,22.27,1.11,0.0,0.0,45.79,9.7,68.1,failed,,61.02,
S-00166,R-157,D-008,V-005,Fort-Collins,Industrial,garage,residential,standard,0,clear,11/15/2025 12:45 PM,11/15/2025 12:45 PM,99,,344,2,4.65,4.65,3.993,19.02,2.03,0.0,0.0,42.85,3.6,54.2,failed,security_access,62.86,
S-00167,R-135,D-045,V-010,Denver East,Rural,mailroom,residential,standard,1,clear,2025/12/07 10:15:00 MST,2025/12/07 10:15:00 MST,129,2025-04-16 10:23:00,203,2,4.34,4.34,8.551,10.79,2.72,0.0,118.12,36.14,7.9,60.9,failed,weather_delay,61.3,
S-00168,R-138,D-003,V-024,Fort Collins,Suburban,leave_at_door,business,expedited,0,clear,09-Jun-2025 16:15 MDT,09-Jun-2025 16:15 MDT,61,2025-04-17 16:21:00,561,7,3.62,3.62,3.838,10.41,1.29,2.89,0.0,48.44,15.9,64.6,failed,address_issue,60.06,
S-00169,R-128,D-036,V-010,Fort-Collins,Downtown,front_desk,business,same_day,1,clear,2025-07-16 13:15 MDT,2025-07-16 13:15 MDT,47,2025-04-18 13:08:00,368,2,3.53,3.53,2.356,13.4,-0.8,,0.0,37.8,13.8,47.3,delivered,,91.82,
S-00170,R-120,D-009,V-003,Denver-East,Suburban,front_desk,business,standard,0,clear,2025-11-14 07:35,2025-11-14 07:35,118,2025-04-19 07:35:00,35,4,3.52,3.52,3.726,16.83,1.8,3.67,0.0,43.94,7.5,37.5,delivered,,81.0,
S-00171,R-158,D-024,V-003,Denver-East,Rural,front_desk,Business,expedited,0,wind,03/20/2025 06:05 PM MDT,03/20/2025 06:05 PM MDT,37,2025-04-20 18:19:00,679,1,5.48,5.48,12.862,8.4,4.43,0.0,0.0,,11.0,70.0,Failed,weather_delay,48.55,
S-00172,R-144,D-023,V-014,Boulder ,Rural,leave_at_door,residential,expedited,0,wind,2025/07/27 14:15:00 MST,2025/07/27 14:15:00 MST,58,2025-04-21 14:12:00,432,1,1.93,1.93,6.322,15.53,2.45,0.0,0.0,46.79,8.1,52.0,rescheduled,,62.99,
S-00173,R-123,D-016,V-007,Fort-Collins,Downtown,rear_loading_dock,residential,expedited,0,rain,2025-10-03 15:45,2025-10-03 15:45,61,2025-04-22 15:41:00,521,2,21.58,21.58,4.351,10.72,2.22,2.84,118.12,41.4,10.9,97.0,failed,address_issue,45.72,
S-00174,R-157,D-050,V-036,Denver-East,Suburban,mailroom,residential ,standard,0,clear,09-Dec-2024 18:55 MDT,09-Dec-2024 18:55 MDT,128,2025-04-23 18:58:00,718,1,12.92,12.92,1.951,5.37,0.96,3.15,0.0,42.75,8.9,55.6,Delivered,,100.0,
S-00175,R-140,D-056,V-027,Denver-East,Campus,side_entrance,residential,standard,0,clear,2024-11-02 13:45,2024-11-02 13:45,116,2025-04-24 13:46:00,406,1,7.3,7.3,1.322,8.43,0.52,0.0,0.0,46.94,22.2,58.7,delivered,,95.1,
S-00176,R-160,D-048,V-010,Denver-East,Suburban,call_on_arrival,residential,standard,1,snow,24-Oct-2025 15:55,24-Oct-2025 15:55,107,2025-04-25 16:13:00,553,0,9.57,9.57,6.099,18.27,2.41,0.0,0.0,39.45,4.3,58.4,delivered,,83.18,
S-00177,R-156,D-060,V-016,Denver-West,Rural,front_desk,residential,expedited,0,rain,04/26/2025 07:20 PM MDT,04/26/2025 07:20 PM MDT,38,2025-04-26 19:18:00,738,1,3.07,3.07,4.368,9.7,2.14,1.33,0.0,49.42,14.5,27.1,RESCHEDULED,,62.6,
S-00178,R-157,D-011,V-012,Fort-Collins,Rural,front_desk,business,standard,0,clear,07/23/2025 08:50 AM MDT,07/23/2025 08:50 AM MDT,124,2025-04-27 08:54:00,114,2,6.77,6.77,6.18,14.67,2.02,0.0,0.0,52.84,17.8,47.8,delivered,,82.88,
S-00179,R-112,D-027,V-002,Colorado Springs,Suburban,mailroom,business,standard,0,fog,2025/04/02 09:10:00,2025/04/02 09:10:00,126,2025-04-28 09:14:00,134,5,5.83,5.83,3.699,8.99,1.52,2.18,0.0,39.88,6.4,77.2,delivered,,87.22,
S-00180,R-151,D-048,V-022,Denver-West,Suburban,side_entrance,residential,same_day,0,wind,25-Jul-2025 16:50 ,25-Jul-2025 16:50 ,49,,599,1,1.48,1.48,5.503,7.26,2.81,0.0,0.0,37.58,7.2,111.7,delivered,,82.11,
S-00181,R-152,D-060,V-027,Fort-Collins,Downtown,mailroom,residential,standard,0,clear,06/05/2025 01:10 PM MDT,06/05/2025 01:10 PM MDT,115,2025-04-30 13:12:00,372,3,2.72,2.72,4.874,13.2,1.15,2.22,0.0,46.02,10.5,89.4,failed,weather_delay,50.88,
S-00182,R-118,D-043,V-016,Boulder,Downtown,front_desk,residential,same_day,0,clear,2025/11/26 10:10:00 MDT,2025/11/26 10:10:00 MDT,35,2025-05-01 10:15:00,195,3,2.6,2.6,3.299,14.93,1.52,3.5,118.12,51.55,10.9,93.2,failed,,54.13,
S-00183,R-125,D-011,V-007,Fort-Collins,Downtown,garage,business,same_day,1,clear,22-Dec-2024 18:05 MST,22-Dec-2024 18:05 MST,46,2025-05-02 18:04:00,664,3,4.85,4.85,1.674,12.99,1.05,0.0,0.0,46.09,9.0,83.5,failed,customer_not_home,67.33,
S-00184,R-155,D-056,V-003,Boulder,Downtown,leave_at_door,residential,standard,0,wind,04/20/2025 12:05 PM MDT,04/20/2025 12:05 PM MDT,137,2025-05-03 12:04:00,304,2,6.21,6.21,3.853,4.11,1.42,1.59,0.0,45.18,8.6,80.7,delivered,,80.99,
S-00185,R-113,D-031,V-015,Denver-West,Suburban,call_on_arrival,Residential,expedited,0,clear,2025-06-03 18:50 MDT,2025-06-03 18:50 MDT,53,2025-05-04 19:03:00,723,2,4.7,4.7,4.172,3.47,2.12,2.7,0.0,46.04,11.5,71.5,failed,vehicle_issue,42.73,
S-00186,R-123,D-053,V-030,Fort-Collins,Campus,call_on_arrival,residential,standard,0,wind,29-Jun-2025 14:00,29-Jun-2025 14:00,110,2025-05-05 14:02:00,422,1,2.51,2.51,3.452,13.44,1.2,2.87,0.0,44.64,7.0,56.2,delivered,,83.19,
S-00187,R-115,D-020,V-015,Fort-Collins,Suburban,leave_at_door,residential,same_day,0,clear,2025-09-22 12:00 MST,2025-09-22 12:00 MST,36,2025-05-06 11:54:00,294,1,1.27,1.27,3.009,8.28,1.51,0.0,0.0,48.11,8.9,73.6,delivered,,87.03,
S-00188,R-126,D-002,V-013,Colorado-Springs,Industrial,front_desk,residential,same_day,0,wind,07/01/2025 12:35 PM,07/01/2025 12:35 PM,36,2025-05-07 12:36:00,336,1,4.63,4.63,2.852,10.85,0.68,,0.0,36.37,,72.9,failed,customer_not_home,54.13,
S-00189,R-156,D-022,V-018,Fort-Collins,Suburban,front_desk,business,standard,1,fog,06-Jul-2025 14:35 MDT,06-Jul-2025 14:35 MDT,118,2025-05-08 14:49:00,469,1,7.81,7.81,12.349,15.32,3.97,1.0,0.0,45.28,29.9,60.4,delivered,,94.88,
S-00190,R-123,D-005,V-018,Fort-Collins,Downtown,front_desk,Business,standard,0,clear,2025/09/19 14:10:00 MST,2025/09/19 14:10:00 MST,121,2025-05-09 14:02:00,422,1,9.26,9.26,3.017,12.91,1.1,4.83,0.0,45.92,11.0,60.2,delivered,,80.75,
S-00191,R-126,D-042,V-033,Colorado-Springs,Rural,front_desk,residential,standard,0,clear,2025-11-19 14:55 MDT ,2025-11-19 14:55 MDT ,103,2025-05-10 21:20:00,860,1,5.56,5.56,5.0565889720335,8.04,2.86,,0.0,41.74,239.0,77.5,DELIVERED,customer_not_home,55.63,
S-00192,R-122,D-044,V-035,Fort-Collins,Suburban,front_desk,business ,Standard,0,clear,31-Mar-2025 12:00 MST,31-Mar-2025 12:00 MST,112,2025-05-11 11:59:00,299,1,1.1,1.1,6.108,5.94,1.22,,0.0,38.99,3.2,60.2,delivered,,87.66,
S-00193,R-157,D-002,V-008,Denver-West,Rural,side_entrance,residential,EXPEDITED,1,snow,2025/07/31 10:30:00 ,2025/07/31 10:30:00 ,58,2025-05-12 10:42:00,222,2,3.75,3.75,14.558,26.29,5.14,3.13,0.0,,8.9,31.3,failed,,55.73,check
S-00805,R-138,D-017,V-012,Denver-East ,Suburban,call_on_arrival,residential,Standard,1,clear,09-Aug-2025 13:10 MDT,09-Aug-2025 13:10 MDT,106,2025-05-13 13:18:00,378,1,5.57,5.57,4.587,15.62,1.61,0.0,118.12,49.71,3.0,52.5,failed,address_issue,55.07,check
S-00195,R-107,D-017,V-003,Boulder,Campus,hand_to_security,Residential,standard,1,clear,2024/12/20 07:50:00 MST,2024/12/20 07:50:00 MST,118,2025-05-14 07:45:00,45,1,6.47,6.47,3.673,15.96,1.36,0.0,0.0,40.73,10.8,62.8,delivered,,91.95,
S-00196,R-123,D-039,V-028,Boulder,Suburban,mailroom,business,standard,0,clear,06/02/2025 07:15 AM MDT,06/02/2025 07:15 AM MDT,117,2025-05-15 07:19:00,19,1,2.26,2.26,2.894,9.15,0.63,0.0,0.0,43.6,,68.0,delivered,,81.19,
S-00197,R-128,D-047,V-021,Denver-East,Suburban,garage,residential,standard,0,clear,2025/02/08 16:00:00,2025/02/08 16:00:00,118,2025-05-16 16:04:00,544,1,2.9,2.9,5.156,5.82,1.81,0.0,0.0,41.56,5.7,28.9,resheduled,,61.29,
S-00198,R-108,D-039,V-033,Boulder,Rural,front_desk,business,standard,1,clear,12-Dec-2025 18:05,12-Dec-2025 18:05,99,2025-05-17 18:16:00,676,1,6.52,6.52,9.509,26.28,3.19,,0.0,54.84,450.0,51.3,failed,package_damaged,51.52,
S-00199,R-113,D-025,V-037,Fort-Collins,Campus,side_entrance,business,standard,0,clear,2025-05-20 15:00,2025-05-20 15:00,120,2025-05-18 15:01:00,481,4,3.71,3.71,5.716,7.29,1.71,0.0,0.0,45.38,9.1,66.2,delivered,,80.53,
S-00200,R-146,D-017,V-003,Denver-West,Suburban,mailroom,business,Expedited,0,clear,26-Dec-2025 12:40,26-Dec-2025 12:40,70,2025-05-19 12:38:00,338,3,11.49,11.49,2.006,7.77,1.07,0.0,0.0,,4.5,49.2,delivered,,82.58,
S-00201,R-134,D-028,V-001,Fort-Collins,Campus,call_on_arrival,residential,STANDARD,0,fog,2025/09/08 10:40:00 MDT,2025/09/08 10:40:00 MDT,124,2025-05-20 10:37:00,217,4,3.57,3.57,2.576,9.35,1.32,,0.0,62.38,14.6,76.2,delivered ,,79.44,
S-00202,R-144,D-060,V-035,Dnvr-East,Suburban,locker_pickup,Biz,same_day,0,clear,03/23/2025 09:00 AM MDT,03/23/2025 09:00 AM MDT,39,2025-05-21 09:01:00,121,4,9.36,9.36,4.963,25.16,1.21,0.0,0.0,53.57,9.9,29.6,failed,address_issue,53.5,
S-00203,R-124,D-047,V-013,Fort-Collins,Suburban,leave_at_door,business,standard,0,snow,2025/10/28 13:55:00 MST,2025/10/28 13:55:00 MST,114,2025-05-22 14:05:00,425,1,1.41,1.41,1.164,5.42,0.5,,0.0,39.77,15.9,78.8,delivered,,73.19,
S-00194,R-143,D-028,V-005,Dnvr-East,Rural,leave_at_door,residential,Standard,0,rain,07-Jul-2025 09:05,07-Jul-2025 09:05,135,2025-05-23 09:19:00,139,1,1.41,1.41,6.417,15.92,2.99,0.0,0.0,40.54,10.0,52.6,failed,customer_not_home,52.47,
S-00205,R-140,D-059,V-022,Dnvr-East,Campus,mailroom,residential,expedited,0,clear,2025-05-08 12:30,2025-05-08 12:30,62,2025-05-24 12:34:00,334,3,3.40,3.4,3.06,22.27,1.89,0.0,0.0,33.49,20.8,69.2,delivered,,83.29,
S-00206,R-147,D-021,V-008,Denver-West,Industrial,front_desk,residential,standard,1,wind,30-Jul-2025 13:05 MST,30-Jul-2025 13:05 MST,118,2025-05-25 13:03:00,363,1,6.16,6.16,2.297,18.47,1.02,2.73,0.0,,12.9,73.1,delivered,,81.83,
S-00207,R-133,D-058,V-020,Fort-Collins,Suburban,front_desk,residential,expedited,0,fog,10-Oct-2025 16:05 MST,10-Oct-2025 16:05 MST,56,2025-05-26 16:09:00,549,2,3.24,3.24,2.269,15.03,1.16,0.0,0.0,47.6,5.1,69.6,faild,customer_not_home,56.46,
S-00208,R-121,D-020,V-027,Denver East,Downtown,package_room_3F,residential,standard,0,clear,2025-04-02 15:00,2025-04-02 15:00,111,2025-05-27 15:04:00,484,1,6.18,6.18,0.885,5.67,0.4,,0.0,57.43,3.3,70.3,delivered,,86.79,
S-00209,R-136,D-026,V-019,Boulder,Industrial,front_desk,business,expedited,1,clear,2025-10-06 12:40,2025-10-06 12:40,74,2025-05-28 12:24:00,324,1,10.84,10.84,2.405,10.96,1.02,,0.0,43.76,37.0,76.9,rescheduled,,78.36,
S-00210,R-127,D-009,V-013,Denver-East,Suburban,side_entrance,business,standard,0,clear,2025/03/01 13:50:00 MST,2025/03/01 13:50:00 MST,120,2025-05-29 13:45:00,405,2,5.74,5.74,2.514,2.2,0.52,0.0,0.0,48.55,7.7,71.6,delivered,,99.29,
S-00211,R-144,D-043,V-025,Denver East,Suburban,rear_loading_dock,residential,standard,0,clear,2024/12/09 13:15:00,2024/12/09 13:15:00,126,2025-05-30 13:18:00,378,1,6.35,6.35,3.665,15.21,1.81,,0.0,50.29,5.9,52.3,delivered,,81.68,check
S-00212,R-140,D-048,V-012,Fort-Collins,Suburban,leave_at_door,residential,expedited,0,snow,2025-04-03 09:50,2025-04-03 09:50,68,2025-05-31 10:02:00,182,2,4.37,4.37,1.469,3.78,1.02,0.0,0.0,47.81,13.3,62.2,failed,vehicle_issue,53.17,
S-00213,R-126,D-037,V-020,Denver-West,Rural,leave_at_door,residential,expedite,0,clear,03-Oct-2025 07:35 MDT ,03-Oct-2025 07:35 MDT ,74,2025-06-01 07:35:00,35,2,3.29,3.29,2.709,17.04,1.12,0.0,0.0,27.96,7.9,56.1,failed,,52.23,
S-00214,R-120,D-036,V-001,Fort Collins,Rural,call_on_arrival,residential,standard,0,clear,2025-07-30 16:20 MDT,2025-07-30 16:20 MDT,109,2025-06-02 16:17:00,557,1,7.56,7.56,10.37,7.4,4.52,0.0,0.0,52.8,12.3,71.9,delivered,,87.32,
S-00215,R-128,D-019,V-014,Denver-West,Suburban,side_entrance,residential,standard,1,clear,28-Nov-2025 08:10 MST,28-Nov-2025 08:10 MST,112,2025-06-03 08:13:00,73,2,9.86,9.86,3.822,14.69,1.44,1.63,0.0,42.36,25.1,57.1,delivered,,71.62,
S-00216,R-139,D-051,V-038,Fort-Collins,Campus,leave_at_door,business,expedited,0,fog,2025-01-04 14:15 MST,2025-01-04 14:15 MST,58,2025-06-04 14:15:00,435,3,9.92,9.92,2.097,6.99,1.03,0.0,0.0,51.43,5.0,,rescheduled,,63.42,
S-00217,R-130,D-042,V-021,Denver-East ,Rural,leave_at_door,residential,standard,0,rain,2025/03/12 13:50:00 MST,2025/03/12 13:50:00 MST,126,2025-06-05 13:47:00,407,2,3.39,3.39,6.397,8.99,2.12,2.6,0.0,34.6,33.0,41.8,Delivered,,90.02,
S-00218,R-144,D-029,V-029,Boulder,Downtown,garage,business,same_day,1,clear,2025-12-19 20:55 MDT,2025-12-19 20:55 MDT,47,2025-06-06 20:44:00,824,3,7.99,7.99,1.032,14.58,0.46,,0.0,39.32,14.2,55.1,failed,weather_delay,49.19,check
S-00219,R-131,D-014,V-033,Denver-East,Industrial,leave_at_door,residential,STANDARD,0,clear,03/18/2025 07:30 AM MDT,03/18/2025 07:30 AM MDT,134,2025-06-07 07:30:00,30,2,4.57,4.57,7.965,27.16,2.68,6.28,0.0,41.04,19.5,39.8,delivered ,,93.55,
S-00220,R-143,D-051,V-011,Denver East,Industrial,mailroom,Residential,standard,0,wind,03/16/2025 03:40 PM MDT,03/16/2025 03:40 PM MDT,141,2025-06-08 15:42:00,522,3,10.78,10.78,4.292,7.71,1.77,11.5,0.0,43.45,8.0,50.0,delivered,,92.83,
S-00221,R-133,D-006,V-019,Denver-West,Industrial,side_entrance,business ,standard,0,rain,2024/12/13 13:10:00,2024/12/13 13:10:00,118,2025-06-09 13:07:00,367,4,1.66,1.66,4.37,14.1,1.61,0.0,0.0,36.16,12.3,47.1,rescheduled,,77.32,
S-00222,R-122,D-043,V-040,Fort Collins,Industrial,front_desk,business ,expedited,0,clear,08/08/2025 04:05 PM MST,08/08/2025 04:05 PM MST,68,2025-06-10 16:02:00,542,4,5.97,5.97,4.143,16.16,1.47,0.0,0.0,53.0,7.8,67.4,delivered,,80.31,
S-00223,R-144,D-006,V-016,Denver-East,Suburban,mailroom,residential,Standard,1,rain,26-Dec-2025 11:50 MST ,26-Dec-2025 11:50 MST ,119,2025-06-11 11:59:00,299,2,5.92,5.92,2.916,19.59,1.65,0.0,0.0,34.28,,73.6,delivered,,82.93,
S-00224,R-152,D-020,V-015,Boulder ,Rural,side_entrance,business,standard,0,clear,2025/05/20 09:45:00,2025/05/20 09:45:00,99,2025-06-12 10:01:00,181,3,10.53,10.53,27.829,18.59,11.33,0.0,0.0,36.23,4.2,64.5,delivered ,,86.13,
S-00225,R-102,D-013,V-010,Boulder,Downtown,front_desk,residential,standard,0,clear,2025-06-03 12:35,2025-06-03 12:35,118,2025-06-13 12:38:00,338,2,16.35,16.35,3.69,3.42,1.31,0.0,0.0,48.06,18.9,67.8,delivered,,77.0,
S-00226,R-131,D-003,V-016,Denver-East,Industrial,front_desk,residential,expedited,0,snow,2024/12/01 13:45:00 MST,2024/12/01 13:45:00 MST,61,2025-06-14 13:56:00,416,1,6.58,6.58,5.813,6.94,2.9,,0.0,38.79,9.8,45.1,delivered,,74.0,
S-00227,R-130,D-040,V-005,Denver-West,Rural,call_on_arrival,residential,standard,0,wind,2025/10/29 16:05:00 MST,2025/10/29 16:05:00 MST,116,2025-06-15 16:15:00,555,1,6.8,6.8,7.952,10.02,4.01,4.35,118.12,51.29,7.3,,failed,,66.44,
S-00228,R-113,D-027,V-037,Fort Collins,Suburban,side_entrance,residential,expedited,0,clear,2025/07/02 11:15:00,2025/07/02 11:15:00,62,2025-06-16 11:12:00,252,2,4.04,4.04,1.317,10.69,0.64,0.0,0.0,33.51,6.7,75.1,rescheduled ,,69.91,
S-00229,R-132,D-046,V-025,Colorado-Springs,Downtown,leave_at_door,Biz,EXPEDITED,0,rain,28-Jan-2025 13:50 MST,28-Jan-2025 13:50 MST,58,2025-06-17 13:46:00,406,3,9.98,9.98,3.502,13.77,1.99,0.0,0.0,48.14,13.1,70.0,delivered,,85.3,
S-00230,R-110,D-026,V-016,Colorado Springs,Campus,call_on_arrival,business,STANDARD,0,clear,11/13/2024 09:50 AM MDT,11/13/2024 09:50 AM MDT,100,2025-06-18 09:47:00,167,1,3.78,3.78,2.581,15.24,1.38,0.0,0.0,36.71,10.7,55.8,delivered,,86.17,
S-00231,R-158,D-042,V-001,Colorado-Springs,Suburban,front_desk,business,standard,0,clear,2025/11/11 11:45:00 MDT ,2025/11/11 11:45:00 MDT ,116,2025-06-19 11:40:00,280,1,1.45,1.45,3.593,3.62,1.68,5.54,0.0,43.48,7.3,56.9,delivered,,92.61,check
S-00232,R-150,D-049,V-007,Denver-East ,Suburban,locker_pickup,business,expedited,0,wind,12/08/2024 08:55 AM MST,12/08/2024 08:55 AM MST,48,2025-06-20 08:52:00,112,0,14.96,14.96,7.218,24.25,3.48,0.0,0.0,,8.9,58.9,rescheduled,,79.56,
S-00233,R-112,D-028,V-015,Denver-West,Suburban,garage,residential,standard,0,clear,2025-04-27 09:50,2025-04-27 09:50,119,2025-06-21 09:47:00,167,2,3.98,3.98,3.522,14.4,1.73,,0.0,50.58,,39.1,failed,package_damaged,62.63,check
S-00234,R-130,D-052,V-034,Denver-West,Suburban,side_entrance,Residential,standard,0,clear,19-Aug-2025 16:35,19-Aug-2025 16:35,123,2025-06-22 16:36:00,576,3,37.21,37.21,3.415,15.51,1.06,,0.0,34.67,11.9,67.3,delivered,,88.48,
S-00235,R-116,D-004,V-036,Denver-West,Suburban,call_on_arrival,business ,standard,0,rain,2025/10/30 11:50:00 MST,2025/10/30 11:50:00 MST,117,,297,3,11.51,11.51,6.235,9.66,3.23,0.0,118.12,48.28,5.4,81.2,failed,,50.78,check
S-00236,R-130,D-059,V-008,Boulder,Suburban,call_on_arrival,residential,standard,1,clear,2024/12/24 12:20:00 MST,2024/12/24 12:20:00 MST,130,2025-06-24 12:19:00,319,1,1.19,1.19,4.069,9.81,1.41,0.0,0.0,49.25,5.5,65.2,delivered,,78.1,
S-00237,R-143,D-009,V-030,Denver-East,Industrial,leave_at_door,residential,standard,0,clear,2025/01/18 09:10:00 MST ,2025/01/18 09:10:00 MST ,121,2025-06-25 09:10:00,130,3,4.91,4.91,8.073,24.2,2.56,,0.0,49.07,10.7,60.3,delivered,,95.33,
S-00238,R-139,D-034,V-036,Boulder,Suburban,call_on_arrival,Biz,standard,0,wind,2025/07/25 17:35:00 MDT,2025/07/25 17:35:00 MDT,131,2025-06-26 17:22:00,622,2,2.08,2.08,2.581,22.65,1.45,0.0,0.0,29.08,6.9,58.7,delivered,,75.65,
S-00239,R-140,D-021,V-029,Fort-Collins,Industrial,call_on_arrival,business,Expedited,0,rain,01/26/2025 03:00 PM MST,01/26/2025 03:00 PM MST,60,2025-06-27 15:04:00,484,2,7.77,7.77,5.045,10.01,1.27,1.75,118.12,46.27,,51.9,delivered,weather_delay,81.89,
S-00240,R-128,D-053,V-033,Boulder,Industrial,mailroom,Residential,standard,0,rain,22-Apr-2025 07:50 MDT,22-Apr-2025 07:50 MDT,142,2025-06-28 08:01:00,61,3,4.20,4.2,3.653,4.75,1.59,0.0,0.0,51.67,5.5,31.1,failed,vehicle_issue,50.01,
S-00241,R-129,D-054,V-036,Colorado-Springs,Downtown,call_on_arrival,residential,expedited,0,clear,07/16/2025 04:15 PM MST,07/16/2025 04:15 PM MST,92,2025-06-29 16:11:00,551,5,4.76,4.76,1.838,20.32,1.15,,0.0,44.13,8.1,41.0,delivered,,84.81,
S-00242,R-148,D-058,V-011,Boulder,Rural,side_entrance,business,expedited,0,clear,10-Nov-2024 11:15,10-Nov-2024 11:15,67,2025-06-30 11:09:00,249,4,3.64,3.64,6.994,18.75,2.44,1.62,0.0,33.01,450.0,50.0,delivered,,80.75,
S-00243,R-129,D-056,V-031,Denver-West,Downtown,call_on_arrival,residential,standard,0,clear,2025/09/15 17:30:00 MST,2025/09/15 17:30:00 MST,110,2025-07-01 17:25:00,625,2,5.68,5.68,1.642,10.9,0.84,0.0,0.0,36.54,5.2,,Delivered,,89.14,
S-00244,R-154,D-017,V-016,Boulder,Rural,side_entrance,residential,expedited,0,wind,09-Nov-2025 10:45 MDT,09-Nov-2025 10:45 MDT,67,2025-07-02 10:54:00,234,3,3.69,3.69,13.478,13.45,5.79,0.0,0.0,56.67,7.7,52.6,delivered,,77.4,
S-00245,R-150,D-041,V-018,Denver-West,Campus,side_entrance,residential,standard,0,clear,2025/05/19 13:40:00 MDT,2025/05/19 13:40:00 MDT,128,2025-07-03 13:44:00,404,2,16.99,16.99,6.315,23.12,-2.14,0.0,0.0,36.47,8.5,70.7,Delivered,,80.33,check
S-00246,R-132,D-050,V-034,Colorado Springs,Downtown,mailroom,business ,expedited,0,clear,01/17/2025 02:40 PM MST,01/17/2025 02:40 PM MST,62,2025-07-04 14:36:00,456,1,1.76,1.76,2.734,8.79,0.66,,0.0,35.85,10.5,66.2,delivered,,80.81,
S-00247,R-118,D-041,V-016,Denver-East,Suburban,front_desk,Residential,expedited,0,rain,2025/01/29 10:40:00 MST,2025/01/29 10:40:00 MST,52,2025-07-05 10:44:00,224,2,2.87,2.87,12.011,9.14,5.44,0.0,0.0,46.18,8.9,48.1,failed,,62.69,
S-00248,R-146,D-029,V-005,Denver-West,Downtown,side_entrance,residential,standard,0,wind,2024/11/17 13:30:00 MST,2024/11/17 13:30:00 MST,92,2025-07-06 13:21:00,381,1,7.38,7.38,4.677,17.26,2.21,6.55,0.0,62.67,8.2,36.2,delivered,,91.7,
S-00249,R-118,D-019,V-016,Denver-East,Downtown,front_desk,residential,standard,1,wind,2025-06-15 09:30 MDT,2025-06-15 09:30 MDT,119,2025-07-07 09:30:00,150,2,5.82,5.82,3.74,11.82,1.98,,0.0,57.64,7.1,82.4,delivered,,82.39,
S-00250,R-158,D-022,V-021,Denver-West,Suburban,mailroom,residential ,expedited,1,clear,12/05/2024 10:45 AM MDT,12/05/2024 10:45 AM MDT,51,2025-07-08 10:48:00,228,3,7.21,7.21,10.414,18.54,3.34,1.99,0.0,45.37,19.9,65.7,delivered,,78.09,
S-00251,R-109,D-035,V-006,Colorado-Springs,Suburban,hand_to_security,Biz,standard,0,clear,05/02/2025 10:45 AM MDT,05/02/2025 10:45 AM MDT,124,2025-07-09 10:50:00,230,1,1.74,1.74,1.312,5.36,0.79,0.0,118.12,34.31,8.1,66.2,failed,address_issue,76.26,
S-00252,R-125,D-010,V-015,Colorado-Springs,Suburban,call_on_arrival,residential,expedited,0,wind,2025-05-24 16:55 MDT,2025-05-24 16:55 MDT,60,2025-07-10 17:06:00,606,1,3.5,3.5,4.49,9.87,2.14,0.0,0.0,44.3,8.9,78.1,delivered,,79.92,
S-00253,R-146,D-045,V-010,Boulder,Rural,side_entrance,Residential,standard,0,clear,2025/01/31 13:55:00 MDT,2025/01/31 13:55:00 MDT,109,2025-07-11 13:55:00,415,2,12.00,12.0,5.627,5.42,1.84,2.36,0.0,60.67,15.8,53.8,failed,weather_delay,57.65,
S-00254,R-127,D-014,V-005,Fort Collins,Suburban,leave_at_door,business,standard,0,wind,06/24/2025 07:50 PM MST,06/24/2025 07:50 PM MST,117,2025-07-12 19:47:00,767,2,5.97,5.97,10.168,31.55,4.29,0.0,0.0,48.37,5.1,63.0,failed,address_issue,58.53,
S-00255,R-135,D-027,V-022,Denver-East ,Downtown,garage,residential,standard,0,clear,28-Oct-2025 11:30 MDT,28-Oct-2025 11:30 MDT,113,2025-07-13 11:36:00,276,4,3.32,3.32,2.574,9.27,1.33,0.0,0.0,29.42,17.1,47.4,failed,weather_delay,64.21,
S-00256,R-104,D-030,V-027,Fort-Collins,Suburban,package_room_3F,residential,standard,0,wind,2025-01-27 15:05 MST,2025-01-27 15:05 MST,133,2025-07-14 14:57:00,477,3,14.66,14.66,3.054,7.8,0.76,,0.0,53.98,7.8,56.8,delivered,,83.03,check
S-00257,R-125,D-014,V-027,Denver-West,Campus,call_on_arrival,business,standard,1,fog,2025/01/21 11:30:00,2025/01/21 11:30:00,129,2025-07-15 11:42:00,282,2,4.42,4.42,2.956,19.43,0.72,1.01,0.0,43.12,32.5,34.2,delivered,,73.05,
S-00258,R-145,D-058,V-038,Denver-West,Suburban,front_desk,business,standard,0,clear,09-Aug-2025 08:35,09-Aug-2025 08:35,114,2025-07-16 08:29:00,89,6,17.04,17.04,1.456,9.54,0.66,0.0,0.0,41.08,11.9,75.3,delivered,,83.9,
S-00259,R-125,D-002,V-037,Boulder ,Campus,call_on_arrival,business,standard,1,clear,28-Sep-2025 12:40 MDT,28-Sep-2025 12:40 MDT,112,2025-07-17 12:40:00,340,2,8.85,8.85,6.363,22.57,2.07,2.66,0.0,66.48,15.5,42.8,delivered,,100.0,
S-00260,R-123,D-031,V-001,Boulder ,Suburban,side_entrance,residential,standard,0,rain,04/29/2025 03:20 PM MDT,04/29/2025 03:20 PM MDT,123,2025-07-18 15:20:00,500,1,1.53,1.53,1.263,15.41,0.87,3.04,0.0,44.97,28.1,75.2,delivered,,93.79,
S-00261,R-155,D-020,V-025,Denver-West,Suburban,call_on_arrival,residential,standard,0,rain,2024/11/19 09:00:00 MST,2024/11/19 09:00:00 MST,113,2025-07-19 08:59:00,119,3,4.90,4.9,1.584,8.82,1.0,5.38,0.0,40.84,5.0,82.5,delivered,,76.91,
S-00262,R-135,D-058,V-027,Boulder,Downtown,call_on_arrival,business,standard,0,rain,2025-12-18 15:55 MST,2025-12-18 15:55 MST,114,07/32/2025 10:10 PM,532,9,28.5,28.5,1.911,17.42,0.68,0.0,0.0,29.36,9.2,44.5,delivered,,86.84,
S-00263,R-152,D-048,V-035,Fort-Collins,Rural,leave_at_door,residential,standard,0,snow,2025/11/23 08:10:00 MDT,2025/11/23 08:10:00 MDT,130,2025-07-21 08:28:00,88,1,6.2,6.2,5.884,7.73,1.45,0.0,0.0,55.44,4.2,43.3,failed,customer_not_home,62.78,
S-00264,R-132,D-039,V-015,Colorado-Springs,Suburban,front_desk,residential ,standard,1,rain,2025/09/30 13:50:00 MDT,2025/09/30 13:50:00 MDT,125,2025-07-22 13:52:00,412,1,4.88,4.88,1.733,19.04,1.07,0.0,0.0,37.76,5.8,73.9,delivered,,81.89,
S-00265,R-128,D-015,V-018,Boulder ,Downtown,front_desk,residential,standard,0,clear,2025/05/09 15:20:00 MDT,2025/05/09 15:20:00 MDT,127,2025-07-23 15:12:00,492,2,5.06,5.06,1.863,8.41,0.86,2.13,0.0,44.23,9.2,64.2,delivered,,95.52,
S-00266,R-125,D-032,V-002,Denver-East,Suburban,side_entrance,business,standard,0,wind,2025-01-08 16:50 MST,2025-01-08 16:50 MST,107,2025-07-24 16:49:00,589,4,24.52,24.52,2.908,12.56,1.23,2.72,0.0,,24.0,63.9,failed,package_damaged,68.82,
S-00267,R-147,D-022,V-026,Dnvr-East,Suburban,leave_at_door,residential,expedited,0,clear,2025-12-03 13:10,2025-12-03 13:10,48,2025-07-25 13:10:00,370,1,4.88,4.88,2.878,9.26,0.98,2.02,118.12,46.5,6.5,65.7,delivered,,89.53,
S-00268,R-159,D-011,V-030,Fort-Collins,Suburban,leave_at_door,business ,expedited,0,fog,10/24/2025 12:40 PM MDT,10/24/2025 12:40 PM MDT,67,2025-07-26 12:42:00,342,3,1.62,1.62,5.637,16.98,1.95,0.0,0.0,63.03,7.7,59.0,delivered,,87.56,
S-00269,R-135,D-009,V-040,Boulder,Downtown,locker_pickup,business,standard,0,rain,05-May-2025 11:10,05-May-2025 11:10,119,2025-07-27 11:05:00,245,2,4.55,4.55,0.525,10.27,0.41,0.0,0.0,37.46,21.1,76.5,rescheduled,,64.57,
S-00270,R-138,D-002,V-026,Fort-Collins,Rural,locker_pickup,residential ,standard,0,clear,2025-01-27 18:40 MDT,2025-01-27 18:40 MDT,129,2025-07-28 18:44:00,704,2,6.2,6.2,9.408,18.73,2.97,1.21,0.0,38.85,10.5,63.2,delivered,,81.03,
S-00271,R-106,D-037,V-002,Fort Collins,Industrial,garage,Biz,standard,0,wind,2025/10/10 14:35:00 MST,2025/10/10 14:35:00 MST,119,2025-07-29 14:36:00,456,3,6.9,6.9,2.021,16.64,0.84,1.8,0.0,41.51,22.2,61.0,delivered,,78.66,check
S-00272,R-109,D-042,V-028,Denver-West,Suburban,call_on_arrival,business,standard,0,fog,2024/11/08 13:15:00,2024/11/08 13:15:00,128,2025-07-30 13:15:00,375,2,3.45,3.45,3.935,18.09,1.12,0.0,0.0,48.5,12.3,59.9,delivered,,87.13,
S-00273,R-112,D-056,V-030,Boulder,Downtown,side_entrance,residential,EXPEDITED,0,clear,2024-12-19 12:50,2024-12-19 12:50,46,2025-07-31 12:42:00,342,4,8.27,8.27,3.632,6.27,1.25,1.8,0.0,52.15,6.5,57.2,delivered,,87.89,
S-00274,R-125,D-004,V-017,Dnvr-East,Rural,garage,residential,standard,0,clear,19-Dec-2024 16:35,19-Dec-2024 16:35,122,2025-08-01 16:38:00,578,3,5.76,5.76,6.632,23.12,3.34,2.01,0.0,51.98,11.9,,delivered,,83.06,check
S-00275,R-130,D-021,V-014,Denver-East,Campus,leave_at_door,business,standard,1,rain,03/09/2025 02:10 PM MST,03/09/2025 02:10 PM MST,116,2025-08-02 14:16:00,436,1,1.72,1.72,2.839,25.8,1.16,0.0,0.0,57.31,23.7,56.9,delivered ,,91.2,
S-00276,R-149,D-021,V-022,Denver-East ,Suburban,leave_at_door,residential,standard,0,rain,09-Feb-2025 14:45 MST,09-Feb-2025 14:45 MST,99,2025-08-03 14:44:00,464,1,2.7,2.7,2.361,3.57,1.24,,0.0,44.29,29.8,95.0,delivered,,78.34,
S-00277,R-118,D-057,V-025,Boulder ,Downtown,leave_at_door,residential,standard,1,clear,2024/11/23 07:10:00 MDT,2024/11/23 07:10:00 MDT,123,2025-08-04 07:03:00,3,1,4.58,4.58,3.157,9.93,1.54,8.84,0.0,38.19,38.2,69.9,delivered,,87.15,
S-00278,R-117,D-049,V-027,Fort-Collins,Suburban,front_desk,residential,standard,0,clear,09/28/2025 02:45 PM MST,09/28/2025 02:45 PM MST,112,2025-08-05 14:53:00,473,2,8.02,8.02,4.314,25.71,1.01,,0.0,53.76,6.4,52.5,delivered,,75.5,
S-00279,R-131,D-054,V-006,Denver-West,Downtown,side_entrance,Residential,standard,1,fog,2025-05-23 16:10 MST,2025-05-23 16:10 MST,119,2025-08-06 16:08:00,548,1,6.37,6.37,1.447,15.57,0.96,,0.0,39.61,5.0,70.1,delivered,,78.4,
S-00280,R-104,D-002,V-035,Denver-West,Rural,front_desk,residential,EXPEDITED,1,clear,2024-12-24 17:15 MST,2024-12-24 17:15 MST,62,2025-08-07 17:16:00,616,2,3.16,3.16,4.937,10.45,1.14,,0.0,38.86,8.4,78.6,delivered,,80.43,
S-00281,R-142,D-023,V-015,Denver-West,Suburban,garage,residential,standard,0,clear,2025/10/28 16:15:00 ,2025/10/28 16:15:00 ,137,2025-13-40 25:61:00,552,2,5.53,5.53,2.651,4.75,1.33,0.0,0.0,51.83,8.5,82.7,delivered,,84.02,
S-00282,R-149,D-005,V-003,Denver-West,Downtown,mailroom,business,standard,0,clear,2025-01-19 08:00 MDT,2025-01-19 08:00 MDT,132,2025-08-09 07:59:00,59,2,4.17,4.17,1.951,9.66,1.03,0.0,0.0,,14.2,,delivered ,,81.61,
S-00283,R-113,D-002,V-016,Denver-East,Downtown,mailroom,residential,standard,0,wind,10/22/2025 11:45 AM MST ,10/22/2025 11:45 AM MST ,120,2025-08-10 11:39:00,279,2,5.36,5.36,1.753,24.96,1.13,0.0,0.0,49.06,7.8,70.9,failed,package_damaged,67.22,
S-00284,R-140,D-054,V-002,Fort Collins,Campus,leave_at_door,residential,standard,0,clear,07-Dec-2025 18:05 MST,07-Dec-2025 18:05 MST,129,2025-08-11 17:58:00,658,1,1.65,1.65,2.183,6.08,1.14,0.0,0.0,44.96,12.4,76.1,failed,address_issue,48.73,
S-00285,R-109,D-010,V-016,Colorado Springs,Suburban,front_desk,residential,standard,0,clear,2025/01/26 13:45:00,2025/01/26 13:45:00,117,2025-08-12 13:48:00,408,1,6.07,6.07,4.103,20.43,1.88,,0.0,62.41,8.0,79.8,delivered,,82.83,
S-00286,R-137,D-031,V-008,Boulder,Suburban,side_entrance,residential,expedited,0,snow,2025/02/11 10:30:00 MST,2025/02/11 10:30:00 MST,44,2025-08-13 10:27:00,207,2,7.63,7.63,1.993,12.35,1.09,0.0,0.0,53.4,,64.6,failed,weather_delay,44.21,
S-00287,R-145,D-014,V-030,Boulder,Suburban,call_on_arrival,residential,expedited,0,clear,2025/05/20 15:20:00,2025/05/20 15:20:00,66,2025-08-14 15:17:00,497,1,5.72,5.72,1.413,14.72,0.81,9.81,0.0,37.53,22.5,,delivered,,89.5,
S-00288,R-111,D-017,V-024,Denver-West,Suburban,garage,residential,standard,0,clear,2025/04/28 15:15:00 MDT,2025/04/28 15:15:00 MDT,103,2025-08-15 15:14:00,494,2,8.1,8.1,3.418,36.3,1.28,2.94,0.0,34.94,16.2,61.2,Failed,,63.42,
S-00289,R-148,D-039,V-039,Denver-West,Suburban,front_desk,residential,same_day,0,clear,2025/01/23 09:55:00 MST,2025/01/23 09:55:00 MST,51,2025-08-16 09:56:00,176,3,3.28,3.28,6.84,9.94,3.14,0.0,0.0,41.93,10.1,73.2,failed,address_issue,60.17,check
S-00290,R-150,D-046,V-008,Boulder,Campus,leave_at_door,business,standard,1,clear,2025-06-30 17:40 MST,2025-06-30 17:40 MST,115,2025-08-17 23:03:00,963,4,0.98,0.98,2.290168895086958,19.49,1.85,0.0,0.0,50.49,415.0,46.2,delivered ,,90.51,
S-00291,R-120,D-053,V-011,Fort-Collins,Suburban,leave_at_door,business,standard,0,clear,2025-10-09 15:05 MDT,2025-10-09 15:05 MDT,119,2025-08-18 15:11:00,491,2,4.54,4.54,2.689,10.28,1.02,0.0,0.0,36.22,8.4,86.5,Failed,,51.03,
S-00292,R-102,D-007,V-038,Denver-East,Suburban,mailroom,residential,standard,0,wind,2025-02-01 16:10 ,2025-02-01 16:10 ,126,2025-08-19 16:08:00,548,1,1.70,1.7,3.228,21.82,1.13,0.0,0.0,49.24,4.3,59.8,delivered,,90.95,
S-00293,R-137,D-060,V-020,Colorado-Springs,Suburban,side_entrance,residential ,standard,1,wind,31-Aug-2025 13:05 MDT ,31-Aug-2025 13:05 MDT ,125,2025-08-20 13:05:00,365,1,11.66,11.66,1.796,22.39,0.79,1.78,0.0,37.35,10.8,58.5,delivered,,85.63,
S-00294,R-126,D-044,V-025,Fort-Collins,Downtown,side_entrance,residential,standard,0,clear,2025-07-31 18:50 MDT ,2025-07-31 18:50 MDT ,133,2025-08-21 18:49:00,709,1,3.11,3.11,2.096,8.21,1.32,0.0,0.0,52.73,12.7,69.2,delivered,,86.65,
S-00295,R-105,D-046,V-013,Denver-West,Industrial,leave_at_door,residential,Expedited,0,clear,04/25/2025 03:00 PM MDT,04/25/2025 03:00 PM MDT,63,2025-08-22 15:02:00,482,1,4.99,4.99,3.168,2.47,1.09,0.0,0.0,51.17,6.9,71.6,delivered,,98.97,check
S-00296,R-107,D-038,V-016,Denver East,Suburban,leave_at_door,residential,standard,0,snow,05/15/2025 01:40 PM MDT,05/15/2025 01:40 PM MDT,123,2025-08-23 13:52:00,412,1,3.12,3.12,2.468,2.99,1.31,,118.12,45.34,4.8,58.0,failed,package_damaged,57.04,
S-00297,R-155,D-045,V-020,Denver-East,Suburban,call_on_arrival,business,standard,1,rain,10/13/2025 07:35 AM MDT,10/13/2025 07:35 AM MDT,131,2025-08-24 07:32:00,32,2,6.34,6.34,1.286,18.43,0.69,,0.0,61.69,11.6,88.4,rescheduled,,63.79,
S-00298,R-152,D-044,V-039,Denver-East,Campus,garage,Business,standard,0,clear,02/13/2025 07:40 PM MST,02/13/2025 07:40 PM MST,134,2025-08-25 19:38:00,758,6,16.03,16.03,3.568,11.98,1.69,2.85,0.0,44.69,23.9,57.4,Delivered,,93.46,
S-00299,R-151,D-008,V-037,Boulder ,Suburban,call_on_arrival,business,standard,0,fog,2025/01/07 11:30:00 MST,2025/01/07 11:30:00 MST,123,2025-08-26 11:32:00,272,4,4.35,4.35,1.638,12.13,0.78,,0.0,37.31,12.0,40.3,delivered,,79.25,
S-00300,R-135,D-003,V-023,Denver-East ,Suburban,mailroom,Business,standard,0,clear,12/26/2024 02:45 PM MST,12/26/2024 02:45 PM MST,115,2025-08-27 14:39:00,459,1,8.56,8.56,6.788,14.53,2.2,3.37,0.0,37.06,9.1,63.3,delivered,,81.56,
S-00301,R-105,D-028,V-024,Denver-East,Downtown,front_desk,business,standard,1,clear,02/14/2025 02:35 PM,02/14/2025 02:35 PM,130,2025-08-28 14:47:00,467,4,10.14,10.14,3.467,17.77,1.13,,0.0,51.26,,61.6,delivered,,85.24,check
S-00302,R-101,D-033,V-022,Boulder,Suburban,side_entrance,residential,standard,1,clear,2025/01/27 13:10:00 MST,2025/01/27 13:10:00 MST,111,2025-08-29 13:11:00,371,1,2.85,2.85,1.517,12.03,0.93,0.0,0.0,31.28,10.5,76.2,delivered,,74.11,
S-00303,R-153,D-055,V-027,Boulder,Suburban,package_room_3F,residential,standard,0,clear,2025-12-19 07:55 MDT,2025-12-19 07:55 MDT,119,2025-08-30 07:59:00,59,3,16.41,16.41,7.588,6.76,1.55,3.92,118.12,41.26,8.3,72.8,delivered,,74.18,
S-00304,R-128,D-032,V-007,Fort-Collins,Suburban,side_entrance,Business,standard,0,clear,07/11/2025 11:45 AM MST,07/11/2025 11:45 AM MST,116,2025-08-31 11:39:00,279,3,10.53,10.53,2.086,16.06,1.03,0.0,118.12,39.19,,88.6,delivered,,80.97,
S-00305,R-146,D-024,V-030,Fort-Collins,Industrial,leave_at_door,residential,standard,0,clear,2025/04/01 09:45:00 MST,2025/04/01 09:45:00 MST,110,2025-09-01 09:31:00,151,1,2.41,2.41,3.445,6.95,1.4,0.0,118.12,58.22,6.9,,failed,,60.54,
S-00306,R-112,D-010,V-028,Boulder,Downtown,hand_to_security,residential,STANDARD,0,rain,2025-02-10 14:55 MDT,2025-02-10 14:55 MDT,121,2025-09-02 15:02:00,482,2,1.82,1.82,1.517,12.44,0.53,0.0,0.0,55.09,14.0,63.6,delivered,,80.01,
S-00307,R-142,D-047,V-034,Dnvr-East,Downtown,leave_at_door,business ,STANDARD,0,rain,04/13/2025 12:35 PM,04/13/2025 12:35 PM,110,2025-09-03 12:44:00,344,1,3.42,3.42,4.679,3.68,1.11,6.0,0.0,55.12,17.0,61.5,delivered ,,83.2,
S-00308,R-152,D-018,V-040,Denver-West,Industrial,garage,Residential,standard,0,clear,22-Oct-2025 13:55 MDT,22-Oct-2025 13:55 MDT,111,2025-09-04 13:58:00,418,1,2.21,2.21,8.293,5.32,2.51,9.36,0.0,52.53,17.6,88.6,delivered,,87.77,
S-00309,R-150,D-059,V-035,Fort-Collins,Industrial,garage,residential,standard,0,fog,2025-02-26 07:45 MDT,2025-02-26 07:45 MDT,128,2025-09-05 07:52:00,52,1,6.27,6.27,2.25,9.22,0.65,0.0,118.12,56.47,17.2,66.6,failed ,address_issue,56.51,
S-00310,R-128,D-031,V-030,Denver-East,Suburban,garage,Business,standard,0,clear,2025-08-02 17:05 MDT,2025-08-02 17:05 MDT,100,2025-09-06 17:12:00,612,1,3.06,3.06,2.509,8.57,1.13,0.0,0.0,39.85,6.1,,Delivered,,81.14,
S-00311,R-118,D-053,V-038,Denver-East,Campus,front_desk,res,standard,0,clear,11/10/2024 03:40 PM MST,11/10/2024 03:40 PM MST,111,2025-09-07 15:45:00,525,1,4.86,4.86,1.167,7.31,0.74,3.35,0.0,28.45,10.5,54.0,failed,address_issue,59.92,
S-00312,R-154,D-021,V-016,Boulder ,Suburban,locker_pickup,residential,standard,0,rain,03-Dec-2025 16:10,03-Dec-2025 16:10,112,2025-09-08 16:14:00,554,2,6.44,6.44,3.206,19.54,1.72,5.84,0.0,44.97,9.8,75.5,Delivered,,70.91,
S-00313,R-118,D-060,V-006,Dnvr-East,Downtown,side_entrance,Biz,standard,0,snow,2024/11/18 10:00:00,2024/11/18 10:00:00,125,2025-09-09 10:03:00,183,3,4.21,4.21,1.521,10.38,1.12,0.0,0.0,51.47,,36.6,delivered,,83.43,
S-00314,R-116,D-057,V-029,Boulder,Suburban,side_entrance,business,expedited,0,wind,02-Oct-2025 15:30 MDT,02-Oct-2025 15:30 MDT,72,2025-09-10 15:28:00,508,5,8.73,8.73,5.301,20.35,1.02,4.31,0.0,37.16,20.2,100.0,delivered,,80.32,
S-00315,R-137,D-049,V-030,Denver-West,Downtown,rear_loading_dock,residential,standard,0,clear,2025/12/26 12:50:00 MDT,2025/12/26 12:50:00 MDT,138,2025-09-11 12:43:00,343,1,5.09,5.09,2.075,8.45,0.89,0.0,0.0,44.73,12.9,50.4,delivered,,74.57,
S-00316,R-122,D-040,V-025,Denver-East ,Suburban,front_desk,residential,standard,1,clear,15-Mar-2025 14:15 MDT,15-Mar-2025 14:15 MDT,107,2025-09-12 14:21:00,441,1,3.07,3.07,4.821,19.48,2.25,0.0,0.0,52.85,15.8,44.7,delivered,,88.6,
S-00317,R-155,D-002,V-032,Fort-Collins,Suburban,front_desk,res,same_day,0,wind,2025/02/08 07:00:00 MDT,2025/02/08 07:00:00 MDT,30,2025-09-13 07:07:00,7,5,21.69,21.69,3.683,11.66,0.75,0.0,0.0,51.69,20.7,58.2,rescheduled,,66.89,
S-00318,R-132,D-021,V-012,Denver-West,Suburban,call_on_arrival,residential,standard,1,rain,2025/12/02 10:50:00 MDT,2025/12/02 10:50:00 MDT,119,2025-09-14 10:48:00,228,2,3.45,3.45,3.039,17.19,1.42,1.84,0.0,49.79,15.9,53.1,rescheduled,,68.21,
S-00319,R-152,D-014,V-023,Denver-East,Downtown,call_on_arrival,residential,standard,0,clear,2025-06-09 15:45 MST,2025-06-09 15:45 MST,141,2025-09-15 15:35:00,515,1,6.0,6.0,-2.089,2.78,0.82,,0.0,45.56,8.8,56.2,delivered,,85.31,
S-00320,R-118,D-017,V-022,Colorado Springs,Downtown,call_on_arrival,business,standard,1,rain,15-Dec-2024 08:00 MST,15-Dec-2024 08:00 MST,120,2025-09-16 07:52:00,52,1,3.7,3.7,1.354,20.01,0.85,,0.0,50.36,14.8,86.1,delivered,,79.74,
S-00321,R-145,D-057,V-039,Denver-West,Suburban,front_desk,business,same_day,0,rain,11/05/2025 09:20 AM MDT,11/05/2025 09:20 AM MDT,64,2025-09-17 09:24:00,144,3,12.04,12.04,3.132,11.56,1.65,0.0,0.0,43.12,9.9,73.9,delivered,,87.97,
S-00322,R-136,D-057,V-018,Boulder,Rural,leave_at_door,residential,same_day,0,clear,09-Sep-2025 12:40 MDT,09-Sep-2025 12:40 MDT,45,2025-09-18 12:39:00,339,3,9.22,9.22,4.348,9.34,1.56,0.0,0.0,46.11,14.4,43.0,delivered,,90.87,
S-00323,R-113,D-001,V-034,Denver-East,Suburban,call_on_arrival,business,standard,0,clear,2025-05-23 15:30 MDT,2025-05-23 15:30 MDT,142,2025-09-19 15:28:00,508,3,3.72,3.72,5.943,9.79,1.28,,0.0,50.36,5.4,62.7,delivered,,81.15,
S-00324,R-147,D-006,V-016,Boulder,Rural,locker_pickup,res,standard,0,wind,09/06/2025 01:00 PM MST,09/06/2025 01:00 PM MST,112,2025-09-20 12:52:00,352,1,4.75,4.75,4.931,6.9,2.4,6.47,0.0,37.76,7.8,88.2,delivered,,85.18,
S-00325,R-136,D-027,V-032,Boulder,Suburban,front_desk,residential,STANDARD,0,clear,2025-08-03 16:00,2025-08-03 16:00,118,2025-09-21 15:47:00,527,2,2.53,2.53,3.069,32.46,0.76,,118.12,40.09,33.1,30.6,delivered,,85.48,
S-00326,R-145,D-049,V-016,Denver-East,Downtown,mailroom,residential,standard,0,snow,15-Nov-2024 13:05,15-Nov-2024 13:05,120,2025-09-22 13:09:00,369,1,5.44,5.44,2.779,14.87,1.63,,0.0,58.22,31.3,61.4,failed,,51.29,
S-00327,R-129,D-031,V-032,Fort-Collins,Rural,leave_at_door,residential,expedited,0,snow,05/02/2025 05:15 PM MST ,05/02/2025 05:15 PM MST ,56,2025-09-23 17:26:00,626,1,4.97,4.97,5.667,10.5,1.48,2.83,0.0,30.5,5.9,5.5,failed ,address_issue,54.44,
S-00328,R-106,D-051,V-002,Denver-West,Suburban,garage,business,standard,0,wind,07/14/2025 09:45 AM MDT,07/14/2025 09:45 AM MDT,116,2025-09-24 09:45:00,165,3,2.69,2.69,0.83,5.91,0.58,,0.0,38.17,15.7,44.6,delivered,address_issue,78.4,
S-00329,R-126,D-019,V-015,Colorado Springs,Rural,garage,residential,expedited,0,clear,2024/12/21 11:20:00 MST,2024/12/21 11:20:00 MST,51,2025-09-25 11:17:00,257,7,13.26,13.26,8.52,14.29,3.9,,0.0,30.5,5.0,86.1,delivered,,74.01,
S-00330,R-120,D-045,V-016,Denver-East ,Downtown,side_entrance,residential,standard,1,rain,04/24/2025 01:30 PM MDT,04/24/2025 01:30 PM MDT,120,2025-09-26 13:31:00,391,1,2.35,2.35,1.091,13.01,0.8,4.34,0.0,39.45,,64.6,delivered,,71.81,
S-00331,R-124,D-043,V-038,Denver-East,Campus,leave_at_door,business,standard,0,rain,2024/12/15 18:30:00 MST,2024/12/15 18:30:00 MST,115,2025-09-27 18:44:00,704,3,11.94,11.94,3.573,13.03,1.39,0.0,0.0,46.38,11.1,79.5,DELIVERED,,91.55,
S-00332,R-134,D-031,V-036,Denver-East,Rural,front_desk,business,standard,0,wind,07/05/2025 05:30 PM MST,07/05/2025 05:30 PM MST,116,2025-09-28 17:31:00,631,1,1.4,1.4,5.073,3.65,2.41,,0.0,39.91,15.3,87.1,delivered,,84.37,
S-00333,R-148,D-023,V-028,Denver-East,Suburban,mailroom,business ,expedited,0,clear,10/25/2025 08:00 AM MDT,10/25/2025 08:00 AM MDT,57,2025-09-29 07:52:00,52,2,3.45,3.45,3.838,11.18,0.88,,0.0,22.64,3.8,100.0,delivered,,97.86,
S-00334,R-123,D-036,V-022,Denver-West,Downtown,mailroom,business,standard,1,clear,11/14/2025 04:45 PM MST,11/14/2025 04:45 PM MST,136,2025-09-30 16:24:00,564,5,15.57,15.57,3.458,32.89,1.77,0.0,0.0,45.43,4.8,72.0,delivered,,89.0,
S-00335,R-118,D-045,V-030,Denver-East,Industrial,garage,business,Standard,1,snow,25-Mar-2025 17:50,25-Mar-2025 17:50,120,2025-10-01 18:00:00,660,1,5.49,5.49,12.63,44.02,4.92,,0.0,50.93,7.5,66.3,failed ,,62.81,
S-00336,R-115,D-020,V-017,Boulder,Suburban,mailroom,business,expedited,1,clear,12/24/2025 11:10 AM MST,12/24/2025 11:10 AM MST,58,2025-10-02 10:53:00,233,3,6.65,6.65,1.077,21.7,0.67,,0.0,52.31,5.8,91.1,delivered,,80.54,
S-00337,R-121,D-008,V-013,Fort-Collins,Campus,garage,business,same_day,0,clear,2025/12/30 08:30:00 MDT,2025/12/30 08:30:00 MDT,51,2025-10-03 08:24:00,84,1,3.27,3.27,1.148,6.47,0.69,,0.0,46.83,12.5,49.5,delivered,,77.34,
S-00338,R-149,D-008,V-035,Fort-Collins,Rural,side_entrance,residential,standard,1,clear,2025-04-05 13:15 MST,2025-04-05 13:15 MST,124,2025-10-04 13:22:00,382,1,4.86,4.86,4.905,24.0,1.08,0.0,0.0,39.89,14.3,63.0,delivered,,79.14,
S-00339,R-113,D-045,V-012,Fort-Collins,Industrial,rear_loading_dock,residential,standard,0,clear,2025-11-02 16:40 MST,2025-11-02 16:40 MST,121,2025-10-05 16:39:00,579,2,6.22,6.22,3.095,11.39,1.2,,0.0,40.61,4.1,47.2,delivered,,81.22,
S-00340,R-118,D-014,V-031,Fort-Collins,Industrial,side_entrance,residential,standard,0,clear,03/26/2025 02:20 PM,03/26/2025 02:20 PM,103,2025-10-06 14:15:00,435,2,1.98,1.98,7.268,32.39,2.24,1.13,0.0,51.3,10.2,74.7,delivered,,83.0,
S-00341,R-149,D-047,V-038,Boulder,Suburban,front_desk,business,standard,0,rain,2025/05/10 13:30:00 MDT,2025/05/10 13:30:00 MDT,101,2025-10-07 13:33:00,393,6,8.66,8.66,3.569,18.47,1.45,,118.12,32.94,7.3,69.7,delivered,,89.18,
S-00342,R-119,D-034,V-039,Dnvr-East,Suburban,mailroom,residential,standard,0,wind,2025/06/08 10:15:00 MST,2025/06/08 10:15:00 MST,123,2025-10-08 10:17:00,197,1,6.2,6.2,2.995,21.36,1.69,,0.0,45.16,9.0,58.3,delivered,,74.18,
S-00343,R-119,D-007,V-013,Colorado-Springs,Suburban,front_desk,Business,standard,1,fog,2025/07/22 14:15:00 MST,2025/07/22 14:15:00 MST,135,2025-10-09 14:16:00,436,3,2.48,2.48,1.993,14.55,0.67,0.0,0.0,46.87,18.9,73.3,delivered,,84.23,
S-00344,R-112,D-015,V-024,Colorado Springs,Suburban,call_on_arrival,Biz,standard,0,clear,2025/09/04 14:40:00 MST,2025/09/04 14:40:00 MST,110,2025-10-10 14:42:00,462,1,1.73,1.73,10.65,5.2,3.4,5.31,0.0,43.37,3.7,54.2,delivered,,96.4,
S-00345,R-146,D-020,V-001,Denver-East,Industrial,leave_at_door,residential,expedited,1,clear,10/08/2025 12:40 PM ,10/08/2025 12:40 PM ,52,2025-10-11 12:51:00,351,4,7.62,7.62,4.345,20.94,2.05,0.0,0.0,43.96,6.1,50.8,delivered,,77.3,
S-00346,R-118,D-035,V-009,Boulder,Suburban,leave_at_door,residential ,standard,1,clear,2025-05-08 20:50,2025-05-08 20:50,126,2025-10-12 20:48:00,828,2,6.92,6.92,4.966,12.13,1.69,1.0,0.0,56.44,17.3,65.8,delivered,,84.1,check
S-00347,R-136,D-003,V-004,Boulder,Suburban,leave_at_door,residential,standard,0,rain,07-Jul-2025 11:50,07-Jul-2025 11:50,119,2025-10-13 11:59:00,299,1,2.41,2.41,6.024,5.73,3.04,,0.0,65.04,7.8,96.1,delivered,,81.75,
S-00348,R-141,D-019,V-009,Denver-East,Downtown,garage,residential,expedited,0,clear,20-Aug-2025 07:10,20-Aug-2025 07:10,54,2025-10-14 07:08:00,8,2,4.83,4.83,-3.714,16.37,1.33,0.0,0.0,,8.6,48.8,delivered,address_issue,82.82,
S-00349,R-107,D-056,V-032,Boulder,Suburban,garage,business ,standard,0,clear,16-Feb-2025 11:10,16-Feb-2025 11:10,120,2025-10-15 11:06:00,246,4,5.88,5.88,2.514,29.85,0.86,0.0,0.0,45.37,3.9,63.4,failed,customer_not_home,62.34,
S-00350,R-137,D-056,V-001,Denver-East,Suburban,leave_at_door,business,standard,0,clear,2025/12/03 12:15:00 MDT,2025/12/03 12:15:00 MDT,117,2025-10-16 12:25:00,325,4,13.82,13.82,6.334,12.11,2.79,,0.0,38.96,7.6,71.4,delivered,,90.73,
S-00351,R-131,D-019,V-031,Dnvr-East,Campus,call_on_arrival,business,expedited,0,clear,2024/12/26 12:50:00 MDT,2024/12/26 12:50:00 MDT,64,2025-10-17 12:37:00,337,4,19.34,19.34,1.491,7.39,0.84,0.0,0.0,67.32,4.0,61.1,failed,,50.19,
S-00352,R-112,D-029,V-022,Fort-Collins,Suburban,side_entrance,residential,expedited,0,clear,2025-10-04 09:45 MDT,2025-10-04 09:45 MDT,58,2025-10-18 09:38:00,158,2,3.58,3.58,2.091,5.53,1.07,,0.0,62.19,2.4,51.7,failed,customer_not_home,55.85,
S-00353,R-156,D-004,V-017,Denver-West,Suburban,garage,residential,SAME_DAY,1,fog,2025-02-08 17:35 MST,2025-02-08 17:35 MST,41,2025-10-19 17:32:00,632,3,3.64,3.64,4.821,25.57,2.21,2.66,0.0,35.77,13.0,79.9,failed,customer_not_home,64.88,
S-00354,R-153,D-031,V-008,Colorado-Springs,Downtown,side_entrance,res,standard,0,rain,07-Mar-2025 18:50 MDT,07-Mar-2025 18:50 MDT,128,2025-10-20 19:06:00,726,2,3.91,3.91,1.644,5.84,0.79,1.33,0.0,48.64,6.0,71.7,delivered ,,92.96,
S-00355,R-132,D-005,V-026,Denver-East,Suburban,side_entrance,residential,standard,0,wind,2025-09-24 18:20 MDT,2025-09-24 18:20 MDT,109,2025-10-21 18:27:00,687,1,4.2,4.2,3.982,19.14,1.65,0.0,0.0,44.72,16.4,100.0,rescheduled,,58.19,check
S-00356,R-141,D-005,V-037,Fort-Collins,Downtown,leave_at_door,residential,standard,0,wind,2025/05/12 13:00:00 MDT,2025/05/12 13:00:00 MDT,134,2025-10-22 13:01:00,361,2,7.11,7.11,3.706,12.42,1.41,0.0,0.0,41.38,12.2,46.1,delivered,,89.79,
S-00357,R-110,D-044,V-004,Fort-Collins,Rural,front_desk,residential ,expedited,0,clear,12/12/2025 11:05 AM MST,12/12/2025 11:05 AM MST,64,2025-10-23 11:02:00,242,1,4.12,4.12,2.63,7.0,1.11,3.54,0.0,43.09,22.5,35.3,delivered,,81.43,
S-00358,R-120,D-010,V-037,Boulder,Campus,leave_at_door,business,standard,0,clear,2025-07-17 14:35 MDT,2025-07-17 14:35 MDT,116,2025-10-24 14:44:00,464,6,10.68,10.68,6.511,16.27,2.35,,0.0,53.13,11.1,62.9,failed,customer_not_home,65.55,
S-00359,R-108,D-006,V-016,Colorado-Springs,Suburban,leave_at_door,residential,standard,0,wind,02/17/2025 01:15 PM MST,02/17/2025 01:15 PM MST,125,2025-10-25 13:15:00,375,2,10.76,10.76,7.003,3.69,3.06,3.83,0.0,41.61,12.4,54.0,delivered,,94.49,
S-00360,R-139,D-036,V-027,Colorado-Springs,Downtown,front_desk,residential,standard,0,clear,2025-08-02 16:20 MST,2025-08-02 16:20 MST,106,2025-10-26 16:15:00,555,2,3.59,3.59,3.892,11.66,0.96,0.0,0.0,45.53,26.3,77.5,DELIVERED,,77.46,
S-00361,R-115,D-039,V-040,Boulder,Downtown,side_entrance,residential,expedited,0,snow,20-May-2025 15:15 MST,20-May-2025 15:15 MST,53,2025-10-27 15:21:00,501,2,11.92,11.92,3.917,14.22,1.51,2.4,0.0,50.35,27.9,48.4,delivered,,70.82,
S-00362,R-125,D-050,V-034,Fort-Collins,Campus,garage,residential,standard,0,clear,2025-07-31 12:50 MST,2025-07-31 12:50 MST,109,2025-10-28 12:45:00,345,2,6.39,6.39,0.938,12.71,0.62,3.03,0.0,45.7,4.9,56.5,delivered,,84.41,
S-00363,R-120,D-029,V-029,Boulder ,Campus,side_entrance,business,standard,1,clear,2025-12-10 12:30 ,2025-12-10 12:30 ,125,2025-10-29 12:32:00,332,5,8.67,8.67,6.59,12.89,1.49,,0.0,35.48,15.2,58.7,delivered,,93.63,
S-00364,R-128,D-056,V-038,Fort-Collins,Downtown,front_desk,residential,expedited,0,rain,08/18/2025 02:10 PM MDT,08/18/2025 02:10 PM MDT,55,2025-10-30 14:10:00,430,1,5.51,5.51,1.166,9.81,0.6,,0.0,36.39,6.5,31.8,delivered,,78.04,
S-00365,R-140,D-020,V-037,Boulder,Suburban,garage,residential,same_day,0,rain,22-Oct-2025 14:05 MDT,22-Oct-2025 14:05 MDT,48,2025-10-31 14:01:00,421,3,7.84,7.84,2.779,7.95,1.23,2.34,0.0,50.97,13.1,66.0,delivered,,83.76,
S-00366,R-148,D-004,V-040,Boulder,Rural,call_on_arrival,business,expedited,0,rain,2025/10/12 11:55:00 ,2025/10/12 11:55:00 ,52,2025-11-01 11:59:00,299,3,11.8,11.8,2.054,14.36,0.91,0.0,0.0,44.15,8.2,64.1,delivered,,79.89,
S-00367,R-141,D-007,V-014,Colorado-Springs,Downtown,garage,business,standard,0,clear,02/25/2025 09:40 AM,02/25/2025 09:40 AM,134,2025-11-02 09:45:00,165,2,3.94,3.94,5.711,4.34,2.05,3.34,0.0,48.78,5.7,85.3,delivered,,91.69,
S-00368,R-143,D-014,V-017,Boulder,Suburban,mailroom,residential,standard,0,rain,07/02/2025 09:50 AM,07/02/2025 09:50 AM,121,2025-11-03 09:42:00,162,2,8.67,8.67,2.97,7.94,1.64,0.0,0.0,43.29,11.1,90.9,delivered,,76.89,
S-00369,R-116,D-006,V-011,Fort-Collins,Suburban,garage,residential,standard,1,clear,29-Aug-2025 13:30 MDT,29-Aug-2025 13:30 MDT,120,2025-11-04 13:29:00,389,1,4.26,4.26,5.39,25.05,1.84,0.0,0.0,42.59,4.4,85.0,delivered,,83.13,
S-00370,R-105,D-012,V-036,Denver-East,Industrial,mailroom,residential,standard,1,clear,31-Oct-2025 12:40 MDT,31-Oct-2025 12:40 MDT,118,2025-11-05 12:43:00,343,1,3.76,3.76,4.375,12.91,2.03,3.22,118.12,36.75,14.4,93.5,delivered,,81.82,
S-00371,R-127,D-011,V-001,Fort-Collins,Suburban,building_super,business,standard,0,clear,11/07/2025 12:00 PM MST,11/07/2025 12:00 PM MST,136,2025-11-06 12:09:00,309,2,12.16,12.16,10.278,9.54,4.07,0.0,0.0,45.55,,55.7,delivered,,80.61,
S-00372,R-131,D-029,V-039,Denver-East,Suburban,front_desk,residential,standard,0,rain,02-Jun-2025 17:30 MST,02-Jun-2025 17:30 MST,124,2025-11-07 17:39:00,639,3,3.2,3.2,6.717,15.71,3.26,3.52,0.0,54.7,8.6,44.7,delivered,,98.43,
S-00373,R-115,D-019,V-003,Denver-East,Industrial,garage,residential,standard,0,rain,04-Jun-2025 12:45 MDT,04-Jun-2025 12:45 MDT,132,2025-11-08 12:39:00,339,4,11.17,11.17,4.385,30.52,1.65,0.0,0.0,40.11,15.5,62.0,delivered,,79.79,
S-00374,R-145,D-019,V-019,Denver-West,Rural,leave_at_door,business ,standard,0,clear,2025-07-29 17:50,2025-07-29 17:50,137,2025-11-09 17:42:00,642,2,7.12,7.12,2.522,6.37,1.08,0.0,0.0,46.49,13.8,74.7,delivered,,81.21,check
S-00375,R-105,D-056,V-030,Colorado-Springs,Downtown,garage,residential,standard,0,snow,2024/11/30 10:35:00,2024/11/30 10:35:00,108,2025-11-10 10:50:00,230,3,6.66,6.66,1.8,7.58,0.85,4.06,118.12,55.5,4.8,100.0,FAILED,package_damaged,54.07,
S-00376,R-160,D-044,V-015,Denver-West,Downtown,front_desk,residential,expedited,1,wind,17-Dec-2025 12:05 MDT,17-Dec-2025 12:05 MDT,65,2025-11-11 12:02:00,302,4,6.86,6.86,0.883,10.43,0.57,0.0,0.0,41.74,22.9,86.1,delivered,,82.33,
S-00377,R-143,D-017,V-038,Colorado-Springs,Campus,rear_loading_dock,residential,standard,0,clear,09/12/2025 05:20 PM MDT ,09/12/2025 05:20 PM MDT ,125,2025-11-12 17:20:00,620,1,4.08,4.08,3.214,3.83,1.38,2.07,118.12,43.58,10.8,90.3,delivered,,87.4,
S-00378,R-128,D-052,V-013,Denver East,Suburban,garage,business,expedited,1,clear,05/09/2025 03:45 PM,05/09/2025 03:45 PM,54,2025-11-13 15:40:00,520,5,34.17,34.17,1.435,18.84,0.56,,118.12,36.07,13.1,50.0,failed,weather_delay,63.59,
S-00379,R-115,D-008,V-035,Fort-Collins,Downtown,rear_loading_dock,business ,standard,0,clear,02/14/2025 11:55 AM MDT ,02/14/2025 11:55 AM MDT ,120,2025-11-14 11:46:00,286,4,4.59,4.59,1.793,8.65,0.46,0.0,0.0,60.53,,64.9,delivered,,79.35,
S-00380,R-159,D-042,V-010,Boulder,Suburban,garage,residential,Standard,1,clear,21-Dec-2024 14:45,21-Dec-2024 14:45,128,2025-11-15 14:29:00,449,2,3.15,3.15,2.186,19.49,0.79,0.0,0.0,59.91,18.0,60.4,delivered,,83.27,
S-00381,R-105,D-018,V-010,Denver-West,Suburban,side_entrance,residential,expedited,0,fog,2025/11/16 12:00:00 MST,2025/11/16 12:00:00 MST,70,2025-11-16 12:01:00,301,1,6.96,6.96,1.426,5.07,0.86,,0.0,,6.2,76.8,FAILED,weather_delay,58.74,
S-00382,R-151,D-004,V-011,Denver-East,Downtown,side_entrance,residential,expedited,0,clear,05/02/2025 04:20 PM MDT,05/02/2025 04:20 PM MDT,80,2025-11-17 16:07:00,547,6,21.05,21.05,2.088,21.38,1.02,0.0,118.12,27.37,10.6,64.6,failed,security_access,66.21,
S-00383,R-148,D-020,V-039,Colorado-Springs,Downtown,call_on_arrival,business,same_day,0,rain,09-Jan-2025 11:45 MDT,09-Jan-2025 11:45 MDT,45,2025-11-18 11:43:00,283,1,3.94,3.94,0.772,9.52,0.85,0.0,0.0,32.95,9.7,,delivered,,87.43,
S-00384,R-159,D-053,V-037,Boulder,Suburban,mailroom,residential,standard,1,wind,2025/08/16 18:00:00 MST,2025/08/16 18:00:00 MST,123,2025-11-19 18:08:00,668,1,3.81,3.81,1.036,11.29,0.43,2.0,0.0,46.36,14.7,73.5,delivered,,80.88,
S-00385,R-108,D-019,V-029,Denver-East,Downtown,garage,business,standard,1,snow,2025/10/24 10:45:00,2025/10/24 10:45:00,121,2025-11-20 10:48:00,228,5,14.72,14.72,2.711,16.63,0.76,2.54,0.0,41.37,16.5,66.6,delivered,vehicle_issue,80.0,
S-00386,R-145,D-030,V-020,Boulder ,Downtown,garage,residential,expedited,0,rain,2025-08-14 18:55 MST,2025-08-14 18:55 MST,69,2025-11-21 19:05:00,725,2,10.77,10.77,0.677,7.69,0.63,5.66,0.0,46.34,6.0,37.0,delivered,,72.56,
S-00387,R-133,D-026,V-018,Denver-East,Downtown,mailroom,residential,expedited,0,clear,17-Jul-2025 10:35 MDT,17-Jul-2025 10:35 MDT,66,2025-11-22 10:30:00,210,3,5.52,5.52,1.851,7.75,1.08,3.39,0.0,48.5,8.4,47.1,delivered,,81.86,
S-00388,R-129,D-035,V-032,Colorado-Springs,Suburban,leave_at_door,business ,standard,0,clear,12-Dec-2025 17:50 MST,12-Dec-2025 17:50 MST,128,2025-11-23 17:50:00,650,1,1.23,1.23,3.497,8.47,0.82,0.0,118.12,61.91,,56.7,failed,customer_not_home,52.54,
S-00389,R-103,D-006,V-039,Denver-East,Industrial,call_on_arrival,business,standard,0,clear,2025/09/15 11:05:00 MST,2025/09/15 11:05:00 MST,118,2025-11-24 11:15:00,255,2,2.08,2.08,5.97,8.77,2.76,1.38,0.0,41.1,15.7,61.2,delivered,,93.28,
S-00390,R-148,D-057,V-028,Dnvr-East,Suburban,package_room_3F,residential,Standard,0,clear,2025-10-26 07:40 MDT,2025-10-26 07:40 MDT,127,07/32/2025 10:10 PM,41,1,3.61,3.61,6.595,18.41,1.39,2.0,0.0,42.39,26.9,50.1,delivered,,89.15,
S-00391,R-117,D-021,V-039,Fort-Collins,Campus,leave_at_door,residential,expedited,0,clear,2025-10-07 19:15 MDT,2025-10-07 19:15 MDT,62,2025-11-26 19:01:00,721,2,8.21,8.21,2.186,3.33,1.18,0.0,0.0,36.29,6.6,70.4,delivered,,93.01,
S-00392,R-115,D-002,V-006,Denver-West,Rural,mailroom,residential,standard,1,snow,2025/11/28 14:50:00 MDT,2025/11/28 14:50:00 MDT,110,2025-11-27 15:04:00,484,2,9.33,9.33,10.802,27.52,5.3,0.0,0.0,,3.9,54.6,failed,security_access,60.13,
S-00393,R-138,D-044,V-037,Denver-West,Suburban,mailroom,business,standard,0,clear,13-Feb-2025 15:10 ,13-Feb-2025 15:10 ,128,2025-11-28 15:09:00,489,6,6.1,6.1,1.401,14.17,0.62,0.0,0.0,46.8,11.9,44.4,delivered,,92.52,
S-00394,R-137,D-002,V-018,Boulder,Suburban,front_desk,residential,expedited,1,clear,2024/11/03 13:40:00,2024/11/03 13:40:00,60,2025-11-29 13:38:00,398,1,3.36,3.36,2.455,8.07,1.01,0.0,118.12,33.21,11.9,65.9,failed,vehicle_issue,65.93,
S-00395,R-131,D-003,V-012,Boulder,Suburban,mailroom,residential,standard,0,clear,2025/02/11 12:00:00,2025/02/11 12:00:00,132,2025-11-30 11:55:00,295,3,4.06,4.06,4.818,6.31,1.87,0.0,0.0,58.21,17.1,57.2,delivered,,70.76,
S-00396,R-159,D-034,V-029,Denver-East,Suburban,side_entrance,business,expedited,1,clear,2025/03/23 15:15:00 MST,2025/03/23 15:15:00 MST,59,2025-12-01 15:16:00,496,5,3.11,3.11,1.179,14.99,0.62,0.0,0.0,56.89,4.8,42.6,failed,vehicle_issue,54.72,
S-00397,R-138,D-018,V-012,Denver-East,Campus,call_on_arrival,residential,same_day,1,wind,06-Jan-2025 12:50 MST,06-Jan-2025 12:50 MST,49,2025-12-02 12:54:00,354,2,3.97,3.97,4.097,12.37,1.63,1.89,0.0,55.16,5.0,86.4,delivered,,82.74,
S-00398,R-106,D-028,V-032,Denver-East,Downtown,side_entrance,residential,expedited,0,clear,09-Apr-2025 09:20 MDT,09-Apr-2025 09:20 MDT,71,2025-12-03 09:23:00,143,3,1.75,1.75,2.941,7.63,0.69,0.0,0.0,37.9,9.3,52.1,delivered,,76.72,
S-00399,R-127,D-031,V-023,Denver-East,Rural,rear_loading_dock,residential,same_day,0,clear,10/02/2025 06:50 PM MDT,10/02/2025 06:50 PM MDT,48,2025-12-04 18:52:00,712,3,8.58,8.58,4.144,12.86,1.72,1.35,0.0,46.63,11.1,92.2,rescheduled,,59.57,
S-00400,R-143,D-022,V-021,Denver-East,Downtown,rear_loading_dock,business,same_day,0,clear,2024/12/06 10:10:00 MST,2024/12/06 10:10:00 MST,45,2025-12-05 10:16:00,196,3,13.65,13.65,1.67,13.07,0.87,0.0,0.0,32.29,12.4,61.6,failed,vehicle_issue,64.87,
S-00401,R-122,D-007,V-011,Denver East,Downtown,garage,residential,standard,0,clear,2025-06-20 19:30,2025-06-20 19:30,119,2025-12-06 19:20:00,740,1,1.92,1.92,2.675,32.22,1.14,0.0,0.0,41.75,13.6,82.9,Delivered,,80.7,check
S-00402,R-119,D-027,V-032,Boulder ,Rural,garage,residential,standard,0,clear,2025-08-09 10:10 MDT,2025-08-09 10:10 MDT,116,2025-12-07 10:17:00,197,3,3.91,3.91,14.636,18.89,2.56,0.0,0.0,47.24,18.9,65.4,DELIVERED,,71.94,
S-00403,R-153,D-043,V-026,Fort Collins,Campus,rear_loading_dock,residential,standard,0,rain,2025/05/09 12:30:00,2025/05/09 12:30:00,121,2025-12-08 12:30:00,330,1,4.07,4.07,7.671,7.32,2.57,0.0,0.0,36.61,15.7,67.1,failed,,54.38,check
S-00404,R-103,D-049,V-036,Fort-Collins,Campus,call_on_arrival,residential,standard,0,clear,2025-07-09 12:05,2025-07-09 12:05,131,2025-12-09 12:04:00,304,2,1.79,1.79,0.904,11.17,0.9,6.55,0.0,41.99,8.5,27.6,delivered,,90.75,
S-00405,R-121,D-030,V-006,Boulder,Rural,locker_pickup,residential,expedited,0,clear,2025/11/18 15:50:00 MST,2025/11/18 15:50:00 MST,50,2025-12-10 15:38:00,518,4,10.47,10.47,1.647,14.5,1.11,0.0,0.0,46.31,11.5,52.7,FAILED,vehicle_issue,62.07,
S-00406,R-108,D-017,V-021,Denver-East ,Suburban,front_desk,residential,standard,0,clear,2025-02-04 14:40 MST,2025-02-04 14:40 MST,126,2025-12-11 14:51:00,471,1,2.45,2.45,3.766,6.28,1.82,,0.0,50.89,7.4,69.7,failed,address_issue,64.71,
S-00407,R-156,D-050,V-026,Denver-East,Suburban,call_on_arrival,business,expedited,0,rain,11/04/2025 03:30 PM MDT,11/04/2025 03:30 PM MDT,58,2025-12-12 15:29:00,509,3,5.71,5.71,5.844,8.98,2.03,0.0,0.0,52.95,5.8,68.9,Failed,customer_not_home,59.83,
S-00408,R-143,D-033,V-001,Denver-East,Rural,mailroom,residential,standard,0,clear,05/15/2025 04:00 PM MDT,05/15/2025 04:00 PM MDT,120,2025-12-13 16:00:00,540,1,4.17,4.17,4.488,20.76,2.12,0.0,0.0,45.85,13.1,37.8,delivered,,71.53,
S-00409,R-130,D-056,V-035,Denver-West,Rural,leave_at_door,business,standard,0,clear,23-Nov-2025 12:10,23-Nov-2025 12:10,113,2025-12-14 12:24:00,324,3,6.60,6.6,11.561,26.28,2.13,,0.0,46.96,8.7,31.3,delivered,,85.37,
S-00410,R-113,D-027,V-004,Fort-Collins,Rural,building_super,residential,standard,0,wind,16-Mar-2025 08:05,16-Mar-2025 08:05,120,2025-12-15 08:12:00,72,2,2.89,2.89,2.636,11.12,1.3,3.84,0.0,36.23,6.9,82.4,failed,vehicle_issue,45.65,
S-00411,R-140,D-034,V-024,Denver-East,Suburban,side_entrance,residential ,expedited,0,snow,13-Feb-2025 11:10 MST,13-Feb-2025 11:10 MST,49,2025-12-16 11:18:00,258,3,28.38,28.38,2.686,18.73,1.28,,0.0,36.68,21.3,72.7,failed,address_issue,69.33,
S-00412,R-141,D-049,V-032,Fort-Collins,Suburban,side_entrance,residential,expedited,0,clear,2025-03-09 11:05 MST,2025-03-09 11:05 MST,60,2025-12-17 11:14:00,254,1,5.89,5.89,5.072,7.7,1.04,0.0,0.0,47.71,5.3,,delivered,,84.99,check
S-00413,R-114,D-029,V-004,Denver-West,Suburban,leave_at_door,residential,STANDARD,0,rain,11/09/2025 04:55 PM,11/09/2025 04:55 PM,119,2025-12-18 17:02:00,602,1,6.11,6.11,5.274,4.93,2.49,0.0,0.0,40.98,4.9,71.3,delivered,,87.98,
S-00414,R-109,D-018,V-036,Denver-East,Industrial,garage,residential,standard,0,rain,2025/12/04 10:50:00 MDT,2025/12/04 10:50:00 MDT,126,2025-12-19 10:48:00,228,1,1.93,1.93,3.114,4.26,1.71,0.0,0.0,46.75,22.3,100.0,delivered,,74.16,
S-00415,R-129,D-060,V-019,Fort-Collins,Suburban,garage,residential,standard,0,fog,30-Nov-2024 10:35 MDT,30-Nov-2024 10:35 MDT,125,2025-12-20 10:33:00,213,1,14.88,14.88,2.415,20.09,1.2,0.0,0.0,52.72,6.9,58.4,delivered,,81.72,
S-00416,R-108,D-057,V-032,Denver-East,Rural,call_on_arrival,business,Standard,0,fog,05/31/2025 03:05 PM MST,05/31/2025 03:05 PM MST,126,2025-12-21 15:08:00,488,1,1.78,1.78,8.984,16.45,1.83,0.0,0.0,42.32,13.6,66.9,failed,vehicle_issue,65.24,
S-00417,R-152,D-002,V-039,Fort-Collins,Industrial,side_entrance,residential,same_day,0,clear,2025-09-08 16:50 MDT,2025-09-08 16:50 MDT,49,2025-12-22 16:48:00,588,1,3.83,3.83,1.039,12.78,1.15,0.0,0.0,47.68,20.6,58.4,rescheduled,,56.35,
S-00418,R-120,D-016,V-011,Denver-East,Downtown,leave_at_door,Residential,standard,0,clear,2025-09-16 11:40,2025-09-16 11:40,106,2025-12-23 11:44:00,284,1,2.35,2.35,2.945,9.07,1.14,7.98,0.0,39.83,7.7,71.3,delivered,,96.26,
S-00419,R-136,D-036,V-001,Colorado-Springs,Industrial,front_desk,residential,same_day,0,clear,02/19/2025 06:45 PM MST,02/19/2025 06:45 PM MST,51,2025-12-24 18:40:00,700,1,2.36,2.36,2.993,6.83,1.55,0.0,0.0,49.73,9.2,75.7,delivered,,87.72,
S-00420,R-115,D-027,V-006,Colorado-Springs,Downtown,mailroom,business,Standard,1,wind,2025-01-16 13:45,2025-01-16 13:45,130,2025-12-25 13:48:00,408,4,3.14,3.14,2.687,20.04,1.36,3.17,0.0,40.63,7.5,46.7,delivered,,79.15,
S-00421,R-130,D-054,V-008,Denver-East,Downtown,garage,residential,standard,0,rain,03/09/2025 01:35 PM MDT,03/09/2025 01:35 PM MDT,108,2025-12-26 13:40:00,400,4,8.86,8.86,4.224,11.81,1.59,0.0,0.0,45.74,7.3,76.6,delivered,,78.8,
S-00422,R-132,D-008,V-010,Denver-West,Suburban,garage,residential,standard,0,rain,2025/08/19 15:45:00,2025/08/19 15:45:00,125,2025-12-27 15:44:00,524,3,8.45,8.45,5.493,19.58,1.97,,0.0,46.6,9.6,47.2,delivered,,91.68,
S-00423,R-133,D-060,V-019,Denver-East,Downtown,garage,Biz,same_day,1,clear,2025-06-08 11:15 MDT,2025-06-08 11:15 MDT,54,2025-12-28 11:21:00,261,2,3.78,3.78,2.134,11.49,0.86,0.0,118.12,45.45,14.6,100.0,failed,,64.35,
S-00424,R-127,D-046,V-018,Boulder,Downtown,garage,Biz,standard,1,rain,17-Apr-2025 15:35,17-Apr-2025 15:35,126,2025-12-29 15:41:00,521,1,4.45,4.45,0.777,10.25,0.46,0.0,0.0,38.63,4.4,63.5,delivered,,83.14,
S-00425,R-131,D-054,V-031,Colorado-Springs,Industrial,side_entrance,residential,standard,1,rain,2025/11/12 12:00:00 MDT,2025/11/12 12:00:00 MDT,130,2025-12-30 12:05:00,305,1,2.17,2.17,3.832,11.52,1.69,0.0,0.0,61.24,13.3,75.9,delivered,,78.68,
S-00426,R-136,D-016,V-030,Boulder,Campus,call_on_arrival,residential,standard,0,fog,09/06/2025 04:10 PM MST,09/06/2025 04:10 PM MST,103,2024-11-01 16:13:00,553,3,1.90,1.9,4.709,7.7,1.63,,0.0,42.62,7.1,33.6,delivered,,83.46,
S-00427,R-113,D-010,V-025,Denver-East,Industrial,side_entrance,res,standard,0,clear,2025-08-02 14:55,2025-08-02 14:55,129,2024-11-02 14:46:00,466,2,3.82,3.82,1.38,6.74,0.85,,118.12,40.34,17.8,79.0,delivered,,78.27,check
S-00428,R-133,D-059,V-039,Denver-West,Rural,call_on_arrival,residential,standard,0,clear,2025/02/20 09:30:00,2025/02/20 09:30:00,125,2024-11-03 09:44:00,164,1,3.27,3.27,13.211,5.39,5.92,2.86,0.0,46.55,5.9,52.8,delivered ,,95.38,check
S-00429,R-156,D-048,V-009,Boulder,Suburban,leave_at_door,Residential,expedited,1,clear,2025-08-06 18:05,2025-08-06 18:05,61,2024-11-04 18:04:00,664,5,4.29,4.29,5.011,14.2,1.98,0.0,118.12,54.98,10.7,89.7,failed,vehicle_issue,69.08,
S-00430,R-150,D-005,V-018,Denver-East,Downtown,front_desk,residential,expedited,1,clear,04-Nov-2024 10:55 MST,04-Nov-2024 10:55 MST,71,2024-11-05 10:46:00,226,1,3.41,3.41,1.981,20.93,0.77,0.0,0.0,48.45,,99.6,Rescheduled,,74.64,
S-00431,R-122,D-051,V-027,Colorado-Springs,Rural,leave_at_door,business,STANDARD,1,clear,14-Feb-2025 17:50 ,14-Feb-2025 17:50 ,115,2024-11-06 17:54:00,654,1,4.37,4.37,13.77,9.83,2.71,0.0,0.0,44.02,4.2,79.9,delivered ,,86.02,
S-00432,R-118,D-060,V-033,Denver-East,Industrial,side_entrance,business,standard,0,clear,2025/05/31 11:40:00,2025/05/31 11:40:00,136,2024-11-07 11:34:00,274,5,29.24,29.24,2.593,5.57,1.04,0.0,0.0,41.17,11.1,38.8,rescheduled,,68.24,
S-00433,R-119,D-053,V-001,Boulder,Suburban,side_entrance,residential,expedited,0,rain,11/29/2025 12:15 PM,11/29/2025 12:15 PM,41,2024-11-08 12:24:00,324,5,8.17,8.17,3.273,13.01,1.63,4.49,0.0,36.87,4.6,67.1,failed,weather_delay,55.74,
S-00434,R-154,D-047,V-020,Denver-West,Suburban,front_desk,business,standard,0,snow,2025-12-11 10:55 MDT,2025-12-11 10:55 MDT,134,2024-11-09 11:06:00,246,2,7.12,7.12,4.367,7.8,1.68,3.91,0.0,59.59,3.6,66.1,delivered,,81.97,
S-00435,R-143,D-038,V-038,Boulder,Suburban,call_on_arrival,residential,expedited,0,clear,11/17/2025 12:20 PM MST ,11/17/2025 12:20 PM MST ,56,2024-11-10 12:25:00,325,1,1.58,1.58,3.461,8.63,1.27,2.05,0.0,46.81,29.4,68.0,delivered,,83.33,check
S-00436,R-129,D-032,V-010,Denver-East,Suburban,garage,residential,standard,0,clear,10-Jan-2025 13:05 MDT,10-Jan-2025 13:05 MDT,111,2024-11-11 13:02:00,362,1,9.07,9.07,1.433,11.1,0.83,2.92,0.0,,4.1,100.0,delivered,vehicle_issue,84.66,
S-00437,R-123,D-035,V-031,Colorado-Springs,Campus,leave_at_door,residential,expedited,1,fog,01/03/2025 07:10 AM MDT,01/03/2025 07:10 AM MDT,57,2024-11-12 07:19:00,19,1,2.06,2.06,3.19,21.3,1.39,2.04,0.0,42.52,17.7,78.8,delivered,,84.17,
S-00438,R-149,D-022,V-036,Denver-East,Suburban,front_desk,residential,standard,0,wind,04/05/2025 07:50 AM MST,04/05/2025 07:50 AM MST,120,2024-11-13 07:52:00,52,1,5.53,5.53,1.862,13.76,0.93,0.0,0.0,50.11,6.8,54.2,delivered,,74.26,
S-00439,R-130,D-035,V-025,Denver-East,Suburban,mailroom,Residential,standard,1,clear,2025/08/13 08:00:00,2025/08/13 08:00:00,110,2024-11-14 07:55:00,55,1,1.65,1.65,3.093,12.93,1.63,0.0,0.0,36.09,9.0,45.1,rescheduled,,57.34,check
S-00440,R-156,D-060,V-021,Denver-East ,Rural,front_desk,residential,standard,0,rain,2025-02-08 14:35,2025-02-08 14:35,112,2024-11-15 14:36:00,456,2,19.1,19.1,6.081,5.74,1.98,1.49,0.0,35.29,30.8,61.8,delivered ,,81.28,
S-00441,R-137,D-013,V-016,Boulder,Rural,leave_at_door,residential,Standard,0,clear,04/25/2025 02:15 PM,04/25/2025 02:15 PM,121,2024-11-16 14:20:00,440,1,20.92,20.92,9.585,7.98,4.21,3.08,0.0,53.14,8.6,64.1,failed,vehicle_issue,48.49,
S-00442,R-155,D-025,V-015,Denver-East,Suburban,call_on_arrival,residential,expedited,0,clear,2024/12/20 10:40:00 MST ,2024/12/20 10:40:00 MST ,74,2024-11-17 10:48:00,228,3,13.32,13.32,3.967,9.05,1.72,4.73,0.0,44.92,5.4,41.8,Delivered,,81.59,
S-00443,R-103,D-050,V-027,Boulder ,Downtown,garage,residential,expedited,0,rain,2025/07/09 16:05:00 MST,2025/07/09 16:05:00 MST,53,07/32/2025 10:10 PM,543,1,1.66,1.66,1.284,10.17,0.49,1.72,0.0,42.87,18.8,73.4,failed,,68.68,
S-00444,R-146,D-021,V-031,Denver-West,Suburban,mailroom,business,STANDARD,1,snow,05/18/2025 08:50 AM,05/18/2025 08:50 AM,117,2024-11-19 08:52:00,112,4,6.73,6.73,4.435,15.15,1.79,,0.0,52.74,10.4,46.7,delivered,,78.0,
S-00445,R-125,D-059,V-025,Denver-East,Rural,leave_at_door,residential,same_day,0,wind,29-Oct-2025 18:00 MDT,29-Oct-2025 18:00 MDT,36,2024-11-20 18:03:00,663,6,4.69,4.69,4.136,13.97,2.01,0.0,0.0,56.62,7.1,30.2,failed,package_damaged,46.57,
S-00446,R-132,D-043,V-010,Denver-East,Suburban,call_on_arrival,residential,Standard,0,fog,2025-04-25 07:10,2025-04-25 07:10,135,2024-11-21 07:05:00,5,1,2.77,2.77,3.739,2.81,1.46,0.0,0.0,,4.7,92.5,failed,weather_delay,56.36,
S-00447,R-133,D-003,V-009,Denver-West,Downtown,front_desk,business,EXPEDITED,1,clear,12-Sep-2025 19:00 MDT,12-Sep-2025 19:00 MDT,42,2024-11-22 18:59:00,719,5,6.69,6.69,2.621,31.26,0.99,0.0,0.0,35.52,9.4,57.0,delivered,,89.55,
S-00448,R-156,D-038,V-022,Denver-East,Downtown,call_on_arrival,business,standard,1,snow,2025-07-04 17:55 MDT,2025-07-04 17:55 MDT,113,2024-11-23 18:11:00,671,1,13.55,13.55,10.269,16.98,5.29,0.0,0.0,47.05,12.4,59.5,failed,,53.71,
S-00449,R-107,D-007,V-029,Denver-East,Industrial,call_on_arrival,residential,expedited,0,wind,11-May-2025 12:45,11-May-2025 12:45,56,2024-11-24 12:40:00,340,1,3.4,3.4,5.823,9.97,1.38,,0.0,51.44,5.0,58.3,DELIVERED,,84.6,check
S-00450,R-101,D-034,V-030,Denver-East,Suburban,garage,residential,expedited,0,snow,08/31/2025 03:30 PM MDT ,08/31/2025 03:30 PM MDT ,50,2024-11-25 15:31:00,511,3,13.13,13.13,1.789,8.88,0.95,0.0,0.0,35.57,4.6,21.3,delivered ,,81.55,
S-00451,R-127,D-047,V-010,Fort Collins,Suburban,leave_at_door,residential,standard,0,rain,2025/08/03 18:40:00 MST,2025/08/03 18:40:00 MST,112,2024-11-26 18:46:00,706,3,8.91,8.91,2.83,27.36,1.14,3.28,118.12,42.68,9.1,58.4,failed,weather_delay,55.39,
S-00452,R-105,D-056,V-010,Denver-West,Campus,side_entrance,residential,standard,0,clear,2025-06-30 13:50,2025-06-30 13:50,137,2024-11-27 13:55:00,415,4,9.97,9.97,4.528,11.93,1.6,,118.12,70.07,9.3,39.6,Failed,vehicle_issue,57.32,
S-00453,R-122,D-031,V-017,Denver-West,Suburban,call_on_arrival,Residential,expedited,1,rain,2025/11/12 08:50:00 MST,2025/11/12 08:50:00 MST,64,2024-11-28 09:06:00,126,1,1.07,1.07,12.968,17.96,5.87,,0.0,38.07,5.2,37.0,rescheduled,,67.46,
S-00454,R-142,D-040,V-026,Fort-Collins,Suburban,front_desk,business,expedited,0,clear,2025-08-05 17:20,2025-08-05 17:20,59,2024-11-29 17:16:00,616,6,22.89,22.89,0.657,14.53,0.59,,0.0,40.65,7.2,52.1,failed,vehicle_issue,70.82,
S-00455,R-155,D-006,V-022,Colorado Springs,Industrial,building_super,residential,standard,1,clear,2025/01/07 09:00:00 MDT,2025/01/07 09:00:00 MDT,131,2024-11-30 09:06:00,126,2,4.64,4.64,3.385,13.34,1.61,0.0,0.0,23.62,7.7,60.9,rescheduled,,64.01,
S-00456,R-125,D-044,V-035,Denver East,Suburban,garage,residential,standard,0,snow,2025-08-21 07:55 MDT ,2025-08-21 07:55 MDT ,121,2025-13-40 25:61:00,59,1,1.42,1.42,2.843,13.93,0.92,7.86,0.0,70.17,23.3,50.4,FAILED,customer_not_home,56.61,
S-00457,R-156,D-021,V-032,Colorado-Springs,Downtown,call_on_arrival,residential,standard,0,clear,2025-03-23 09:45 MST,2025-03-23 09:45 MST,123,2024-12-02 09:41:00,161,4,5.09,5.09,3.82,14.07,0.87,,0.0,42.05,9.8,64.4,failed,customer_not_home,68.28,
S-00458,R-140,D-035,V-003,Colorado-Springs,Industrial,front_desk,residential,standard,0,clear,13-Apr-2025 13:35,13-Apr-2025 13:35,105,2024-12-03 13:28:00,388,2,10.18,10.18,3.437,11.22,1.24,0.0,0.0,45.48,17.0,65.5,failed,address_issue,52.36,
S-00459,R-141,D-005,V-016,Boulder,Campus,package_room_3F,residential,standard,0,clear,2025/12/09 11:40:00 MDT,2025/12/09 11:40:00 MDT,126,2024-12-04 11:28:00,268,1,21.27,21.27,-5.718,9.31,2.41,0.0,0.0,54.1,7.8,89.6,delivered,,84.68,
S-00460,R-115,D-044,V-019,Fort Collins,Industrial,front_desk,Biz,expedited,1,clear,2025/11/11 18:40:00 MST,2025/11/11 18:40:00 MST,63,2024-12-05 18:45:00,705,1,11.09,11.09,7.553,12.9,2.57,0.0,0.0,53.56,18.3,100.0,delivered,,87.79,
S-00461,R-128,D-048,V-006,Denver-East,Campus,garage,residential,standard,0,clear,08/26/2025 04:45 PM MST,08/26/2025 04:45 PM MST,116,2024-12-06 16:50:00,590,4,18.66,18.66,3.272,26.29,1.63,0.0,0.0,,17.1,,rescheduled,,70.48,
S-00462,R-129,D-007,V-007,Denver-West,Suburban,call_on_arrival,residential,expedited,0,fog,2025-06-13 15:45,2025-06-13 15:45,58,2024-12-07 15:43:00,523,1,7.78,7.78,6.277,14.8,2.91,0.0,0.0,,7.7,56.2,delivered,,81.0,
S-00463,R-158,D-011,V-020,Denver-East,Suburban,garage,business,expedited,0,clear,2025-06-16 08:15,2025-06-16 08:15,71,2024-12-08 08:21:00,81,1,1.51,1.51,4.445,12.78,1.59,,0.0,56.12,12.5,54.4,delivered,,83.14,
S-00464,R-121,D-002,V-003,Denver-West,Downtown,call_on_arrival,residential,standard,0,snow,28-Apr-2025 15:15,28-Apr-2025 15:15,126,2024-12-09 15:20:00,500,2,4.22,4.22,1.995,12.52,1.04,0.0,0.0,50.71,5.0,73.1,failed,vehicle_issue,52.73,
S-00465,R-119,D-051,V-004,Denver-East,Suburban,front_desk,residential,standard,0,rain,2025-07-16 16:50,2025-07-16 16:50,120,2024-12-10 17:00:00,600,1,2.61,2.61,7.851,5.05,3.78,,0.0,39.37,5.4,70.5,delivered,,75.28,
S-00466,R-128,D-023,V-024,Dnvr-East,Suburban,side_entrance,residential,standard,1,wind,2025/06/20 20:30:00 MDT,2025/06/20 20:30:00 MDT,126,2024-12-11 20:29:00,809,1,8.11,8.11,3.189,12.0,1.17,3.34,0.0,54.06,25.7,34.9,delivered,,81.39,
S-00467,R-134,D-010,V-016,Denver-East,Industrial,leave_at_door,business,expedited,0,clear,15-Sep-2025 19:05 MDT,15-Sep-2025 19:05 MDT,69,2024-12-12 19:06:00,726,2,7.46,7.46,4.264,38.97,1.91,,0.0,41.0,9.3,66.5,delivered,,87.44,
S-00468,R-144,D-027,V-037,Denver-East,Suburban,front_desk,residential,Standard,0,clear,2025/08/08 10:40:00 MST,2025/08/08 10:40:00 MST,119,07/32/2025 10:10 PM,225,4,3.34,3.34,6.257,14.12,2.23,2.44,0.0,43.66,7.2,55.2,delivered,,87.95,
S-00469,R-111,D-051,V-012,Colorado Springs,Downtown,leave_at_door,Biz,standard,0,clear,2025/09/27 13:20:00,2025/09/27 13:20:00,126,2024-12-14 13:27:00,387,5,4.12,4.12,0.588,21.96,0.53,4.47,0.0,54.62,9.5,67.8,delivered ,,74.67,
S-00470,R-140,D-012,V-006,Boulder,Suburban,call_on_arrival,residential,expedited,0,rain,12/16/2024 04:40 PM MST,12/16/2024 04:40 PM MST,53,2024-12-15 16:51:00,591,3,2.34,2.34,2.417,11.24,1.34,6.91,0.0,45.41,14.6,54.5,delivered,vehicle_issue,89.59,check
S-00471,R-140,D-056,V-025,Denver-East,Downtown,package_room_3F,Business,standard,0,rain,2025-03-30 09:00 MST,2025-03-30 09:00 MST,116,2024-12-16 09:21:00,141,2,3.77,3.77,5.058,7.06,2.43,2.19,0.0,52.22,6.5,69.3,delivered,,86.65,
S-00472,R-132,D-044,V-016,Boulder,Suburban,mailroom,business,standard,0,wind,2025-05-17 18:35 MDT,2025-05-17 18:35 MDT,106,2024-12-17 18:42:00,702,3,6.13,6.13,5.781,9.98,2.52,0.0,118.12,47.69,7.0,72.3,rescheduled,,75.09,check
S-00473,R-110,D-059,V-038,Denver-West,Rural,call_on_arrival,residential,standard,0,snow,03/08/2025 11:35 AM,03/08/2025 11:35 AM,106,2024-12-18 11:54:00,294,3,6.84,6.84,16.045,11.98,6.09,0.0,0.0,36.61,14.5,50.5,delivered,,87.15,
S-00474,R-141,D-015,V-030,Denver-East,Downtown,call_on_arrival,business,EXPEDITED,1,rain,27-Feb-2025 09:50 MST,27-Feb-2025 09:50 MST,62,2024-12-19 09:55:00,175,3,7.19,7.19,1.996,13.97,0.97,3.98,0.0,53.59,,81.6,delivered,,83.67,
S-00475,R-117,D-017,V-030,Denver-West,Downtown,mailroom,residential,same_day,1,clear,2025-11-02 14:15 MST,2025-11-02 14:15 MST,44,2024-12-20 14:20:00,440,4,14.75,14.75,8.385,10.51,2.82,1.33,0.0,34.75,6.6,73.9,delivered,,100.0,
S-00476,R-158,D-043,V-001,Colorado-Springs,Downtown,leave_at_door,residential,standard,0,clear,2025/12/23 13:05:00 MDT,2025/12/23 13:05:00 MDT,102,2024-12-21 13:05:00,365,3,4.86,4.86,3.617,7.66,1.77,0.0,0.0,57.45,17.1,65.2,rescheduled,,68.94,
S-00477,R-158,D-052,V-030,Denver-East,Industrial,call_on_arrival,business,STANDARD,0,wind,01/22/2025 12:05 PM ,01/22/2025 12:05 PM ,106,2024-12-22 19:55:00,775,3,11.54,11.54,1.6149318982642924,29.97,1.31,,0.0,49.18,207.8,46.1,delivered,,80.46,
S-00478,R-111,D-019,V-035,Denver-East ,Suburban,garage,business,STANDARD,1,rain,11/23/2024 05:45 PM,11/23/2024 05:45 PM,118,2024-12-23 17:42:00,642,1,2.98,2.98,3.523,21.62,1.0,0.0,0.0,49.48,9.5,35.4,delivered,,90.19,
S-00479,R-123,D-005,V-029,Denver-West,Suburban,call_on_arrival,residential,standard,0,rain,2025/01/12 16:00:00,2025/01/12 16:00:00,115,2024-12-24 15:56:00,536,3,7.06,7.06,3.251,420.0,0.82,5.47,0.0,53.43,15.4,56.7,delivered,,97.55,
S-00480,R-141,D-038,V-020,Fort-Collins,Downtown,call_on_arrival,residential,standard,1,clear,2025/10/23 15:45:00 MDT,2025/10/23 15:45:00 MDT,104,2024-12-25 15:45:00,525,1,4.22,4.22,2.367,15.96,0.93,4.48,0.0,57.25,4.9,,delivered,,80.01,
S-00481,R-130,D-028,V-017,Denver-East,Suburban,package_room_3F,Biz,standard,0,rain,2025-09-23 08:10 MST,2025-09-23 08:10 MST,119,2024-12-26 08:19:00,79,1,2.1,2.1,3.297,13.3,1.67,,0.0,48.16,3.9,69.8,failed,address_issue,55.29,
S-00482,R-113,D-055,V-020,Fort-Collins,Suburban,call_on_arrival,business,standard,0,clear,12/12/2025 12:00 PM,12/12/2025 12:00 PM,110,2024-12-27 12:03:00,303,3,36.53,36.53,5.772,5.76,1.86,,0.0,53.39,4.5,60.7,delivered,,85.84,
S-00483,R-107,D-025,V-031,Denver-East,Suburban,call_on_arrival,residential,standard,0,rain,2025-11-09 17:00 MDT,2025-11-09 17:00 MDT,125,2024-12-28 17:02:00,602,1,2.59,2.59,2.089,10.68,0.8,0.0,0.0,43.04,6.3,55.5,delivered,,91.58,
S-00484,R-137,D-016,V-025,Boulder,Campus,garage,residential,standard,1,rain,06/17/2025 03:50 PM MDT,06/17/2025 03:50 PM MDT,128,2024-12-29 15:47:00,527,1,2.74,2.74,2.936,24.78,1.64,,0.0,48.37,4.4,70.1,delivered,,89.99,
S-00485,R-119,D-023,V-037,Denver-East,Rural,mailroom,residential,standard,0,clear,2025-06-07 14:50,2025-06-07 14:50,121,2024-12-30 14:54:00,474,1,2.76,2.76,4.878,37.08,1.69,0.0,0.0,37.72,14.0,41.9,DELIVERED,,87.84,
S-00486,R-102,D-045,V-019,Fort-Collins,Downtown,mailroom,Biz,standard,0,wind,2025/12/18 10:05:00 MST,2025/12/18 10:05:00 MST,124,2024-12-31 09:51:00,171,2,4.24,4.24,0.662,6.94,0.73,0.0,0.0,52.09,9.1,41.7,delivered,,85.91,
S-00487,R-118,D-054,V-026,Fort Collins,Rural,mailroom,Residential,standard,0,clear,25-Dec-2024 14:20,25-Dec-2024 14:20,126,2025-01-01 14:08:00,428,1,7.37,7.37,1.954,13.48,0.73,1.73,0.0,55.78,6.6,45.5,delivered,,91.29,
S-00488,R-156,D-001,V-037,Boulder,Downtown,front_desk,residential,standard,0,clear,03-Nov-2025 18:05,03-Nov-2025 18:05,121,2025-01-02 18:03:00,663,1,3.49,3.49,2.605,9.84,1.09,1.74,0.0,45.61,42.5,41.3,delivered,,80.85,
S-00489,R-159,D-044,V-004,Denver-East,Industrial,call_on_arrival,residential,expedited,1,clear,28-May-2025 17:05 MDT,28-May-2025 17:05 MDT,68,2025-01-03 17:00:00,600,2,20.83,20.83,3.784,11.2,1.82,,0.0,37.45,6.0,72.3,delivered,,90.06,
S-00490,R-154,D-039,V-032,Denver East,Rural,hand_to_security,residential,standard,1,snow,2025-10-30 09:45,2025-10-30 09:45,117,2025-01-04 09:42:00,162,2,4.26,4.26,4.57,10.66,1.1,6.11,0.0,58.17,9.1,79.1,Rescheduled,,63.94,
S-00491,R-150,D-058,V-019,Colorado-Springs,Suburban,leave_at_door,business,expedited,0,clear,08-Aug-2025 16:45 MST,08-Aug-2025 16:45 MST,54,2025-01-05 16:49:00,589,4,5.32,5.32,2.937,16.0,1.32,0.0,0.0,40.75,10.8,79.1,delivered,,93.93,
S-00492,R-139,D-052,V-015,Denver-East,Suburban,garage,residential,standard,0,wind,24-Sep-2025 14:15 MDT,24-Sep-2025 14:15 MDT,126,2025-01-06 14:11:00,431,1,2.08,2.08,1.352,7.05,0.8,0.0,0.0,48.48,17.7,69.0,rescheduled,,67.33,
S-00493,R-115,D-052,V-023,Dnvr-East,Suburban,front_desk,business,expedited,1,clear,2025-01-29 07:15 MST,2025-01-29 07:15 MST,79,2025-01-07 07:31:00,31,2,5.46,5.46,4.94,9.44,1.89,0.0,0.0,39.84,10.1,52.6,failed,package_damaged,65.27,
S-00494,R-140,D-041,V-013,Fort-Collins,Downtown,side_entrance,business,Standard,0,clear,2025-04-30 18:05 MST,2025-04-30 18:05 MST,104,2025-01-08 17:48:00,648,4,8.78,8.78,1.558,20.88,0.53,0.0,0.0,58.43,2.7,77.6,delivered,,92.82,
S-00495,R-141,D-017,V-009,Colorado-Springs,Suburban,front_desk,business,expedited,0,clear,2025/09/14 13:45:00 MDT,2025/09/14 13:45:00 MDT,49,2025-01-09 13:43:00,403,5,5.22,5.22,6.022,15.79,1.97,4.16,0.0,47.77,8.3,,failed,dog_on_premises,70.57,
S-00496,R-120,D-007,V-003,Denver-East,Industrial,call_on_arrival,residential,standard,0,wind,07-Nov-2024 15:50,07-Nov-2024 15:50,120,2025-01-10 15:56:00,536,3,5.73,5.73,2.713,5.98,1.1,0.0,0.0,54.12,13.8,38.4,delivered,,83.86,
S-00497,R-103,D-051,V-029,Denver-West,Rural,side_entrance,residential,same_day,0,clear,2025/03/21 09:40:00 MDT,2025/03/21 09:40:00 MDT,33,2025-01-11 09:41:00,161,2,4.4,4.4,5.594,8.16,1.26,0.0,0.0,51.4,13.4,65.9,Delivered,,84.19,
S-00498,R-147,D-038,V-024,Fort Collins,Suburban,leave_at_door,residential,standard,0,snow,08/11/2025 06:45 PM MST,08/11/2025 06:45 PM MST,123,2025-01-12 18:58:00,718,3,9.67,9.67,2.459,5.72,1.34,1.93,0.0,35.75,5.4,68.6,delivered,,91.19,
S-00499,R-159,D-009,V-006,Denver-East,Suburban,front_desk,residential,standard,1,rain,11/21/2024 02:40 PM MST,11/21/2024 02:40 PM MST,122,2025-01-13 14:45:00,465,2,3.37,3.37,6.27,12.28,2.87,,0.0,34.67,28.4,56.8,delivered,,93.01,
S-00500,R-148,D-019,V-021,Denver-West,Suburban,garage,residential,standard,0,wind,2024-12-18 07:05 MDT,2024-12-18 07:05 MDT,108,2025-01-14 07:12:00,12,2,4.53,4.53,4.923,10.57,1.81,0.0,0.0,55.93,15.0,71.8,delivered,,91.41,
S-00501,R-113,D-027,V-012,Denver-East,Rural,building_super,residential ,same_day,0,clear,2025-10-17 13:00,2025-10-17 13:00,64,2025-01-15 12:53:00,353,5,10.36,10.36,3.231,14.05,1.21,3.03,0.0,36.81,21.8,65.2,delivered,,88.04,
S-00502,R-157,D-009,V-035,Boulder,Rural,front_desk,business,standard,0,fog,2025-02-01 14:00,2025-02-01 14:00,128,2025-01-16 14:07:00,427,4,7.19,7.19,5.552,8.19,1.22,7.01,0.0,41.21,8.0,76.7,delivered,,87.69,check
S-00503,R-133,D-024,V-034,Denver-West,Downtown,call_on_arrival,business,expedited,0,snow,2025-02-28 14:40,2025-02-28 14:40,60,2025-01-17 14:43:00,463,1,5.89,5.89,1.154,16.85,0.54,5.17,0.0,40.16,14.1,46.1,delivered,,78.91,
S-00504,R-154,D-059,V-018,Denver-East,Suburban,call_on_arrival,res,standard,0,clear,2025-07-18 10:35 MST,2025-07-18 10:35 MST,121,2025-01-18 15:42:00,522,6,6.74,6.74,1.099229629683975,8.26,1.28,0.0,0.0,51.49,408.3,50.5,delivered ,weather_delay,57.0,
S-00505,R-159,D-011,V-017,Dnvr-East,Industrial,side_entrance,residential,Standard,0,clear,10-Jun-2025 16:10 MST,10-Jun-2025 16:10 MST,117,2025-01-19 16:24:00,564,3,3.37,3.37,5.678,16.38,2.62,0.0,0.0,29.16,7.9,79.1,delivered,,86.01,
S-00506,R-152,D-053,V-031,Denver-West,Campus,call_on_arrival,residential,standard,1,wind,10/14/2025 01:15 PM,10/14/2025 01:15 PM,112,2025-01-20 13:18:00,378,3,6.32,6.32,1.736,13.3,0.95,0.0,0.0,37.73,,61.2,failed,weather_delay,53.23,
S-00507,R-152,D-019,V-022,Dnvr-East,Suburban,call_on_arrival,business ,expedited,0,rain,2025-04-22 11:30 MDT,2025-04-22 11:30 MDT,50,2025-01-21 11:26:00,266,1,2.75,2.75,1.575,12.86,1.12,,0.0,52.77,7.4,76.1,delivered,,87.29,
S-00508,R-105,D-008,V-030,Denver-East,Downtown,leave_at_door,business ,standard,0,clear,2025/04/25 14:10:00,2025/04/25 14:10:00,117,2025-01-22 14:06:00,426,4,7.03,7.03,1.46,9.87,0.75,,0.0,40.73,20.8,48.0,delivered ,,83.34,check
S-00509,R-156,D-010,V-015,Denver-East,Suburban,leave_at_door,business,standard,1,clear,14-Dec-2025 17:55,14-Dec-2025 17:55,101,2025-01-23 17:52:00,652,5,13.0,13.0,3.042,15.7,1.84,0.0,0.0,44.59,7.4,52.4,delivered,,92.5,
S-00510,R-155,D-044,V-026,Fort-Collins,Suburban,package_room_3F,residential,standard,1,clear,2025/01/06 18:45:00 MDT,2025/01/06 18:45:00 MDT,109,2025-01-24 18:57:00,717,1,2.67,2.67,2.783,20.92,1.24,,0.0,46.87,,50.4,failed,customer_not_home,54.13,check
S-00511,R-124,D-052,V-036,Denver-East,Suburban,garage,residential,same_day,0,clear,01-Oct-2025 15:45 MST,01-Oct-2025 15:45 MST,53,2025-01-25 15:33:00,513,1,3.0,3.0,1.504,6.72,0.91,0.0,0.0,37.27,9.1,66.6,delivered,,83.6,
S-00512,R-101,D-006,V-026,Denver-East,Downtown,mailroom,business ,expedited,0,clear,2024-11-25 11:40 MDT,2024-11-25 11:40 MDT,73,2025-01-26 11:36:00,276,1,6.94,6.94,4.42,7.53,1.5,,0.0,53.46,11.5,56.3,failed,,64.62,check
S-00513,R-108,D-017,V-035,Denver-East,Downtown,mailroom,residential ,standard,0,clear,16-Nov-2025 13:55,16-Nov-2025 13:55,105,2025-01-27 13:53:00,413,1,17.42,17.42,2.519,5.68,0.66,2.9,0.0,50.07,21.4,56.9,delivered,,85.99,
S-00514,R-144,D-030,V-024,Colorado-Springs,Industrial,call_on_arrival,res,STANDARD,0,rain,2025-07-19 17:30,2025-07-19 17:30,122,2025-01-28 17:30:00,630,1,1.99,1.99,5.14,9.94,1.82,0.0,0.0,44.31,9.5,75.8,delivered,,71.28,
S-00515,R-138,D-048,V-017,Fort-Collins,Rural,front_desk,residential,standard,0,clear,08/07/2025 05:20 PM MDT,08/07/2025 05:20 PM MDT,115,2025-01-29 17:19:00,619,3,4.77,4.77,3.85,7.19,1.71,5.09,0.0,37.43,1200.0,88.6,failed,address_issue,69.02,
S-00516,R-107,D-025,V-024,Denver-West,Suburban,mailroom,residential,standard,0,clear,2025-08-20 18:15 MST,2025-08-20 18:15 MST,101,2025-01-30 18:20:00,680,1,3.69,3.69,3.264,15.65,1.29,2.63,0.0,41.57,6.8,66.0,failed,,61.51,
S-00517,R-131,D-044,V-015,Denver-West,Rural,mailroom,residential,standard,0,clear,2025-11-21 14:20 MST,2025-11-21 14:20 MST,124,2025-01-31 14:22:00,442,1,1.59,1.59,8.609,6.65,3.67,7.56,0.0,50.78,1200.0,,delivered,,100.0,
S-00518,R-157,D-002,V-040,Denver-East,Campus,mailroom,residential,standard,0,clear,28-Nov-2025 12:05 MST,28-Nov-2025 12:05 MST,115,2025-02-01 12:00:00,300,3,7.63,7.63,3.319,17.13,1.04,,0.0,36.04,12.5,81.8,rescheduled,,66.98,
S-00519,R-159,D-036,V-021,Boulder,Suburban,mailroom,residential,standard,0,snow,12-Feb-2025 13:45,12-Feb-2025 13:45,105,2025-02-02 13:39:00,399,2,8.99,8.99,2.036,5.15,1.03,5.1,0.0,36.41,16.1,45.4,delivered,,86.51,
S-00520,R-142,D-040,V-015,Denver-East,Downtown,side_entrance,business,standard,0,rain,2025/10/26 17:10:00,2025/10/26 17:10:00,110,2025-02-03 17:13:00,613,5,7.49,7.49,1.988,10.66,1.29,,0.0,51.88,9.0,46.0,delivered,,83.38,
S-00521,R-159,D-005,V-030,Colorado-Springs,Suburban,mailroom,Business,Standard,0,rain,06-May-2025 11:00,06-May-2025 11:00,116,2025-02-04 10:54:00,234,3,6.27,6.27,4.428,11.64,1.7,,0.0,37.12,12.6,71.5,failed,vehicle_issue,62.43,
S-00522,R-142,D-045,V-020,Boulder,Suburban,side_entrance,business ,standard,0,rain,22-Jun-2025 10:15 MDT,22-Jun-2025 10:15 MDT,137,2025-02-05 10:11:00,191,1,5.99,5.99,5.953,10.08,2.23,0.0,0.0,47.67,6.8,47.2,delivered,,80.17,
S-00523,R-109,D-027,V-008,Denver-East,Industrial,package_room_3F,business,standard,1,rain,13-Jun-2025 09:05 MDT ,13-Jun-2025 09:05 MDT ,115,2025-02-06 09:13:00,133,5,14.1,14.1,5.816,19.11,2.07,0.0,0.0,30.11,11.8,61.7,delivered,,96.32,
S-00524,R-120,D-003,V-003,Fort-Collins,Campus,front_desk,Biz,standard,0,clear,07/11/2025 11:40 AM MST,07/11/2025 11:40 AM MST,109,2025-02-07 11:33:00,273,2,1.7,1.7,1.821,18.04,0.83,0.0,0.0,45.12,11.1,57.6,delivered,,87.39,
S-00525,R-107,D-032,V-008,Boulder ,Rural,mailroom,residential,same_day,0,clear,04-Jan-2025 12:55 MDT,04-Jan-2025 12:55 MDT,38,2025-02-08 13:00:00,360,2,2.46,2.46,11.562,6.73,3.32,5.31,0.0,40.07,10.1,56.0,delivered,,88.15,check
S-00526,R-109,D-016,V-035,Denver-West,Rural,mailroom,residential,standard,0,clear,2025/01/10 14:30:00,2025/01/10 14:30:00,136,2025-02-09 14:31:00,451,2,3.92,3.92,16.753,21.5,2.7,2.85,0.0,41.89,11.3,87.7,DELIVERED,,82.54,
S-00527,R-124,D-025,V-030,Denver-West,Suburban,side_entrance,residential,standard,0,snow,07/02/2025 03:35 PM,07/02/2025 03:35 PM,112,2025-02-10 15:45:00,525,2,8.98,8.98,2.536,11.26,1.28,0.0,0.0,58.48,14.3,78.8,delivered,,82.14,
S-00528,R-127,D-043,V-035,Denver-East,Suburban,front_desk,residential,standard,0,rain,2025-02-19 16:00 MST,2025-02-19 16:00 MST,133,2025-02-11 16:09:00,549,2,3.88,3.88,2.846,8.97,0.68,3.15,0.0,40.32,,71.9,delivered,,91.13,
S-00529,R-157,D-038,V-010,Denver-East,Suburban,leave_at_door,business,SAME_DAY,0,clear,2025-02-18 15:45 ,2025-02-18 15:45 ,30,2025-02-12 15:45:00,525,4,11.14,11.14,2.438,14.39,1.11,1.17,0.0,,8.0,80.3,delivered,,91.13,
S-00530,R-154,D-027,V-007,Denver-West,Industrial,leave_at_door,res,standard,1,snow,04-Oct-2025 07:05 MDT,04-Oct-2025 07:05 MDT,119,2025-02-13 07:08:00,8,1,3.23,3.23,3.143,15.59,1.75,0.0,0.0,32.35,12.0,85.6,rescheduled,,55.94,check
S-00531,R-127,D-032,V-040,Boulder,Downtown,leave_at_door,residential,STANDARD,0,wind,2024-11-06 11:30 MST,2024-11-06 11:30 MST,123,2025-02-14 11:22:00,262,2,6.82,6.82,2.463,9.35,1.19,0.0,0.0,50.77,12.6,60.4,delivered,,92.44,
S-00532,R-145,D-018,V-003,Denver-West,Suburban,mailroom,residential,expedited,0,clear,2025-12-30 16:30 MDT,2025-12-30 16:30 MDT,65,2025-02-15 16:39:00,579,1,7.87,7.87,4.934,11.52,1.82,,0.0,,5.6,62.0,delivered,,80.16,
S-00533,R-129,D-024,V-014,Denver-East,Downtown,front_desk,residential,standard,0,wind,2025/01/29 15:40:00 MDT,2025/01/29 15:40:00 MDT,128,2025-02-16 15:50:00,530,3,11.67,11.67,1.842,13.08,0.9,,0.0,53.05,13.7,75.1,delivered,,78.62,
S-00534,R-155,D-029,V-016,Denver-East,Industrial,leave_at_door,residential,expedited,0,clear,21-Jan-2025 12:50,21-Jan-2025 12:50,65,2025-02-17 12:50:00,350,3,3.86,3.86,3.605,11.88,1.79,1.0,0.0,43.98,,59.5,delivered ,,80.68,
S-00535,R-144,D-024,V-007,Colorado-Springs,Suburban,call_on_arrival,residential,standard,0,clear,11/04/2024 12:15 PM MDT,11/04/2024 12:15 PM MDT,106,2025-02-18 12:15:00,315,1,14.44,14.44,3.204,11.15,1.51,,0.0,66.7,18.6,82.8,failed,address_issue,61.91,
S-00536,R-158,D-024,V-035,Denver-East,Campus,call_on_arrival,res,standard,0,clear,07/24/2025 12:50 PM MST,07/24/2025 12:50 PM MST,131,2025-02-19 12:39:00,339,2,3.69,3.69,1.229,10.7,0.55,3.94,0.0,33.83,,70.6,DELIVERED,,81.48,
S-00537,R-104,D-042,V-023,Colorado-Springs,Rural,front_desk,business,standard,1,snow,2025/08/05 20:05:00,2025/08/05 20:05:00,122,2025-02-20 20:10:00,790,3,3.52,3.52,5.113,12.21,2.38,0.0,0.0,42.86,,53.7,delivered,,74.38,check
S-00538,R-113,D-026,V-018,Fort Collins,Downtown,mailroom,res,standard,0,clear,09/11/2025 02:35 PM MDT,09/11/2025 02:35 PM MDT,123,2025-02-21 14:27:00,447,1,6.27,6.27,0.839,14.54,0.63,7.76,0.0,47.52,5.6,45.4,delivered,,85.8,
S-00539,R-106,D-008,V-030,Denver-East,Suburban,side_entrance,business,standard,1,clear,19-Aug-2025 16:00,19-Aug-2025 16:00,119,2025-02-22 16:07:00,547,4,14.06,14.06,3.277,16.47,1.27,0.0,0.0,48.45,5.0,,failed,customer_not_home,63.2,
S-00540,R-142,D-043,V-014,Boulder,Suburban,leave_at_door,residential,expedited,0,fog,2025-03-10 16:30,2025-03-10 16:30,56,2025-02-23 16:40:00,580,4,7.63,7.63,1.864,13.48,1.04,0.0,0.0,42.27,7.7,42.4,FAILED,weather_delay,53.45,
S-00541,R-102,D-041,V-039,Denver-West,Suburban,mailroom,res,standard,0,clear,2025/11/12 08:30:00 MDT,2025/11/12 08:30:00 MDT,112,2025-02-24 08:38:00,98,2,2.22,2.22,4.324,14.02,2.06,0.0,0.0,32.65,,79.9,delivered,,88.32,
S-00542,R-116,D-004,V-022,Fort-Collins,Suburban,package_room_3F,business,standard,0,clear,07-May-2025 15:20 MST,07-May-2025 15:20 MST,117,2025-02-25 15:21:00,501,4,9.41,9.41,1.615,10.08,0.88,,0.0,40.06,12.9,49.0,delivered,,97.46,
S-00543,R-114,D-009,V-037,Colorado Springs,Downtown,leave_at_door,residential,standard,0,wind,2025-06-26 13:30 MDT,2025-06-26 13:30 MDT,103,2025-02-26 13:28:00,388,5,19.78,19.78,2.144,9.43,0.86,0.0,0.0,55.35,,52.5,delivered ,,84.14,
S-00544,R-114,D-005,V-036,Denver-East,Downtown,garage,residential,SAME_DAY,0,rain,2025-12-13 15:35 MDT ,2025-12-13 15:35 MDT ,47,2025-02-27 15:28:00,508,6,12.04,12.04,3.764,22.21,1.89,,0.0,49.48,8.4,57.7,failed,vehicle_issue,50.7,check
S-00545,R-153,D-038,V-014,Denver-East,Suburban,garage,residential,standard,0,clear,11/27/2025 09:50 AM MDT,11/27/2025 09:50 AM MDT,122,2025-02-28 09:59:00,179,2,13.42,13.42,3.36,11.85,1.44,4.95,0.0,42.95,10.1,63.2,delivered,,83.08,
S-00546,R-122,D-056,V-015,Denver-West,Industrial,mailroom,Biz,expedited,1,snow,2025/10/24 17:05:00,2025/10/24 17:05:00,67,2025-03-01 17:21:00,621,1,5.1,5.1,1.523,14.86,0.95,0.0,0.0,48.36,22.7,47.3,delivered,,85.85,
S-00547,R-151,D-050,V-010,Denver-East,Downtown,call_on_arrival,residential,standard,1,clear,2025-09-12 19:50 MST,2025-09-12 19:50 MST,116,2025-03-02 19:43:00,763,1,6.42,6.42,3.11,8.5,1.26,3.47,0.0,44.88,7.2,26.7,delivered,,82.32,
S-00548,R-101,D-058,V-039,Dnvr-East,Downtown,rear_loading_dock,residential ,expedited,0,clear,12/05/2025 10:10 AM,12/05/2025 10:10 AM,48,2025-03-03 10:01:00,181,3,5.48,5.48,2.106,7.29,1.11,0.0,0.0,42.18,,59.2,delivered,vehicle_issue,86.42,
S-00549,R-109,D-018,V-010,Boulder,Campus,hand_to_security,business,standard,1,rain,27-Jun-2025 16:15 MST,27-Jun-2025 16:15 MST,105,2025-03-04 16:25:00,565,5,14.18,14.18,1.998,20.27,1.11,1.59,0.0,50.84,18.6,,delivered,,87.15,
S-00550,R-152,D-035,V-017,Denver East,Suburban,mailroom,residential,expedited,0,clear,01-Mar-2025 14:20 MST,01-Mar-2025 14:20 MST,45,2025-03-05 14:14:00,434,1,17.64,17.64,3.086,4.5,1.54,0.0,0.0,43.98,17.1,25.3,delivered,,79.21,
S-00551,R-143,D-012,V-008,Colorado-Springs,Industrial,mailroom,residential,standard,0,clear,18-Apr-2025 11:55 MST,18-Apr-2025 11:55 MST,116,2025-03-06 12:01:00,301,2,3.49,3.49,4.632,13.42,1.77,,0.0,41.54,11.7,100.0,Delivered,,75.71,
S-00552,R-109,D-056,V-002,Denver-East,Downtown,leave_at_door,res,standard,0,clear,2025/11/08 10:10:00 MST,2025/11/08 10:10:00 MST,138,2025-03-07 10:07:00,187,1,4.06,4.06,2.484,2.88,1.05,,0.0,45.24,9.0,68.9,delivered,,87.9,
S-00553,R-151,D-001,V-023,Fort-Collins,Suburban,call_on_arrival,residential,standard,1,clear,02/01/2025 10:20 AM,02/01/2025 10:20 AM,125,2025-03-08 10:10:00,190,3,8.08,8.08,3.602,18.47,1.73,3.16,0.0,37.12,6.2,46.8,delivered,,97.98,
S-00554,R-138,D-051,V-016,Fort-Collins,Rural,garage,Residential,standard,0,clear,06/28/2025 06:05 PM,06/28/2025 06:05 PM,123,2025-03-09 17:53:00,653,1,10.44,10.44,3.581,9.73,1.51,3.59,0.0,55.22,8.1,49.0,delivered,,89.91,
S-00555,R-112,D-021,V-002,Colorado-Springs,Suburban,side_entrance,residential,expedited,0,clear,2025-12-19 12:20,2025-12-19 12:20,49,2025-03-10 12:20:00,320,3,11.98,11.98,8.502,12.15,2.74,0.0,0.0,53.99,12.6,29.5,rescheduled,,75.86,
S-00556,R-109,D-017,V-004,Colorado-Springs,Suburban,leave_at_door,business,expedited,1,clear,2025-04-07 14:40,2025-04-07 14:40,66,2025-03-11 14:34:00,454,2,3.44,3.44,8.805,19.14,3.74,0.0,0.0,40.7,7.5,45.8,failed,,68.55,
S-00557,R-134,D-048,V-027,Denver-East,Downtown,locker_pickup,business,expedited,1,clear,2025/09/23 11:30:00 MST ,2025/09/23 11:30:00 MST ,67,2025-03-12 11:28:00,268,6,4.18,4.18,2.555,13.3,0.75,1.6,0.0,46.02,13.5,58.2,faild,package_damaged,66.45,
S-00558,R-131,D-008,V-005,Boulder,Downtown,front_desk,residential,standard,1,clear,10-Dec-2024 14:55 MST,10-Dec-2024 14:55 MST,107,2025-03-13 14:56:00,476,1,10.63,10.63,2.944,10.77,1.4,1.36,0.0,45.7,3.1,47.2,delivered,,88.98,
S-00559,R-133,D-029,V-024,Fort-Collins,Rural,mailroom,residential,expedite,0,wind,2025-04-18 19:55 MDT,2025-04-18 19:55 MDT,63,2025-03-14 19:50:00,770,2,1.65,1.65,8.469,7.64,2.57,,0.0,34.56,,81.0,Failed,customer_not_home,71.91,
S-00560,R-129,D-038,V-007,Denver-West,Industrial,side_entrance,residential,expedited,0,clear,21-Jul-2025 15:40,21-Jul-2025 15:40,64,2025-03-15 15:50:00,530,5,5.07,5.07,4.064,9.76,2.13,0.0,0.0,,10.4,100.0,delivered ,,84.84,
S-00561,R-140,D-033,V-015,Denver-East,Suburban,mailroom,residential,expedited,0,clear,2025/11/06 15:50:00 MST,2025/11/06 15:50:00 MST,51,2025-03-16 15:48:00,528,2,6.24,6.24,3.625,5.94,1.87,0.0,118.12,56.75,14.5,43.4,failed,,49.15,
S-00562,R-120,D-003,V-034,Denver East,Suburban,front_desk,res,standard,0,rain,2024/12/22 15:00:00 MST,2024/12/22 15:00:00 MST,100,2025-03-17 15:03:00,483,2,6.35,6.35,6.532,8.2,1.33,4.01,0.0,53.34,6.4,56.0,delivered,,82.2,
S-00563,R-104,D-030,V-002,Denver-East,Suburban,side_entrance,residential,expedited,0,clear,2025-12-17 15:30,2025-12-17 15:30,49,2025-03-18 15:21:00,501,2,8.20,8.2,2.308,9.03,0.95,0.0,0.0,,7.5,59.6,failed,vehicle_issue,78.2,
S-00564,R-128,D-031,V-026,Colorado-Springs,Suburban,mailroom,residential,standard,0,clear,01/28/2025 11:10 AM MDT,01/28/2025 11:10 AM MDT,120,2025-03-19 11:06:00,246,1,1.08,1.08,5.893,17.91,1.89,,0.0,54.14,12.5,63.8,delivered,,73.75,
S-00565,R-132,D-044,V-007,Denver-East,Industrial,front_desk,business,expedited,0,clear,29-Jan-2025 07:55 MDT,29-Jan-2025 07:55 MDT,53,2025-03-20 08:00:00,60,5,11.77,11.77,4.881,12.62,2.6,3.21,0.0,,5.9,55.4,delivered,,90.29,
S-00566,R-105,D-046,V-029,Denver-West,Campus,mailroom,residential,standard,0,rain,2025-07-21 12:30,2025-07-21 12:30,131,2025-03-21 12:16:00,316,2,3.29,3.29,1.907,6.84,0.65,,0.0,55.51,8.4,,delivered,,78.61,
S-00567,R-121,D-058,V-006,Denver-East,Downtown,call_on_arrival,residential,expedited,0,rain,29-May-2025 07:35,29-May-2025 07:35,85,2025-03-22 07:40:00,40,4,26.26,26.26,2.774,9.65,1.51,0.0,0.0,,,24.5,delivered,,92.36,
S-00568,R-105,D-039,V-010,Boulder ,Industrial,side_entrance,residential,expedite,0,clear,2025-01-21 12:05 MDT,2025-01-21 12:05 MDT,62,2025-03-23 11:57:00,297,4,3.44,3.44,2.512,11.72,1.08,11.67,0.0,43.51,5.3,35.8,delivered,,88.91,
S-00569,R-140,D-009,V-018,Boulder ,Rural,garage,residential,expedited,0,wind,01/05/2025 03:50 PM MST,01/05/2025 03:50 PM MST,51,2025-03-24 16:07:00,547,5,11.05,11.05,19.98,14.61,6.44,0.0,0.0,49.79,7.7,70.1,delivered,,87.14,check
S-00570,R-136,D-041,V-038,Denver-East,Campus,call_on_arrival,business,Expedited,1,clear,2025/11/24 11:15:00 MDT,2025/11/24 11:15:00 MDT,64,2025-03-25 11:14:00,254,2,9.64,9.64,2.81,13.73,1.17,,0.0,44.77,4.6,87.3,failed,,60.9,
S-00571,R-125,D-046,V-021,Denver-East,Downtown,leave_at_door,residential,expedited,0,rain,2025-01-20 14:30 MDT,2025-01-20 14:30 MDT,48,07/32/2025 10:10 PM,453,3,6.52,6.52,6.05,10.13,2.04,3.82,0.0,34.08,7.8,49.9,failed,address_issue,51.78,
S-00572,R-119,D-039,V-034,Denver-West,Campus,leave_at_door,residential,standard,0,wind,19-Oct-2025 08:55 MST,19-Oct-2025 08:55 MST,91,2025-03-27 08:50:00,110,1,3.2,3.2,2.295,6.55,0.75,,0.0,66.89,13.6,50.7,delivered,,85.93,
S-00573,R-139,D-030,V-033,Boulder,Downtown,mailroom,residential,standard,0,rain,01/19/2025 12:20 PM,01/19/2025 12:20 PM,127,2025-03-28 12:28:00,328,1,6.93,6.93,3.493,5.61,1.41,2.22,0.0,49.47,450.0,67.4,rescheduled,,70.09,
S-00574,R-151,D-028,V-007,Fort-Collins,Suburban,leave_at_door,business,expedited,1,clear,2025/07/07 09:30:00 MST,2025/07/07 09:30:00 MST,46,2025-03-29 09:36:00,156,4,4.58,4.58,4.199,17.77,2.04,0.0,0.0,35.82,,53.1,delivered,,86.21,
S-00575,R-155,D-045,V-008,Fort Collins,Suburban,leave_at_door,business ,standard,0,clear,07/28/2025 12:30 PM ,07/28/2025 12:30 PM ,122,2025-03-30 12:26:00,326,2,8.48,8.48,1.596,9.52,0.62,0.0,0.0,51.27,16.0,67.8,delivered,,89.43,
S-00576,R-147,D-042,V-036,Denver-West,Campus,mailroom,residential,same_day,0,snow,2024/11/16 10:10:00,2024/11/16 10:10:00,30,2025-03-31 10:01:00,181,2,2.77,2.77,2.611,11.81,1.72,0.0,0.0,46.98,,67.3,delivered,,80.2,
S-00577,R-128,D-056,V-014,Colorado-Springs,Downtown,mailroom,residential,standard,0,clear,01/17/2025 01:20 PM,01/17/2025 01:20 PM,141,2025-04-01 13:19:00,379,2,6.31,6.31,1.001,8.48,0.51,0.0,0.0,31.25,6.0,61.1,Delivered,,82.42,
S-00578,R-127,D-029,V-015,Fort-Collins,Downtown,garage,residential,standard,1,clear,2025-08-29 17:45,2025-08-29 17:45,126,2025-04-02 17:37:00,637,1,5.88,5.88,1.39,7.16,0.96,,0.0,52.36,9.0,,Delivered,,77.33,
S-00579,R-126,D-022,V-030,Denver-West,Industrial,front_desk,business,standard,0,wind,05/03/2025 02:15 PM,05/03/2025 02:15 PM,126,2025-04-03 14:13:00,433,2,5.32,5.32,1.904,12.04,1.16,2.84,0.0,34.07,14.6,,delivered,,90.03,
S-00580,R-121,D-027,V-007,Denver-West,Rural,building_super,Biz,standard,1,clear,11/30/2025 04:45 PM MST,11/30/2025 04:45 PM MST,127,2025-04-04 16:41:00,581,3,4.1,4.1,5.792,16.48,2.98,0.0,0.0,,5.1,51.0,failed ,customer_not_home,65.76,
S-00581,R-143,D-028,V-021,Boulder ,Rural,locker_pickup,Residential,standard,0,snow,27-Sep-2025 09:45 MDT ,27-Sep-2025 09:45 MDT ,97,2025-04-05 09:58:00,178,1,4.27,4.27,4.974,16.78,2.02,0.0,118.12,47.32,19.6,69.2,failed,weather_delay,59.45,
S-00582,R-110,D-017,V-024,Colorado-Springs,Downtown,call_on_arrival,Biz,standard,1,clear,2025-02-21 11:15 MDT,2025-02-21 11:15 MDT,121,2025-04-06 11:07:00,247,4,2.96,2.96,6.626,315.0,2.12,6.72,0.0,42.75,5.2,59.7,delivered,,83.04,
S-00583,R-105,D-044,V-031,Denver East,Industrial,leave_at_door,residential,standard,0,rain,11-Jun-2025 09:45,11-Jun-2025 09:45,127,2025-04-07 09:46:00,166,1,10.76,10.76,5.525,15.16,2.42,,0.0,42.03,14.0,71.9,delivered,,81.17,
S-00584,R-106,D-006,V-006,Boulder,Campus,front_desk,business,expedited,1,clear,2025-09-26 12:40,2025-09-26 12:40,51,2025-04-08 12:38:00,338,2,9.1,9.1,2.937,16.09,1.46,,0.0,59.85,5.6,,delivered,,98.08,
S-00585,R-148,D-028,V-007,Boulder,Industrial,side_entrance,residential,standard,0,snow,06/09/2025 02:40 PM MDT ,06/09/2025 02:40 PM MDT ,113,2025-04-09 14:37:00,457,2,5.89,5.89,3.336,12.88,1.68,2.07,0.0,50.17,19.2,86.0,rescheduled,,66.91,
S-00586,R-152,D-048,V-024,Denver-West,Suburban,call_on_arrival,residential,same_day,1,fog,2025/04/14 18:00:00 ,2025/04/14 18:00:00 ,55,2025-04-10 18:06:00,666,3,12.17,12.17,6.027,16.47,2.06,,0.0,50.14,6.0,79.0,failed,address_issue,57.07,
S-00587,R-104,D-009,V-036,Denver-West,Rural,mailroom,residential,standard,0,rain,2025-03-26 14:05 MST ,2025-03-26 14:05 MST ,122,2025-04-11 14:10:00,430,4,11.33,11.33,6.349,7.85,3.08,5.06,0.0,35.87,8.9,57.0,delivered,,79.96,
S-00588,R-136,D-038,V-036,Boulder ,Suburban,call_on_arrival,residential,expedited,0,wind,2025-02-10 15:20,2025-02-10 15:20,66,2025-04-12 20:42:00,822,1,3.58,3.58,1.7309145786578632,20.04,2.59,,0.0,45.82,420.3,30.3,delivered,,93.28,
S-00589,R-127,D-022,V-008,Fort-Collins,Industrial,side_entrance,business,standard,0,rain,2025/07/12 17:30:00,2025/07/12 17:30:00,107,2025-04-13 17:33:00,633,1,4.12,4.12,2.808,13.03,1.56,,0.0,40.91,30.7,52.5,delivered,,78.36,
S-00590,R-156,D-023,V-028,Boulder,Rural,garage,residential,standard,1,clear,10/15/2025 02:10 PM MDT,10/15/2025 02:10 PM MDT,111,2025-04-14 14:06:00,426,2,3.47,3.47,4.961,27.22,1.11,0.0,0.0,50.59,,50.0,delivered,,79.75,
S-00591,R-119,D-059,V-004,Boulder,Suburban,mailroom,residential,standard,0,clear,2025/03/30 19:35:00 MDT,2025/03/30 19:35:00 MDT,107,2025-04-15 19:38:00,758,4,5.85,5.85,1.602,10.79,1.2,,0.0,40.71,9.9,63.7,delivered,,84.24,
S-00592,R-123,D-039,V-020,Denver-West,Downtown,mailroom,residential,standard,0,rain,2025/06/25 16:40:00 MST,2025/06/25 16:40:00 MST,120,2025-04-16 16:41:00,581,4,5.46,5.46,1.133,8.43,0.72,0.0,0.0,39.66,3.0,70.5,delivered,,88.98,
S-00593,R-133,D-007,V-037,Denver-East,Rural,front_desk,residential,standard,1,clear,2024-11-07 15:35 MST,2024-11-07 15:35 MST,117,2025-04-17 15:32:00,512,3,10.75,10.75,5.873,12.21,1.94,,0.0,48.93,17.5,74.7,failed,dog_on_premises,54.02,
S-00594,R-143,D-014,V-010,Denver-East,Rural,garage,business,standard,0,rain,2024/12/29 17:05:00,2024/12/29 17:05:00,133,2025-04-18 17:05:00,605,4,11.21,11.21,4.159,11.34,1.65,0.0,0.0,,6.0,66.7,delivered,,87.5,
S-00595,R-155,D-031,V-015,Denver East,Downtown,leave_at_door,residential,standard,1,wind,22-Apr-2025 13:10,22-Apr-2025 13:10,108,2025-04-19 13:17:00,377,1,3.24,3.24,1.505,17.39,0.96,0.0,0.0,54.5,7.6,65.1,delivered,,69.22,
S-00596,R-155,D-007,V-023,Fort-Collins,Rural,package_room_3F,Business,same_day,0,clear,12/21/2025 04:10 PM MST ,12/21/2025 04:10 PM MST ,48,2025-04-20 16:16:00,556,1,1.44,1.44,9.429,18.88,2.83,,0.0,49.53,7.6,47.3,delivered,,84.96,
S-00597,R-108,D-036,V-024,Boulder,Suburban,side_entrance,residential,standard,0,clear,10-Dec-2024 17:10 MST,10-Dec-2024 17:10 MST,142,2025-04-21 17:15:00,615,1,6.42,6.42,5.085,7.13,1.73,4.02,0.0,34.25,8.7,40.4,delivered,,84.96,
S-00598,R-137,D-049,V-018,Denver-East,Industrial,front_desk,residential,standard,0,snow,10/30/2025 02:35 PM,10/30/2025 02:35 PM,123,2025-04-22 14:38:00,458,1,0.52,0.52,3.845,16.68,1.62,0.0,0.0,32.01,3.5,29.7,delivered,,81.1,
S-00599,R-155,D-015,V-028,Boulder,Suburban,side_entrance,business ,same_day,0,clear,12/08/2024 12:55 PM MDT,12/08/2024 12:55 PM MDT,67,2025-04-23 12:49:00,349,3,10.75,10.75,5.335,12.67,1.35,,0.0,55.39,14.0,94.9,delivered,,98.13,
S-00600,R-140,D-036,V-040,Denver-East,Suburban,package_room_3F,business,same_day,0,clear,01-Feb-2025 15:15 MST,01-Feb-2025 15:15 MST,30,2025-04-24 15:13:00,493,2,2.93,2.93,7.338,8.77,2.3,0.0,0.0,45.91,3.3,52.6,Failed,vehicle_issue,62.2,
S-00601,R-102,D-044,V-036,Denver-West,Rural,mailroom,business,SAME_DAY,0,clear,2025/09/28 16:55:00 MDT,2025/09/28 16:55:00 MDT,62,2025-04-25 17:03:00,603,4,0.96,0.96,18.322,18.71,7.67,3.79,0.0,49.08,14.9,84.2,rescheduled,,64.15,
S-00602,R-102,D-039,V-018,Denver-East ,Suburban,call_on_arrival,residential,standard,0,clear,2025/02/01 14:30:00,2025/02/01 14:30:00,113,2025-04-26 14:29:00,449,2,3.64,3.64,3.364,3.56,1.29,0.0,0.0,29.45,13.4,61.2,DELIVERED,,85.24,
S-00603,R-145,D-012,V-018,Denver-West,Suburban,front_desk,Biz,standard,0,wind,2025-08-18 11:35 MST,2025-08-18 11:35 MST,120,2025-04-27 11:32:00,272,1,4.95,4.95,5.974,11.7,2.27,,0.0,44.91,13.2,38.0,Delivered,,77.33,
S-00604,R-159,D-049,V-020,Denver-East,Downtown,mailroom,business,expedited,0,snow,2025/07/07 09:00:00,2025/07/07 09:00:00,62,2025-04-28 09:20:00,140,4,5.52,5.52,7.121,13.49,2.92,0.0,0.0,35.76,10.1,,rescheduled,,74.49,
S-00605,R-101,D-022,V-023,Fort-Collins,Rural,mailroom,Residential,expedited,0,clear,2025/07/04 15:10:00,2025/07/04 15:10:00,50,2025-04-29 15:13:00,493,2,5.12,5.12,8.613,18.11,2.7,0.0,0.0,47.73,13.5,47.4,delivered,,79.55,
S-00606,R-137,D-012,V-010,Fort-Collins,Downtown,garage,residential,standard,0,clear,08/12/2025 04:20 PM MDT,08/12/2025 04:20 PM MDT,128,2025-04-30 16:26:00,566,3,10.74,10.74,2.628,8.05,0.99,,0.0,55.34,9.2,67.4,failed,address_issue,70.03,
S-00607,R-105,D-043,V-026,Colorado-Springs,Campus,mailroom,residential ,same_day,0,wind,2025-10-07 12:20 MST,2025-10-07 12:20 MST,30,2025-05-01 12:21:00,321,7,3.91,3.91,2.852,18.12,1.11,0.0,118.12,41.73,6.9,49.5,failed,vehicle_issue,62.88,
S-00608,R-106,D-010,V-002,Boulder ,Suburban,leave_at_door,business,standard,0,snow,11-May-2025 07:00 MST,11-May-2025 07:00 MST,119,2025-05-02 07:04:00,4,1,2.71,2.71,1.382,17.46,0.83,2.91,0.0,36.71,13.5,73.4,rescheduled,,63.59,
S-00609,R-114,D-048,V-034,Denver-East,Suburban,garage,business ,standard,1,clear,2025/08/19 14:55:00 MST,2025/08/19 14:55:00 MST,116,2025-05-03 14:57:00,477,0,2.67,2.67,-2.603,15.24,0.86,0.0,0.0,66.77,,30.2,delivered,,74.03,
S-00610,R-130,D-025,V-027,Dnvr-East,Campus,garage,residential,standard,1,clear,15-Oct-2025 10:50 MST,15-Oct-2025 10:50 MST,122,2025-05-04 10:50:00,230,1,13.02,13.02,2.137,21.92,0.6,0.0,0.0,40.05,12.1,89.6,delivered,,89.41,
S-00611,R-124,D-022,V-011,Denver-West,Rural,leave_at_door,residential,same_day,0,clear,28-Dec-2025 09:15,28-Dec-2025 09:15,42,2025-05-05 09:27:00,147,2,3.07,3.07,3.998,9.85,1.35,0.0,0.0,55.32,6.3,55.5,failed,,47.65,
S-00612,R-150,D-020,V-021,Denver-West,Suburban,leave_at_door,Residential,expedited,0,clear,2025-06-22 14:00 MST ,2025-06-22 14:00 MST ,67,2025-05-06 13:52:00,412,2,16.61,16.61,3.136,26.11,1.61,7.16,0.0,38.32,9.3,73.2,delivered,,82.89,
S-00613,R-106,D-037,V-039,Denver-East,Suburban,side_entrance,business,standard,1,rain,07/05/2025 03:30 PM,07/05/2025 03:30 PM,115,2025-05-07 15:31:00,511,4,19.55,19.55,1.591,16.86,1.04,0.0,0.0,43.4,13.1,62.0,Delivered,,78.16,
S-00614,R-110,D-057,V-004,Fort-Collins,Suburban,front_desk,business,standard,1,clear,20-Nov-2024 09:35,20-Nov-2024 09:35,104,2025-05-08 09:37:00,157,2,5.38,5.38,5.347,16.19,2.36,,0.0,46.7,11.4,56.5,delivered,,81.42,
S-00615,R-104,D-011,V-040,Colorado-Springs,Downtown,side_entrance,residential,standard,1,rain,2025/03/04 12:05:00 MDT,2025/03/04 12:05:00 MDT,120,2025-05-09 12:13:00,313,3,7.41,7.41,3.548,15.78,1.63,0.0,0.0,55.44,7.7,100.0,failed,customer_not_home,52.38,
S-00616,R-118,D-044,V-006,Denver-East,Downtown,front_desk,business,STANDARD,0,clear,03-Nov-2025 17:00 MDT,03-Nov-2025 17:00 MDT,108,2025-05-10 17:04:00,604,4,10.62,10.62,1.768,10.15,1.24,,0.0,52.48,5.6,91.3,delivered,,90.27,
S-00617,R-132,D-029,V-028,Denver-East,Downtown,side_entrance,residential,standard,1,rain,07/17/2025 09:55 AM,07/17/2025 09:55 AM,111,2025-05-11 10:03:00,183,1,4.31,4.31,2.407,11.72,0.77,,0.0,49.6,5.8,70.3,delivered,,82.62,
S-00618,R-127,D-039,V-029,Boulder ,Rural,leave_at_door,business,standard,1,clear,2025-03-06 18:20,2025-03-06 18:20,123,2025-05-12 18:21:00,681,2,2.48,2.48,7.6,16.3,1.78,0.0,0.0,46.44,9.7,35.5,delivered,,84.43,
S-00619,R-149,D-018,V-014,Fort-Collins,Suburban,front_desk,business,standard,1,clear,06/19/2025 02:55 PM MST,06/19/2025 02:55 PM MST,125,2025-05-13 15:00:00,480,1,6.41,6.41,5.336,21.16,1.64,0.0,118.12,42.36,9.1,76.5,failed,,60.54,
S-00620,R-123,D-033,V-008,Colorado-Springs,Industrial,leave_at_door,residential ,expedited,0,clear,2025-12-01 11:50,2025-12-01 11:50,60,2025-05-14 11:47:00,287,2,6.95,6.95,5.864,14.45,1.89,0.0,0.0,62.27,3.7,66.1,failed,customer_not_home,59.34,
S-00621,R-119,D-028,V-008,Denver-West,Downtown,leave_at_door,business,expedited,0,rain,2024/12/21 11:15:00 MST ,2024/12/21 11:15:00 MST ,61,2025-05-15 11:18:00,258,3,2.27,2.27,2.016,14.99,1.0,6.44,0.0,54.46,,62.5,delivered,,87.99,
S-00622,R-132,D-044,V-038,Boulder ,Downtown,side_entrance,residential,standard,1,snow,03/21/2025 02:20 PM,03/21/2025 02:20 PM,127,2025-05-16 14:27:00,447,4,5.3,5.3,5.326,13.03,2.02,0.0,0.0,41.08,6.3,52.8,delivered,,58.69,
S-00623,R-103,D-034,V-020,Fort-Collins,Industrial,mailroom,business,STANDARD,0,wind,10/20/2025 02:05 PM MDT,10/20/2025 02:05 PM MDT,121,2025-05-17 14:19:00,439,5,7.08,7.08,12.591,16.55,4.12,0.0,0.0,52.65,9.1,58.6,failed,customer_not_home,58.87,
S-00624,R-139,D-015,V-026,Fort Collins,Rural,front_desk,residential,expedited,1,clear,11-Mar-2025 09:15 MDT,11-Mar-2025 09:15 MDT,53,2025-05-18 09:22:00,142,1,2.75,2.75,3.384,13.11,1.39,2.6,0.0,47.29,5.0,45.5,failed,address_issue,48.17,
S-00625,R-114,D-004,V-001,Fort-Collins,Downtown,garage,business,standard,1,wind,21-Apr-2025 10:55 MDT,21-Apr-2025 10:55 MDT,110,2025-05-19 10:50:00,230,1,3.83,3.83,6.206,9.16,2.84,0.0,0.0,42.71,8.0,63.2,rescheduled,,67.6,
S-00626,R-150,D-020,V-014,Boulder,Downtown,garage,Residential,standard,0,clear,2025-03-08 20:40 MDT,2025-03-08 20:40 MDT,131,2025-05-20 20:34:00,814,2,3.1,3.1,2.925,15.61,1.3,0.0,0.0,54.21,4.1,60.0,rescheduled,,71.79,
S-00627,R-119,D-009,V-017,Boulder,Campus,front_desk,res,standard,1,clear,06-Jul-2025 10:55 MDT,06-Jul-2025 10:55 MDT,130,2025-05-21 10:46:00,226,3,4.62,4.62,5.45,11.06,2.4,,0.0,44.69,19.5,45.4,DELIVERED,,86.74,
S-00628,R-101,D-021,V-008,Denver-West,Rural,front_desk,residential,standard,0,clear,06/30/2025 10:20 AM MDT,06/30/2025 10:20 AM MDT,121,2025-05-22 10:32:00,212,3,1.18,1.18,18.212,12.61,5.56,0.0,0.0,45.0,26.7,92.6,delivered,,88.12,
S-00629,R-112,D-032,V-028,Denver East,Suburban,locker_pickup,business,standard,1,snow,12/19/2024 01:00 PM MST,12/19/2024 01:00 PM MST,124,2025-05-23 13:23:00,383,1,2.27,2.27,19.469,12.09,3.83,4.31,0.0,38.96,4.8,60.4,delivered,,84.47,
S-00630,R-135,D-009,V-025,Denver-West,Suburban,rear_loading_dock,residential,standard,0,snow,16-Nov-2025 17:45,16-Nov-2025 17:45,120,2025-05-24 17:45:00,645,1,4.08,4.08,3.575,19.05,1.97,2.86,0.0,52.92,23.2,83.2,delivered,,80.47,check
S-00631,R-133,D-046,V-015,Denver-West,Suburban,package_room_3F,business ,same_day,1,clear,2025/05/12 17:10:00,2025/05/12 17:10:00,53,2025-05-25 17:02:00,602,1,1.95,1.95,1.639,16.36,0.85,0.0,0.0,45.56,6.2,32.2,rescheduled,,70.94,
S-00632,R-105,D-036,V-023,Denver-East,Suburban,leave_at_door,residential,standard,0,fog,2025-12-18 14:35,2025-12-18 14:35,123,2025-05-26 14:43:00,463,1,4.25,4.25,2.842,23.25,1.32,0.0,0.0,50.8,11.8,47.6,delivered,,92.16,
S-00633,R-128,D-026,V-003,Fort-Collins,Suburban,front_desk,residential,same_day,0,clear,04/21/2025 10:15 AM MDT,04/21/2025 10:15 AM MDT,44,2025-05-27 10:04:00,184,2,7.1,7.1,2.342,5.91,0.87,0.0,0.0,59.78,13.5,88.2,faild,customer_not_home,63.85,
S-00634,R-159,D-002,V-030,Denver-East,Rural,side_entrance,Biz,Standard,1,wind,07/27/2025 01:30 PM,07/27/2025 01:30 PM,133,2025-05-28 13:37:00,397,1,2.75,2.75,6.303,11.06,2.2,0.0,0.0,39.77,,48.2,delivered,,84.07,
S-00635,R-137,D-005,V-021,Fort-Collins,Suburban,hand_to_security,Business,Standard,1,clear,2025/07/14 08:50:00,2025/07/14 08:50:00,116,2025-05-29 16:00:00,540,4,9.26,9.26,1.8391008512545037,19.47,2.08,0.0,118.12,48.38,715.3,57.0,DELIVERED,,95.7,
S-00636,R-126,D-028,V-037,Denver-East,Downtown,leave_at_door,residential,expedited,1,snow,06-May-2025 09:10 MDT,06-May-2025 09:10 MDT,55,2025-05-30 09:26:00,146,4,2.28,2.28,1.378,14.84,-1.02,0.0,0.0,24.34,11.2,38.9,failed,customer_not_home,56.54,
S-00637,R-119,D-046,V-027,Denver-East,Downtown,leave_at_door,business,standard,0,clear,11/17/2025 07:55 PM,11/17/2025 07:55 PM,102,2025-05-31 19:55:00,775,2,5.15,5.15,2.69,5.64,0.81,3.11,0.0,58.3,20.4,42.8,delivered,,88.09,
S-00638,R-102,D-008,V-026,Denver-East,Suburban,leave_at_door,residential,standard,0,clear,12-Jul-2025 17:10 MDT,12-Jul-2025 17:10 MDT,129,2025-06-01 17:07:00,607,1,2.51,2.51,1.87,14.51,0.88,0.0,0.0,45.23,9.2,71.6,DELIVERED,,77.11,
S-00786,R-152,D-021,V-011,Fort Collins,Suburban,side_entrance,residential,standard,0,clear,01/21/2025 03:10 PM MST,01/21/2025 03:10 PM MST,106,2025-06-02 15:19:00,499,3,1.35,1.35,5.307,4.52,1.79,0.0,0.0,41.83,15.9,,delivered,,75.96,
S-00640,R-154,D-040,V-030,Denver-East,Downtown,call_on_arrival,residential ,standard,0,clear,2025-02-11 13:00,2025-02-11 13:00,112,2025-06-03 13:05:00,365,1,3.09,3.09,9.449,5.7,2.91,1.43,0.0,30.13,6.2,40.5,delivered,,91.84,
S-00641,R-106,D-045,V-024,Fort Collins,Suburban,garage,residential,same_day,0,rain,05/21/2025 11:30 AM MDT,05/21/2025 11:30 AM MDT,47,2025-06-04 11:47:00,287,2,4.08,4.08,6.537,5.12,2.39,0.0,0.0,34.42,9.4,78.7,delivered,,79.85,
S-00642,R-116,D-028,V-007,Boulder,Industrial,side_entrance,business,standard,0,clear,11/12/2024 01:05 PM,11/12/2024 01:05 PM,126,2025-06-05 13:04:00,364,2,21.95,21.95,5.214,19.53,2.35,,0.0,54.14,7.5,16.8,delivered,,86.32,
S-00643,R-126,D-028,V-038,Denver-West,Rural,front_desk,residential,standard,0,fog,28-Nov-2024 17:20,28-Nov-2024 17:20,116,2025-06-06 17:33:00,633,1,5.25,5.25,11.217,2.0,4.12,,0.0,47.92,9.4,62.9,delivered,,75.57,
S-00644,R-126,D-034,V-006,Denver-East,Industrial,mailroom,residential,expedited,0,clear,25-Dec-2024 08:55 MDT ,25-Dec-2024 08:55 MDT ,71,2025-06-07 08:51:00,111,3,3.52,3.52,2.89,21.63,1.39,2.97,0.0,26.65,15.3,,failed,customer_not_home,60.6,
S-00645,R-148,D-056,V-020,Boulder,Industrial,mailroom,residential,standard,0,clear,2025/10/16 19:05:00 MDT,2025/10/16 19:05:00 MDT,127,2025-06-08 18:52:00,712,1,4.67,4.67,2.094,9.61,0.83,0.0,0.0,46.28,22.6,67.5,delivered,,81.58,
S-00646,R-122,D-022,V-015,Denver-East,Suburban,leave_at_door,residential,standard,1,wind,2024-12-21 08:00 MST,2024-12-21 08:00 MST,104,2025-06-09 08:09:00,69,1,9.73,9.73,1.547,13.78,0.95,0.0,0.0,40.15,11.7,73.6,failed ,package_damaged,57.46,
S-00647,R-105,D-050,V-011,Fort Collins,Suburban,mailroom,residential ,standard,0,clear,18-Dec-2024 08:15 MST,18-Dec-2024 08:15 MST,113,2025-06-10 08:16:00,76,1,2.84,2.84,1.953,11.38,1.4,0.0,0.0,49.48,6.0,31.7,delivered,,87.14,
S-00648,R-134,D-033,V-008,Denver-West,Suburban,garage,business,standard,1,clear,11/27/2025 02:15 PM,11/27/2025 02:15 PM,122,2025-06-11 14:14:00,434,2,4.45,4.45,4.966,23.2,1.61,0.0,0.0,37.91,7.5,71.4,delivered,package_damaged,86.3,
S-00649,R-158,D-033,V-013,Fort-Collins,Industrial,building_super,residential,standard,0,clear,2025/12/04 10:30:00 MDT,2025/12/04 10:30:00 MDT,125,2025-06-12 10:33:00,213,4,3.55,3.55,4.995,8.46,1.14,0.0,0.0,38.78,8.4,53.5,delivered,,85.15,
S-00650,R-123,D-050,V-023,Fort-Collins,Downtown,mailroom,res,standard,1,clear,2025/04/18 10:40:00 MDT,2025/04/18 10:40:00 MDT,130,2025-06-13 10:36:00,216,2,10.4,10.4,2.781,13.89,1.22,3.22,0.0,48.25,22.6,90.2,rescheduled,,68.82,
S-00651,R-116,D-047,V-010,Denver-East,Campus,garage,residential,standard,0,rain,11-Jul-2025 17:10,11-Jul-2025 17:10,105,2025-06-14 17:19:00,619,2,7.52,7.52,4.445,5.47,1.72,,0.0,44.8,7.9,86.7,delivered,,83.78,
S-00652,R-117,D-007,V-010,Denver-East,Suburban,garage,business ,standard,0,rain,25-Feb-2025 16:30,25-Feb-2025 16:30,138,2025-06-15 16:30:00,570,3,16.68,16.68,9.601,4.57,3.33,2.31,0.0,61.58,28.4,61.9,delivered ,,95.59,
S-00653,R-139,D-013,V-012,Colorado Springs,Suburban,call_on_arrival,business ,same_day,0,clear,07/29/2025 08:35 AM MST,07/29/2025 08:35 AM MST,33,2025-06-16 08:36:00,96,2,3.7,3.7,7.527,18.08,2.6,2.14,118.12,53.74,7.6,70.3,failed,customer_not_home,70.43,
S-00654,R-112,D-010,V-005,Colorado-Springs,Downtown,call_on_arrival,residential,expedited,1,clear,07-Nov-2025 08:05 MDT,07-Nov-2025 08:05 MDT,59,2025-06-17 08:10:00,70,1,5.64,5.64,2.23,9.15,1.08,0.0,0.0,40.33,19.7,55.8,delivered,,74.78,
S-00655,R-130,D-050,V-032,Colorado-Springs,Downtown,mailroom,residential,standard,0,clear,27-Dec-2024 13:50,27-Dec-2024 13:50,111,2025-06-18 13:55:00,415,2,5.63,5.63,3.283,22.3,0.74,0.0,0.0,45.66,8.5,17.9,delivered,,89.33,
S-00656,R-149,D-049,V-037,Denver-East,Downtown,garage,residential,standard,0,rain,10/05/2025 05:10 PM MDT,10/05/2025 05:10 PM MDT,125,2025-06-19 17:11:00,611,3,8.06,8.06,1.575,17.7,0.74,0.0,0.0,52.77,7.5,48.3,delivered,,87.77,
S-00657,R-144,D-038,V-029,Boulder,Campus,leave_at_door,residential,standard,1,clear,2025-11-19 09:30 MDT,2025-11-19 09:30 MDT,120,2025-06-20 09:25:00,145,1,10.72,10.72,1.69,10.64,0.68,0.0,0.0,41.7,21.8,33.0,delivered,,89.52,
S-00658,R-142,D-060,V-037,Denver-East ,Suburban,call_on_arrival,residential,standard,0,clear,2025/03/19 18:40:00 MDT,2025/03/19 18:40:00 MDT,122,2025-06-21 18:46:00,706,2,2.74,2.74,8.159,8.32,2.72,6.08,0.0,42.74,14.3,72.2,delivered,,91.54,
S-00659,R-121,D-041,V-040,Denver East,Suburban,garage,res,standard,0,clear,2025-11-10 15:30,2025-11-10 15:30,121,2025-06-22 15:23:00,503,2,11.96,11.96,3.393,3.94,1.19,0.0,0.0,39.17,12.4,62.6,delivered,,89.04,check
S-00660,R-110,D-056,V-021,Denver-East,Suburban,call_on_arrival,Residential,standard,0,clear,14-Sep-2025 15:10 MDT,14-Sep-2025 15:10 MDT,132,2025-06-23 15:13:00,493,3,5.29,5.29,5.684,6.75,1.95,2.12,0.0,46.38,6.7,,failed,weather_delay,54.47,
S-00661,R-131,D-029,V-005,Boulder,Suburban,front_desk,residential,STANDARD,0,clear,01/12/2025 01:55 PM MDT,01/12/2025 01:55 PM MDT,109,2025-06-24 13:42:00,402,3,7.09,7.09,2.609,8.66,1.26,2.72,0.0,38.82,7.3,79.5,failed,,62.14,
S-00662,R-151,D-029,V-020,Denver-East,Suburban,garage,business,standard,0,clear,2025-06-23 08:10 MST,2025-06-23 08:10 MST,127,2025-06-25 08:21:00,81,6,4.89,4.89,2.957,12.47,1.66,3.2,0.0,42.42,,84.8,delivered,,85.51,
S-00663,R-104,D-018,V-038,Boulder,Suburban,garage,residential,expedited,0,clear,05/08/2025 10:40 AM MST,05/08/2025 10:40 AM MST,45,2025-06-26 10:40:00,220,2,9.92,9.92,1.614,3.74,0.71,2.0,0.0,47.22,12.4,58.0,Delivered,,94.89,check
S-00664,R-105,D-023,V-033,Denver-West,Downtown,side_entrance,residential,standard,0,clear,2025-07-28 17:30,2025-07-28 17:30,118,2025-06-27 17:25:00,625,2,3.48,3.48,1.926,9.46,0.85,0.0,0.0,36.11,19.9,60.9,Delivered,,78.3,
S-00665,R-129,D-020,V-030,Colorado-Springs,Industrial,front_desk,business,standard,0,fog,12-Sep-2025 16:20 MST ,12-Sep-2025 16:20 MST ,135,2025-06-28 16:34:00,574,3,6.94,6.94,1.98,5.9,1.05,3.98,0.0,35.85,12.4,62.2,delivered,,87.82,
S-00666,R-124,D-003,V-004,Boulder,Campus,side_entrance,residential,standard,1,clear,11/26/2025 04:55 PM MDT,11/26/2025 04:55 PM MDT,98,2025-06-29 16:59:00,599,1,1.7,1.7,1.661,25.39,1.18,3.76,0.0,38.14,25.0,68.6,delivered ,,84.92,
S-00667,R-105,D-054,V-019,Denver-West,Rural,call_on_arrival,residential ,Standard,1,clear,2025-10-15 11:15 MDT,2025-10-15 11:15 MDT,110,2025-06-30 11:17:00,257,3,4.04,4.04,6.843,13.59,2.39,,0.0,49.08,27.1,61.6,DELIVERED,,81.51,
S-00668,R-140,D-042,V-006,Colorado-Springs,Suburban,front_desk,residential,expedited,0,clear,09-Nov-2024 10:55 MST,09-Nov-2024 10:55 MST,56,2025-07-01 10:58:00,238,4,5.46,5.46,4.653,18.44,1.97,0.0,118.12,34.53,21.6,78.5,failed,customer_not_home,58.17,
S-00669,R-125,D-039,V-033,Boulder,Suburban,mailroom,residential,standard,0,wind,2025-01-05 17:00 MST,2025-01-05 17:00 MST,113,2025-07-02 17:02:00,602,1,2.88,2.88,2.872,7.0,1.43,3.19,0.0,37.84,5.5,80.6,delivered,,85.3,
S-00670,R-136,D-030,V-038,Denver-East,Downtown,leave_at_door,business,standard,1,snow,09/29/2025 12:30 PM,09/29/2025 12:30 PM,109,2025-07-03 12:36:00,336,2,10.27,10.27,5.364,12.69,2.13,0.0,0.0,53.25,6.8,58.4,failed,,66.45,
S-00671,R-129,D-051,V-003,Denver-East,Suburban,call_on_arrival,Biz,STANDARD,0,rain,2025-10-28 14:15 MST,2025-10-28 14:15 MST,123,2025-07-04 14:22:00,442,2,5.18,5.18,-1.338,16.49,0.87,,0.0,51.37,10.7,48.0,delivered,,79.37,
S-00672,R-142,D-059,V-037,Denver-East,Suburban,garage,residential,standard,0,fog,16-Apr-2025 11:05 ,16-Apr-2025 11:05 ,109,2025-07-05 10:59:00,239,1,1.38,1.38,9.01,30.07,3.16,1.44,0.0,36.27,32.5,100.0,delivered ,,91.65,
S-00673,R-139,D-013,V-021,Denver-West,Suburban,mailroom,Residential,standard,0,wind,2024-12-12 13:35,2024-12-12 13:35,125,2025-07-06 13:38:00,398,1,3.71,3.71,2.48,9.15,1.23,0.0,0.0,44.43,17.4,46.3,failed,address_issue,50.07,
S-00674,R-110,D-031,V-033,Denver-East,Suburban,call_on_arrival,business,standard,0,rain,2024/12/24 12:15:00 MST,2024/12/24 12:15:00 MST,117,2025-07-07 12:24:00,324,1,1.53,1.53,3.36,8.32,1.3,,0.0,49.47,,38.0,faild,customer_not_home,57.0,
S-00675,R-107,D-004,V-029,Dnvr-East,Rural,leave_at_door,residential,expedited,1,rain,2025/06/17 15:45:00,2025/06/17 15:45:00,84,2025-07-08 15:45:00,525,4,14.79,14.79,8.906,21.38,2.04,,0.0,44.24,5.9,55.6,delivered,,80.47,
S-00676,R-146,D-052,V-022,Denver-East,Downtown,garage,residential,expedite,0,clear,2025/11/11 13:50:00 MST,2025/11/11 13:50:00 MST,72,2025-07-09 13:53:00,413,4,7.2,7.2,6.796,6.85,2.77,3.62,0.0,50.33,15.3,101.4,delivered,,88.49,
S-00677,R-142,D-006,V-033,Boulder ,Rural,front_desk,residential,same_day,0,rain,2025/11/23 11:00:00 MST,2025/11/23 11:00:00 MST,45,2025-07-10 11:06:00,246,4,7.38,7.38,4.854,7.04,1.99,0.0,0.0,38.92,20.9,81.1,failed,address_issue,50.47,
S-00678,R-116,D-012,V-003,Fort-Collins,Downtown,leave_at_door,residential,same_day,1,clear,2024/11/12 11:30:00,2024/11/12 11:30:00,44,2025-07-11 11:29:00,269,1,6.38,6.38,2.002,20.98,1.01,,0.0,39.56,4.4,88.9,Delivered,,77.79,check
S-00679,R-129,D-046,V-029,Denver-West,Suburban,side_entrance,residential,expedited,0,wind,2024/12/13 13:50:00 MDT,2024/12/13 13:50:00 MDT,56,2025-07-12 13:56:00,416,3,8.05,8.05,4.442,9.81,1.35,0.0,0.0,36.97,8.0,65.8,delivered,,79.72,
S-00680,R-140,D-034,V-034,Fort-Collins,Suburban,call_on_arrival,res,standard,0,wind,12/05/2024 02:35 PM,12/05/2024 02:35 PM,108,2025-07-13 14:33:00,453,7,6.81,6.81,2.475,15.14,0.9,0.0,0.0,37.44,10.4,100.0,DELIVERED,,87.6,
S-00681,R-124,D-011,V-024,Colorado-Springs,Suburban,garage,residential,same day,0,rain,2025/02/18 12:40:00,2025/02/18 12:40:00,64,2025-07-14 12:47:00,347,1,4.29,4.29,2.952,8.48,1.2,0.0,0.0,27.08,4.5,60.1,failed,package_damaged,66.36,
S-00682,R-125,D-059,V-019,Denver-East,Suburban,call_on_arrival,business,STANDARD,1,clear,2025-02-08 10:20 MST,2025-02-08 10:20 MST,106,2025-07-15 10:24:00,204,2,2.63,2.63,4.171,12.07,1.4,0.0,0.0,46.07,8.0,83.7,delivered,,78.12,
S-00683,R-144,D-027,V-022,Dnvr-East,Industrial,leave_at_door,business,Standard,0,clear,2025-03-13 11:50 MST,2025-03-13 11:50 MST,120,2025-07-16 11:54:00,294,2,8.18,8.18,5.419,10.06,2.31,0.0,0.0,31.27,28.2,55.4,delivered,,86.24,
S-00684,R-151,D-039,V-004,Denver-East,Rural,garage,residential,same_day,0,wind,11-Jul-2025 11:15,11-Jul-2025 11:15,37,2025-07-17 11:29:00,269,1,9.11,9.11,10.734,12.85,4.66,,118.12,50.09,10.9,77.3,Failed,,58.01,
S-00685,R-105,D-041,V-022,Colorado-Springs,Downtown,leave_at_door,business,standard,0,clear,2024-11-24 10:55 MST ,2024-11-24 10:55 MST ,123,2025-07-18 10:54:00,234,2,13.6,13.6,1.566,5.37,0.92,6.57,0.0,42.29,15.7,36.2,failed,weather_delay,54.48,
S-00686,R-136,D-022,V-007,Denver-West,Suburban,call_on_arrival,residential,standard,1,clear,07/13/2025 11:10 AM MST,07/13/2025 11:10 AM MST,117,2025-07-19 11:10:00,250,2,2.28,2.28,2.546,22.98,1.16,,0.0,44.97,7.0,82.5,delivered,,74.95,
S-00687,R-119,D-044,V-025,Fort-Collins,Rural,side_entrance,residential,standard,0,rain,09/23/2025 07:00 AM MDT,09/23/2025 07:00 AM MDT,117,2025-07-20 07:15:00,15,1,1.47,1.47,17.956,2.34,7.89,0.0,0.0,30.83,15.0,54.7,failed ,customer_not_home,63.78,
S-00688,R-156,D-017,V-039,Denver-East,Suburban,garage,residential,standard,0,clear,2024-12-22 09:50 MDT,2024-12-22 09:50 MDT,116,2025-07-21 09:51:00,171,1,4.86,4.86,3.346,2.17,1.59,0.0,0.0,53.3,11.6,37.2,delivered,,88.21,check
S-00689,R-106,D-010,V-022,Fort-Collins,Industrial,garage,residential,Standard,0,clear,2024-12-21 15:35 MST ,2024-12-21 15:35 MST ,125,2025-07-22 15:48:00,528,1,3.45,3.45,5.59,3.38,2.3,3.69,0.0,34.73,18.1,60.7,failed,,60.1,
S-00690,R-159,D-038,V-010,Fort-Collins,Suburban,package_room_3F,residential ,standard,1,clear,2025/02/03 16:50:00 MDT,2025/02/03 16:50:00 MDT,119,2025-07-23 16:55:00,595,4,9.3,9.3,4.339,16.74,1.63,0.0,0.0,39.45,35.6,58.0,delivered,customer_not_home,84.79,
S-00691,R-142,D-023,V-020,Colorado Springs,Downtown,call_on_arrival,residential,expedited,0,clear,2025-03-19 08:55 MST,2025-03-19 08:55 MST,68,2025-07-24 09:04:00,124,1,2.93,2.93,7.971,5.18,2.73,,0.0,51.81,8.4,44.4,delivered,,82.62,
S-00692,R-109,D-045,V-026,Denver-East,Suburban,mailroom,Business,standard,0,snow,03/04/2025 02:10 PM MDT,03/04/2025 02:10 PM MDT,121,2025-07-25 14:24:00,444,2,4.87,4.87,7.021,19.72,2.65,2.57,0.0,47.56,9.5,67.3,DELIVERED,,91.63,
S-00693,R-120,D-039,V-006,Boulder,Campus,side_entrance,residential,standard,0,clear,2025/10/07 17:45:00,2025/10/07 17:45:00,130,2025-07-26 17:31:00,631,1,4.26,4.26,1.453,5.89,1.04,0.0,0.0,46.33,15.7,46.9,failed,customer_not_home,67.09,
S-00694,R-142,D-036,V-025,Dnvr-East,Industrial,call_on_arrival,residential,standard,0,snow,2025-03-07 15:50,2025-03-07 15:50,109,2025-07-27 16:10:00,550,1,5.46,5.46,12.029,15.98,5.79,,0.0,42.72,11.0,92.0,failed,weather_delay,66.77,
S-00695,R-153,D-051,V-022,Denver-East,Suburban,front_desk,residential,standard,1,rain,17-Nov-2025 17:05,17-Nov-2025 17:05,103,2025-07-28 17:11:00,611,1,5.52,5.52,3.377,16.62,1.79,2.08,0.0,55.72,11.9,76.5,delivered ,,88.13,
S-00696,R-106,D-009,V-034,Denver-East,Suburban,mailroom,business,standard,0,rain,12/11/2024 09:45 AM MST,12/11/2024 09:45 AM MST,119,2025-07-29 09:55:00,175,2,5.95,5.95,1.803,9.21,0.87,0.0,0.0,46.61,9.4,37.3,rescheduled,,70.61,
S-00697,R-133,D-042,V-028,Denver-West,Campus,call_on_arrival,residential,expedited,0,clear,07-Apr-2025 16:30 MDT,07-Apr-2025 16:30 MDT,63,2025-07-30 16:32:00,572,2,6.54,6.54,2.259,6.19,0.89,,0.0,48.02,8.8,,delivered,,85.24,
S-00698,R-124,D-024,V-002,Denver-East,Downtown,front_desk,Business,same_day,0,clear,15-Jan-2025 15:15 MST,15-Jan-2025 15:15 MST,43,2025-07-31 15:11:00,491,1,4.01,4.01,0.769,10.43,0.58,0.0,0.0,39.1,16.2,81.5,rescheduled,,70.65,
S-00699,R-114,D-020,V-012,Denver-East,Downtown,rear_loading_dock,residential ,standard,0,rain,01/24/2025 12:45 PM,01/24/2025 12:45 PM,106,2025-08-01 12:46:00,346,4,5.25,5.25,2.13,10.26,0.88,,0.0,36.11,8.3,52.1,failed,vehicle_issue,59.69,
S-00700,R-113,D-022,V-032,Colorado Springs,Suburban,front_desk,business,standard,0,rain,2025-04-05 19:55 MST,2025-04-05 19:55 MST,104,2025-08-02 19:58:00,778,4,10.89,10.89,4.312,10.36,1.0,1.6,0.0,47.59,5.8,38.4,failed,,62.6,
S-00701,R-110,D-015,V-009,Denver-East,Suburban,side_entrance,Biz,same_day,0,wind,2025/03/07 11:05:00,2025/03/07 11:05:00,49,2025-08-03 11:06:00,246,1,2.02,2.02,0.827,4.27,0.46,0.0,0.0,47.66,10.8,51.5,delivered,,96.03,
S-00702,R-155,D-005,V-019,Colorado-Springs,Rural,garage,business,expedited,0,snow,2025-07-17 17:40 MST,2025-07-17 17:40 MST,52,2025-08-04 17:51:00,651,1,3.75,3.75,9.722,3.18,3.96,1.91,0.0,44.58,800.0,55.3,failed,customer_not_home,69.91,
S-00703,R-133,D-051,V-007,Fort-Collins,Suburban,side_entrance,business,expedited,0,clear,2025-08-29 16:45 MST,2025-08-29 16:45 MST,60,2025-08-05 16:41:00,581,2,2.05,2.05,5.838,10.43,2.76,2.71,0.0,44.95,7.8,44.6,delivered,,90.79,
S-00704,R-154,D-050,V-035,Colorado-Springs,Rural,mailroom,residential,Standard,0,clear,2025-01-13 19:00 MST,2025-01-13 19:00 MST,128,2025-08-06 18:55:00,715,3,14.46,14.46,4.766,13.14,0.95,,0.0,34.43,17.2,64.2,delivered,,85.98,
S-00705,R-103,D-048,V-034,Dnvr-East,Campus,call_on_arrival,residential,Expedited,0,wind,2025/04/21 12:20:00,2025/04/21 12:20:00,73,2025-08-07 12:30:00,330,3,3.99,3.99,5.615,7.86,1.08,4.22,118.12,40.83,21.5,100.0,failed,vehicle_issue,59.01,
S-00706,R-157,D-043,V-022,Colorado-Springs,Rural,side_entrance,residential,standard,1,clear,2024-11-04 15:30,2024-11-04 15:30,116,2025-08-08 15:37:00,517,2,2.68,2.68,10.972,14.55,4.49,0.0,0.0,46.06,5.3,70.1,failed,address_issue,53.87,
S-00707,R-109,D-050,V-040,Boulder ,Downtown,call_on_arrival,residential,standard,0,clear,12/25/2024 06:50 PM,12/25/2024 06:50 PM,118,2025-08-09 18:43:00,703,1,8.13,8.13,1.288,9.26,0.8,,0.0,33.39,7.9,43.4,delivered,,90.15,
S-00708,R-110,D-039,V-025,Fort-Collins,Suburban,garage,business,standard,0,rain,09-Dec-2025 14:15,09-Dec-2025 14:15,132,2025-08-10 14:12:00,432,1,0.95,0.95,2.363,5.13,1.48,0.0,0.0,48.61,20.6,45.8,delivered,,93.9,
S-00709,R-154,D-011,V-012,Denver-West,Rural,package_room_3F,business ,standard,1,fog,2025/04/14 14:55:00,2025/04/14 14:55:00,115,2025-08-11 15:00:00,480,3,2.26,2.26,2.731,12.25,1.13,0.0,0.0,46.64,7.4,85.2,rescheduled,,67.64,
S-00710,R-152,D-045,V-040,Denver-West,Rural,mailroom,business,Standard,0,clear,10-Feb-2025 10:30 MST,10-Feb-2025 10:30 MST,128,2025-08-12 10:31:00,211,1,2.52,2.52,6.813,11.65,2.22,0.0,0.0,38.63,15.4,62.5,delivered ,,88.95,
S-00711,R-147,D-058,V-011,Denver-East,Suburban,side_entrance,residential,standard,1,fog,2025/02/09 09:00:00 MST,2025/02/09 09:00:00 MST,121,2025-08-13 08:57:00,117,1,7.17,7.17,3.341,10.24,1.41,,0.0,51.06,12.6,69.3,delivered,,88.58,
S-00712,R-127,D-029,V-003,Colorado-Springs,Downtown,garage,business,standard,0,clear,24-Jan-2025 09:05,24-Jan-2025 09:05,120,2025-08-14 09:08:00,128,2,1.9,1.9,1.956,3.96,1.09,0.0,118.12,46.35,9.1,64.0,failed,vehicle_issue,58.8,
S-00713,R-129,D-024,V-016,Denver-West,Campus,mailroom,residential,standard,0,rain,2025/11/19 07:55:00,2025/11/19 07:55:00,114,2025-08-15 08:00:00,60,2,3.14,3.14,2.171,8.44,1.37,0.0,0.0,32.38,14.4,,failed,,65.77,
S-00714,R-149,D-040,V-019,Boulder,Suburban,garage,residential ,standard,0,rain,28-Jul-2025 15:00 MST,28-Jul-2025 15:00 MST,138,2025-08-16 14:58:00,478,1,9.05,9.05,7.118,6.94,2.29,0.0,0.0,48.51,9.7,92.1,DELIVERED,,89.94,
S-00715,R-115,D-048,V-029,Denver-West,Suburban,front_desk,residential,standard,0,snow,12-Apr-2025 15:10,12-Apr-2025 15:10,116,2025-08-17 15:25:00,505,3,5.76,5.76,1.303,32.42,0.61,0.0,0.0,40.96,10.4,80.7,delivered,,66.6,
S-00716,R-120,D-035,V-016,Colorado-Springs,Suburban,side_entrance,business,Standard,0,clear,2025/05/27 16:00:00,2025/05/27 16:00:00,114,2025-08-18 16:02:00,542,1,6.71,6.71,2.351,8.97,1.54,,0.0,49.84,7.3,92.5,delivered ,,83.46,
S-00717,R-158,D-052,V-031,Colorado Springs,Downtown,garage,business ,Standard,0,rain,29-Dec-2025 12:55 MST,29-Dec-2025 12:55 MST,98,2025-08-19 12:52:00,352,3,5.34,5.34,2.962,8.1,1.38,0.0,0.0,51.25,7.9,55.2,delivered,,90.45,
S-00718,R-124,D-054,V-013,Boulder,Campus,call_on_arrival,Biz,standard,1,clear,2025/03/11 08:10:00 MST,2025/03/11 08:10:00 MST,105,2025-08-20 08:10:00,70,2,3.69,3.69,1.624,17.94,0.42,0.0,0.0,53.49,7.7,46.3,rescheduled,,67.97,
S-00719,R-129,D-044,V-037,Denver-West,Industrial,leave_at_door,business,same_day,0,clear,10/28/2025 12:40 PM MST,10/28/2025 12:40 PM MST,45,2025-08-21 12:42:00,342,4,6.26,6.26,15.41,18.76,4.72,,0.0,36.43,3.5,63.5,failed,customer_not_home,62.53,check
S-00720,R-150,D-030,V-019,Denver-East,Suburban,front_desk,residential,Standard,0,clear,2024-11-19 14:45,2024-11-19 14:45,117,2025-08-22 14:35:00,455,2,2.77,2.77,2.771,9.2,1.01,0.0,0.0,46.1,15.8,87.1,rescheduled,,69.66,
S-00721,R-134,D-025,V-033,Boulder,Suburban,side_entrance,residential,same_day,0,wind,2025-03-25 10:55,2025-03-25 10:55,43,2025-08-23 10:49:00,229,4,7.64,7.64,3.853,10.1,1.31,,0.0,28.26,8.7,63.0,failed,,67.08,
S-00722,R-153,D-027,V-011,Denver-West,Campus,side_entrance,residential,expedited,0,clear,23-Jul-2025 08:10 MDT,23-Jul-2025 08:10 MDT,66,2025-08-24 08:08:00,68,2,7.76,7.76,3.009,5.33,1.1,0.0,0.0,33.52,7.7,,rescheduled,,70.14,
S-00723,R-109,D-013,V-039,Boulder,Industrial,side_entrance,business,Expedited,1,snow,2025/08/22 17:20:00 MDT,2025/08/22 17:20:00 MDT,69,2025-08-25 17:35:00,635,4,11.10,11.1,2.897,16.5,1.8,0.0,0.0,59.58,,85.5,rescheduled,,79.84,
S-00724,R-104,D-056,V-017,Denver-West,Suburban,call_on_arrival,residential,same_day,0,snow,08/28/2025 12:45 PM MDT ,08/28/2025 12:45 PM MDT ,61,2025-08-26 12:56:00,356,2,5.47,5.47,5.338,9.15,2.88,0.0,0.0,52.86,21.0,37.5,rescheduled,,57.91,
S-00725,R-156,D-042,V-031,Boulder,Downtown,front_desk,business,standard,0,clear,2025-07-13 15:15 MST,2025-07-13 15:15 MST,118,2025-08-27 15:04:00,484,3,8.81,8.81,4.616,5.89,1.57,3.56,0.0,56.11,6.8,47.5,delivered,,77.67,
S-00726,R-160,D-024,V-036,Colorado-Springs,Industrial,call_on_arrival,res,same_day,0,clear,2025/04/10 13:20:00 MDT ,2025/04/10 13:20:00 MDT ,34,2025-08-28 13:15:00,375,2,1.83,1.83,1.864,16.99,1.06,3.94,0.0,36.49,9.0,87.2,delivered,,87.58,
S-00727,R-155,D-007,V-034,Boulder,Suburban,mailroom,Biz,standard,0,clear,2025/07/09 10:35:00 MDT,2025/07/09 10:35:00 MDT,105,2025-08-29 10:24:00,204,5,8.01,8.01,2.44,9.22,0.45,7.0,0.0,23.99,9.1,63.1,delivered,,87.79,
S-00728,R-106,D-008,V-019,Boulder,Downtown,rear_loading_dock,residential,Standard,0,wind,01/09/2025 11:45 AM MST,01/09/2025 11:45 AM MST,121,2025-08-30 11:55:00,295,2,5.12,5.12,1.499,15.04,0.71,3.63,0.0,46.06,7.4,61.9,delivered,,98.24,
S-00729,R-118,D-049,V-011,Denver-West,Downtown,locker_pickup,residential,standard,0,snow,07-Feb-2025 13:50,07-Feb-2025 13:50,123,2025-08-31 13:51:00,411,2,3.86,3.86,3.423,13.6,1.31,0.0,0.0,34.75,12.9,87.6,rescheduled,,65.76,check
S-00730,R-110,D-029,V-033,Boulder,Industrial,call_on_arrival,Biz,Standard,0,rain,2025/05/02 09:40:00 MDT,2025/05/02 09:40:00 MDT,125,2025-09-01 09:42:00,162,1,8.03,8.03,3.744,11.16,1.37,1.88,0.0,57.88,19.2,86.0,delivered,,86.37,
S-00731,R-106,D-054,V-028,Boulder,Suburban,mailroom,residential ,expedited,0,clear,2025-07-04 12:15 MDT,2025-07-04 12:15 MDT,75,2025-09-02 12:09:00,309,6,11.75,11.75,3.826,20.51,0.74,0.0,0.0,44.39,20.0,56.0,Delivered,,91.45,
S-00732,R-153,D-059,V-015,Boulder ,Rural,leave_at_door,residential,expedited,1,rain,12/13/2025 10:55 AM,12/13/2025 10:55 AM,63,2025-09-03 10:49:00,229,1,3.0,3.0,5.066,21.25,2.83,0.0,0.0,36.5,11.4,64.2,rescheduled,,71.39,
S-00733,R-160,D-029,V-023,Denver-West,Suburban,leave_at_door,business,standard,0,clear,2025/12/30 11:20:00,2025/12/30 11:20:00,121,2025-09-04 11:28:00,268,1,2.14,2.14,2.441,18.52,1.09,1.37,118.12,42.13,10.1,68.0,failed,customer_not_home,53.4,
S-00734,R-104,D-002,V-027,Fort-Collins,Campus,garage,residential,standard,0,rain,12/31/2024 06:10 PM,12/31/2024 06:10 PM,130,2025-09-05 18:23:00,683,1,2.76,2.76,4.673,12.82,1.08,2.81,118.12,33.03,8.8,53.3,delivered,,82.32,
S-00735,R-124,D-026,V-033,Denver-East,Suburban,mailroom,business,expedited,0,clear,12/28/2024 02:15 PM,12/28/2024 02:15 PM,61,2025-09-06 14:11:00,431,4,4.06,4.06,0.885,8.21,0.49,,0.0,36.15,17.5,89.0,delivered,,100.0,
S-00736,R-106,D-016,V-025,Colorado Springs,Campus,front_desk,business,expedited,1,clear,2025-04-24 07:50 MST,2025-04-24 07:50 MST,48,2025-09-07 07:54:00,54,3,3.86,3.86,1.446,25.27,1.05,7.09,0.0,48.54,16.2,40.1,delivered,,92.97,
S-00737,R-102,D-024,V-015,Fort-Collins,Rural,call_on_arrival,residential,standard,0,snow,2025-05-04 09:20 MDT,2025-05-04 09:20 MDT,119,2025-09-08 09:37:00,157,5,2.22,2.22,2.353,9.04,1.3,0.0,0.0,51.68,38.7,57.2,failed,,52.72,
S-00738,R-154,D-021,V-007,Colorado Springs,Suburban,garage,residential,Expedited,1,clear,2025/01/03 10:35:00,2025/01/03 10:35:00,70,2025-09-09 10:29:00,209,3,5.87,5.87,2.215,14.61,1.45,0.0,0.0,52.7,13.2,52.1,delivered,,82.03,
S-00739,R-151,D-046,V-022,Denver-West,Downtown,leave_at_door,residential,expedited,0,clear,10/12/2025 01:20 PM MDT,10/12/2025 01:20 PM MDT,59,2025-09-10 13:15:00,375,3,22.09,22.09,5.071,11.93,2.43,0.0,118.12,45.64,30.6,76.5,delivered,,76.23,
S-00740,R-103,D-010,V-009,Denver-East,Suburban,locker_pickup,business,STANDARD,0,clear,04-Jun-2025 12:20 MST,04-Jun-2025 12:20 MST,113,2025-09-11 12:18:00,318,3,9.09,9.09,3.193,3.88,1.23,0.0,0.0,49.3,18.1,89.4,failed,weather_delay,56.73,check
S-00741,R-145,D-019,V-031,Denver-West,Industrial,side_entrance,residential ,STANDARD,0,clear,2024-12-02 07:05,2024-12-02 07:05,117,2025-09-12 07:04:00,4,1,2.54,2.54,3.736,6.87,1.59,12.65,0.0,35.39,7.9,29.3,delivered,,88.96,
S-00742,R-149,D-054,V-009,Boulder ,Rural,building_super,residential,standard,0,clear,2025/10/19 14:45:00 MDT,2025/10/19 14:45:00 MDT,131,2025-09-13 14:41:00,461,1,5.37,5.37,6.701,11.15,2.17,0.0,0.0,51.38,4.3,84.1,delivered,,81.06,
S-00743,R-129,D-046,V-031,Denver-East,Suburban,side_entrance,residential,standard,0,clear,2025/08/04 13:35:00 MDT,2025/08/04 13:35:00 MDT,109,2025-09-14 13:38:00,398,3,4.77,4.77,2.326,19.91,1.17,0.0,118.12,54.06,13.4,85.8,failed,weather_delay,59.21,
S-00744,R-158,D-040,V-001,Denver-East,Industrial,building_super,Business,same_day,0,fog,27-Feb-2025 17:05 MST,27-Feb-2025 17:05 MST,45,2025-09-15 17:15:00,615,1,4.14,4.14,3.248,8.85,1.97,,118.12,41.54,15.4,74.2,Failed,address_issue,50.64,
S-00745,R-117,D-006,V-002,Denver-East,Downtown,side_entrance,residential,standard,0,clear,2025/11/17 15:30:00,2025/11/17 15:30:00,150,2025-09-16 15:25:00,505,1,1.57,1.57,3.567,13.61,1.34,0.0,0.0,53.33,3.8,75.7,delivered,,78.63,
S-00746,R-136,D-014,V-010,Fort Collins,Suburban,side_entrance,business,standard,1,fog,2025/08/07 12:40:00,2025/08/07 12:40:00,112,2025-09-17 12:41:00,341,2,2.52,2.52,5.252,12.85,1.85,4.25,0.0,50.1,7.5,57.2,delivered,,90.03,
S-00747,R-134,D-047,V-039,Boulder ,Suburban,call_on_arrival,res,EXPEDITED,1,rain,2025/02/06 16:20:00,2025/02/06 16:20:00,54,2025-09-18 16:27:00,567,4,12.24,12.24,2.264,22.84,1.38,2.67,0.0,38.67,12.4,72.1,rescheduled,,66.97,
S-00748,R-150,D-028,V-008,Fort-Collins,Downtown,leave_at_door,residential,same_day,0,clear,04/27/2025 12:10 PM MDT ,04/27/2025 12:10 PM MDT ,50,2025-09-19 12:01:00,301,5,12.53,12.53,0.955,6.9,0.51,0.0,0.0,41.9,7.6,49.4,failed,,56.61,check
S-00749,R-120,D-019,V-016,Fort-Collins,Suburban,side_entrance,residential,EXPEDITED,0,clear,2025-05-01 08:20 ,2025-05-01 08:20 ,59,2025-09-20 08:24:00,84,3,3.3,3.3,4.737,7.68,2.26,5.11,0.0,45.41,5.6,26.3,failed,,63.58,
S-00750,R-116,D-008,V-004,Denver-East,Industrial,leave_at_door,residential,STANDARD,1,rain,2025-08-28 08:40 MST,2025-08-28 08:40 MST,102,2025-09-21 08:44:00,104,3,7.34,7.34,5.936,14.77,3.06,6.12,0.0,39.8,,54.1,delivered,,82.01,
S-00751,R-130,D-027,V-040,Denver-East ,Downtown,garage,business,expedited,0,clear,13-Dec-2025 15:20 MST,13-Dec-2025 15:20 MST,77,2025-09-22 15:18:00,498,2,4.21,4.21,1.909,10.8,1.4,0.0,0.0,32.47,5.8,46.9,failed,package_damaged,71.59,
S-00752,R-154,D-005,V-008,Denver-East,Suburban,rear_loading_dock,Residential,standard,0,wind,02-Jul-2025 11:35 MST,02-Jul-2025 11:35 MST,126,2025-09-23 11:38:00,278,2,8.49,8.49,3.136,5.67,1.22,1.88,0.0,,17.7,50.4,delivered,,75.87,
S-00753,R-139,D-058,V-032,Denver-West,Campus,side_entrance,residential ,expedited,1,clear,2025/12/16 13:20:00 MDT,2025/12/16 13:20:00 MDT,57,2025-09-24 13:16:00,376,3,6.36,6.36,1.534,11.83,0.67,0.0,0.0,46.83,3.2,68.0,DELIVERED,,84.51,
S-00754,R-141,D-035,V-002,Boulder,Suburban,hand_to_security,residential,standard,1,clear,2025/07/09 14:00:00,2025/07/09 14:00:00,124,2025-09-25 13:56:00,416,1,4.14,4.14,3.705,12.06,1.49,3.73,0.0,46.64,8.1,55.7,failed,customer_not_home,56.61,
S-00755,R-116,D-033,V-037,Fort-Collins,Downtown,call_on_arrival,business,standard,0,snow,06/03/2025 02:20 PM MST,06/03/2025 02:20 PM MST,115,2025-09-26 14:23:00,443,1,2.84,2.84,1.758,11.71,0.77,7.88,0.0,42.09,7.8,62.7,failed,security_access,73.52,
S-00756,R-119,D-046,V-010,Denver-East,Suburban,side_entrance,business,standard,0,clear,2025/01/08 11:20:00,2025/01/08 11:20:00,121,2025-09-27 11:18:00,258,1,2.46,2.46,4.535,5.66,1.72,0.0,118.12,38.98,4.1,66.7,failed,customer_not_home,63.05,check
S-00757,R-140,D-028,V-001,Boulder,Downtown,side_entrance,residential,same_day,0,rain,2025/11/10 10:10:00 ,2025/11/10 10:10:00 ,41,2025-09-28 10:13:00,193,3,5.70,5.7,2.24,9.07,1.28,10.43,0.0,42.17,10.5,58.6,failed,,65.52,
S-00758,R-137,D-023,V-016,Boulder,Suburban,call_on_arrival,residential,expedited,1,clear,2025/02/06 07:45:00 MST,2025/02/06 07:45:00 MST,70,2025-09-29 07:47:00,47,2,2.42,2.42,6.808,22.45,3.23,,0.0,39.55,10.1,78.0,delivered,,84.74,check
S-00759,R-143,D-027,V-012,Denver-East,Suburban,call_on_arrival,residential,standard,0,clear,11/12/2024 04:55 PM,11/12/2024 04:55 PM,123,2025-09-30 17:00:00,600,1,1.15,1.15,5.456,6.99,1.95,1.63,0.0,48.7,22.2,76.5,delivered,vehicle_issue,86.13,
S-00760,R-134,D-043,V-006,Denver-East,Downtown,front_desk,business,standard,1,clear,2025/01/29 14:10:00 MST,2025/01/29 14:10:00 MST,120,2025-10-01 13:53:00,413,4,11.42,11.42,1.53,23.55,1.0,0.0,0.0,,18.3,37.4,delivered,,83.66,
S-00761,R-134,D-024,V-005,Denver-East,Suburban,mailroom,residential,expedite,0,wind,19-Jan-2025 08:05,19-Jan-2025 08:05,56,2025-10-02 08:11:00,71,2,2.15,2.15,1.997,14.01,1.31,0.0,0.0,30.88,6.3,84.0,delivered,,85.34,
S-00762,R-151,D-035,V-033,Denver-East,Campus,front_desk,business,standard,0,clear,26-Dec-2024 08:10 MST,26-Dec-2024 08:10 MST,104,2025-10-03 08:06:00,66,1,8.33,8.33,3.983,5.91,1.54,0.0,0.0,36.18,10.5,42.2,delivered,,85.51,
S-00763,R-102,D-033,V-036,Denver-West,Suburban,hand_to_security,res,standard,0,fog,05-Jul-2025 11:55 MST,05-Jul-2025 11:55 MST,125,2025-10-04 11:57:00,297,4,12.13,12.13,3.63,14.49,2.08,1.43,0.0,32.28,37.0,96.8,failed,vehicle_issue,66.5,
S-00764,R-103,D-025,V-031,Boulder,Suburban,mailroom,residential,standard,0,rain,2025/09/01 10:50:00 MDT,2025/09/01 10:50:00 MDT,124,2025-10-05 11:04:00,244,1,3.92,3.92,4.333,3.1,1.54,2.07,0.0,38.9,16.4,68.2,delivered,,77.19,
S-00765,R-124,D-041,V-025,Denver-West,Suburban,front_desk,res,same_day,0,clear,2025-08-31 12:55,2025-08-31 12:55,40,2025-10-06 12:53:00,353,3,8.37,8.37,7.235,6.88,3.19,0.0,0.0,46.36,10.3,90.6,delivered,,82.0,
S-00766,R-123,D-017,V-002,Fort Collins,Suburban,garage,residential,expedited,0,rain,12/07/2024 11:40 AM MST,12/07/2024 11:40 AM MST,45,2025-10-07 11:49:00,289,1,3.12,3.12,4.623,38.13,1.79,0.0,0.0,56.13,,60.9,failed,customer_not_home,55.99,
S-00767,R-123,D-051,V-005,Denver-East,Suburban,hand_to_security,business,standard,0,clear,2025/12/19 08:00:00 MST,2025/12/19 08:00:00 MST,128,2025-10-08 08:10:00,70,1,8.34,8.34,2.85,1800.0,1.52,0.0,0.0,39.97,8.9,86.0,delivered,,80.98,
S-00768,R-150,D-016,V-007,Denver-West,Downtown,call_on_arrival,residential,Same_Day,0,wind,26-Jul-2025 14:20 MDT,26-Jul-2025 14:20 MDT,46,2025-10-09 14:27:00,447,1,3.97,3.97,1.991,10.25,1.08,0.0,0.0,,12.8,65.8,delivered,,79.35,
S-00769,R-109,D-038,V-022,Denver-West,Rural,mailroom,business ,expedited,0,snow,2025/02/13 10:20:00 MDT,2025/02/13 10:20:00 MDT,65,2025-10-10 10:34:00,214,2,7.95,7.95,16.208,9.01,7.85,,118.12,48.12,5.6,91.1,Failed,weather_delay,67.08,check
S-00770,R-135,D-003,V-023,Fort Collins,Suburban,call_on_arrival,residential,standard,1,clear,2024-11-13 14:50,2024-11-13 14:50,120,2025-10-11 14:52:00,472,1,9.01,9.01,2.098,18.06,0.93,0.0,0.0,46.78,8.5,35.7,rescheduled,,68.16,check
S-00771,R-154,D-022,V-012,Denver-West,Downtown,garage,residential,standard,0,clear,2024/11/11 18:35:00 ,2024/11/11 18:35:00 ,112,2025-10-12 18:39:00,699,1,2.02,2.02,2.63,6.75,1.25,0.0,0.0,37.53,8.4,64.5,delivered,,87.51,
S-00772,R-145,D-050,V-030,Boulder,Industrial,side_entrance,business ,same_day,0,clear,2025/11/14 11:35:00 MDT,2025/11/14 11:35:00 MDT,63,2025-10-13 11:48:00,288,3,5.93,5.93,5.415,6.95,2.04,0.0,0.0,39.85,7.3,57.2,delivered,address_issue,80.91,
S-00773,R-152,D-031,V-012,Boulder,Downtown,rear_loading_dock,residential,Standard,0,clear,2024/11/30 14:20:00 MDT,2024/11/30 14:20:00 MDT,108,2025-10-14 14:09:00,429,2,6.55,6.55,1.576,8.29,0.64,2.36,0.0,52.87,22.8,56.4,delivered,,76.73,
S-00774,R-146,D-009,V-005,Boulder,Downtown,leave_at_door,business,standard,0,clear,19-May-2025 11:05,19-May-2025 11:05,135,2025-10-15 11:00:00,240,1,9.55,9.55,3.953,12.21,2.04,,0.0,45.29,40.5,44.4,failed,customer_not_home,63.27,
S-00775,R-103,D-050,V-030,Boulder,Rural,call_on_arrival,residential,standard,0,clear,03/11/2025 07:50 PM,03/11/2025 07:50 PM,112,2025-10-16 19:40:00,760,3,12.89,12.89,3.687,12.51,1.31,0.0,0.0,41.14,7.4,66.0,failed,address_issue,49.63,
S-00776,R-103,D-019,V-013,Denver-East ,Suburban,mailroom,business ,expedited,1,clear,29-Jul-2025 07:10 MDT,29-Jul-2025 07:10 MDT,56,2025-10-17 07:06:00,6,3,4.54,4.54,4.297,12.21,1.01,1.53,0.0,38.81,5.4,81.8,rescheduled,,77.6,
S-00777,R-157,D-051,V-013,Boulder,Suburban,front_desk,residential,standard,0,clear,2025/07/24 14:50:00,2025/07/24 14:50:00,139,2025-10-18 14:45:00,465,5,7.01,7.01,2.151,40.51,0.57,10.31,0.0,59.45,15.0,44.7,delivered,,89.16,
S-00778,R-160,D-003,V-021,Fort-Collins,Rural,mailroom,business,Standard,1,clear,2025-03-10 12:50,2025-03-10 12:50,112,2025-10-19 12:52:00,352,2,13.52,13.52,5.824,10.66,2.05,,0.0,54.85,6.6,60.6,delivered,,90.6,
S-00779,R-126,D-020,V-033,Denver-East,Suburban,call_on_arrival,residential,STANDARD,0,clear,12/24/2024 01:50 PM,12/24/2024 01:50 PM,126,2025-10-20 13:47:00,407,2,3.98,3.98,1.531,10.15,0.7,0.0,0.0,52.42,18.2,128.0,delivered,,83.73,
S-00780,R-131,D-053,V-035,Denver-West,Suburban,leave_at_door,Business,standard,0,clear,2024-12-27 09:00,2024-12-27 09:00,134,2025-10-21 09:11:00,131,1,1.2,1.2,2.4,15.47,0.6,3.02,0.0,38.58,17.1,65.8,delivered,,81.37,
S-00781,R-149,D-017,V-003,Denver-East,Suburban,leave_at_door,residential,expedite,0,clear,2025-12-13 11:15 MST,2025-12-13 11:15 MST,57,2025-10-22 11:11:00,251,2,2.65,2.65,2.468,5.37,1.0,,0.0,39.29,7.0,56.5,delivered,,87.58,
S-00782,R-119,D-042,V-013,Denver-East,Rural,front_desk,residential,same_day,0,clear,2025-11-22 13:55 MST,2025-11-22 13:55 MST,55,2025-10-23 13:58:00,418,3,3.73,3.73,18.095,17.15,2.97,,0.0,40.13,10.8,94.7,delivered,,80.08,
S-00783,R-156,D-023,V-004,Dnvr-East,Campus,garage,residential ,standard,0,wind,12/26/2025 08:10 AM MST,12/26/2025 08:10 AM MST,119,2025-10-24 08:19:00,79,1,4.41,4.41,6.614,4.2,3.38,,0.0,56.44,24.3,64.2,failed,address_issue,63.12,
S-00784,R-118,D-042,V-022,Denver-West,Rural,leave_at_door,residential,standard,0,clear,02-Feb-2025 14:10 MST,02-Feb-2025 14:10 MST,126,2025-10-25 13:59:00,419,1,1.82,1.82,6.048,4.98,2.6,0.0,0.0,56.87,8.4,59.0,delivered,,92.15,
S-00785,R-128,D-008,V-024,Denver-East,Suburban,side_entrance,residential,standard,1,wind,2025/08/20 20:50:00 MDT,2025/08/20 20:50:00 MDT,131,2025-10-26 20:49:00,829,1,2.88,2.88,3.227,13.89,1.41,0.0,0.0,57.1,14.7,51.7,delivered,,80.41,
S-00848,R-148,D-057,V-026,Fort-Collins,Suburban,garage,residential ,expedited,0,wind,2025-06-15 14:05 MDT,2025-06-15 14:05 MDT,53,2025-10-27 13:59:00,419,2,4.31,4.31,3.555,10.17,1.41,2.4,0.0,47.61,11.7,55.6,delivered,,80.14,
S-00059,R-122,D-029,V-025,Denver-West,Downtown,call_on_arrival,residential,expedited,0,clear,2025-08-15 08:35,2025-08-15 08:35,58,2025-10-28 08:34:00,94,9,10.69,10.69,2.515,15.41,1.42,,0.0,40.61,15.3,55.0,FAILED,vehicle_issue,64.32,
S-00788,R-145,D-012,V-032,Denver-East,Suburban,mailroom,residential,standard,0,clear,30-Mar-2025 12:50 MST,30-Mar-2025 12:50 MST,115,2025-10-29 12:43:00,343,4,2.41,2.41,3.604,6.93,1.05,,0.0,44.14,12.6,87.2,delivered,,92.8,
S-00789,R-160,D-032,V-024,Denver-East,Suburban,garage,res,STANDARD,0,clear,2024/12/14 17:55:00,2024/12/14 17:55:00,120,2025-10-30 17:53:00,653,2,8.17,8.17,3.157,315.0,1.17,,0.0,39.55,10.8,49.2,delivered,,81.71,
S-00790,R-118,D-052,V-034,Boulder ,Rural,side_entrance,residential,standard,0,rain,2024/12/12 12:05:00 MDT,2024/12/12 12:05:00 MDT,100,2025-10-31 12:03:00,303,3,2.46,2.46,7.225,10.03,1.65,6.48,0.0,32.17,11.2,66.5,delivered,,88.53,
S-00791,R-147,D-052,V-006,Boulder,Suburban,call_on_arrival,residential,standard,0,clear,09-Oct-2025 09:30 MST,09-Oct-2025 09:30 MST,125,2025-11-01 09:24:00,144,3,2.9,2.9,2.476,8.17,1.44,0.0,0.0,54.61,13.6,79.3,delivered,,80.64,
S-00792,R-128,D-028,V-006,Boulder ,Campus,hand_to_security,residential,standard,0,fog,11/18/2024 05:20 PM MST,11/18/2024 05:20 PM MST,128,2025-11-02 17:38:00,638,1,4.89,4.89,2.187,14.89,1.35,1.63,0.0,46.4,8.2,63.1,delivered ,,80.75,
S-00793,R-135,D-039,V-012,Boulder,Industrial,call_on_arrival,residential,expedited,0,clear,2025-10-08 12:05 MST,2025-10-08 12:05 MST,74,2025-11-03 11:56:00,296,1,5.38,5.38,3.504,16.53,1.31,5.47,118.12,42.48,4.5,60.0,failed,,75.15,
S-00794,R-107,D-019,V-021,Denver-East,Downtown,hand_to_security,business,expedited,0,clear,2025-03-03 17:50 MST,2025-03-03 17:50 MST,60,2025-11-04 17:48:00,648,5,5.61,5.61,1.02,15.25,0.51,4.36,0.0,48.25,14.4,131.3,delivered,,80.03,
S-00795,R-143,D-006,V-021,Colorado-Springs,Rural,front_desk,business ,standard,0,clear,2024-11-07 13:00,2024-11-07 13:00,129,2025-11-05 12:57:00,357,3,2.03,2.03,5.918,260.0,2.04,0.0,0.0,58.37,3.8,89.4,delivered,,89.15,
S-00796,R-129,D-019,V-020,Fort-Collins,Rural,side_entrance,business ,standard,0,clear,08/13/2025 11:30 AM,08/13/2025 11:30 AM,141,2025-11-06 11:31:00,271,2,4.25,4.25,9.271,26.83,3.25,0.0,0.0,45.65,13.9,70.7,delivered,,76.7,check
S-00797,R-111,D-039,V-028,Denver East,Suburban,front_desk,residential,Expedited,0,snow,11/28/2024 04:00 PM MDT,11/28/2024 04:00 PM MDT,60,2025-11-07 16:16:00,556,4,3.53,3.53,5.214,5.91,1.33,,0.0,43.1,15.0,49.3,delivered,,87.43,
S-00798,R-123,D-045,V-029,Denver-West,Industrial,garage,residential,standard,1,snow,12/27/2025 09:15 AM MST,12/27/2025 09:15 AM MST,131,2025-11-08 09:26:00,146,1,1.99,1.99,2.26,12.46,0.68,,0.0,34.23,16.8,51.4,Delivered,,80.51,
S-00799,R-147,D-029,V-003,Fort-Collins,Suburban,call_on_arrival,residential ,expedited,0,fog,2025/11/16 18:40:00 MDT,2025/11/16 18:40:00 MDT,58,2025-11-09 18:31:00,691,1,4.95,4.95,5.047,4.15,1.75,,0.0,45.05,8.7,69.0,failed,package_damaged,51.56,
S-00800,R-140,D-056,V-023,Fort-Collins,Suburban,garage,residential,same_day,0,clear,2025-11-08 16:50 MDT,2025-11-08 16:50 MDT,42,2025-11-10 16:51:00,591,2,4.71,4.71,6.015,38.33,2.16,,0.0,46.15,12.7,66.5,failed,,45.54,
S-00801,R-141,D-028,V-018,Boulder,Downtown,leave_at_door,residential,standard,0,clear,2025-11-28 11:55 MST,2025-11-28 11:55 MST,120,2025-11-11 11:52:00,292,1,3.31,3.31,3.335,12.97,1.1,0.0,0.0,44.93,14.3,33.9,rescheduled,,74.78,
S-00802,R-105,D-051,V-004,Boulder,Downtown,building_super,residential,standard,1,clear,04/15/2025 05:55 PM MDT,04/15/2025 05:55 PM MDT,122,2025-11-12 17:54:00,654,2,4.74,4.74,1.856,11.72,1.16,0.0,0.0,37.32,21.9,71.4,delivered,,67.72,
S-00803,R-124,D-043,V-026,Denver-West,Suburban,mailroom,residential,expedited,0,clear,06/23/2025 05:50 PM MDT,06/23/2025 05:50 PM MDT,65,2025-11-13 17:58:00,658,1,5.75,5.75,2.574,6.19,1.16,0.0,0.0,37.95,8.3,67.3,failed,,62.06,
S-00804,R-102,D-033,V-011,Denver-East,Suburban,call_on_arrival,business,EXPEDITED,0,clear,2025-08-16 13:00 ,2025-08-16 13:00 ,45,2025-11-14 12:59:00,359,2,4.71,4.71,4.672,22.35,1.46,0.0,0.0,45.06,7.5,,delivered,,83.03,
S-00963,R-144,D-010,V-039,Boulder,Downtown,garage,residential,expedited,0,rain,19-Nov-2024 19:15 MDT,19-Nov-2024 19:15 MDT,54,2025-11-15 19:17:00,737,3,4.72,4.72,0.832,10.04,0.63,0.0,0.0,55.17,15.8,44.1,delivered,,80.19,
S-00806,R-103,D-051,V-029,Dnvr-East,Industrial,front_desk,business,standard,0,clear,18-Sep-2025 13:05 MDT,18-Sep-2025 13:05 MDT,125,2025-11-16 12:57:00,357,4,12.35,12.35,8.767,10.88,1.6,3.88,0.0,37.2,,77.7,delivered,,85.52,
S-00807,R-116,D-009,V-005,Dnvr-East,Downtown,mailroom,residential,standard,0,clear,16-Apr-2025 14:00 MST ,16-Apr-2025 14:00 MST ,116,2025-11-17 14:01:00,421,3,6.57,6.57,9.976,29.01,3.97,0.0,0.0,53.57,7.6,39.1,delivered,,75.47,
S-00808,R-124,D-050,V-024,Denver-East,Suburban,garage,residential,standard,0,clear,2025/05/17 15:40:00 MST,2025/05/17 15:40:00 MST,115,2025-11-18 15:39:00,519,1,0.64,0.64,3.721,12.71,1.3,,0.0,57.75,7.9,49.0,delivered,,80.77,
S-00809,R-103,D-025,V-037,Fort-Collins,Downtown,garage,Business,standard,0,rain,2025/10/31 19:40:00 MST,2025/10/31 19:40:00 MST,117,2025-11-19 19:37:00,757,1,3.55,3.55,2.037,7.5,0.9,0.0,0.0,52.19,20.4,67.1,failed,security_access,50.73,
S-00810,R-144,D-039,V-010,Denver-West,Suburban,garage,Business,standard,1,rain,11/16/2024 12:55 PM MST,11/16/2024 12:55 PM MST,117,2025-11-20 12:53:00,353,2,2.07,2.07,3.139,16.58,1.35,,0.0,42.52,5.9,73.3,delivered,,81.92,check
S-00811,R-124,D-029,V-024,Denver East,Suburban,side_entrance,Business,standard,0,clear,31-Aug-2025 09:50 MDT,31-Aug-2025 09:50 MDT,124,2025-11-21 09:51:00,171,1,6.51,6.51,3.101,12.18,1.14,0.0,0.0,34.9,11.1,44.6,Delivered,,72.54,check
S-00812,R-137,D-029,V-005,Denver-West,Suburban,side_entrance,residential ,standard,0,clear,2025/02/17 17:00:00 MDT,2025/02/17 17:00:00 MDT,111,2025-11-22 16:57:00,597,4,4.36,4.36,3.763,12.61,1.96,0.0,118.12,34.97,17.3,52.9,delivered,security_access,83.03,
S-00813,R-124,D-009,V-034,Boulder,Downtown,side_entrance,business,standard,1,fog,2025-04-21 12:50,2025-04-21 12:50,114,2025-11-23 18:20:00,680,5,8.48,8.48,2.429727536335952,18.09,1.17,0.0,0.0,41.01,711.1,64.1,delivered ,,81.24,
S-00814,R-142,D-026,V-021,Fort-Collins,Industrial,front_desk,residential,standard,0,wind,10-Jun-2025 14:10 MDT,10-Jun-2025 14:10 MDT,115,2025-11-24 14:06:00,426,1,2.88,2.88,1.509,24.63,0.64,,118.12,47.31,16.1,70.9,delivered,,82.69,check
S-00815,R-108,D-018,V-016,Denver East,Downtown,garage,residential,standard,0,clear,12-Nov-2024 11:50 MST,12-Nov-2024 11:50 MST,119,2025-11-25 11:40:00,280,3,6.28,6.28,3.011,6.94,1.51,0.0,0.0,45.42,18.9,49.3,delivered,,81.7,
S-00816,R-132,D-002,V-012,Denver-West,Campus,side_entrance,residential,standard,0,rain,2025-12-21 17:10 MST,2025-12-21 17:10 MST,134,2025-11-26 17:21:00,621,3,9.48,9.48,4.908,9.29,1.93,0.0,0.0,51.4,,63.6,failed,vehicle_issue,59.8,
S-00817,R-159,D-034,V-025,Denver-East,Suburban,leave_at_door,residential,standard,0,clear,2025-02-26 14:10 MST,2025-02-26 14:10 MST,128,2025-11-27 14:12:00,432,1,3.93,3.93,3.584,6.46,1.67,0.0,0.0,40.74,8.5,74.1,delivered,,85.17,
S-00818,R-117,D-036,V-008,Boulder,Downtown,leave_at_door,residential ,standard,0,clear,08-Jun-2025 07:55 MDT,08-Jun-2025 07:55 MDT,140,2025-11-28 07:47:00,47,2,2.95,2.95,5.25,26.08,1.67,5.13,0.0,41.85,8.2,74.6,failed,address_issue,68.76,
S-00819,R-146,D-050,V-017,Denver-East,Downtown,package_room_3F,residential,standard,0,clear,29-Sep-2025 12:50 MST,29-Sep-2025 12:50 MST,120,2025-11-29 12:46:00,346,5,10.76,10.76,1.701,9.16,1.0,0.0,0.0,33.52,15.9,79.0,delivered ,,82.41,
S-00820,R-140,D-029,V-014,Denver-East,Rural,garage,residential,standard,0,clear,08-Dec-2024 12:15 MDT,08-Dec-2024 12:15 MDT,131,2025-11-30 12:10:00,310,2,4.59,4.59,3.828,6.59,1.32,1.73,0.0,54.76,5.2,45.9,delivered,,94.77,
S-00821,R-113,D-019,V-032,Boulder,Suburban,mailroom,business,standard,0,clear,24-Dec-2025 18:10,24-Dec-2025 18:10,118,2025-12-01 18:12:00,672,2,4.34,4.34,2.872,7.24,0.66,0.0,0.0,31.99,11.8,42.8,rescheduled,,69.54,
S-00822,R-155,D-008,V-009,Boulder ,Downtown,front_desk,residential,expedited,0,wind,10/25/2025 02:30 PM MDT,10/25/2025 02:30 PM MDT,49,2025-12-02 14:23:00,443,4,3.9,3.9,1.594,8.9,0.74,2.16,0.0,49.58,9.3,82.5,delivered,,88.82,
S-00823,R-112,D-005,V-029,Denver-East,Suburban,leave_at_door,Business,STANDARD,1,clear,01/13/2025 12:50 PM,01/13/2025 12:50 PM,125,2025-12-03 12:40:00,340,2,2.62,2.62,2.116,13.04,0.72,3.88,0.0,41.51,6.4,69.9,failed,security_access,57.45,
S-00824,R-106,D-058,V-029,Denver-East,Rural,hand_to_security,residential,same_day,0,wind,2025/01/02 08:30:00 MDT,2025/01/02 08:30:00 MDT,35,2025-12-04 08:46:00,106,5,6.55,6.55,14.903,7.9,2.95,,118.12,50.81,6.6,63.4,delivered,,84.46,
S-00825,R-143,D-052,V-021,Boulder,Suburban,side_entrance,business,expedited,0,fog,04-Mar-2025 10:45 MDT,04-Mar-2025 10:45 MDT,63,2025-12-05 10:37:00,217,6,6.05,6.05,2.003,14.33,0.86,,118.12,43.15,32.8,,delivered ,,87.96,
S-00826,R-136,D-023,V-005,Boulder,Downtown,mailroom,residential,SAME_DAY,0,snow,12/28/2024 03:50 PM MDT,12/28/2024 03:50 PM MDT,34,2025-12-06 15:52:00,532,3,6.22,6.22,2.872,7.5,1.52,0.0,118.12,49.58,6.3,76.3,failed,,47.72,
S-00827,R-158,D-035,V-019,Boulder,Rural,leave_at_door,residential,same_day,0,wind,2025-02-26 18:40 MDT,2025-02-26 18:40 MDT,53,2025-12-07 18:51:00,711,1,10.24,10.24,11.296,7.4,3.94,0.0,0.0,50.3,0.8,65.3,failed ,dog_on_premises,58.23,
S-00828,R-146,D-020,V-011,Colorado Springs,Suburban,front_desk,Biz,expedited,0,clear,2024/12/13 10:55:00 MST,2024/12/13 10:55:00 MST,79,2025-12-08 10:45:00,225,3,9.91,9.91,3.288,16.17,1.37,2.63,0.0,56.01,28.8,57.1,delivered ,,79.17,
S-00829,R-151,D-046,V-012,Denver-East,Campus,mailroom,residential,standard,0,wind,09-Dec-2025 11:15 MST,09-Dec-2025 11:15 MST,119,2025-12-09 11:15:00,255,1,11.76,11.76,2.188,27.89,0.89,0.0,0.0,59.71,13.6,32.7,Delivered,,88.24,
S-00830,R-115,D-024,V-033,Boulder ,Suburban,call_on_arrival,residential,Standard,0,snow,2024/12/02 12:45:00 MST,2024/12/02 12:45:00 MST,104,2025-12-10 12:55:00,355,1,1.35,1.35,2.081,9.41,1.0,1.32,118.12,56.54,11.0,46.0,failed,vehicle_issue,61.97,
S-00831,R-151,D-008,V-013,Fort Collins,Suburban,front_desk,residential,standard,0,clear,2025-11-24 13:05 MDT ,2025-11-24 13:05 MDT ,110,2025-12-11 13:01:00,361,1,3.31,3.31,6.294,3.59,1.62,,0.0,50.72,7.2,67.8,delivered,,83.82,
S-00832,R-151,D-009,V-016,Dnvr-East,Rural,front_desk,residential,standard,0,rain,01/09/2025 11:00 AM MST,01/09/2025 11:00 AM MST,120,2025-12-12 11:11:00,251,1,2.82,2.82,5.6,16.58,2.66,0.0,0.0,38.46,14.8,78.2,resheduled,,72.36,
S-00833,R-124,D-032,V-002,Denver-East,Downtown,garage,residential,STANDARD,0,snow,12/31/2024 07:20 AM MDT,12/31/2024 07:20 AM MDT,112,2025-12-13 07:29:00,29,1,8.91,8.91,2.439,3.65,1.05,0.0,0.0,51.01,,36.2,failed,customer_not_home,71.24,
S-00834,R-124,D-036,V-037,Denver-East,Suburban,call_on_arrival,residential,expedited,0,clear,2024/11/02 16:15:00 MDT,2024/11/02 16:15:00 MDT,39,2025-12-14 16:09:00,549,3,3.45,3.45,3.667,14.55,1.37,0.0,0.0,41.53,,48.0,failed,weather_delay,77.23,
S-00835,R-109,D-030,V-036,Denver-East,Rural,building_super,residential,standard,0,clear,20-Sep-2025 17:30 MDT,20-Sep-2025 17:30 MDT,88,2025-12-15 17:39:00,639,2,5.21,5.21,9.878,12.67,4.11,,0.0,51.32,7.8,64.7,failed,,58.58,
S-00836,R-105,D-040,V-006,Denver-West,Suburban,mailroom,Residential,standard,0,clear,15-Aug-2025 11:05,15-Aug-2025 11:05,138,2025-12-16 11:09:00,249,4,5.0,5.0,3.069,21.28,1.33,0.0,0.0,,5.6,,delivered,,73.15,
S-00837,R-146,D-020,V-026,Denver-East,Suburban,leave_at_door,business,standard,0,fog,04/07/2025 01:50 PM MST,04/07/2025 01:50 PM MST,110,2025-12-17 13:52:00,412,2,3.4,3.4,2.027,10.39,0.91,,0.0,49.94,3.4,46.5,delivered,,79.14,check
S-00838,R-134,D-047,V-031,Colorado Springs,Industrial,call_on_arrival,residential,expedited,1,snow,2025-07-02 07:10 MST,2025-07-02 07:10 MST,69,2025-12-18 07:29:00,29,1,1.47,1.47,7.584,16.38,2.83,0.0,0.0,54.79,7.6,80.2,delivered,,70.66,
S-00042,R-153,D-027,V-027,Denver-East,Suburban,mailroom,business,standard,0,snow,03/25/2025 01:40 PM MDT ,03/25/2025 01:40 PM MDT ,123,2025-12-19 13:40:00,400,4,5.42,5.42,1.738,9.99,0.83,0.0,0.0,49.48,7.4,61.8,failed,weather_delay,65.73,
S-00840,R-109,D-037,V-005,Denver-West,Rural,call_on_arrival,residential,expedited,0,clear,13-Aug-2025 10:30 MDT,13-Aug-2025 10:30 MDT,59,2025-12-20 10:30:00,210,1,12.72,12.72,5.688,9.02,2.49,3.51,118.12,51.08,32.9,53.1,failed,weather_delay,52.25,check
S-00841,R-129,D-021,V-005,Colorado-Springs,Downtown,hand_to_security,residential,expedited,0,clear,11/23/2025 05:20 PM MDT,11/23/2025 05:20 PM MDT,67,2025-12-21 17:10:00,610,3,3.52,3.52,1.316,8.84,0.86,,0.0,44.9,6.4,72.8,delivered,,81.02,
S-00842,R-123,D-030,V-034,Boulder ,Rural,hand_to_security,residential,standard,0,snow,02-Nov-2024 18:10 MDT,02-Nov-2024 18:10 MDT,103,2025-12-22 18:24:00,684,2,3.03,3.03,12.885,5.74,2.75,0.0,118.12,32.07,14.8,33.5,failed,address_issue,52.33,
S-00843,R-141,D-009,V-036,Denver-West,Industrial,package_room_3F,res,standard,0,clear,2025-06-16 09:35,2025-06-16 09:35,123,2025-12-23 09:38:00,158,2,2.86,2.86,8.938,5.57,3.86,0.0,0.0,45.42,5.3,37.6,delivered,customer_not_home,87.83,
S-00844,R-150,D-038,V-012,Colorado-Springs,Suburban,call_on_arrival,business ,standard,0,clear,12-Nov-2024 09:20,12-Nov-2024 09:20,138,2025-12-24 09:26:00,146,7,9.37,9.37,2.695,10.72,1.02,0.0,0.0,34.39,14.5,63.9,delivered,,84.01,
S-00845,R-133,D-009,V-028,Boulder,Suburban,leave_at_door,residential,same_day,1,clear,12-Oct-2025 12:30 MST,12-Oct-2025 12:30 MST,54,2025-12-25 12:29:00,329,3,6.22,6.22,5.098,15.83,1.19,,0.0,48.49,26.7,55.7,delivered,,82.33,
S-00846,R-154,D-059,V-004,Boulder,Suburban,mailroom,residential,standard,0,rain,03-Mar-2025 08:15 MST,03-Mar-2025 08:15 MST,136,2025-12-26 08:31:00,91,2,3.44,3.44,2.9,12.86,1.54,,118.12,49.02,,62.3,failed,,61.79,
S-00847,R-110,D-008,V-034,Denver-West,Suburban,leave_at_door,residential,standard,0,clear,27-Feb-2025 07:05 MDT,27-Feb-2025 07:05 MDT,104,2025-12-27 07:00:00,0,3,13.45,13.45,2.388,15.04,0.67,,0.0,37.17,,78.4,failed,security_access,47.28,
S-00839,R-111,D-020,V-011,Boulder,Suburban,garage,business,expedited,0,clear,17-Oct-2025 12:35 MST ,17-Oct-2025 12:35 MST ,64,2025-12-28 12:28:00,328,6,11.03,11.03,2.501,12.81,1.06,,0.0,42.08,6.8,64.5,failed,package_damaged,70.29,
S-00849,R-123,D-021,V-015,Denver-West,Downtown,leave_at_door,residential,standard,1,rain,2025-06-09 14:55 MST,2025-06-09 14:55 MST,127,2025-12-29 15:01:00,481,2,12.75,12.75,1.05,16.79,0.94,0.0,118.12,49.07,7.0,55.0,failed,weather_delay,59.05,
S-00850,R-155,D-034,V-019,Colorado-Springs,Rural,leave_at_door,residential,standard,0,clear,2025-02-16 10:15 MDT ,2025-02-16 10:15 MDT ,124,2025-12-30 10:20:00,200,1,2.94,2.94,2.865,1.74,1.23,0.0,0.0,41.33,8.6,31.5,delivered,,94.79,
S-00851,R-113,D-006,V-017,Denver-East,Downtown,locker_pickup,Biz,expedited,1,clear,2025-08-11 10:00 MST,2025-08-11 10:00 MST,59,2024-11-01 09:47:00,167,3,6.26,6.26,2.332,13.26,1.16,0.0,118.12,58.24,6.1,73.0,failed,customer_not_home,68.32,
S-00852,R-118,D-041,V-036,Fort-Collins,Campus,side_entrance,business,expedited,0,wind,03/30/2025 01:35 PM MDT,03/30/2025 01:35 PM MDT,56,2024-11-02 13:29:00,389,6,8.04,8.04,3.548,17.65,1.77,1.77,118.12,52.59,5.6,34.0,failed,vehicle_issue,60.49,
S-00853,R-140,D-009,V-020,Boulder,Rural,front_desk,residential,standard,0,rain,2025-02-28 12:50 MDT,2025-02-28 12:50 MDT,131,2024-11-03 12:51:00,351,1,4.63,4.63,-5.705,10.29,2.17,2.56,0.0,47.13,,,delivered,,80.32,
S-00854,R-133,D-035,V-006,Fort-Collins,Campus,side_entrance,residential,standard,0,rain,2025/04/21 09:05:00 MDT,2025/04/21 09:05:00 MDT,148,2024-11-04 09:13:00,133,1,2.04,2.04,-2.662,23.4,1.45,0.0,0.0,39.18,9.8,39.8,delivered,,81.27,
S-00855,R-138,D-042,V-011,Boulder,Rural,rear_loading_dock,residential,expedited,0,clear,13-Apr-2025 13:45 MST,13-Apr-2025 13:45 MST,47,2024-11-05 13:32:00,392,0,6.85,6.85,2.539,4.87,0.98,3.15,0.0,36.85,18.0,66.0,delivered,,88.7,
S-00856,R-111,D-038,V-010,Boulder,Downtown,call_on_arrival,residential,standard,0,rain,2025-10-20 19:15,2025-10-20 19:15,136,2024-11-06 19:22:00,742,1,1.39,1.39,1.296,4.72,0.78,4.18,0.0,48.0,28.2,50.9,delivered,,91.9,
S-00857,R-147,D-043,V-040,Denver-East,Downtown,mailroom,residential,standard,0,rain,12/01/2025 01:05 PM,12/01/2025 01:05 PM,134,2024-11-07 13:18:00,378,3,5.31,5.31,5.004,15.84,1.93,0.0,0.0,36.73,14.1,63.3,delivered,,84.08,
S-00858,R-122,D-058,V-039,Denver-West,Industrial,mailroom,business,Standard,1,clear,13-Oct-2025 16:40 MST,13-Oct-2025 16:40 MST,135,2024-11-08 16:36:00,576,2,2.17,2.17,2.98,36.31,1.48,0.0,0.0,37.87,8.6,82.9,delivered,,89.94,
S-00859,R-103,D-054,V-037,Denver East,Suburban,side_entrance,business,standard,1,clear,2025/04/27 14:55:00,2025/04/27 14:55:00,114,2024-11-09 14:56:00,476,1,7.29,7.29,6.361,26.44,2.07,0.0,0.0,54.67,,36.1,delivered,,82.6,
S-00860,R-106,D-053,V-002,Denver-East,Downtown,front_desk,Residential,standard,0,wind,05-Jul-2025 11:20 MDT,05-Jul-2025 11:20 MDT,112,2024-11-10 11:19:00,259,1,9.01,9.01,2.024,9.74,0.98,0.0,0.0,,13.6,42.5,delivered,,84.47,
S-00861,R-117,D-003,V-037,Boulder,Suburban,front_desk,residential,same_day,0,clear,05/08/2025 10:30 AM,05/08/2025 10:30 AM,38,2024-11-11 10:20:00,200,3,1.35,1.35,1.348,18.66,0.58,1.61,0.0,37.53,7.1,69.9,failed,,51.25,
S-00862,R-150,D-042,V-014,Denver-West,Downtown,garage,residential,standard,0,wind,2025/10/11 14:10:00 MST ,2025/10/11 14:10:00 MST ,106,2024-11-12 14:02:00,422,2,5.43,5.43,1.749,9.6,0.92,0.0,0.0,54.79,5.2,,delivered,,90.0,
S-00863,R-140,D-037,V-027,Boulder,Suburban,call_on_arrival,residential,Standard,0,rain,10/01/2025 02:05 PM MST ,10/01/2025 02:05 PM MST ,120,2024-11-13 14:04:00,424,2,5.02,5.02,3.753,11.78,0.94,0.0,118.12,40.26,9.9,88.6,failed,address_issue,55.32,
S-00864,R-132,D-041,V-002,Fort-Collins,Campus,call_on_arrival,residential,standard,0,clear,2025-02-04 10:05,2025-02-04 10:05,121,2024-11-14 09:56:00,176,3,4.78,4.78,1.823,9.82,0.92,0.0,0.0,44.0,17.9,72.3,delivered,,88.74,
S-00865,R-119,D-057,V-035,Boulder,Downtown,garage,business,expedited,1,clear,2024/12/26 12:45:00 MST,2024/12/26 12:45:00 MST,67,2024-11-15 12:41:00,341,4,9.71,9.71,2.021,22.88,0.72,0.0,0.0,38.54,2.3,57.1,delivered,,84.87,
S-00639,R-131,D-042,V-020,Dnvr-East,Rural,mailroom,business,standard,0,clear,12/24/2024 12:00 PM ,12/24/2024 12:00 PM ,145,2024-11-16 11:59:00,299,1,9.04,9.04,9.595,17.2,3.05,,0.0,41.19,13.6,38.7,delivered,,84.3,
S-00867,R-120,D-016,V-026,Denver-East,Downtown,call_on_arrival,residential,standard,0,clear,04/16/2025 04:45 PM MST,04/16/2025 04:45 PM MST,158,2024-11-17 16:46:00,586,2,5.33,5.33,2.986,11.93,1.28,3.91,0.0,52.11,19.2,36.3,delivered,,84.75,
S-00868,R-145,D-030,V-005,Denver-East,Rural,leave_at_door,business,expedited,1,clear,2025-03-11 15:10,2025-03-11 15:10,59,2024-11-18 15:18:00,498,5,14.75,14.75,16.652,14.68,6.96,0.0,0.0,,6.8,20.7,delivered,,89.07,
S-00869,R-129,D-004,V-011,Denver-East,Downtown,mailroom,residential,standard,1,clear,2025/01/26 10:05:00 MDT,2025/01/26 10:05:00 MDT,109,2024-11-19 10:00:00,180,1,1.47,1.47,4.8,18.89,1.57,0.0,0.0,49.88,10.9,12.0,delivered,,94.87,
S-00870,R-130,D-027,V-031,Boulder ,Suburban,mailroom,residential,same_day,0,fog,2024/11/23 14:50:00 MST,2024/11/23 14:50:00 MST,69,2024-11-20 14:54:00,474,4,4.38,4.38,2.49,22.79,0.94,,0.0,56.74,25.0,57.9,delivered,,91.07,
S-00871,R-139,D-014,V-022,Denver-West,Downtown,front_desk,residential,standard,0,snow,2025/09/01 11:00:00 MST,2025/09/01 11:00:00 MST,114,2024-11-21 10:56:00,236,1,9.31,9.31,2.317,18.5,1.34,0.0,0.0,60.4,15.4,83.9,RESCHEDULED,,56.61,
S-00872,R-156,D-010,V-021,Denver-East,Suburban,side_entrance,residential ,expedited,0,rain,2025/01/26 08:15:00,2025/01/26 08:15:00,53,2024-11-22 08:26:00,86,2,2.02,2.02,9.209,6.04,3.19,1.99,0.0,42.84,4.1,70.5,delivered,,80.29,
S-00873,R-147,D-046,V-021,Denver-West,Industrial,garage,business,standard,0,snow,2025-12-19 12:50 MDT,2025-12-19 12:50 MDT,120,2024-11-23 12:53:00,353,3,4.09,4.09,4.351,9.53,1.97,0.0,0.0,49.73,8.8,40.4,delivered,,87.63,
S-00874,R-126,D-056,V-023,Colorado-Springs,Campus,side_entrance,business,expedited,1,rain,08/05/2025 05:35 PM MDT,08/05/2025 05:35 PM MDT,73,2024-11-24 17:37:00,637,1,3.30,3.3,4.126,10.91,1.61,,0.0,58.9,12.3,52.7,rescheduled,,68.13,
S-00875,R-133,D-009,V-024,Boulder,Industrial,side_entrance,residential,standard,0,clear,09-Feb-2025 15:35,09-Feb-2025 15:35,118,2024-11-25 15:28:00,508,1,5.01,5.01,2.808,4.42,1.07,0.0,0.0,53.83,12.1,64.4,delivered,,91.33,
S-00876,R-121,D-036,V-007,Denver-East,Suburban,locker_pickup,res,standard,0,clear,09-Oct-2025 08:45 MDT,09-Oct-2025 08:45 MDT,119,2024-11-26 08:45:00,105,1,7.94,7.94,2.952,3.63,1.78,2.56,0.0,54.84,5.0,66.2,delivered,,87.47,
S-00877,R-108,D-016,V-030,Denver-East,Suburban,front_desk,residential,expedited,0,fog,05/30/2025 01:20 PM,05/30/2025 01:20 PM,65,2024-11-27 13:22:00,382,1,2.09,2.09,4.316,5.19,1.93,0.0,118.12,53.53,14.6,37.4,delivered,,82.28,
S-00878,R-116,D-018,V-029,Boulder ,Suburban,leave_at_door,residential,expedited,0,rain,2025-05-16 07:50 MDT,2025-05-16 07:50 MDT,69,2024-11-28 13:19:00,379,2,3.74,3.74,1.5730447485941694,260.0,1.12,,0.0,49.76,409.2,70.9,DELIVERED,weather_delay,56.65,
S-00879,R-104,D-010,V-007,Boulder,Downtown,leave_at_door,residential,standard,0,rain,11/25/2024 05:20 PM,11/25/2024 05:20 PM,126,2024-11-29 17:12:00,612,1,5.31,5.31,1.07,10.9,0.98,2.09,0.0,39.16,7.7,74.0,delivered,,91.11,check
S-00880,R-156,D-019,V-025,Denver-West,Suburban,call_on_arrival,residential,standard,0,wind,16-Nov-2024 18:40 MST,16-Nov-2024 18:40 MST,125,2024-11-30 18:39:00,699,4,8.87,8.87,3.736,10.06,1.92,1.42,0.0,41.26,7.0,72.7,delivered,,85.23,
S-00881,R-116,D-040,V-027,Denver East,Rural,garage,business,standard,1,clear,09/09/2025 04:20 PM,09/09/2025 04:20 PM,97,2024-12-01 16:11:00,551,1,3.46,3.46,4.503,10.5,0.96,,0.0,34.16,26.8,60.6,delivered,,95.6,
S-00882,R-153,D-056,V-011,Boulder,Downtown,garage,residential,standard,1,clear,2025/10/05 18:45:00 MDT,2025/10/05 18:45:00 MDT,116,2024-12-02 18:46:00,706,4,4.48,4.48,2.697,21.5,1.15,0.0,0.0,45.37,5.6,28.7,delivered,,80.57,
S-00883,R-147,D-021,V-037,Colorado Springs,Suburban,front_desk,residential,expedited,0,wind,02-Dec-2024 17:00,02-Dec-2024 17:00,71,2024-12-03 16:57:00,597,8,60.45,60.45,3.954,12.5,1.94,,0.0,55.1,18.6,73.5,delivered,,90.39,
S-00884,R-149,D-021,V-013,Boulder ,Rural,call_on_arrival,Biz,standard,0,clear,2025-11-12 09:45,2025-11-12 09:45,124,2024-12-04 09:57:00,177,1,1.14,1.14,7.798,9.66,1.67,0.0,118.12,55.22,7.8,80.3,failed,customer_not_home,59.72,
S-00885,R-133,D-011,V-032,Boulder,Suburban,side_entrance,res,expedited,0,clear,03-Apr-2025 15:20 MST,03-Apr-2025 15:20 MST,71,2024-12-05 15:24:00,504,2,12.15,12.15,3.573,10.14,0.81,0.0,0.0,45.93,10.4,47.9,DELIVERED,,87.58,check
S-00886,R-157,D-030,V-032,Denver-West,Suburban,garage,residential ,standard,0,clear,2025/09/25 07:50:00 MDT,2025/09/25 07:50:00 MDT,121,2024-12-06 07:55:00,55,0,14.05,14.05,2.923,7.38,0.83,,0.0,56.6,9.0,67.4,failed,,59.95,
S-00887,R-102,D-020,V-032,Denver-West,Campus,call_on_arrival,residential,standard,0,clear,06-Mar-2025 13:45 MST,06-Mar-2025 13:45 MST,119,2024-12-07 13:29:00,389,1,3.71,3.71,2.252,7.69,0.72,,0.0,37.08,8.8,42.6,delivered,,82.1,
S-00888,R-133,D-006,V-026,Colorado-Springs,Downtown,front_desk,business ,standard,0,clear,11/26/2025 09:20 AM MST,11/26/2025 09:20 AM MST,123,2024-12-08 09:19:00,139,1,5.49,5.49,2.647,3.66,1.09,0.0,0.0,54.84,7.9,51.7,delivered,,85.73,
S-00889,R-114,D-030,V-016,Boulder ,Downtown,call_on_arrival,business ,expedited,0,clear,2025/03/24 08:50:00 MST,2025/03/24 08:50:00 MST,61,2024-12-09 08:49:00,109,4,12.1,12.1,1.375,17.03,0.91,4.4,0.0,44.54,22.2,84.9,delivered ,,78.9,
S-00890,R-104,D-038,V-023,Colorado Springs,Downtown,mailroom,business,standard,0,clear,06/15/2025 08:20 PM ,06/15/2025 08:20 PM ,133,2024-12-11 02:51:00,1191,1,3.0,3.0,0.9961177017296726,8.42,0.7,2.33,0.0,30.76,,94.7,delivered,,90.28,
S-00891,R-132,D-004,V-019,Boulder,Rural,mailroom,business,standard,0,snow,2024/12/14 18:40:00,2024/12/14 18:40:00,108,2024-12-11 19:02:00,722,1,4.61,4.61,11.03,5.19,4.17,0.0,0.0,51.25,6.3,84.3,delivered,,82.56,check
S-00892,R-119,D-039,V-031,Colorado-Springs,Rural,mailroom,business,standard,0,clear,10/11/2025 04:30 PM,10/11/2025 04:30 PM,122,2024-12-12 16:31:00,571,1,2.31,2.31,3.851,3.59,1.44,0.0,0.0,53.37,8.7,45.6,Delivered,,90.33,
S-00893,R-155,D-035,V-001,Denver-East,Downtown,mailroom,residential,standard,1,snow,11/19/2024 06:00 PM,11/19/2024 06:00 PM,123,2024-12-13 18:11:00,671,1,16.11,16.11,3.076,8.27,1.96,4.48,0.0,52.87,4.8,69.3,failed,weather_delay,50.81,
S-00894,R-109,D-007,V-028,Denver-East,Industrial,leave_at_door,residential,same_day,0,snow,2025-11-30 12:45 MDT,2025-11-30 12:45 MDT,50,2024-12-14 12:51:00,351,1,3.94,3.94,4.481,5.55,1.16,,0.0,38.43,15.0,80.4,delivered,,78.67,
S-00895,R-147,D-057,V-017,Denver-West,Industrial,side_entrance,Residential,standard,0,snow,03/10/2025 03:55 PM,03/10/2025 03:55 PM,114,2024-12-15 15:57:00,537,2,1.59,1.59,5.029,9.33,2.58,0.0,0.0,36.66,9.3,,failed,vehicle_issue,69.37,
S-00896,R-124,D-024,V-026,Denver-East,Downtown,leave_at_door,residential,standard,0,clear,29-Apr-2025 12:50 MDT,29-Apr-2025 12:50 MDT,109,2024-12-16 12:56:00,356,2,5.24,5.24,3.253,14.56,1.16,0.0,0.0,47.69,19.9,37.0,delivered,,88.83,
S-00897,R-104,D-003,V-026,Denver-West,Suburban,garage,business ,standard,1,clear,2025-11-28 09:05 MST,2025-11-28 09:05 MST,130,2024-12-17 09:04:00,124,1,2.46,2.46,1.363,24.96,0.83,,0.0,45.8,15.5,30.3,delivered,,88.19,
S-00898,R-113,D-037,V-036,Fort-Collins,Downtown,leave_at_door,residential,standard,0,clear,06-Nov-2024 15:00 MDT,06-Nov-2024 15:00 MDT,123,2024-12-18 14:54:00,474,1,7.51,7.51,0.559,3.36,0.55,5.65,0.0,42.87,4.4,,delivered,,90.93,
S-00899,R-119,D-024,V-036,Boulder,Downtown,side_entrance,residential,same_day,0,wind,2024-11-09 11:00 MDT,2024-11-09 11:00 MDT,57,2024-12-19 11:04:00,244,5,1.83,1.83,2.575,15.43,1.46,,0.0,58.51,9.3,26.4,delivered,,82.0,
S-00900,R-133,D-005,V-025,Fort-Collins,Industrial,call_on_arrival,residential,standard,0,rain,2025-12-09 15:05 MDT,2025-12-09 15:05 MDT,97,2024-12-20 15:18:00,498,1,5.26,5.26,5.453,4.57,2.69,0.0,0.0,39.89,10.9,47.0,delivered,,79.63,
S-00901,R-118,D-029,V-036,Denver-West,Suburban,call_on_arrival,residential,standard,1,clear,2025-04-15 10:35 MDT,2025-04-15 10:35 MDT,120,2024-12-21 10:30:00,210,2,4.96,4.96,1.188,10.52,0.93,0.0,0.0,35.7,18.1,49.1,delivered,,73.71,
S-00902,R-144,D-053,V-040,Denver-East,Downtown,leave_at_door,residential,Standard,0,rain,2025-10-05 10:20,2025-10-05 10:20,107,2024-12-22 10:17:00,197,2,9.44,9.44,1.293,3.84,0.85,0.0,0.0,36.09,8.9,60.8,delivered,,85.32,
S-00903,R-109,D-040,V-008,Denver-West,Downtown,rear_loading_dock,Residential,standard,0,clear,2025-01-02 11:35 MST,2025-01-02 11:35 MST,117,2024-12-23 11:39:00,279,1,2.28,2.28,1.791,10.41,0.85,0.0,0.0,,18.2,44.3,delivered,,88.48,
S-00904,R-124,D-007,V-026,Fort-Collins,Suburban,package_room_3F,Residential,standard,0,clear,2024/11/27 13:15:00 MST,2024/11/27 13:15:00 MST,116,2024-12-24 13:11:00,371,3,6.83,6.83,2.7,12.94,1.04,7.39,0.0,40.38,28.0,68.7,delivered,,92.04,
S-00905,R-136,D-051,V-022,Denver East,Downtown,garage,residential,standard,1,snow,2025-08-05 17:35 MDT,2025-08-05 17:35 MDT,113,2024-12-25 17:41:00,641,1,2.57,2.57,1.522,9.74,1.36,0.0,0.0,44.75,10.3,22.7,delivered,,82.33,
S-00906,R-113,D-024,V-010,Denver-East,Campus,front_desk,Biz,expedited,0,fog,30-Apr-2025 16:45 MST,30-Apr-2025 16:45 MST,69,2024-12-26 16:51:00,591,4,5.21,5.21,2.834,8.41,1.16,,0.0,47.99,20.8,,failed,,53.61,
S-00907,R-126,D-039,V-033,Denver East,Downtown,leave_at_door,residential,standard,0,clear,02/14/2025 10:05 AM,02/14/2025 10:05 AM,133,2024-12-27 10:10:00,190,3,7.29,7.29,3.087,14.78,1.29,4.53,0.0,43.33,,78.1,delivered,,84.8,
S-00908,R-103,D-033,V-003,Denver-East,Campus,mailroom,residential,standard,1,fog,2025-07-17 10:55 MST,2025-07-17 10:55 MST,109,2024-12-28 11:05:00,245,1,2.50,2.5,1.111,28.87,0.67,,118.12,,7.4,74.4,failed,address_issue,49.51,
S-00909,R-146,D-003,V-009,Denver-East,Downtown,call_on_arrival,residential,standard,0,clear,2025/02/01 12:00:00 MDT,2025/02/01 12:00:00 MDT,113,2024-12-29 11:56:00,296,1,3.48,3.48,2.553,22.33,0.99,6.73,0.0,34.46,7.2,78.7,delivered,,90.52,
S-00910,R-134,D-022,V-031,Dnvr-East,Suburban,call_on_arrival,business,Standard,0,rain,2025-09-24 12:15 MDT,2025-09-24 12:15 MDT,132,2024-12-30 12:21:00,321,1,3.17,3.17,2.234,2.6,1.26,0.0,0.0,42.64,8.2,77.1,Delivered,,88.86,
S-00911,R-139,D-030,V-010,Denver-East,Industrial,front_desk,business ,standard,1,clear,16-Apr-2025 19:30 MDT,16-Apr-2025 19:30 MDT,124,2024-12-31 19:35:00,755,4,23.77,23.77,8.204,33.94,2.71,0.0,0.0,51.26,9.8,43.1,delivered,,92.39,
S-00912,R-109,D-058,V-033,Denver-West,Downtown,garage,Residential,standard,1,rain,05/25/2025 02:55 PM MST,05/25/2025 02:55 PM MST,137,2025-01-01 14:59:00,479,1,1.72,1.72,1.386,10.3,0.86,1.32,0.0,37.66,,70.7,DELIVERED,,90.65,
S-00913,R-121,D-021,V-040,Boulder,Suburban,call_on_arrival,Biz,standard,0,clear,2025-02-27 11:20 MDT,2025-02-27 11:20 MDT,114,2025-01-02 11:10:00,250,2,8.88,8.88,2.502,14.85,1.14,,0.0,42.25,3.1,72.5,delivered,,86.26,
S-00914,R-140,D-011,V-026,Denver-West,Suburban,mailroom,residential,same_day,0,wind,2025-09-03 12:30 MST,2025-09-03 12:30 MST,30,2025-01-03 12:29:00,329,3,1.98,1.98,2.695,8.54,1.13,7.39,0.0,38.04,23.4,85.4,delivered ,,94.69,check
S-00915,R-138,D-048,V-020,Fort Collins,Rural,front_desk,residential,expedited,0,clear,2025-09-26 10:35,2025-09-26 10:35,65,2025-01-04 10:31:00,211,2,3.75,3.75,5.196,15.97,-1.77,,0.0,42.1,14.1,,delivered,,99.63,
S-00916,R-154,D-022,V-033,Fort-Collins,Campus,call_on_arrival,residential,expedite,0,fog,2024/12/26 16:10:00,2024/12/26 16:10:00,66,2025-01-05 16:20:00,560,1,2.66,2.66,3.923,3.76,1.49,,0.0,41.2,11.1,69.8,failed,package_damaged,55.72,
S-00917,R-132,D-033,V-035,Boulder,Suburban,building_super,residential,standard,0,rain,11/06/2025 01:05 PM MST,11/06/2025 01:05 PM MST,107,2025-01-06 13:13:00,373,2,2.44,2.44,3.527,8.38,0.76,0.0,0.0,39.65,18.6,84.5,delivered,,89.99,
S-00918,R-120,D-046,V-037,Denver-East,Suburban,side_entrance,residential,expedited,1,clear,02/26/2025 01:20 PM MST,02/26/2025 01:20 PM MST,64,2025-01-07 13:04:00,364,2,5.24,5.24,2.898,10.28,0.98,3.46,0.0,51.34,7.6,28.5,faild,,65.54,
S-00919,R-124,D-031,V-002,Fort-Collins,Downtown,mailroom,residential,standard,0,rain,2025/09/18 09:40:00 MST,2025/09/18 09:40:00 MST,119,2025-01-08 09:51:00,171,1,3.3,3.3,1.389,6.91,0.84,5.11,0.0,43.46,,38.2,failed,customer_not_home,61.28,
S-00920,R-127,D-022,V-008,Denver-West,Industrial,rear_loading_dock,Biz,expedited,0,wind,12/29/2024 09:45 AM,12/29/2024 09:45 AM,89,2025-01-09 09:50:00,170,1,2.48,2.48,8.229,6.79,2.68,0.0,0.0,,21.1,65.8,rescheduled,,71.9,
S-00921,R-151,D-038,V-020,Denver-East,Downtown,call_on_arrival,residential,standard,0,clear,2025/05/26 07:00:00,2025/05/26 07:00:00,116,2025-01-10 07:10:00,10,2,3.73,3.73,3.342,8.74,1.32,,118.12,45.09,8.9,67.3,failed,address_issue,61.25,check
S-00922,R-139,D-058,V-002,Boulder ,Downtown,mailroom,Business,same_day,0,clear,2025/07/07 10:50:00 MST,2025/07/07 10:50:00 MST,53,2025-01-11 10:46:00,226,2,12.65,12.65,2.8,10.19,0.99,0.0,0.0,41.66,4.9,35.1,delivered,,91.03,
S-00923,R-142,D-031,V-017,Boulder ,Downtown,side_entrance,residential,expedited,0,clear,03/05/2025 01:35 PM ,03/05/2025 01:35 PM ,69,2025-01-12 13:35:00,395,1,6.95,6.95,0.769,11.89,0.76,0.0,0.0,56.01,15.8,73.0,delivered,,93.73,check
S-00924,R-137,D-051,V-038,Denver-East,Rural,front_desk,Biz,standard,0,rain,2024-11-11 17:55 MDT,2024-11-11 17:55 MDT,114,2025-01-13 17:57:00,657,4,2.52,2.52,4.811,11.63,1.88,0.0,0.0,34.06,800.0,66.3,DELIVERED,,79.21,
S-00925,R-138,D-015,V-004,Denver-West,Suburban,garage,residential,standard,0,wind,2025-06-14 16:10,2025-06-14 16:10,124,07/32/2025 10:10 PM,554,1,5.70,5.7,3.752,2.95,1.83,0.0,0.0,41.92,24.9,84.2,rescheduled,,48.43,
S-00926,R-134,D-031,V-011,Denver-West,Downtown,leave_at_door,residential,same_day,1,wind,2025/08/05 13:55:00,2025/08/05 13:55:00,54,2025-01-15 13:57:00,417,2,3.93,3.93,4.391,23.66,1.54,0.0,0.0,56.95,9.6,52.6,failed,dog_on_premises,63.59,
S-00927,R-150,D-041,V-040,Denver-East,Downtown,side_entrance,res,same_day,0,wind,2025-05-03 09:50 MDT,2025-05-03 09:50 MDT,58,2025-01-16 09:46:00,166,4,19.65,19.65,2.46,10.41,1.09,,0.0,55.02,7.3,72.0,delivered,,85.88,check
S-00928,R-110,D-054,V-025,Boulder,Suburban,locker_pickup,residential,expedited,0,clear,2024-11-24 09:50 MDT,2024-11-24 09:50 MDT,59,2025-01-17 09:54:00,174,2,7.44,7.44,2.432,12.3,1.52,9.43,0.0,33.83,5.2,76.6,delivered,,89.22,
S-00929,R-103,D-053,V-016,Colorado Springs,Downtown,garage,Residential,expedited,0,rain,2025-06-04 12:40 MST,2025-06-04 12:40 MST,58,2025-01-18 12:49:00,349,3,16.67,16.67,2.621,23.17,1.69,0.0,118.12,41.25,6.4,53.3,failed,customer_not_home,64.17,
S-00930,R-113,D-037,V-008,Boulder,Suburban,call_on_arrival,business,standard,0,clear,08/10/2025 11:55 AM MST,08/10/2025 11:55 AM MST,122,2025-01-19 11:54:00,294,3,3.38,3.38,2.894,7.99,0.97,0.0,0.0,44.22,5.5,54.5,failed ,,56.18,
S-00931,R-121,D-002,V-029,Fort-Collins,Campus,front_desk,business,Expedited,0,snow,09-Dec-2024 12:10 MST,09-Dec-2024 12:10 MST,38,2025-01-20 12:15:00,315,3,5.42,5.42,1.821,8.83,0.46,0.0,0.0,46.97,6.7,53.5,failed,weather_delay,56.51,
S-00932,R-127,D-027,V-010,Denver-West,Industrial,mailroom,business,standard,0,clear,2025/12/26 16:20:00,2025/12/26 16:20:00,126,2025-01-21 16:22:00,562,6,9.55,9.55,3.366,23.27,1.3,0.0,0.0,,14.5,40.0,failed,address_issue,55.07,check
S-00933,R-127,D-045,V-014,Fort-Collins,Rural,front_desk,residential,expedited,0,snow,2024-11-27 14:30 ,2024-11-27 14:30 ,51,2025-01-22 14:43:00,463,1,6.03,6.03,7.75,10.85,2.8,6.73,0.0,46.54,13.3,56.6,rescheduled ,,65.46,
S-00934,R-159,D-033,V-040,Denver-West,Industrial,package_room_3F,residential,Standard,0,wind,2025-01-14 15:50 MST,2025-01-14 15:50 MST,125,2025-01-23 15:58:00,538,2,11.19,11.19,3.878,4.32,1.6,0.0,0.0,46.67,6.8,86.6,rescheduled,,63.81,
S-00935,R-146,D-031,V-004,Boulder,Rural,call_on_arrival,residential,standard,0,snow,03-Nov-2025 11:40 MDT,03-Nov-2025 11:40 MDT,111,2025-01-24 12:01:00,301,2,8.16,8.16,15.664,11.67,7.44,1.51,0.0,50.56,6.6,100.0,failed,security_access,56.0,
S-00936,R-114,D-009,V-034,Denver-West,Suburban,call_on_arrival,residential,standard,1,clear,02-Jan-2025 16:40 MST,02-Jan-2025 16:40 MST,118,2025-01-25 16:31:00,571,1,3.83,3.83,7.468,19.51,1.57,1.44,0.0,48.85,13.7,74.7,DELIVERED,,87.74,
S-00937,R-143,D-036,V-021,Denver-East,Suburban,garage,residential,Expedited,0,clear,2024-12-13 16:55,2024-12-13 16:55,60,2025-01-26 16:56:00,596,3,11.04,11.04,4.988,7.49,2.05,0.0,0.0,34.15,6.7,52.9,delivered,,86.3,
S-00938,R-125,D-031,V-034,Denver-East,Suburban,front_desk,residential,EXPEDITED,0,fog,2024-12-04 14:55,2024-12-04 14:55,46,2025-01-27 15:05:00,485,3,3.21,3.21,3.258,30.71,0.85,0.0,0.0,31.78,12.9,100.0,failed,,49.57,
S-00939,R-130,D-021,V-012,Denver-East,Industrial,leave_at_door,Biz,expedited,0,wind,03/16/2025 03:15 PM MDT,03/16/2025 03:15 PM MDT,50,2025-01-28 15:16:00,496,4,28.46,28.46,4.048,50.52,1.52,0.0,0.0,50.66,,58.2,rescheduled,,70.85,
S-00940,R-122,D-059,V-035,Denver East,Downtown,front_desk,residential,Standard,0,rain,03/25/2025 05:30 PM MST,03/25/2025 05:30 PM MST,109,2025-01-29 17:38:00,638,1,2.18,2.18,1.031,7.34,0.48,0.0,118.12,41.35,7.7,68.1,failed,customer_not_home,53.98,
S-00941,R-144,D-035,V-023,Fort-Collins,Suburban,side_entrance,residential ,standard,0,clear,06-Nov-2024 13:45 MST,06-Nov-2024 13:45 MST,144,2025-01-30 13:47:00,407,1,10.82,10.82,8.152,16.53,2.61,0.0,0.0,44.14,7.0,32.2,delivered,,85.54,
S-00942,R-140,D-050,V-017,Fort-Collins,Suburban,call_on_arrival,residential,standard,0,wind,04-Jan-2025 16:40 MDT,04-Jan-2025 16:40 MDT,128,2025-01-31 16:30:00,570,3,10.01,10.01,1.924,8.03,1.14,2.63,0.0,50.09,8.2,26.8,failed,address_issue,60.83,
S-00943,R-116,D-031,V-013,Boulder,Rural,call_on_arrival,business,expedited,0,clear,2025-08-13 10:35 MST,2025-08-13 10:35 MST,64,2025-02-01 10:46:00,226,1,6.28,6.28,8.218,5.24,1.62,4.13,0.0,40.94,5.8,74.9,delivered,,85.71,
S-00944,R-120,D-018,V-036,Boulder,Suburban,side_entrance,Biz,same_day,0,clear,25-Nov-2025 16:45,25-Nov-2025 16:45,39,2025-02-02 16:54:00,594,3,8.23,8.23,2.124,4.95,1.23,0.0,0.0,52.04,10.2,59.8,failed,vehicle_issue,54.89,
S-00945,R-150,D-015,V-020,Denver-West,Industrial,package_room_3F,residential,expedited,1,rain,2024-11-04 14:20 MST ,2024-11-04 14:20 MST ,66,2025-02-03 14:27:00,447,1,5.44,5.44,2.526,15.75,1.17,0.0,118.12,45.5,5.4,30.0,failed,vehicle_issue,61.1,
S-00946,R-145,D-019,V-014,Denver-West,Industrial,garage,residential,standard,0,clear,2025/08/12 10:50:00 MST,2025/08/12 10:50:00 MST,131,2025-02-04 10:47:00,227,1,2.33,2.33,3.503,6.64,1.27,,0.0,46.19,15.2,27.0,delivered,,90.06,
S-00947,R-121,D-046,V-032,Denver-East,Suburban,front_desk,residential,standard,1,clear,03-Nov-2025 12:10 MST,03-Nov-2025 12:10 MST,123,2025-02-05 12:02:00,302,2,8.22,8.22,4.093,20.59,1.07,0.0,0.0,63.21,15.7,36.9,delivered,,85.22,
S-00948,R-136,D-031,V-023,Boulder,Suburban,leave_at_door,business,standard,1,clear,2025/11/21 13:45:00 MST,2025/11/21 13:45:00 MST,109,2025-02-06 13:47:00,407,1,2.54,2.54,1.739,16.14,0.8,6.72,0.0,34.09,,56.9,failed,address_issue,47.31,
S-00949,R-119,D-060,V-018,Colorado Springs,Suburban,front_desk,residential,expedited,0,clear,06/06/2025 06:35 PM,06/06/2025 06:35 PM,54,2025-02-07 18:34:00,694,5,2.45,2.45,4.397,21.39,-1.6,0.0,0.0,49.23,3.7,66.2,failed,address_issue,60.44,check
S-00950,R-144,D-008,V-037,Fort Collins,Industrial,side_entrance,business,standard,0,rain,06/01/2025 03:45 PM MDT,06/01/2025 03:45 PM MDT,131,2025-02-08 15:55:00,535,1,3.11,3.11,5.066,6.06,1.83,0.0,0.0,38.5,9.9,52.3,delivered,,90.34,
S-00951,R-158,D-035,V-025,Boulder,Downtown,call_on_arrival,Biz,standard,0,rain,2025-01-17 10:50,2025-01-17 10:50,121,2025-02-09 10:45:00,225,3,4.2,4.2,0.986,5.32,0.66,2.53,0.0,33.17,4.4,54.0,delivered ,,82.98,check
S-00952,R-150,D-026,V-023,Denver-East,Suburban,building_super,residential,standard,0,clear,2025-04-02 17:55 MST,2025-04-02 17:55 MST,117,2025-02-10 17:56:00,656,1,7.35,7.35,5.087,6.54,1.73,0.0,0.0,44.14,10.1,50.7,rescheduled,,73.1,
S-00953,R-119,D-052,V-010,Fort-Collins,Suburban,hand_to_security,residential,standard,1,clear,2025/02/05 14:35:00 MDT,2025/02/05 14:35:00 MDT,114,2025-02-11 14:30:00,450,1,4.76,4.76,5.913,13.21,1.72,0.0,0.0,40.7,5.3,53.2,delivered,,94.09,
S-00954,R-146,D-003,V-019,Denver-West,Suburban,call_on_arrival,business,expedited,0,clear,2025/02/14 15:10:00,2025/02/14 15:10:00,46,2025-02-12 15:07:00,487,3,9.91,9.91,4.181,30.77,1.54,0.0,118.12,34.03,15.4,52.0,failed,customer_not_home,57.64,
S-00955,R-160,D-006,V-023,Denver-East,Rural,mailroom,residential,same_day,0,rain,2025/10/08 11:45:00 MST,2025/10/08 11:45:00 MST,31,2025-02-13 11:51:00,291,1,9.13,9.13,10.201,9.79,3.52,0.0,0.0,54.25,11.5,54.2,delivered,,68.37,
S-00956,R-148,D-029,V-017,Boulder,Rural,leave_at_door,residential,expedited,0,clear,2025-04-08 09:15 MDT,2025-04-08 09:15 MDT,55,2025-02-14 09:15:00,135,2,5.1,5.1,4.143,13.17,1.99,2.5,0.0,45.73,18.8,40.3,failed,address_issue,53.2,
S-00957,R-113,D-031,V-014,Denver-East,Suburban,garage,business,standard,0,clear,11/14/2025 12:00 PM MST,11/14/2025 12:00 PM MST,120,2025-02-15 12:04:00,304,2,15.49,15.49,5.287,28.25,1.67,6.32,0.0,52.89,800.0,99.8,delivered,,88.42,
S-00958,R-118,D-053,V-035,Fort Collins,Rural,side_entrance,residential,standard,0,clear,2025/02/19 13:10:00,2025/02/19 13:10:00,114,2025-02-16 13:20:00,380,2,7.16,7.16,8.483,23.63,1.72,0.0,0.0,45.91,11.0,53.1,failed,vehicle_issue,52.33,check
S-00959,R-145,D-060,V-036,Colorado-Springs,Downtown,leave_at_door,residential,standard,0,clear,2025/11/14 13:45:00 MST,2025/11/14 13:45:00 MST,116,2025-02-17 13:46:00,406,1,4.99,4.99,3.983,9.11,1.73,0.0,0.0,47.62,10.9,63.4,failed,package_damaged,63.14,
S-00960,R-107,D-018,V-009,Fort-Collins,Suburban,front_desk,business,standard,1,clear,2024-12-25 14:45,2024-12-25 14:45,113,2025-02-18 14:47:00,467,1,2.68,2.68,5.738,11.65,2.1,,0.0,68.54,9.6,61.9,delivered,,83.83,check
S-00961,R-116,D-040,V-038,Dnvr-East,Industrial,rear_loading_dock,residential,standard,0,clear,17-May-2025 15:20 MDT,17-May-2025 15:20 MDT,112,2025-02-19 15:28:00,508,1,5.51,5.51,3.558,11.05,1.46,7.59,118.12,67.85,4.8,73.5,failed,,60.12,
S-00962,R-143,D-016,V-004,Boulder ,Rural,side_entrance,residential,same_day,0,rain,25-Oct-2025 13:40,25-Oct-2025 13:40,36,2025-02-20 13:37:00,397,1,3.74,3.74,5.789,4.85,2.92,1.57,0.0,44.02,9.4,56.3,delivered,,86.01,
S-00866,R-115,D-058,V-034,Denver-East,Industrial,mailroom,residential,standard,0,clear,04/11/2025 11:30 AM MDT,04/11/2025 11:30 AM MDT,139,2025-02-21 11:31:00,271,3,3.27,3.27,2.29,12.86,0.74,0.0,0.0,48.83,14.8,30.2,delivered,,89.39,
S-00964,R-104,D-041,V-015,Dnvr-East,Industrial,call_on_arrival,business,expedited,0,clear,22-Nov-2024 12:55 MDT,22-Nov-2024 12:55 MDT,50,2025-02-22 12:54:00,354,2,14.46,14.46,3.373,17.45,1.65,0.0,0.0,56.84,10.6,60.1,delivered,,85.38,
S-00965,R-122,D-007,V-027,Colorado-Springs,Downtown,hand_to_security,residential,standard,1,snow,2025-10-10 13:55 MST ,2025-10-10 13:55 MST ,127,2025-02-23 13:55:00,415,2,4.77,4.77,1.755,23.66,0.82,,0.0,46.59,40.5,49.3,delivered,,84.59,
S-00966,R-107,D-046,V-031,Denver-East ,Suburban,call_on_arrival,Business,standard,0,clear,12/04/2024 09:20 AM MST,12/04/2024 09:20 AM MST,127,2025-02-24 09:14:00,134,1,2.06,2.06,2.148,6.24,1.12,0.0,0.0,23.15,14.4,62.1,delivered,,81.83,
S-00967,R-101,D-044,V-009,Boulder,Downtown,building_super,business ,expedited,0,wind,12-Mar-2025 12:30 MDT,12-Mar-2025 12:30 MDT,55,2025-02-25 12:29:00,329,3,4.25,4.25,3.828,12.68,1.46,0.0,0.0,59.18,4.7,85.3,delivered,,87.66,
S-00968,R-127,D-036,V-011,Boulder,Rural,building_super,residential,Standard,0,clear,2024/11/02 14:45:00,2024/11/02 14:45:00,137,2025-02-26 14:29:00,449,2,7.45,7.45,2.112,4.37,0.97,,0.0,51.07,13.3,100.0,delivered,,82.69,check
S-00969,R-131,D-042,V-031,Colorado-Springs,Suburban,side_entrance,business,Standard,1,wind,2025-03-28 15:40,2025-03-28 15:40,135,2025-02-27 15:31:00,511,1,3.68,3.68,2.164,9.21,0.96,0.0,0.0,57.05,4.9,68.1,delivered,,82.2,
S-00970,R-149,D-042,V-013,Denver-West,Suburban,side_entrance,residential,same_day,0,clear,10/02/2025 03:50 PM MDT,10/02/2025 03:50 PM MDT,31,2025-02-28 15:54:00,534,3,4.01,4.01,6.506,10.8,1.59,8.45,0.0,47.63,11.2,94.7,delivered,,86.96,
S-00971,R-119,D-019,V-021,Boulder,Rural,leave_at_door,res,Standard,0,clear,2025/10/01 15:50:00 MST,2025/10/01 15:50:00 MST,132,2025-03-01 15:55:00,535,2,4.01,4.01,-9.231,10.79,2.8,0.0,118.12,48.36,,64.5,rescheduled,,70.64,
S-00125,R-159,D-042,V-004,Fort-Collins,Suburban,hand_to_security,residential ,standard,0,rain,04/16/2025 12:10 PM,04/16/2025 12:10 PM,117,2025-03-02 12:06:00,306,1,4.90,4.9,1.888,20.93,1.17,0.0,0.0,56.01,11.3,52.0,RESCHEDULED,,61.3,
S-00973,R-142,D-050,V-006,Colorado Springs,Downtown,building_super,residential,standard,0,rain,2025/03/10 17:55:00 MST,2025/03/10 17:55:00 MST,132,2025-03-03 18:04:00,664,1,2.81,2.81,3.884,31.14,2.13,,118.12,54.44,5.0,57.2,failed ,,39.22,
S-00974,R-135,D-037,V-015,Boulder,Downtown,leave_at_door,business,standard,0,clear,04/13/2025 09:05 AM MST,04/13/2025 09:05 AM MST,116,2025-03-04 09:06:00,126,5,1.18,1.18,1.273,20.74,0.72,3.03,0.0,46.25,21.3,66.5,delivered,,90.39,
S-00975,R-159,D-048,V-003,Denver-West,Suburban,side_entrance,business,same_day,0,clear,23-Jan-2025 15:35,23-Jan-2025 15:35,41,2025-03-05 15:31:00,511,2,3.03,3.03,3.352,9.53,1.21,0.0,0.0,35.93,5.9,51.5,Delivered,,79.09,check
S-00976,R-127,D-059,V-012,Denver-East,Rural,call_on_arrival,residential,standard,0,clear,11/01/2024 12:15 PM MDT,11/01/2024 12:15 PM MDT,116,2025-03-06 12:24:00,324,1,1.57,1.57,4.667,13.46,1.67,1.0,0.0,43.2,8.0,38.6,failed,customer_not_home,49.13,
S-00977,R-160,D-057,V-012,Boulder,Suburban,call_on_arrival,business,standard,0,clear,2025/06/12 10:10:00 MST,2025/06/12 10:10:00 MST,115,2025-03-07 10:03:00,183,1,2.4,2.4,2.7,9.95,1.03,0.0,118.12,41.53,4.0,44.9,failed,package_damaged,59.91,
S-00978,R-154,D-059,V-003,Denver East,Suburban,leave_at_door,residential,standard,0,clear,11/04/2025 03:20 PM,11/04/2025 03:20 PM,113,2025-03-08 15:24:00,504,2,11.64,11.64,5.69,15.07,2.06,0.0,0.0,50.87,7.4,39.9,delivered ,,82.63,
S-00979,R-112,D-026,V-032,Fort Collins,Suburban,garage,residential,standard,0,rain,2025/04/16 09:30:00 MST,2025/04/16 09:30:00 MST,103,2025-03-09 09:27:00,147,1,8.19,8.19,1.597,16.28,0.67,0.0,0.0,43.32,9.2,72.9,rescheduled,,71.04,
S-00980,R-157,D-060,V-019,Boulder ,Industrial,mailroom,Business,expedited,0,clear,2025/04/05 07:50:00,2025/04/05 07:50:00,49,2025-03-10 07:48:00,48,1,3.74,3.74,3.584,3.62,1.36,9.39,0.0,53.08,2500.0,59.1,delivered,,85.07,
S-00981,R-120,D-003,V-001,Colorado-Springs,Suburban,front_desk,res,standard,0,wind,2025/03/30 12:00:00 MST,2025/03/30 12:00:00 MST,114,2025-03-11 11:59:00,299,1,2.78,2.78,1.528,11.64,0.85,,0.0,33.09,,50.6,failed,,70.18,
S-00982,R-107,D-037,V-039,Boulder,Suburban,locker_pickup,residential,standard,0,clear,06-Nov-2024 15:15,06-Nov-2024 15:15,106,2025-03-12 15:20:00,500,1,6.21,6.21,7.543,9.22,3.36,5.67,118.12,27.05,11.6,74.6,delivered,,76.94,
S-00983,R-119,D-060,V-022,Denver-East,Industrial,call_on_arrival,residential,standard,1,snow,2025/04/29 15:55:00 MDT,2025/04/29 15:55:00 MDT,131,2025-03-13 15:55:00,535,5,12.52,12.52,4.749,26.99,2.49,0.0,0.0,45.04,13.7,68.1,delivered,,78.47,
S-00984,R-134,D-030,V-035,Fort-Collins,Downtown,side_entrance,residential,standard,0,wind,2025-04-07 15:30,2025-04-07 15:30,101,2025-03-14 15:20:00,500,1,3.09,3.09,2.361,6.58,0.6,0.0,0.0,42.1,23.3,42.7,DELIVERED,customer_not_home,83.92,
S-00985,R-155,D-032,V-009,Dnvr-East,Downtown,mailroom,business,expedited,1,wind,2025/04/05 15:20:00 MST,2025/04/05 15:20:00 MST,70,2025-03-15 15:19:00,499,2,5.51,5.51,3.168,15.41,1.21,0.0,0.0,25.24,7.3,66.4,failed,customer_not_home,52.6,
S-00986,R-118,D-033,V-030,Denver-East,Downtown,building_super,residential,standard,0,snow,2025-12-06 11:40 MDT,2025-12-06 11:40 MDT,129,2025-03-16 11:52:00,292,0,4.51,4.51,2.563,5.68,1.17,0.0,118.12,44.94,15.6,47.3,failed,security_access,44.61,
S-00987,R-122,D-013,V-008,Fort-Collins,Industrial,leave_at_door,business,SAME_DAY,0,snow,2025-10-20 11:00 ,2025-10-20 11:00 ,30,2025-03-17 11:04:00,244,1,4.45,4.45,7.189,12.47,2.54,,0.0,31.49,6.7,38.4,failed,weather_delay,60.33,
S-00988,R-142,D-011,V-030,Denver-West,Suburban,leave_at_door,residential,standard,0,clear,28-Apr-2025 12:15 MDT,28-Apr-2025 12:15 MDT,115,2025-03-18 12:27:00,327,1,2.04,2.04,2.497,6.09,1.46,0.0,0.0,34.51,18.6,51.8,FAILED,package_damaged,66.37,
S-00989,R-101,D-017,V-012,Denver-East,Suburban,leave_at_door,business,standard,0,clear,12/21/2025 02:55 PM MDT,12/21/2025 02:55 PM MDT,118,2025-03-19 15:02:00,482,3,4.12,4.12,2.955,9.31,1.22,0.0,0.0,48.71,15.3,67.7,failed,vehicle_issue,72.14,
S-00990,R-151,D-048,V-022,Boulder,Downtown,mailroom,residential,standard,1,rain,2025/12/29 13:05:00 MST,2025/12/29 13:05:00 MST,120,2025-03-20 13:20:00,380,5,6.23,6.23,3.764,23.92,1.72,0.0,0.0,26.0,9.1,42.1,delivered,,76.58,
S-00991,R-144,D-019,V-037,Boulder,Downtown,hand_to_security,business,Standard,1,clear,24-Jul-2025 11:40 ,24-Jul-2025 11:40 ,105,2025-03-21 11:33:00,273,2,3.77,3.77,6.646,14.8,2.22,4.03,0.0,40.5,6.6,36.6,delivered,,83.0,
S-00992,R-112,D-049,V-013,Boulder,Downtown,front_desk,residential,expedited,1,clear,05/31/2025 05:30 PM MST,05/31/2025 05:30 PM MST,33,2025-03-22 17:22:00,622,1,2.37,2.37,3.176,21.89,0.76,2.4,0.0,32.64,14.5,82.4,delivered,,83.15,
S-00993,R-153,D-040,V-026,Denver-West,Campus,mailroom,business,standard,0,clear,17-Aug-2025 19:05 MDT,17-Aug-2025 19:05 MDT,121,2025-03-23 19:03:00,723,2,5.63,5.63,6.474,19.83,2.02,0.0,0.0,49.99,5.5,47.6,delivered,,89.11,
S-00994,R-121,D-028,V-033,Colorado-Springs,Suburban,leave_at_door,residential,expedite,0,clear,2025/03/07 15:50:00 MDT,2025/03/07 15:50:00 MDT,58,2025-03-24 15:44:00,524,1,5.39,5.39,2.08,12.8,1.05,0.0,0.0,43.19,26.7,57.7,delivered,,88.59,
S-00995,R-143,D-006,V-026,Denver-East,Industrial,call_on_arrival,business,standard,1,wind,13-Jun-2025 13:00 MDT,13-Jun-2025 13:00 MDT,138,2025-03-25 13:10:00,370,2,5.51,5.51,2.806,19.61,-1.36,,0.0,49.15,4.6,31.7,Delivered,,88.72,
S-00996,R-109,D-007,V-012,Colorado-Springs,Downtown,package_room_3F,residential,standard,0,clear,2025/04/30 16:40:00,2025/04/30 16:40:00,124,2025-03-26 16:39:00,579,1,6.57,6.57,3.372,11.8,1.29,4.38,118.12,50.42,6.9,86.0,failed,customer_not_home,63.37,
S-00997,R-160,D-031,V-021,Denver-East,Industrial,garage,Biz,expedited,0,clear,2025-10-30 13:35 MDT,2025-10-30 13:35 MDT,67,2025-03-27 13:39:00,399,3,14.26,14.26,3.795,44.95,1.71,0.0,118.12,51.86,26.9,88.7,failed,customer_not_home,44.01,
S-00998,R-117,D-016,V-001,Fort-Collins,Downtown,garage,residential,standard,0,clear,08/24/2025 01:50 PM,08/24/2025 01:50 PM,134,2025-03-28 13:42:00,402,3,24.27,24.27,1.436,10.0,0.79,5.02,0.0,34.22,5.7,76.9,delivered,,80.97,check
S-00999,R-129,D-025,V-016,Fort-Collins,Downtown,package_room_3F,residential,standard,0,rain,26-Aug-2025 14:15 MST,26-Aug-2025 14:15 MST,116,2025-03-29 14:21:00,441,2,7.87,7.87,6.151,7.75,2.87,0.0,0.0,43.27,49.3,45.2,failed,vehicle_issue,62.41,
S-01000,R-122,D-049,V-018,Fort-Collins,Suburban,mailroom,residential,same_day,1,snow,09-Dec-2024 17:05 MDT,09-Dec-2024 17:05 MDT,43,2025-03-30 17:21:00,621,5,21.85,21.85,4.716,12.73,1.93,,0.0,45.66,7.9,77.3,failed,address_issue,59.28,check
